{"textures":{"0":"modelengine:entity/nm_shyler_the_sheep_texture","particle":"#0"},"elements":[{"from":[6.8086586,6.46194,7.525],"to":[10.808659,8.46194,8.475],"faces":{"east":{"uv":[2.0,3.5,2.25,4.0],"tintindex":0,"rotation":0,"texture":"#0"},"south":{"uv":[7.5,1.25,8.5,1.75],"tintindex":0,"rotation":0,"texture":"#0"},"north":{"uv":[6.5,7.25,7.5,7.75],"tintindex":0,"rotation":0,"texture":"#0"},"west":{"uv":[2.0,4.0,2.25,4.5],"tintindex":0,"rotation":0,"texture":"#0"},"up":{"uv":[3.0,6.25,2.0,6.0],"tintindex":0,"rotation":0,"texture":"#0"},"down":{"uv":[8.5,2.25,7.5,2.5],"tintindex":0,"rotation":0,"texture":"#0"}}}],"display":{"head":{"rotation":[0.0,0.0,0.0]},"firstperson_righthand":{"rotation":[0.0,0.0,0.0]},"thirdperson_lefthand":{"rotation":[0.0,-0.0,-0.0]},"firstperson_lefthand":{"rotation":[0.0,-0.0,-0.0]},"fixed":{"rotation":[0.0,0.0,0.0]},"ground":{"rotation":[0.0,0.0,0.0]},"thirdperson_righthand":{"rotation":[0.0,0.0,0.0]},"gui":{"rotation":[-150.0,-45.0,180.0]}}}