{"textures":{"0":"modelengine:entity/nm_shyler_the_sheep_texture","particle":"#0"},"elements":[{"from":[7.0,3.5,7.0],"to":[9.0,8.5,9.0],"faces":{"east":{"uv":[0.0,7.0,0.5,8.25],"tintindex":0,"rotation":0,"texture":"#0"},"south":{"uv":[0.5,7.0,1.0,8.25],"tintindex":0,"rotation":0,"texture":"#0"},"north":{"uv":[4.5,6.75,5.0,8.0],"tintindex":0,"rotation":0,"texture":"#0"},"west":{"uv":[1.0,7.0,1.5,8.25],"tintindex":0,"rotation":0,"texture":"#0"},"up":{"uv":[4.5,8.5,4.0,8.0],"tintindex":0,"rotation":0,"texture":"#0"},"down":{"uv":[5.0,8.0,4.5,8.5],"tintindex":0,"rotation":0,"texture":"#0"}}}],"display":{"head":{"rotation":[0.0,0.0,0.0]},"firstperson_righthand":{"rotation":[0.0,0.0,0.0]},"thirdperson_lefthand":{"rotation":[0.0,-0.0,-0.0]},"firstperson_lefthand":{"rotation":[0.0,-0.0,-0.0]},"fixed":{"rotation":[0.0,0.0,0.0]},"ground":{"rotation":[0.0,0.0,0.0]},"thirdperson_righthand":{"rotation":[0.0,0.0,0.0]},"gui":{"rotation":[-150.0,-45.0,180.0]}}}