{"textures":{"0":"modelengine:entity/nm_shyler_the_sheep_texture","particle":"#0"},"elements":[{"from":[7.2504997,7.0,7.75],"to":[8.2505,9.0,7.75],"faces":{"east":{"uv":[8.25,2.75,9.75,4.0],"tintindex":0,"rotation":0,"texture":"#0"},"south":{"uv":[9.0,4.0,9.25,4.5],"tintindex":0,"rotation":0,"texture":"#0"},"north":{"uv":[9.0,4.0,9.25,4.5],"tintindex":0,"rotation":0,"texture":"#0"},"west":{"uv":[6.0,1.25,7.5,2.5],"tintindex":0,"rotation":0,"texture":"#0"},"up":{"uv":[2.0,5.0,0.0,3.5],"tintindex":0,"rotation":0,"texture":"#0"},"down":{"uv":[5.75,0.0,3.75,1.5],"tintindex":0,"rotation":0,"texture":"#0"}}},{"from":[8.2495,7.0,7.75],"to":[8.2495,9.0,8.75],"faces":{"east":{"uv":[9.0,4.0,9.25,4.5],"tintindex":0,"rotation":0,"texture":"#0"},"south":{"uv":[9.0,4.0,9.25,4.5],"tintindex":0,"rotation":0,"texture":"#0"},"north":{"uv":[9.0,4.0,9.25,4.5],"tintindex":0,"rotation":0,"texture":"#0"},"west":{"uv":[9.0,4.0,9.25,4.5],"tintindex":0,"rotation":0,"texture":"#0"},"up":{"uv":[2.0,5.0,0.0,3.5],"tintindex":0,"rotation":0,"texture":"#0"},"down":{"uv":[5.75,0.0,3.75,1.5],"tintindex":0,"rotation":0,"texture":"#0"}}}],"display":{"head":{"rotation":[0.0,0.0,0.0]},"firstperson_righthand":{"rotation":[0.0,0.0,0.0]},"thirdperson_lefthand":{"rotation":[0.0,-0.0,-0.0]},"firstperson_lefthand":{"rotation":[0.0,-0.0,-0.0]},"fixed":{"rotation":[0.0,0.0,0.0]},"ground":{"rotation":[0.0,0.0,0.0]},"thirdperson_righthand":{"rotation":[0.0,0.0,0.0]},"gui":{"rotation":[-150.0,-45.0,180.0]}}}