{"textures":{"0":"modelengine:entity/nm_shyler_the_sheep_texture","particle":"#0"},"elements":[{"from":[7.0,6.9292893,7.692031],"to":[9.0,8.92929,10.692031],"faces":{"east":{"uv":[7.5,7.5,8.25,8.0],"tintindex":0,"rotation":0,"texture":"#0"},"south":{"uv":[6.5,7.75,7.0,8.25],"tintindex":0,"rotation":0,"texture":"#0"},"north":{"uv":[6.0,7.75,6.5,8.25],"tintindex":0,"rotation":0,"texture":"#0"},"west":{"uv":[7.75,0.0,8.5,0.5],"tintindex":0,"rotation":0,"texture":"#0"},"up":{"uv":[8.25,1.25,7.75,0.5],"tintindex":0,"rotation":0,"texture":"#0"},"down":{"uv":[8.25,4.0,7.75,4.75],"tintindex":0,"rotation":0,"texture":"#0"}}}],"display":{"head":{"rotation":[0.0,0.0,0.0]},"firstperson_righthand":{"rotation":[0.0,0.0,0.0]},"thirdperson_lefthand":{"rotation":[0.0,-0.0,-0.0]},"firstperson_lefthand":{"rotation":[0.0,-0.0,-0.0]},"fixed":{"rotation":[0.0,0.0,0.0]},"ground":{"rotation":[0.0,0.0,0.0]},"thirdperson_righthand":{"rotation":[0.0,0.0,0.0]},"gui":{"rotation":[-150.0,-45.0,180.0]}}}