{"textures":{"0":"modelengine:entity/nocsy_otter_v2","particle":"#0"},"elements":[{"from":[6.6,4.2000003,6.6],"to":[9.4,9.0,9.4],"faces":{"east":{"uv":[5.0,8.5,5.75,9.75],"tintindex":0,"rotation":0,"texture":"#0"},"south":{"uv":[8.75,1.5,9.5,2.75],"tintindex":0,"rotation":0,"texture":"#0"},"north":{"uv":[4.0,8.5,4.75,9.75],"tintindex":0,"rotation":0,"texture":"#0"},"west":{"uv":[9.0,6.75,9.75,8.0],"tintindex":0,"rotation":0,"texture":"#0"},"up":{"uv":[0.75,11.25,0.0,10.5],"tintindex":0,"rotation":0,"texture":"#0"},"down":{"uv":[11.25,0.0,10.5,0.75],"tintindex":0,"rotation":0,"texture":"#0"}}}],"display":{"head":{"rotation":[0.0,0.0,0.0]},"firstperson_righthand":{"rotation":[0.0,0.0,0.0]},"thirdperson_lefthand":{"rotation":[0.0,-0.0,-0.0]},"firstperson_lefthand":{"rotation":[0.0,-0.0,-0.0]},"fixed":{"rotation":[0.0,0.0,0.0]},"ground":{"rotation":[0.0,0.0,0.0]},"thirdperson_righthand":{"rotation":[0.0,0.0,0.0]},"gui":{"rotation":[-150.0,-45.0,180.0]}}}