{
	"credit": "Made with Blockbench",
	"texture_size": [64, 64],
	"textures": {
		"1": "krmc:krmc_mobs/allosaurus_new"
	},
	"elements": [
		{
			"from": [6.37, 10.58896, -7.47193],
			"to": [9.725, 18.28896, -3.07193],
			"rotation": {"angle": -22.5, "axis": "x", "origin": [7.525, 13.88896, -3.07193]},
			"faces": {
				"north": {"uv": [8.5, 0.75, 7.5, 2.5], "texture": "#1"},
				"east": {"uv": [7.5, 7.75, 6.5, 9.5], "texture": "#1"},
				"south": {"uv": [8.75, 5.75, 7.75, 7.5], "texture": "#1"},
				"west": {"uv": [8.5, 2.5, 7.5, 4.25], "texture": "#1"},
				"up": {"uv": [9.25, 3, 10.25, 2], "texture": "#1"},
				"down": {"uv": [9.25, 3, 10.25, 4], "texture": "#1"}
			}
		},
		{
			"name": "eye",
			"from": [9.8405, 16.7721, -9.06481],
			"to": [9.8405, 17.4321, -7.74481],
			"rotation": {"angle": 0, "axis": "y", "origin": [-0.7525, -1.3889, 2.50719]},
			"faces": {
				"north": {"uv": [0, 0, 0, 0.125], "texture": "#1"},
				"east": {"uv": [10, 7, 10.25, 7.125], "texture": "#1"},
				"south": {"uv": [0, 0, 0, 0.125], "texture": "#1"},
				"west": {"uv": [10.25, 1, 10.5, 1.125], "texture": "#1"},
				"up": {"uv": [0, 0.25, 0, 0], "texture": "#1"},
				"down": {"uv": [0, 0, 0, 0.25], "texture": "#1"}
			}
		},
		{
			"name": "eye",
			"from": [6.2545, 16.7721, -9.06481],
			"to": [6.2545, 17.4321, -7.74481],
			"rotation": {"angle": 0, "axis": "y", "origin": [-0.7525, -1.3889, 2.50719]},
			"faces": {
				"north": {"uv": [0, 0, 0, 0.125], "texture": "#1"},
				"east": {"uv": [11, 5.5, 11.25, 5.625], "texture": "#1"},
				"south": {"uv": [0, 0, 0, 0.125], "texture": "#1"},
				"west": {"uv": [11, 5.75, 11.25, 5.875], "texture": "#1"},
				"up": {"uv": [0, 0.25, 0, 0], "texture": "#1"},
				"down": {"uv": [0, 0, 0, 0.25], "texture": "#1"}
			}
		},
		{
			"name": "lowerjaw",
			"from": [6.909, 14.0661, -13.34381],
			"to": [9.186, 14.9351, -9.61481],
			"rotation": {"angle": 0, "axis": "x", "origin": [-1.253, 14.4511, -7.99781]},
			"faces": {
				"north": {"uv": [9.5, 7, 10, 7.125], "texture": "#1"},
				"east": {"uv": [11, 3.5, 11.875, 3.625], "texture": "#1"},
				"south": {"uv": [11, 4, 11.5, 4.125], "texture": "#1"},
				"west": {"uv": [11, 3.75, 11.875, 3.875], "texture": "#1"},
				"up": {"uv": [10.25, 11.125, 9.75, 10.25], "texture": "#1"},
				"down": {"uv": [10.75, 9.75, 10.25, 10.625], "texture": "#1"}
			}
		},
		{
			"name": "lowerjaw1",
			"from": [6.2765, 13.9561, -9.61481],
			"to": [9.8185, 14.9351, -5.21481],
			"rotation": {"angle": 0, "axis": "x", "origin": [-1.3355, 14.4511, -7.99781]},
			"faces": {
				"north": {"uv": [1.5, 4.75, 2.5, 4.875], "texture": "#1"},
				"east": {"uv": [10.5, 6.75, 11.5, 6.875], "texture": "#1"},
				"south": {"uv": [11, 0.75, 12, 0.875], "texture": "#1"},
				"west": {"uv": [11, 2.25, 12, 2.375], "texture": "#1"},
				"up": {"uv": [4.75, 10.25, 3.75, 9.25], "texture": "#1"},
				"down": {"uv": [10.25, 4, 9.25, 5], "texture": "#1"}
			}
		},
		{
			"name": "skull_main2",
			"from": [6.8815, 14.9571, -13.44281],
			"to": [9.2135, 17.1461, -12.07881],
			"rotation": {"angle": 0, "axis": "y", "origin": [-1.2805, 19.0711, 5.47719]},
			"faces": {
				"north": {"uv": [7.25, 5.75, 7.75, 6.25], "texture": "#1"},
				"east": {"uv": [7, 4.25, 7.25, 4.75], "texture": "#1"},
				"south": {"uv": [10.5, 1.5, 11, 2], "texture": "#1"},
				"west": {"uv": [3.5, 8.25, 3.75, 8.75], "texture": "#1"},
				"up": {"uv": [8.25, 7.75, 7.75, 7.5], "texture": "#1"},
				"down": {"uv": [9.25, 7.25, 8.75, 7.5], "texture": "#1"}
			}
		},
		{
			"name": "skull_main1",
			"from": [6.8815, 14.9571, -12.07881],
			"to": [9.2135, 17.5311, -9.61481],
			"rotation": {"angle": 0, "axis": "y", "origin": [-1.2805, 19.0711, 5.47719]},
			"faces": {
				"north": {"uv": [9, 0, 9.5, 0.625], "texture": "#1"},
				"east": {"uv": [2.25, 10.5, 2.75, 11.125], "texture": "#1"},
				"south": {"uv": [2.75, 10.5, 3.25, 11.125], "texture": "#1"},
				"west": {"uv": [3.25, 10.5, 3.75, 11.125], "texture": "#1"},
				"up": {"uv": [11, 6.75, 10.5, 6.25], "texture": "#1"},
				"down": {"uv": [7.25, 10.5, 6.75, 11], "texture": "#1"}
			}
		},
		{
			"name": "skull_main",
			"from": [6.2655, 14.9571, -9.61481],
			"to": [9.8295, 17.9711, -4.95081],
			"rotation": {"angle": 0, "axis": "y", "origin": [-1.2805, 19.0711, 5.47719]},
			"faces": {
				"north": {"uv": [9.5, 1.25, 10.5, 2], "texture": "#1"},
				"east": {"uv": [9.5, 6.25, 10.5, 7], "texture": "#1"},
				"south": {"uv": [9.25, 9.5, 10.25, 10.25], "texture": "#1"},
				"west": {"uv": [10, 8.25, 11, 9], "texture": "#1"},
				"up": {"uv": [10.25, 8.25, 9.25, 7.25], "texture": "#1"},
				"down": {"uv": [9.25, 9.25, 8.25, 10.25], "texture": "#1"}
			}
		},
		{
			"name": "crest_right",
			"from": [8.7845, 17.1571, -10.10981],
			"to": [9.4445, 18.2021, -8.78981],
			"rotation": {"angle": -22.5, "axis": "x", "origin": [9.1695, 17.6796, -9.44981]},
			"faces": {
				"north": {"uv": [11, 4.25, 11.125, 4.5], "texture": "#1"},
				"east": {"uv": [2.25, 4.5, 2.5, 4.75], "texture": "#1"},
				"south": {"uv": [4.5, 11, 4.625, 11.25], "texture": "#1"},
				"west": {"uv": [8.25, 7.5, 8.5, 7.75], "texture": "#1"},
				"up": {"uv": [11.125, 4.75, 11, 4.5], "texture": "#1"},
				"down": {"uv": [4.875, 11, 4.75, 11.25], "texture": "#1"}
			}
		},
		{
			"name": "crest_left",
			"from": [6.6505, 17.1571, -10.10981],
			"to": [7.3105, 18.2021, -8.78981],
			"rotation": {"angle": -22.5, "axis": "x", "origin": [6.9255, 17.6796, -9.44981]},
			"faces": {
				"north": {"uv": [11, 4.75, 11.125, 5], "texture": "#1"},
				"east": {"uv": [8.5, 5.5, 8.75, 5.75], "texture": "#1"},
				"south": {"uv": [5, 11, 5.125, 11.25], "texture": "#1"},
				"west": {"uv": [8.25, 9, 8.5, 9.25], "texture": "#1"},
				"up": {"uv": [11.125, 5.25, 11, 5], "texture": "#1"},
				"down": {"uv": [11.125, 5.25, 11, 5.5], "texture": "#1"}
			}
		},
		{
			"name": "torso_main",
			"from": [5, 8.25, 2.5],
			"to": [11, 15.25, 12],
			"rotation": {"angle": 0, "axis": "y", "origin": [0, 1, -4]},
			"faces": {
				"north": {"uv": [0, 4.75, 1.5, 6.5], "texture": "#1"},
				"east": {"uv": [0, 0, 2.375, 1.75], "texture": "#1"},
				"south": {"uv": [4, 4.75, 5.5, 6.5], "texture": "#1"},
				"west": {"uv": [0, 1.75, 2.375, 3.5], "texture": "#1"},
				"up": {"uv": [4, 2.375, 2.5, 0], "texture": "#1"},
				"down": {"uv": [4, 2.5, 2.5, 4.875], "texture": "#1"}
			}
		},
		{
			"name": "torso_main2",
			"from": [4.75, 9, -4],
			"to": [11.25, 15, 2.5],
			"rotation": {"angle": 0, "axis": "y", "origin": [0, 1, -4]},
			"faces": {
				"north": {"uv": [1.5, 5, 3.125, 6.5], "texture": "#1"},
				"east": {"uv": [5.5, 4.75, 7.125, 6.25], "texture": "#1"},
				"south": {"uv": [5.75, 1.25, 7.375, 2.75], "texture": "#1"},
				"west": {"uv": [5.75, 2.75, 7.375, 4.25], "texture": "#1"},
				"up": {"uv": [5.625, 2.875, 4, 1.25], "texture": "#1"},
				"down": {"uv": [5.625, 3, 4, 4.625], "texture": "#1"}
			}
		},
		{
			"name": "tail1",
			"from": [6, 10, 12],
			"to": [10, 15, 21],
			"rotation": {"angle": 0, "axis": "y", "origin": [8, 11, 11]},
			"faces": {
				"north": {"uv": [7.5, 7.75, 8.5, 9], "texture": "#1"},
				"east": {"uv": [0, 3.5, 2.25, 4.75], "texture": "#1"},
				"south": {"uv": [8.5, 0.75, 9.5, 2], "texture": "#1"},
				"west": {"uv": [4, 0, 6.25, 1.25], "texture": "#1"},
				"up": {"uv": [6.5, 8.5, 5.5, 6.25], "texture": "#1"},
				"down": {"uv": [1, 6.5, 0, 8.75], "texture": "#1"}
			}
		},
		{
			"name": "tail1",
			"from": [6.5, 11.5, 21],
			"to": [9.5, 14.5, 32],
			"rotation": {"angle": 0, "axis": "y", "origin": [8, 11, 11]},
			"faces": {
				"north": {"uv": [4.5, 10.25, 5.25, 11], "texture": "#1"},
				"east": {"uv": [6.25, 0, 9, 0.75], "texture": "#1"},
				"south": {"uv": [10.25, 4.5, 11, 5.25], "texture": "#1"},
				"west": {"uv": [1, 6.5, 3.75, 7.25], "texture": "#1"},
				"up": {"uv": [4.5, 9.25, 3.75, 6.5], "texture": "#1"},
				"down": {"uv": [5.25, 6.5, 4.5, 9.25], "texture": "#1"}
			}
		},
		{
			"name": "toes",
			"from": [3.65, 0, 4.2],
			"to": [6.35, 1.25, 8.5],
			"rotation": {"angle": 0, "axis": "y", "origin": [0, 1, -4]},
			"faces": {
				"north": {"uv": [7.5, 10.75, 8.125, 11.125], "texture": "#1"},
				"east": {"uv": [5.75, 4.25, 6.875, 4.625], "texture": "#1"},
				"south": {"uv": [10.75, 9.75, 11.375, 10.125], "texture": "#1"},
				"west": {"uv": [6.25, 0.75, 7.375, 1.125], "texture": "#1"},
				"up": {"uv": [2.125, 11.375, 1.5, 10.25], "texture": "#1"},
				"down": {"uv": [10.875, 2, 10.25, 3.125], "texture": "#1"}
			}
		},
		{
			"name": "lower_leg",
			"from": [3.75, 1.25, 5.75],
			"to": [6.25, 7.5, 8.5],
			"rotation": {"angle": 0, "axis": "y", "origin": [0, 1, -4]},
			"faces": {
				"north": {"uv": [2.25, 8.75, 2.875, 10.375], "texture": "#1"},
				"east": {"uv": [8.5, 2, 9.25, 3.625], "texture": "#1"},
				"south": {"uv": [3, 8.75, 3.625, 10.375], "texture": "#1"},
				"west": {"uv": [8.5, 3.75, 9.25, 5.375], "texture": "#1"},
				"up": {"uv": [10.875, 7.75, 10.25, 7], "texture": "#1"},
				"down": {"uv": [8.875, 10.25, 8.25, 11], "texture": "#1"}
			}
		},
		{
			"name": "upper_leg",
			"from": [3.5, 6.5, 3],
			"to": [6.5, 13, 8],
			"rotation": {"angle": 0, "axis": "y", "origin": [0, 1, -4]},
			"faces": {
				"north": {"uv": [3.25, 5, 4, 6.5], "texture": "#1"},
				"east": {"uv": [6.5, 6.25, 7.75, 7.75], "texture": "#1"},
				"south": {"uv": [0, 8.75, 0.75, 10.25], "texture": "#1"},
				"west": {"uv": [1, 7.25, 2.25, 8.75], "texture": "#1"},
				"up": {"uv": [10, 9.5, 9.25, 8.25], "texture": "#1"},
				"down": {"uv": [10.25, 0, 9.5, 1.25], "texture": "#1"}
			}
		},
		{
			"name": "toes",
			"from": [9.65, 0, 4.2],
			"to": [12.35, 1.25, 8.5],
			"rotation": {"angle": 0, "axis": "y", "origin": [0, 7, -4]},
			"faces": {
				"north": {"uv": [10.25, 10.75, 10.875, 11.125], "texture": "#1"},
				"east": {"uv": [10.25, 7.75, 11.375, 8.125], "texture": "#1"},
				"south": {"uv": [10.75, 10.25, 11.375, 10.625], "texture": "#1"},
				"west": {"uv": [10.5, 1, 11.625, 1.375], "texture": "#1"},
				"up": {"uv": [10.875, 4.375, 10.25, 3.25], "texture": "#1"},
				"down": {"uv": [4.375, 10.25, 3.75, 11.375], "texture": "#1"}
			}
		},
		{
			"name": "lower_leg",
			"from": [9.75, 1.25, 5.75],
			"to": [12.25, 7.5, 8.5],
			"rotation": {"angle": 0, "axis": "y", "origin": [0, 1, -4]},
			"faces": {
				"north": {"uv": [8.75, 5.5, 9.375, 7.125], "texture": "#1"},
				"east": {"uv": [5.25, 8.5, 6, 10.125], "texture": "#1"},
				"south": {"uv": [7.5, 9, 8.125, 10.625], "texture": "#1"},
				"west": {"uv": [8.5, 7.5, 9.25, 9.125], "texture": "#1"},
				"up": {"uv": [9.625, 11, 9, 10.25], "texture": "#1"},
				"down": {"uv": [10.875, 9, 10.25, 9.75], "texture": "#1"}
			}
		},
		{
			"name": "upper_leg",
			"from": [9.5, 6.5, 3],
			"to": [12.5, 13, 8],
			"rotation": {"angle": 0, "axis": "y", "origin": [0, 1, -4]},
			"faces": {
				"north": {"uv": [0.75, 8.75, 1.5, 10.25], "texture": "#1"},
				"east": {"uv": [2.25, 7.25, 3.5, 8.75], "texture": "#1"},
				"south": {"uv": [1.5, 8.75, 2.25, 10.25], "texture": "#1"},
				"west": {"uv": [7.25, 4.25, 8.5, 5.75], "texture": "#1"},
				"up": {"uv": [10.25, 6.25, 9.5, 5], "texture": "#1"},
				"down": {"uv": [6.75, 9.5, 6, 10.75], "texture": "#1"}
			}
		},
		{
			"from": [3.9, 6, 2],
			"to": [5.1, 10, 5],
			"rotation": {"angle": -22.5, "axis": "x", "origin": [1, -1, -4]},
			"faces": {
				"north": {"uv": [2.25, 3.5, 2.5, 4.5], "texture": "#1"},
				"east": {"uv": [6.75, 9.5, 7.5, 10.5], "texture": "#1"},
				"south": {"uv": [5.25, 6.5, 5.5, 7.5], "texture": "#1"},
				"west": {"uv": [0, 10.25, 0.75, 11.25], "texture": "#1"},
				"up": {"uv": [6.5, 11.5, 6.25, 10.75], "texture": "#1"},
				"down": {"uv": [6.75, 10.75, 6.5, 11.5], "texture": "#1"}
			}
		},
		{
			"from": [4, 5.5, -0.9],
			"to": [5, 9.5, 0.9],
			"rotation": {"angle": 22.5, "axis": "x", "origin": [6, 8, -1]},
			"faces": {
				"north": {"uv": [3.5, 7.25, 3.75, 8.25], "texture": "#1"},
				"east": {"uv": [6, 8.5, 6.5, 9.5], "texture": "#1"},
				"south": {"uv": [5.25, 7.5, 5.5, 8.5], "texture": "#1"},
				"west": {"uv": [4.75, 9.25, 5.25, 10.25], "texture": "#1"},
				"up": {"uv": [9.5, 5.5, 9.25, 5], "texture": "#1"},
				"down": {"uv": [10.25, 9, 10, 9.5], "texture": "#1"}
			}
		},
		{
			"from": [10.9, 6, 2],
			"to": [12.1, 10, 5],
			"rotation": {"angle": -22.5, "axis": "x", "origin": [9, -1, -4]},
			"faces": {
				"north": {"uv": [5.75, 10.25, 6, 11.25], "texture": "#1"},
				"east": {"uv": [10.25, 0, 11, 1], "texture": "#1"},
				"south": {"uv": [7.25, 10.5, 7.5, 11.5], "texture": "#1"},
				"west": {"uv": [0.75, 10.25, 1.5, 11.25], "texture": "#1"},
				"up": {"uv": [11.25, 0.75, 11, 0], "texture": "#1"},
				"down": {"uv": [11.25, 1.5, 11, 2.25], "texture": "#1"}
			}
		},
		{
			"from": [11, 5.5, -0.9],
			"to": [12, 9.5, 0.9],
			"rotation": {"angle": 22.5, "axis": "x", "origin": [14, 8, -1]},
			"faces": {
				"north": {"uv": [10.75, 5.25, 11, 6.25], "texture": "#1"},
				"east": {"uv": [5.25, 10.25, 5.75, 11.25], "texture": "#1"},
				"south": {"uv": [6, 10.75, 6.25, 11.75], "texture": "#1"},
				"west": {"uv": [10.25, 5.25, 10.75, 6.25], "texture": "#1"},
				"up": {"uv": [11.25, 3, 11, 2.5], "texture": "#1"},
				"down": {"uv": [11.25, 3, 11, 3.5], "texture": "#1"}
			}
		}
	],
	"display": {
		"gui": {
			"rotation": [30, 225, 0],
			"scale": [0.625, 0.625, 0.625]
		},
		"head": {
			"translation": [0, -54.5, 5.5],
			"scale": [3, 3, 3]
		},
		"fixed": {
			"translation": [0, 39.75, 25.5],
			"scale": [3, 3, 3]
		}
	},
	"groups": [
		{
			"name": "head",
			"origin": [8, 8, 8],
			"color": 0,
			"children": [
				{
					"name": "neck",
					"origin": [8, 8, 8],
					"color": 0,
					"children": [0]
				},
				{
					"name": "skull",
					"origin": [8, 8, 8],
					"color": 8,
					"children": [
						{
							"name": "eyes",
							"origin": [0, 0, 0],
							"color": 0,
							"children": [1, 2]
						},
						{
							"name": "lowerjaw",
							"origin": [-0.53, 18.6, 4.7],
							"color": 0,
							"children": [3, 4]
						},
						5,
						6,
						7,
						8,
						9
					]
				}
			]
		},
		{
			"name": "torso",
			"origin": [8, 8, 8],
			"color": 0,
			"children": [
				10,
				11,
				{
					"name": "tail",
					"origin": [8, 8, 8],
					"color": 9,
					"children": [12, 13]
				}
			]
		},
		{
			"name": "leg1",
			"origin": [8, 8, 8],
			"color": 1,
			"children": [14, 15, 16]
		},
		{
			"name": "leg2",
			"origin": [8, 8, 8],
			"color": 0,
			"children": [17, 18, 19]
		},
		{
			"name": "arm1",
			"origin": [8, 8, 8],
			"color": 0,
			"children": [20, 21]
		},
		{
			"name": "arm2",
			"origin": [8, 8, 8],
			"color": 0,
			"children": [22, 23]
		}
	]
}