{
	"credit": "Made with Blockbench",
	"texture_size": [64, 64],
	"textures": {
		"2": "krmc:krmc_mobs/edmontosaurus",
		"particle": "krmc:krmc_mobs/edmontosaurus"
	},
	"elements": [
		{
			"name": "neck",
			"from": [6, 8, -6],
			"to": [10, 16, -3],
			"rotation": {"angle": -22.5, "axis": "x", "origin": [8, 10, -5]},
			"faces": {
				"north": {"uv": [1.5, 3.5, 2.5, 5.5], "texture": "#2"},
				"east": {"uv": [2.25, 7, 3, 9], "texture": "#2"},
				"south": {"uv": [5.75, 5, 6.75, 7], "texture": "#2"},
				"west": {"uv": [8, 5, 8.75, 7], "texture": "#2"},
				"up": {"uv": [2.75, 11, 1.75, 10.25], "texture": "#2"},
				"down": {"uv": [11.25, 2, 10.25, 2.75], "texture": "#2"}
			}
		},
		{
			"name": "neckspines",
			"from": [7.25, 14, -3],
			"to": [8.75, 17.5, -2],
			"rotation": {"angle": -22.5, "axis": "x", "origin": [8, 10, -5]},
			"faces": {
				"north": {"uv": [6.25, 7, 6.75, 8], "texture": "#2"},
				"east": {"uv": [2.5, 3.5, 2.75, 4.5], "texture": "#2"},
				"south": {"uv": [10.25, 9, 10.75, 10], "texture": "#2"},
				"west": {"uv": [2.5, 4.5, 2.75, 5.5], "texture": "#2"},
				"up": {"uv": [9.5, 4, 9, 3.75], "texture": "#2"},
				"down": {"uv": [10, 6.25, 9.5, 6.5], "texture": "#2"}
			}
		},
		{
			"from": [5.95, 15.2, -9],
			"to": [10.05, 18.2, -5],
			"faces": {
				"north": {"uv": [10, 10, 11, 10.75], "texture": "#2"},
				"east": {"uv": [10.25, 0.5, 11.25, 1.25], "texture": "#2"},
				"south": {"uv": [0.75, 10.25, 1.75, 11], "texture": "#2"},
				"west": {"uv": [10.25, 1.25, 11.25, 2], "texture": "#2"},
				"up": {"uv": [5, 10, 4, 9], "texture": "#2"},
				"down": {"uv": [10, 6.5, 9, 7.5], "texture": "#2"}
			}
		},
		{
			"name": "crests",
			"from": [7.425, 18.0875, -8.1875],
			"to": [8.575, 19.8125, -5.3125],
			"rotation": {"angle": 0, "axis": "y", "origin": [8, 18.95, -6.75]},
			"faces": {
				"north": {"uv": [7, 11.75, 7.25, 12.125], "texture": "#2"},
				"east": {"uv": [11.25, 9, 11.875, 9.375], "texture": "#2"},
				"south": {"uv": [7.25, 11.75, 7.5, 12.125], "texture": "#2"},
				"west": {"uv": [11.25, 9.5, 11.875, 9.875], "texture": "#2"},
				"up": {"uv": [5.25, 11.875, 5, 11.25], "texture": "#2"},
				"down": {"uv": [12, 0.75, 11.75, 1.375], "texture": "#2"}
			}
		},
		{
			"from": [7, 15.2, -11],
			"to": [9, 18.2, -9],
			"faces": {
				"north": {"uv": [5.25, 6.25, 5.75, 7], "texture": "#2"},
				"east": {"uv": [9, 7.5, 9.5, 8.25], "texture": "#2"},
				"south": {"uv": [9.5, 3.25, 10, 4], "texture": "#2"},
				"west": {"uv": [1.5, 11, 2, 11.75], "texture": "#2"},
				"up": {"uv": [1.25, 8.75, 0.75, 8.25], "texture": "#2"},
				"down": {"uv": [10.75, 2.75, 10.25, 3.25], "texture": "#2"}
			}
		},
		{
			"from": [6.75, 15.45, -12.1],
			"to": [9.25, 16.2, -10.5],
			"faces": {
				"north": {"uv": [11.75, 1.75, 12.25, 2], "texture": "#2"},
				"east": {"uv": [1.25, 6.75, 1.5, 7], "texture": "#2"},
				"south": {"uv": [2.25, 11.75, 2.75, 12], "texture": "#2"},
				"west": {"uv": [7.25, 1.25, 7.5, 1.5], "texture": "#2"},
				"up": {"uv": [12.25, 2.75, 11.75, 2.5], "texture": "#2"},
				"down": {"uv": [12.25, 2.75, 11.75, 3], "texture": "#2"}
			}
		},
		{
			"from": [6.5, 16.2, -12.2],
			"to": [9.5, 17.95, -10.5],
			"faces": {
				"north": {"uv": [11.25, 3.75, 11.875, 4.25], "texture": "#2"},
				"east": {"uv": [8.5, 0.75, 8.75, 1.25], "texture": "#2"},
				"south": {"uv": [11.25, 5, 11.875, 5.5], "texture": "#2"},
				"west": {"uv": [6, 8.75, 6.25, 9.25], "texture": "#2"},
				"up": {"uv": [2.125, 12, 1.5, 11.75], "texture": "#2"},
				"down": {"uv": [12.375, 1.5, 11.75, 1.75], "texture": "#2"}
			}
		},
		{
			"name": "torso_main",
			"from": [5, 8, 1],
			"to": [11, 15, 12],
			"rotation": {"angle": 0, "axis": "y", "origin": [0, 1, -4]},
			"faces": {
				"north": {"uv": [0, 3.5, 1.5, 5.25], "texture": "#2"},
				"east": {"uv": [0, 0, 2.75, 1.75], "texture": "#2"},
				"south": {"uv": [4.25, 0, 5.75, 1.75], "texture": "#2"},
				"west": {"uv": [0, 1.75, 2.75, 3.5], "texture": "#2"},
				"up": {"uv": [4.25, 2.75, 2.75, 0], "texture": "#2"},
				"down": {"uv": [4.25, 2.75, 2.75, 5.5], "texture": "#2"}
			}
		},
		{
			"name": "torso_main2",
			"from": [5, 8, -5],
			"to": [11, 14, 1],
			"rotation": {"angle": 0, "axis": "y", "origin": [0, 1, -4]},
			"faces": {
				"north": {"uv": [4.25, 1.75, 5.75, 3.25], "texture": "#2"},
				"east": {"uv": [4.25, 3.25, 5.75, 4.75], "texture": "#2"},
				"south": {"uv": [4.25, 4.75, 5.75, 6.25], "texture": "#2"},
				"west": {"uv": [0, 5.25, 1.5, 6.75], "texture": "#2"},
				"up": {"uv": [3, 7, 1.5, 5.5], "texture": "#2"},
				"down": {"uv": [7.25, 0, 5.75, 1.5], "texture": "#2"}
			}
		},
		{
			"name": "backspines1",
			"from": [7, 14, 1],
			"to": [9, 16, 18],
			"rotation": {"angle": 0, "axis": "y", "origin": [0, 1, -4]},
			"faces": {
				"north": {"uv": [11.25, 6.5, 11.75, 7], "texture": "#2"},
				"east": {"uv": [5.75, 4, 10, 4.5], "texture": "#2"},
				"south": {"uv": [11.25, 7, 11.75, 7.5], "texture": "#2"},
				"west": {"uv": [5.75, 4.5, 10, 5], "texture": "#2"},
				"up": {"uv": [3.5, 9.75, 3, 5.5], "texture": "#2"},
				"down": {"uv": [4, 5.5, 3.5, 9.75], "texture": "#2"}
			}
		},
		{
			"name": "backspines2",
			"from": [7, 14, -5],
			"to": [9, 15, 1],
			"rotation": {"angle": 0, "axis": "y", "origin": [0, 1, -4]},
			"faces": {
				"north": {"uv": [11.75, 3, 12.25, 3.25], "texture": "#2"},
				"east": {"uv": [7.5, 3.75, 9, 4], "texture": "#2"},
				"south": {"uv": [3.25, 11.75, 3.75, 12], "texture": "#2"},
				"west": {"uv": [10.75, 4.25, 12.25, 4.5], "texture": "#2"},
				"up": {"uv": [5.75, 11.75, 5.25, 10.25], "texture": "#2"},
				"down": {"uv": [7.75, 10.25, 7.25, 11.75], "texture": "#2"}
			}
		},
		{
			"name": "backspines2",
			"from": [7, 15, -0.5],
			"to": [9, 15.5, 1],
			"rotation": {"angle": 0, "axis": "y", "origin": [0, 1, -4]},
			"faces": {
				"north": {"uv": [8, 11.75, 8.5, 11.875], "texture": "#2"},
				"east": {"uv": [11.75, 8.25, 12.125, 8.375], "texture": "#2"},
				"south": {"uv": [11.75, 8, 12.25, 8.125], "texture": "#2"},
				"west": {"uv": [8.5, 11.75, 8.875, 11.875], "texture": "#2"},
				"up": {"uv": [12, 10.625, 11.5, 10.25], "texture": "#2"},
				"down": {"uv": [12, 10.75, 11.5, 11.125], "texture": "#2"}
			}
		},
		{
			"name": "backspines3",
			"from": [7.25, 15, 18],
			"to": [8.75, 16, 24],
			"rotation": {"angle": 0, "axis": "y", "origin": [8, 11, 11]},
			"faces": {
				"north": {"uv": [11.75, 7.25, 12.125, 7.5], "texture": "#2"},
				"east": {"uv": [2, 11, 3.5, 11.25], "texture": "#2"},
				"south": {"uv": [7.5, 11.75, 7.875, 12], "texture": "#2"},
				"west": {"uv": [11, 10, 12.5, 10.25], "texture": "#2"},
				"up": {"uv": [0.875, 12.5, 0.5, 11], "texture": "#2"},
				"down": {"uv": [1.375, 11, 1, 12.5], "texture": "#2"}
			}
		},
		{
			"name": "backspines3",
			"from": [7.5, 15, 24],
			"to": [8.5, 16, 27],
			"rotation": {"angle": 0, "axis": "y", "origin": [8, 11, 11]},
			"faces": {
				"north": {"uv": [3.75, 9.75, 4, 10], "texture": "#2"},
				"east": {"uv": [7.25, 8, 8, 8.25], "texture": "#2"},
				"south": {"uv": [10, 0.5, 10.25, 0.75], "texture": "#2"},
				"west": {"uv": [11.5, 11.25, 12.25, 11.5], "texture": "#2"},
				"up": {"uv": [4.25, 6.25, 4, 5.5], "texture": "#2"},
				"down": {"uv": [3, 10.25, 2.75, 11], "texture": "#2"}
			}
		},
		{
			"name": "backspines3",
			"from": [7.5, 15, 27],
			"to": [8.5, 15.75, 31],
			"rotation": {"angle": 0, "axis": "y", "origin": [8, 11, 11]},
			"faces": {
				"north": {"uv": [5.75, 10.25, 6, 10.5], "texture": "#2"},
				"east": {"uv": [11.25, 7.5, 12.25, 7.75], "texture": "#2"},
				"south": {"uv": [3.5, 11, 3.75, 11.25], "texture": "#2"},
				"west": {"uv": [11.25, 7.75, 12.25, 8], "texture": "#2"},
				"up": {"uv": [5.25, 10, 5, 9], "texture": "#2"},
				"down": {"uv": [9.5, 11, 9.25, 12], "texture": "#2"}
			}
		},
		{
			"name": "tail1",
			"from": [6, 10, 12],
			"to": [10, 15, 19],
			"rotation": {"angle": 0, "axis": "y", "origin": [8, 11, 11]},
			"faces": {
				"north": {"uv": [6.25, 8, 7.25, 9.25], "texture": "#2"},
				"east": {"uv": [5.75, 1.5, 7.5, 2.75], "texture": "#2"},
				"south": {"uv": [8, 7, 9, 8.25], "texture": "#2"},
				"west": {"uv": [5.75, 2.75, 7.5, 4], "texture": "#2"},
				"up": {"uv": [2.25, 8.75, 1.25, 7], "texture": "#2"},
				"down": {"uv": [6.25, 7, 5.25, 8.75], "texture": "#2"}
			}
		},
		{
			"name": "tail1",
			"from": [7, 12, 19],
			"to": [9, 15, 25],
			"rotation": {"angle": 0, "axis": "y", "origin": [8, 11, 11]},
			"faces": {
				"north": {"uv": [6.75, 11, 7.25, 11.75], "texture": "#2"},
				"east": {"uv": [7.25, 8.25, 8.75, 9], "texture": "#2"},
				"south": {"uv": [8.75, 11, 9.25, 11.75], "texture": "#2"},
				"west": {"uv": [8.5, 0, 10, 0.75], "texture": "#2"},
				"up": {"uv": [10.75, 9, 10.25, 7.5], "texture": "#2"},
				"down": {"uv": [8.25, 10.25, 7.75, 11.75], "texture": "#2"}
			}
		},
		{
			"name": "tail1",
			"from": [7, 13, 25],
			"to": [9, 15, 32],
			"rotation": {"angle": 0, "axis": "y", "origin": [8, 11, 11]},
			"faces": {
				"north": {"uv": [11.25, 8, 11.75, 8.5], "texture": "#2"},
				"east": {"uv": [10, 0, 11.75, 0.5], "texture": "#2"},
				"south": {"uv": [11.25, 8.5, 11.75, 9], "texture": "#2"},
				"west": {"uv": [10, 4.5, 11.75, 5], "texture": "#2"},
				"up": {"uv": [7.25, 11, 6.75, 9.25], "texture": "#2"},
				"down": {"uv": [10, 10, 9.5, 11.75], "texture": "#2"}
			}
		},
		{
			"name": "toes",
			"from": [4, 0, 5],
			"to": [6, 1, 10],
			"rotation": {"angle": 0, "axis": "y", "origin": [0, 1, -4]},
			"faces": {
				"north": {"uv": [11.75, 4.5, 12.25, 4.75], "texture": "#2"},
				"east": {"uv": [11.25, 5.5, 12.5, 5.75], "texture": "#2"},
				"south": {"uv": [11.75, 4.75, 12.25, 5], "texture": "#2"},
				"west": {"uv": [11.25, 5.75, 12.5, 6], "texture": "#2"},
				"up": {"uv": [10.75, 6.25, 10.25, 5], "texture": "#2"},
				"down": {"uv": [11.25, 5, 10.75, 6.25], "texture": "#2"}
			}
		},
		{
			"name": "lower_leg",
			"from": [4, 1, 7],
			"to": [6, 7, 10],
			"rotation": {"angle": 0, "axis": "y", "origin": [0, 1, -4]},
			"faces": {
				"north": {"uv": [8.25, 10.25, 8.75, 11.75], "texture": "#2"},
				"east": {"uv": [0, 8.25, 0.75, 9.75], "texture": "#2"},
				"south": {"uv": [5.75, 10.5, 6.25, 12], "texture": "#2"},
				"west": {"uv": [0.75, 8.75, 1.5, 10.25], "texture": "#2"},
				"up": {"uv": [11.5, 11, 11, 10.25], "texture": "#2"},
				"down": {"uv": [11.5, 11, 11, 11.75], "texture": "#2"}
			}
		},
		{
			"name": "upper_leg",
			"from": [3, 7, 5],
			"to": [6, 13, 10],
			"rotation": {"angle": 0, "axis": "y", "origin": [0, 1, -4]},
			"faces": {
				"north": {"uv": [8.75, 0.75, 9.5, 2.25], "texture": "#2"},
				"east": {"uv": [4, 6.25, 5.25, 7.75], "texture": "#2"},
				"south": {"uv": [1.5, 8.75, 2.25, 10.25], "texture": "#2"},
				"west": {"uv": [0, 6.75, 1.25, 8.25], "texture": "#2"},
				"up": {"uv": [3, 10.25, 2.25, 9], "texture": "#2"},
				"down": {"uv": [8, 9, 7.25, 10.25], "texture": "#2"}
			}
		},
		{
			"name": "toes",
			"from": [10, 0, 5],
			"to": [12, 1, 10],
			"rotation": {"angle": 0, "axis": "y", "origin": [0, 7, -4]},
			"faces": {
				"north": {"uv": [5.25, 11.75, 5.75, 12], "texture": "#2"},
				"east": {"uv": [11.25, 6, 12.5, 6.25], "texture": "#2"},
				"south": {"uv": [11.75, 6.5, 12.25, 6.75], "texture": "#2"},
				"west": {"uv": [11.25, 6.25, 12.5, 6.5], "texture": "#2"},
				"up": {"uv": [11.25, 7.5, 10.75, 6.25], "texture": "#2"},
				"down": {"uv": [11.25, 7.5, 10.75, 8.75], "texture": "#2"}
			}
		},
		{
			"name": "lower_leg",
			"from": [10, 1, 7],
			"to": [12, 7, 10],
			"rotation": {"angle": 0, "axis": "y", "origin": [0, 1, -4]},
			"faces": {
				"north": {"uv": [6.25, 10.5, 6.75, 12], "texture": "#2"},
				"east": {"uv": [8.75, 2.25, 9.5, 3.75], "texture": "#2"},
				"south": {"uv": [10.75, 2.75, 11.25, 4.25], "texture": "#2"},
				"west": {"uv": [8.75, 5, 9.5, 6.5], "texture": "#2"},
				"up": {"uv": [11.75, 1.25, 11.25, 0.5], "texture": "#2"},
				"down": {"uv": [11.75, 1.25, 11.25, 2], "texture": "#2"}
			}
		},
		{
			"name": "upper_leg",
			"from": [10, 7, 5],
			"to": [13, 13, 10],
			"rotation": {"angle": 0, "axis": "y", "origin": [0, 1, -4]},
			"faces": {
				"north": {"uv": [5.25, 8.75, 6, 10.25], "texture": "#2"},
				"east": {"uv": [6.75, 5, 8, 6.5], "texture": "#2"},
				"south": {"uv": [8.75, 8.25, 9.5, 9.75], "texture": "#2"},
				"west": {"uv": [6.75, 6.5, 8, 8], "texture": "#2"},
				"up": {"uv": [8.75, 10.25, 8, 9], "texture": "#2"},
				"down": {"uv": [6.75, 9.25, 6, 10.5], "texture": "#2"}
			}
		},
		{
			"name": "toes",
			"from": [3.5, 0, -4],
			"to": [6.5, 2, -3],
			"rotation": {"angle": 0, "axis": "y", "origin": [0, 1, -4]},
			"faces": {
				"north": {"uv": [2, 11.25, 2.75, 11.75], "texture": "#2"},
				"east": {"uv": [8.75, 6.5, 9, 7], "texture": "#2"},
				"south": {"uv": [11.25, 2, 12, 2.5], "texture": "#2"},
				"west": {"uv": [3.75, 11.75, 4, 12.25], "texture": "#2"},
				"up": {"uv": [12.25, 11.75, 11.5, 11.5], "texture": "#2"},
				"down": {"uv": [12.5, 0, 11.75, 0.25], "texture": "#2"}
			}
		},
		{
			"name": "lower_leg",
			"from": [4, 2, -4],
			"to": [6, 7, -1],
			"rotation": {"angle": 0, "axis": "y", "origin": [0, 1, -4]},
			"faces": {
				"north": {"uv": [10.75, 8.75, 11.25, 10], "texture": "#2"},
				"east": {"uv": [9.5, 0.75, 10.25, 2], "texture": "#2"},
				"south": {"uv": [10, 10.75, 10.5, 12], "texture": "#2"},
				"west": {"uv": [9.5, 2, 10.25, 3.25], "texture": "#2"},
				"up": {"uv": [11.75, 3.25, 11.25, 2.5], "texture": "#2"},
				"down": {"uv": [3.25, 11.25, 2.75, 12], "texture": "#2"}
			}
		},
		{
			"name": "upper_leg",
			"from": [3, 7, -4],
			"to": [6, 12, 1],
			"rotation": {"angle": 0, "axis": "y", "origin": [0, 1, -4]},
			"faces": {
				"north": {"uv": [9.5, 5, 10.25, 6.25], "texture": "#2"},
				"east": {"uv": [7.25, 0, 8.5, 1.25], "texture": "#2"},
				"south": {"uv": [9.5, 7.5, 10.25, 8.75], "texture": "#2"},
				"west": {"uv": [7.5, 1.25, 8.75, 2.5], "texture": "#2"},
				"up": {"uv": [10.25, 10, 9.5, 8.75], "texture": "#2"},
				"down": {"uv": [0.75, 9.75, 0, 11], "texture": "#2"}
			}
		},
		{
			"name": "toes",
			"from": [9.5, 0, -4],
			"to": [12.5, 2, -3],
			"rotation": {"angle": 0, "axis": "y", "origin": [0, 7, -4]},
			"faces": {
				"north": {"uv": [3.25, 11.25, 4, 11.75], "texture": "#2"},
				"east": {"uv": [6.75, 11.75, 7, 12.25], "texture": "#2"},
				"south": {"uv": [11.25, 3.25, 12, 3.75], "texture": "#2"},
				"west": {"uv": [11.75, 6.75, 12, 7.25], "texture": "#2"},
				"up": {"uv": [12.5, 0.5, 11.75, 0.25], "texture": "#2"},
				"down": {"uv": [12.5, 0.5, 11.75, 0.75], "texture": "#2"}
			}
		},
		{
			"name": "upper_leg",
			"from": [10, 7, -4],
			"to": [13, 12, 1],
			"rotation": {"angle": 0, "axis": "y", "origin": [0, 1, -4]},
			"faces": {
				"north": {"uv": [3, 9.75, 3.75, 11], "texture": "#2"},
				"east": {"uv": [7.5, 2.5, 8.75, 3.75], "texture": "#2"},
				"south": {"uv": [8.75, 9.75, 9.5, 11], "texture": "#2"},
				"west": {"uv": [4, 7.75, 5.25, 9], "texture": "#2"},
				"up": {"uv": [10.75, 4.5, 10, 3.25], "texture": "#2"},
				"down": {"uv": [4.5, 10, 3.75, 11.25], "texture": "#2"}
			}
		},
		{
			"name": "lower_leg",
			"from": [10, 2, -4],
			"to": [12, 7, -1],
			"rotation": {"angle": 0, "axis": "y", "origin": [0, 1, -4]},
			"faces": {
				"north": {"uv": [10.5, 10.75, 11, 12], "texture": "#2"},
				"east": {"uv": [4.5, 10, 5.25, 11.25], "texture": "#2"},
				"south": {"uv": [0, 11, 0.5, 12.25], "texture": "#2"},
				"west": {"uv": [10, 6.25, 10.75, 7.5], "texture": "#2"},
				"up": {"uv": [4.5, 12, 4, 11.25], "texture": "#2"},
				"down": {"uv": [5, 11.25, 4.5, 12], "texture": "#2"}
			}
		}
	],
	"display": {
		"gui": {
			"rotation": [30, 225, 0],
			"translation": [1, -0.5, 0],
			"scale": [0.625, 0.625, 0.625]
		},
		"head": {
			"translation": [0, -57.25, 12.25],
			"scale": [2.5, 2.5, 2.5]
		},
		"fixed": {
			"translation": [0, 48, 45.25],
			"scale": [4, 4, 4]
		}
	},
	"groups": [
		{
			"name": "head",
			"origin": [8, 8, 8],
			"color": 0,
			"children": [
				{
					"name": "neck",
					"origin": [8, 8, 8],
					"color": 7,
					"children": [0, 1]
				},
				{
					"name": "skull",
					"origin": [8, 8, 8],
					"color": 8,
					"children": [2, 3, 4, 5, 6]
				}
			]
		},
		{
			"name": "torso",
			"origin": [8, 8, 8],
			"color": 0,
			"children": [
				7,
				8,
				9,
				10,
				11,
				12,
				13,
				14,
				{
					"name": "tail",
					"origin": [8, 8, 8],
					"color": 1,
					"children": [15, 16, 17]
				}
			]
		},
		{
			"name": "leg1",
			"origin": [8, 8, 8],
			"color": 2,
			"children": [18, 19, 20]
		},
		{
			"name": "leg2",
			"origin": [8, 8, 8],
			"color": 3,
			"children": [21, 22, 23]
		},
		{
			"name": "arm1",
			"origin": [8, 8, 8],
			"color": 4,
			"children": [24, 25, 26]
		},
		{
			"name": "arm2",
			"origin": [8, 8, 8],
			"color": 6,
			"children": [27, 28]
		},
		29
	]
}