{
	"credit": "Made with Blockbench",
	"texture_size": [80, 80],
	"textures": {
		"1": "krmc:krmc_mobs/godzilla_2019",
		"2": "krmc:krmc_mobs/godzilla_minus_one",
		"particle": "krmc:krmc_mobs/godzilla_2019"
	},
	"elements": [
		{
			"name": "body_main",
			"from": [4, 7, -1.45],
			"to": [12, 20, 8.55],
			"rotation": {"angle": -22.5, "axis": "x", "origin": [8, 11, 3.55]},
			"faces": {
				"north": {"uv": [0, 2.6, 1.6, 5.2], "texture": "#1"},
				"east": {"uv": [0, 0, 2, 2.6], "texture": "#1"},
				"south": {"uv": [1.6, 2.6, 3.2, 5.2], "texture": "#1"},
				"west": {"uv": [2, 0, 4, 2.6], "texture": "#1"},
				"up": {"uv": [6.8, 4, 5.2, 2], "texture": "#1"},
				"down": {"uv": [7.6, 0, 6, 2], "texture": "#1"}
			}
		},
		{
			"name": "body_secondary",
			"from": [4.5, 19.60896, -4.51147],
			"to": [11.5, 29.60896, 5.48853],
			"rotation": {"angle": -45, "axis": "x", "origin": [8, 19, 3.55]},
			"faces": {
				"north": {"uv": [6, 4, 7.4, 6], "texture": "#1"},
				"east": {"uv": [3.2, 2.6, 5.2, 4.6], "texture": "#1"},
				"south": {"uv": [6, 6, 7.4, 8], "texture": "#1"},
				"west": {"uv": [4, 0, 6, 2], "texture": "#1"},
				"up": {"uv": [8.2, 4, 6.8, 2], "texture": "#1"},
				"down": {"uv": [7.4, 6, 6, 4], "texture": "#1"}
			}
		},
		{
			"name": "1",
			"from": [5.75, 7, 8.55],
			"to": [5.75, 20, 14.55],
			"rotation": {"angle": -22.5, "axis": "x", "origin": [8, 11, 3.55]},
			"faces": {
				"north": {"uv": [8.2, 5.8, 9.2, 7.8], "texture": "#2"},
				"east": {"uv": [0.2, 7.4, 1.6, 5.2], "texture": "#2"},
				"south": {"uv": [8.2, 5.8, 9.2, 7.8], "texture": "#2"},
				"west": {"uv": [1.6, 7.4, 0.2, 5.2], "texture": "#2"},
				"up": {"uv": [8.2, 5.8, 9.2, 7.8], "texture": "#2"},
				"down": {"uv": [8.2, 5.8, 9.2, 7.8], "texture": "#2"}
			}
		},
		{
			"name": "2",
			"from": [8.025, 7, 7.55],
			"to": [8.025, 21, 16.55],
			"rotation": {"angle": -22.5, "axis": "x", "origin": [8, 11, 3.55]},
			"faces": {
				"north": {"uv": [0, 0, 0, 2.8], "texture": "#2"},
				"east": {"uv": [0.2, 7.4, 1.6, 5.2], "texture": "#2"},
				"south": {"uv": [0, 0, 0, 2.8], "texture": "#2"},
				"west": {"uv": [1.6, 7.4, 0.2, 5.2], "texture": "#2"},
				"up": {"uv": [0, 1.4, 0, 0], "texture": "#2"},
				"down": {"uv": [0, 0, 0, 1.4], "texture": "#2"}
			}
		},
		{
			"name": "3",
			"from": [10.25, 7, 8.55],
			"to": [10.25, 20, 14.55],
			"rotation": {"angle": -22.5, "axis": "x", "origin": [8, 11, 3.55]},
			"faces": {
				"north": {"uv": [8.2, 5.8, 9.2, 7.8], "texture": "#2"},
				"east": {"uv": [0.2, 7.4, 1.6, 5.2], "texture": "#2"},
				"south": {"uv": [8.2, 5.8, 9.2, 7.8], "texture": "#2"},
				"west": {"uv": [1.6, 7.4, 0.2, 5.2], "texture": "#2"},
				"up": {"uv": [8.2, 5.8, 9.2, 7.8], "texture": "#2"},
				"down": {"uv": [8.2, 5.8, 9.2, 7.8], "texture": "#2"}
			}
		},
		{
			"name": "1",
			"from": [6, 19.60896, 5.48853],
			"to": [6, 29.60896, 13.48853],
			"rotation": {"angle": -45, "axis": "x", "origin": [8, 19, 3.55]},
			"faces": {
				"north": {"uv": [8.2, 5.8, 9.2, 7.8], "texture": "#2"},
				"east": {"uv": [0.2, 7.4, 1.6, 5.6], "texture": "#2"},
				"south": {"uv": [8.2, 5.8, 9.2, 7.8], "texture": "#2"},
				"west": {"uv": [1.6, 7.4, 0.2, 5.6], "texture": "#2"},
				"up": {"uv": [8.2, 5.8, 9.2, 7.8], "texture": "#2"},
				"down": {"uv": [8.2, 5.8, 9.2, 7.8], "texture": "#2"}
			}
		},
		{
			"name": "2",
			"from": [8, 18.60896, 5.48853],
			"to": [8, 29.60896, 16.48853],
			"rotation": {"angle": -45, "axis": "x", "origin": [8, 19, 3.55]},
			"faces": {
				"north": {"uv": [0, 0, 0, 2.2], "texture": "#2"},
				"east": {"uv": [0.2, 7.4, 1.6, 5.6], "texture": "#2"},
				"south": {"uv": [0, 0, 0, 2.2], "texture": "#2"},
				"west": {"uv": [1.6, 7.4, 0.2, 5.6], "texture": "#2"},
				"up": {"uv": [0, 1.6, 0, 0], "texture": "#2"},
				"down": {"uv": [0, 0, 0, 1.6], "texture": "#2"}
			}
		},
		{
			"name": "3",
			"from": [10, 19.60896, 5.48853],
			"to": [10, 29.60896, 13.48853],
			"rotation": {"angle": -45, "axis": "x", "origin": [8, 19, 3.55]},
			"faces": {
				"north": {"uv": [8.2, 5.8, 9.2, 7.8], "texture": "#2"},
				"east": {"uv": [0.2, 7.4, 1.6, 5.6], "texture": "#2"},
				"south": {"uv": [8.2, 5.8, 9.2, 7.8], "texture": "#2"},
				"west": {"uv": [1.6, 7.4, 0.2, 5.6], "texture": "#2"},
				"up": {"uv": [8.2, 5.8, 9.2, 7.8], "texture": "#2"},
				"down": {"uv": [8.2, 5.8, 9.2, 7.8], "texture": "#2"}
			}
		},
		{
			"name": "1",
			"from": [8, 5.75769, 13.23707],
			"to": [8, 10.75769, 18.23707],
			"rotation": {"angle": -45, "axis": "x", "origin": [8, 5.81542, 13.32134]},
			"faces": {
				"north": {"uv": [0, 0, 0, 0.8], "texture": "#2"},
				"east": {"uv": [0, 7.4, 1.6, 5.2], "texture": "#2"},
				"south": {"uv": [0, 0, 0, 0.8], "texture": "#2"},
				"west": {"uv": [1.6, 7.4, 0, 5.2], "texture": "#2"},
				"up": {"uv": [0, 0.6, 0, 0], "texture": "#2"},
				"down": {"uv": [0, 0, 0, 0.6], "texture": "#2"}
			}
		},
		{
			"name": "2",
			"from": [6, 6.25769, 13.23707],
			"to": [6, 10.25769, 17.23707],
			"rotation": {"angle": -45, "axis": "x", "origin": [8, 5.81542, 13.32134]},
			"faces": {
				"north": {"uv": [0, 0, 0, 0.8], "texture": "#2"},
				"east": {"uv": [0, 6.5, 1.6, 5.2], "texture": "#2"},
				"south": {"uv": [0, 0, 0, 0.8], "texture": "#2"},
				"west": {"uv": [1.6, 6.5, 0, 5.2], "texture": "#2"},
				"up": {"uv": [0, 0.4, 0, 0], "texture": "#2"},
				"down": {"uv": [0, 0, 0, 0.4], "texture": "#2"}
			}
		},
		{
			"name": "3",
			"from": [10, 6.25769, 13.23707],
			"to": [10, 10.25769, 17.23707],
			"rotation": {"angle": -45, "axis": "x", "origin": [8, 5.81542, 13.32134]},
			"faces": {
				"north": {"uv": [0, 0, 0, 0.8], "texture": "#2"},
				"east": {"uv": [0, 6.5, 1.6, 5.2], "texture": "#2"},
				"south": {"uv": [0, 0, 0, 0.8], "texture": "#2"},
				"west": {"uv": [1.6, 6.5, 0, 5.2], "texture": "#2"},
				"up": {"uv": [0, 0.4, 0, 0], "texture": "#2"},
				"down": {"uv": [0, 0, 0, 0.4], "texture": "#2"}
			}
		},
		{
			"name": "1",
			"from": [9.75, 4.96706, 13.19056],
			"to": [9.75, 8.46706, 17.19056],
			"rotation": {"angle": 22.5, "axis": "x", "origin": [8, 5.81542, 13.32134]},
			"faces": {
				"north": {"uv": [0, 0, 0, 0.6], "texture": "#2"},
				"east": {"uv": [0, 6.5, 1.6, 5.2], "rotation": 90, "texture": "#2"},
				"south": {"uv": [0, 0, 0, 0.6], "texture": "#2"},
				"west": {"uv": [0, 5.2, 1.6, 6.5], "rotation": 90, "texture": "#2"},
				"up": {"uv": [0, 0.8, 0, 0], "texture": "#2"},
				"down": {"uv": [0, 0, 0, 0.8], "texture": "#2"}
			}
		},
		{
			"name": "2",
			"from": [8, 4.96706, 13.19056],
			"to": [8, 9.46706, 17.19056],
			"rotation": {"angle": 22.5, "axis": "x", "origin": [8, 5.81542, 13.32134]},
			"faces": {
				"north": {"uv": [0, 0, 0, 0.8], "texture": "#2"},
				"east": {"uv": [0, 6.5, 1.6, 5.2], "rotation": 90, "texture": "#2"},
				"south": {"uv": [0, 0, 0, 0.8], "texture": "#2"},
				"west": {"uv": [0, 5.2, 1.6, 6.5], "rotation": 90, "texture": "#2"},
				"up": {"uv": [0, 0.8, 0, 0], "texture": "#2"},
				"down": {"uv": [0, 0, 0, 0.8], "texture": "#2"}
			}
		},
		{
			"name": "3",
			"from": [6.25, 4.96706, 13.19056],
			"to": [6.25, 8.46706, 17.19056],
			"rotation": {"angle": 22.5, "axis": "x", "origin": [8, 5.81542, 13.32134]},
			"faces": {
				"north": {"uv": [0, 0, 0, 0.6], "texture": "#2"},
				"east": {"uv": [0, 6.5, 1.6, 5.2], "rotation": 90, "texture": "#2"},
				"south": {"uv": [0, 0, 0, 0.6], "texture": "#2"},
				"west": {"uv": [0, 5.2, 1.6, 6.5], "rotation": 90, "texture": "#2"},
				"up": {"uv": [0, 0.8, 0, 0], "texture": "#2"},
				"down": {"uv": [0, 0, 0, 0.8], "texture": "#2"}
			}
		},
		{
			"name": "1",
			"from": [9.4, 3.46171, 17.14812],
			"to": [9.4, 6.16171, 20.34812],
			"rotation": {"angle": 0, "axis": "x", "origin": [8, 5.16171, 13.99812]},
			"faces": {
				"north": {"uv": [0, 0, 0, 0.6], "texture": "#2"},
				"east": {"uv": [0, 6.5, 1.6, 5.2], "rotation": 90, "texture": "#2"},
				"south": {"uv": [0, 0, 0, 0.6], "texture": "#2"},
				"west": {"uv": [0, 5.2, 1.6, 6.5], "rotation": 90, "texture": "#2"},
				"up": {"uv": [0, 0.8, 0, 0], "texture": "#2"},
				"down": {"uv": [0, 0, 0, 0.8], "texture": "#2"}
			}
		},
		{
			"name": "2",
			"from": [8, 3.46171, 17.14812],
			"to": [8, 6.96171, 20.34812],
			"rotation": {"angle": 0, "axis": "x", "origin": [8, 5.16171, 13.99812]},
			"faces": {
				"north": {"uv": [0, 0, 0, 0.8], "texture": "#2"},
				"east": {"uv": [0, 6.5, 1.6, 5.2], "rotation": 90, "texture": "#2"},
				"south": {"uv": [0, 0, 0, 0.8], "texture": "#2"},
				"west": {"uv": [0, 5.2, 1.6, 6.5], "rotation": 90, "texture": "#2"},
				"up": {"uv": [0, 0.8, 0, 0], "texture": "#2"},
				"down": {"uv": [0, 0, 0, 0.8], "texture": "#2"}
			}
		},
		{
			"name": "3",
			"from": [6.6, 3.46171, 17.14812],
			"to": [6.6, 6.16171, 20.34812],
			"rotation": {"angle": 0, "axis": "x", "origin": [8, 5.16171, 13.99812]},
			"faces": {
				"north": {"uv": [0, 0, 0, 0.6], "texture": "#2"},
				"east": {"uv": [0, 6.5, 1.6, 5.2], "rotation": 90, "texture": "#2"},
				"south": {"uv": [0, 0, 0, 0.6], "texture": "#2"},
				"west": {"uv": [0, 5.2, 1.6, 6.5], "rotation": 90, "texture": "#2"},
				"up": {"uv": [0, 0.8, 0, 0], "texture": "#2"},
				"down": {"uv": [0, 0, 0, 0.8], "texture": "#2"}
			}
		},
		{
			"name": "1",
			"from": [7.05, 3.1, 20.91459],
			"to": [7.05, 5.85, 25.61459],
			"rotation": {"angle": 0, "axis": "y", "origin": [8, 4.1, 17.01459]},
			"faces": {
				"north": {"uv": [0, 0, 0, 0.6], "texture": "#2"},
				"east": {"uv": [0, 6.5, 1.6, 5.2], "rotation": 90, "texture": "#2"},
				"south": {"uv": [0, 0, 0, 0.6], "texture": "#2"},
				"west": {"uv": [0, 5.2, 1.6, 6.5], "rotation": 90, "texture": "#2"},
				"up": {"uv": [0, 0.8, 0, 0], "texture": "#2"},
				"down": {"uv": [0, 0, 0, 0.8], "texture": "#2"}
			}
		},
		{
			"name": "2",
			"from": [8.95, 3.1, 20.91459],
			"to": [8.95, 5.85, 25.61459],
			"rotation": {"angle": 0, "axis": "y", "origin": [8, 4.1, 17.01459]},
			"faces": {
				"north": {"uv": [0, 0, 0, 0.6], "texture": "#2"},
				"east": {"uv": [0, 6.5, 1.6, 5.2], "rotation": 90, "texture": "#2"},
				"south": {"uv": [0, 0, 0, 0.6], "texture": "#2"},
				"west": {"uv": [0, 5.2, 1.6, 6.5], "rotation": 90, "texture": "#2"},
				"up": {"uv": [0, 0.8, 0, 0], "texture": "#2"},
				"down": {"uv": [0, 0, 0, 0.8], "texture": "#2"}
			}
		},
		{
			"name": "1",
			"from": [7, 2.81875, 26.61642],
			"to": [7, 5.66875, 31.00182],
			"rotation": {"angle": 0, "axis": "y", "origin": [8, 5.09375, 27.80912]},
			"faces": {
				"north": {"uv": [0, 0, 0, 0.4], "texture": "#2"},
				"east": {"uv": [0, 6.5, 1.6, 5.2], "rotation": 90, "texture": "#2"},
				"south": {"uv": [0, 0, 0, 0.4], "texture": "#2"},
				"west": {"uv": [0, 5.2, 1.6, 6.5], "rotation": 90, "texture": "#2"},
				"up": {"uv": [0, 1, 0, 0], "texture": "#2"},
				"down": {"uv": [0, 0, 0, 1], "texture": "#2"}
			}
		},
		{
			"name": "2",
			"from": [8, 2.56875, 23.11642],
			"to": [8, 8.06875, 32],
			"rotation": {"angle": 0, "axis": "y", "origin": [8, 5.09375, 27.80912]},
			"faces": {
				"north": {"uv": [0, 0, 0, 0.6], "texture": "#2"},
				"east": {"uv": [0, 5.2, 1.7, 7.4], "rotation": 90, "texture": "#2"},
				"south": {"uv": [0, 0, 0, 0.6], "texture": "#2"},
				"west": {"uv": [0, 7.4, 1.7, 5.2], "rotation": 90, "texture": "#2"},
				"up": {"uv": [0, 1, 0, 0], "texture": "#2"},
				"down": {"uv": [0, 0, 0, 1], "texture": "#2"}
			}
		},
		{
			"name": "3",
			"from": [9, 2.81875, 26.61642],
			"to": [9, 5.66875, 31.00182],
			"rotation": {"angle": 0, "axis": "y", "origin": [8, 5.09375, 27.80912]},
			"faces": {
				"north": {"uv": [0, 0, 0, 0.4], "texture": "#2"},
				"east": {"uv": [0, 6.5, 1.6, 5.2], "rotation": 90, "texture": "#2"},
				"south": {"uv": [0, 0, 0, 0.4], "texture": "#2"},
				"west": {"uv": [0, 5.2, 1.6, 6.5], "rotation": 90, "texture": "#2"},
				"up": {"uv": [0, 1, 0, 0], "texture": "#2"},
				"down": {"uv": [0, 0, 0, 1], "texture": "#2"}
			}
		},
		{
			"name": "tailbase",
			"from": [5, 6.25769, 7.23707],
			"to": [11, 13.25769, 13.23707],
			"rotation": {"angle": -45, "axis": "x", "origin": [8, 5.81542, 13.32134]},
			"faces": {
				"north": {"uv": [8.6, 0, 9.8, 1.4], "texture": "#1"},
				"east": {"uv": [8.6, 4, 9.8, 5.4], "texture": "#1"},
				"south": {"uv": [1.4, 9.2, 2.6, 10.6], "texture": "#1"},
				"west": {"uv": [9.2, 1.4, 10.4, 2.8], "texture": "#1"},
				"up": {"uv": [10.4, 4, 9.2, 2.8], "texture": "#1"},
				"down": {"uv": [10.4, 5.4, 9.2, 6.6], "texture": "#1"}
			}
		},
		{
			"name": "tailmiddle",
			"from": [5.75, 0.96706, 10.19056],
			"to": [10.25, 5.46706, 17.19056],
			"rotation": {"angle": 22.5, "axis": "x", "origin": [8, 5.81542, 13.32134]},
			"faces": {
				"north": {"uv": [10.4, 5, 11.4, 6], "texture": "#1"},
				"east": {"uv": [9.8, 0, 11.2, 1], "texture": "#1"},
				"south": {"uv": [9.2, 10.4, 10.2, 11.4], "texture": "#1"},
				"west": {"uv": [9.8, 4, 11.2, 5], "texture": "#1"},
				"up": {"uv": [9.2, 11.2, 8.2, 9.8], "texture": "#1"},
				"down": {"uv": [11, 6.6, 10, 8], "texture": "#1"}
			}
		},
		{
			"name": "tailtip",
			"from": [6.375, 0.125, 15.06824],
			"to": [9.625, 3.625, 21.06824],
			"rotation": {"angle": 0, "axis": "x", "origin": [8, 5.81542, 13.32134]},
			"faces": {
				"north": {"uv": [5.6, 12.6, 6.2, 13.4], "texture": "#1"},
				"east": {"uv": [3.8, 10.6, 5, 11.4], "texture": "#1"},
				"south": {"uv": [0.6, 12.8, 1.2, 13.6], "texture": "#1"},
				"west": {"uv": [5, 10.6, 6.2, 11.4], "texture": "#1"},
				"up": {"uv": [1.4, 10.6, 0.8, 9.4], "texture": "#1"},
				"down": {"uv": [6.2, 11.4, 5.6, 12.6], "texture": "#1"}
			}
		},
		{
			"name": "tailtip1",
			"from": [6.625, 0.375, 21.06824],
			"to": [9.375, 3.25, 26.55],
			"rotation": {"angle": 0, "axis": "y", "origin": [8, 5.81542, 13.32134]},
			"faces": {
				"north": {"uv": [8.6, 1.4, 9.2, 2], "texture": "#1"},
				"east": {"uv": [12.2, 4.8, 13.2, 5.4], "texture": "#1"},
				"south": {"uv": [10.4, 6, 11, 6.6], "texture": "#1"},
				"west": {"uv": [12.4, 0.8, 13.4, 1.4], "texture": "#1"},
				"up": {"uv": [3.6, 13.2, 3, 12.2], "texture": "#1"},
				"down": {"uv": [0.6, 12.4, 0, 13.4], "texture": "#1"}
			}
		},
		{
			"name": "tailtip2",
			"from": [6.9, 0.59, 26.26605],
			"to": [9.1, 2.89, 32],
			"rotation": {"angle": 0, "axis": "y", "origin": [8, 1.74, 28.20876]},
			"faces": {
				"north": {"uv": [8.6, 1.4, 9.2, 2], "texture": "#1"},
				"east": {"uv": [12.2, 4.8, 13.2, 5.4], "texture": "#1"},
				"south": {"uv": [10.4, 6, 11, 6.6], "texture": "#1"},
				"west": {"uv": [12.4, 0.8, 13.4, 1.4], "texture": "#1"},
				"up": {"uv": [3.6, 13.2, 3, 12.2], "texture": "#1"},
				"down": {"uv": [0.6, 12.4, 0, 13.4], "texture": "#1"}
			}
		},
		{
			"name": "neck",
			"from": [5.25, 24.434, -8.49358],
			"to": [10.75, 31, -5.49358],
			"rotation": {"angle": 45, "axis": "x", "origin": [8, 26.80025, -9.77993]},
			"faces": {
				"north": {"uv": [2.6, 9.2, 3.8, 10.6], "texture": "#1"},
				"east": {"uv": [11.2, 9.6, 11.8, 11], "texture": "#1"},
				"south": {"uv": [3.8, 9.2, 5, 10.6], "texture": "#1"},
				"west": {"uv": [11.2, 11, 11.8, 12.4], "texture": "#1"},
				"up": {"uv": [5.2, 2.6, 4, 2], "texture": "#1"},
				"down": {"uv": [10.2, 11.4, 9, 12], "texture": "#1"}
			}
		},
		{
			"name": "neck1",
			"from": [5.875, 24.54397, -10.79813],
			"to": [10.125, 29.21897, -6.97313],
			"rotation": {"angle": 22.5, "axis": "x", "origin": [8, 26.88147, -8.88563]},
			"faces": {
				"north": {"uv": [10, 8, 11, 9.2], "texture": "#1"},
				"east": {"uv": [10, 9.2, 11, 10.4], "texture": "#1"},
				"south": {"uv": [10.4, 1, 11.4, 2.2], "texture": "#1"},
				"west": {"uv": [10.4, 2.2, 11.4, 3.4], "texture": "#1"},
				"up": {"uv": [11.2, 11.4, 10.2, 10.4], "texture": "#1"},
				"down": {"uv": [1.8, 10.6, 0.8, 11.6], "texture": "#1"}
			}
		},
		{
			"name": "1",
			"from": [6.25, 28.19524, -8.66144],
			"to": [6.25, 32, -5.66144],
			"rotation": {"angle": 45, "axis": "x", "origin": [8, 25.47824, -7.16144]},
			"faces": {
				"north": {"uv": [0, 0, 0, 0.6], "texture": "#2"},
				"east": {"uv": [0, 5.2, 1.6, 6.5], "rotation": 90, "texture": "#2"},
				"south": {"uv": [0, 0, 0, 0.6], "texture": "#2"},
				"west": {"uv": [0, 6.5, 1.6, 5.2], "rotation": 90, "texture": "#2"},
				"up": {"uv": [0, 0.6, 0, 0], "texture": "#2"},
				"down": {"uv": [0, 0, 0, 0.6], "texture": "#2"}
			}
		},
		{
			"name": "2",
			"from": [8, 26.9887, -5.7486],
			"to": [8, 32, -2.7486],
			"rotation": {"angle": 45, "axis": "x", "origin": [8, 28.39108, -4.2486]},
			"faces": {
				"north": {"uv": [0, 0, 0, 0.8], "texture": "#2"},
				"east": {"uv": [0, 5.2, 1.6, 6.5], "rotation": 90, "texture": "#2"},
				"south": {"uv": [0, 0, 0, 0.8], "texture": "#2"},
				"west": {"uv": [0, 6.5, 1.6, 5.2], "rotation": 90, "texture": "#2"},
				"up": {"uv": [0, 0.6, 0, 0], "texture": "#2"},
				"down": {"uv": [0, 0, 0, 0.6], "texture": "#2"}
			}
		},
		{
			"name": "3",
			"from": [9.75, 28.19524, -8.66144],
			"to": [9.75, 32, -5.66144],
			"rotation": {"angle": 45, "axis": "x", "origin": [8, 25.47824, -7.16144]},
			"faces": {
				"north": {"uv": [0, 0, 0, 0.6], "texture": "#2"},
				"east": {"uv": [0, 5.2, 1.6, 6.5], "rotation": 90, "texture": "#2"},
				"south": {"uv": [0, 0, 0, 0.6], "texture": "#2"},
				"west": {"uv": [0, 6.5, 1.6, 5.2], "rotation": 90, "texture": "#2"},
				"up": {"uv": [0, 0.6, 0, 0], "texture": "#2"},
				"down": {"uv": [0, 0, 0, 0.6], "texture": "#2"}
			}
		},
		{
			"name": "1",
			"from": [6.725, 29.02192, -9.21098],
			"to": [6.725, 30.95739, -7.08598],
			"rotation": {"angle": 22.5, "axis": "x", "origin": [8, 26.45667, -8.6283]},
			"faces": {
				"north": {"uv": [0, 0, 0, 0.2], "texture": "#2"},
				"east": {"uv": [0, 5.2, 1.6, 6.5], "rotation": 90, "texture": "#2"},
				"south": {"uv": [0, 0, 0, 0.2], "texture": "#2"},
				"west": {"uv": [0, 6.5, 1.6, 5.2], "rotation": 90, "texture": "#2"},
				"up": {"uv": [0, 0.6, 0, 0], "texture": "#2"},
				"down": {"uv": [0, 0, 0, 0.6], "texture": "#2"}
			}
		},
		{
			"name": "2",
			"from": [8, 29.02192, -10.91098],
			"to": [8, 30.95739, -7.08598],
			"rotation": {"angle": 22.5, "axis": "x", "origin": [8, 26.45667, -8.6283]},
			"faces": {
				"north": {"uv": [0, 0, 0, 0.2], "texture": "#2"},
				"east": {"uv": [0, 5.2, 1.6, 7.4], "rotation": 90, "texture": "#2"},
				"south": {"uv": [0, 0, 0, 0.2], "texture": "#2"},
				"west": {"uv": [0, 7.4, 1.6, 5.2], "rotation": 90, "texture": "#2"},
				"up": {"uv": [0, 1, 0, 0], "texture": "#2"},
				"down": {"uv": [0, 0, 0, 1], "texture": "#2"}
			}
		},
		{
			"name": "3",
			"from": [9.275, 29.02192, -9.21098],
			"to": [9.275, 30.95739, -7.08598],
			"rotation": {"angle": 22.5, "axis": "x", "origin": [8, 26.45667, -8.6283]},
			"faces": {
				"north": {"uv": [0, 0, 0, 0.2], "texture": "#2"},
				"east": {"uv": [0, 5.2, 1.6, 6.5], "rotation": 90, "texture": "#2"},
				"south": {"uv": [0, 0, 0, 0.2], "texture": "#2"},
				"west": {"uv": [0, 6.5, 1.6, 5.2], "rotation": 90, "texture": "#2"},
				"up": {"uv": [0, 0.6, 0, 0], "texture": "#2"},
				"down": {"uv": [0, 0, 0, 0.6], "texture": "#2"}
			}
		},
		{
			"name": "upperjaw",
			"from": [6.272, 26.80647, -13.7624],
			"to": [9.728, 28.53447, -11.9064],
			"rotation": {"angle": 0, "axis": "x", "origin": [8, 27.32682, -12.8584]},
			"faces": {
				"north": {"uv": [13.2, 8.4, 14, 8.8], "texture": "#1"},
				"east": {"uv": [11.4, 5.6, 11.8, 6], "texture": "#1"},
				"south": {"uv": [13.2, 13.2, 14, 13.6], "texture": "#1"},
				"west": {"uv": [4.2, 12.4, 4.6, 12.8], "texture": "#1"},
				"up": {"uv": [14.2, 1.2, 13.4, 0.8], "texture": "#1"},
				"down": {"uv": [4.2, 13.4, 3.4, 13.8], "texture": "#1"}
			}
		},
		{
			"name": "base",
			"from": [6.2, 25.65447, -11.9064],
			"to": [9.8, 29.68647, -9.7524],
			"rotation": {"angle": 0, "axis": "x", "origin": [8, 27.32682, -12.8584]},
			"faces": {
				"north": {"uv": [1.8, 10.6, 2.8, 11.6], "texture": "#1"},
				"east": {"uv": [7.8, 11.4, 8.2, 12.4], "texture": "#1"},
				"south": {"uv": [2.8, 10.6, 3.8, 11.6], "texture": "#1"},
				"west": {"uv": [10.8, 11.4, 11.2, 12.4], "texture": "#1"},
				"up": {"uv": [14, 5.8, 13, 5.4], "texture": "#1"},
				"down": {"uv": [14, 5.8, 13, 6.2], "texture": "#1"}
			}
		},
		{
			"name": "brow",
			"from": [6.6, 28.69566, -13.46876],
			"to": [9.4, 29.27166, -10.81276],
			"rotation": {"angle": -22.5, "axis": "x", "origin": [8, 27.32682, -12.8584]},
			"faces": {
				"north": {"uv": [14, 2.2, 14.6, 2.4], "texture": "#1"},
				"east": {"uv": [14, 2.4, 14.6, 2.6], "texture": "#1"},
				"south": {"uv": [14, 2.6, 14.6, 2.8], "texture": "#1"},
				"west": {"uv": [14, 2.8, 14.6, 3], "texture": "#1"},
				"up": {"uv": [3.4, 13.8, 2.8, 13.2], "texture": "#1"},
				"down": {"uv": [13.8, 4.2, 13.2, 4.8], "texture": "#1"}
			}
		},
		{
			"name": "eyes",
			"from": [7.048, 28.05568, -13.46876],
			"to": [8.952, 28.69568, -10.01276],
			"rotation": {"angle": -22.5, "axis": "x", "origin": [8, 27.32682, -12.8584]},
			"faces": {
				"north": {"uv": [14, 6, 14.4, 6.2], "texture": "#2"},
				"east": {"uv": [14.7, 1.2, 14.2, 1.4], "texture": "#2"},
				"south": {"uv": [14, 7, 14.4, 7.2], "texture": "#2"},
				"west": {"uv": [14.2, 1.2, 14.7, 1.4], "texture": "#2"},
				"up": {"uv": [0.4, 14.2, 0, 13.5], "texture": "#2"},
				"down": {"uv": [13.8, 3.4, 13.4, 4.2], "texture": "#2"}
			}
		},
		{
			"name": "lowerjaw",
			"from": [7, 25.6389, -15.29213],
			"to": [9, 26.7909, -11.89213],
			"rotation": {"angle": 0, "axis": "x", "origin": [8, 26.82682, -11.8584]},
			"faces": {
				"north": {"uv": [14, 3, 14.6, 3.2], "texture": "#1"},
				"east": {"uv": [14, 0.2, 15, 0.4], "texture": "#1"},
				"south": {"uv": [14, 3.2, 14.6, 3.4], "texture": "#1"},
				"west": {"uv": [14, 0.4, 15, 0.6], "texture": "#1"},
				"up": {"uv": [13, 3.4, 12.4, 2.4], "texture": "#1"},
				"down": {"uv": [4.2, 12.4, 3.6, 13.4], "texture": "#1"}
			}
		},
		{
			"name": "upperjaw",
			"from": [7, 26.80647, -15.3624],
			"to": [9, 28.80647, -13.7624],
			"rotation": {"angle": 0, "axis": "y", "origin": [8, 27.32682, -12.8584]},
			"faces": {
				"north": {"uv": [13.2, 4.8, 13.8, 5.4], "texture": "#1"},
				"east": {"uv": [9.8, 12, 10.2, 12.6], "texture": "#1"},
				"south": {"uv": [13.2, 7.8, 13.8, 8.4], "texture": "#1"},
				"west": {"uv": [5.6, 13.4, 6, 14], "texture": "#1"},
				"up": {"uv": [9.2, 5.8, 8.6, 5.4], "texture": "#1"},
				"down": {"uv": [10.4, 1, 9.8, 1.4], "texture": "#1"}
			}
		},
		{
			"name": "base",
			"from": [2.875, 15.375, -6.45],
			"to": [6.375, 21.375, -3.45],
			"rotation": {"angle": -22.5, "axis": "z", "origin": [6, 21.5, -5.45]},
			"faces": {
				"north": {"uv": [7.4, 10.2, 8.2, 11.4], "texture": "#1"},
				"east": {"uv": [10.2, 11.4, 10.8, 12.6], "texture": "#1"},
				"south": {"uv": [6.2, 10.6, 7, 11.8], "texture": "#1"},
				"west": {"uv": [0.8, 11.6, 1.4, 12.8], "texture": "#1"},
				"up": {"uv": [5.6, 13.4, 4.8, 12.8], "texture": "#1"},
				"down": {"uv": [9.4, 12.8, 8.6, 13.4], "texture": "#1"}
			}
		},
		{
			"name": "base1",
			"from": [0.75, 15, -10.45],
			"to": [3.75, 18, -5.45],
			"rotation": {"angle": -22.5, "axis": "x", "origin": [6, 21.5, -5.45]},
			"faces": {
				"north": {"uv": [8, 13.2, 8.6, 13.8], "texture": "#1"},
				"east": {"uv": [1.4, 11.6, 2.6, 12.2], "texture": "#1"},
				"south": {"uv": [9.8, 13.2, 10.4, 13.8], "texture": "#1"},
				"west": {"uv": [2.6, 11.6, 3.8, 12.2], "texture": "#1"},
				"up": {"uv": [12.4, 6.8, 11.8, 5.6], "texture": "#1"},
				"down": {"uv": [6.8, 11.8, 6.2, 13], "texture": "#1"}
			}
		},
		{
			"name": "hand",
			"from": [1.25, 13.70182, -9.25374],
			"to": [3.25, 16.70182, -7.25374],
			"rotation": {"angle": 0, "axis": "x", "origin": [2.25, 14.20182, -10.00374]},
			"faces": {
				"north": {"uv": [7.4, 13.4, 7.8, 14], "texture": "#1"},
				"east": {"uv": [8.6, 13.4, 9, 14], "texture": "#1"},
				"south": {"uv": [9, 13.4, 9.4, 14], "texture": "#1"},
				"west": {"uv": [11.6, 13.4, 12, 14], "texture": "#1"},
				"up": {"uv": [9, 12.8, 8.6, 12.4], "texture": "#1"},
				"down": {"uv": [7.4, 13.8, 7, 14.2], "texture": "#1"}
			}
		},
		{
			"name": "1",
			"from": [2, 14.20705, -11.45],
			"to": [4, 14.20705, -8.45],
			"rotation": {"angle": -22.5, "axis": "y", "origin": [2.25, 15.20705, -10.75478]},
			"faces": {
				"north": {"uv": [0.8, 14.2, 0.4, 13.6], "texture": "#1"},
				"east": {"uv": [0.8, 14.2, 0.4, 13.6], "texture": "#1"},
				"south": {"uv": [0.8, 14.2, 0.4, 13.6], "texture": "#1"},
				"west": {"uv": [0.8, 14.2, 0.4, 13.6], "texture": "#1"},
				"up": {"uv": [0.8, 14.2, 0.4, 13.6], "texture": "#1"},
				"down": {"uv": [0.8, 13.6, 0.4, 14.2], "texture": "#1"}
			}
		},
		{
			"name": "2",
			"from": [1.75, 15.20705, -11.95],
			"to": [3.75, 15.20705, -8.95],
			"rotation": {"angle": -22.5, "axis": "y", "origin": [2.25, 15.20705, -10.75478]},
			"faces": {
				"north": {"uv": [0.8, 14.2, 0.4, 13.6], "texture": "#1"},
				"east": {"uv": [0.8, 14.2, 0.4, 13.6], "texture": "#1"},
				"south": {"uv": [0.8, 14.2, 0.4, 13.6], "texture": "#1"},
				"west": {"uv": [0.8, 14.2, 0.4, 13.6], "texture": "#1"},
				"up": {"uv": [0.8, 14.2, 0.4, 13.6], "texture": "#1"},
				"down": {"uv": [0.8, 13.6, 0.4, 14.2], "texture": "#1"}
			}
		},
		{
			"name": "3",
			"from": [1.5, 16.20705, -11.45],
			"to": [3.5, 16.20705, -8.7],
			"rotation": {"angle": -22.5, "axis": "y", "origin": [2.25, 15.20705, -10.75478]},
			"faces": {
				"north": {"uv": [0.8, 14.2, 0.4, 13.6], "texture": "#1"},
				"east": {"uv": [0.8, 14.2, 0.4, 13.6], "texture": "#1"},
				"south": {"uv": [0.8, 14.2, 0.4, 13.6], "texture": "#1"},
				"west": {"uv": [0.8, 14.2, 0.4, 13.6], "texture": "#1"},
				"up": {"uv": [0.8, 14.2, 0.4, 13.6], "texture": "#1"},
				"down": {"uv": [0.8, 13.6, 0.4, 14.2], "texture": "#1"}
			}
		},
		{
			"name": "4",
			"from": [2.56038, 16.5, -10.59261],
			"to": [4.56038, 16.5, -7.59261],
			"rotation": {"angle": -45, "axis": "y", "origin": [4.06038, 16.20705, -8.59261]},
			"faces": {
				"north": {"uv": [0.8, 14.2, 0.4, 13.6], "texture": "#1"},
				"east": {"uv": [0.8, 14.2, 0.4, 13.6], "texture": "#1"},
				"south": {"uv": [0.8, 14.2, 0.4, 13.6], "texture": "#1"},
				"west": {"uv": [0.8, 14.2, 0.4, 13.6], "texture": "#1"},
				"up": {"uv": [0.4, 14.2, 0.8, 13.6], "texture": "#1"},
				"down": {"uv": [0.4, 13.6, 0.8, 14.2], "texture": "#1"}
			}
		},
		{
			"name": "base",
			"from": [9.625, 15.375, -6.45],
			"to": [13.125, 21.375, -3.45],
			"rotation": {"angle": 22.5, "axis": "z", "origin": [10, 21.5, -5.45]},
			"faces": {
				"north": {"uv": [11, 6, 11.8, 7.2], "texture": "#1"},
				"east": {"uv": [11.8, 6.8, 12.4, 8], "texture": "#1"},
				"south": {"uv": [11, 7.2, 11.8, 8.4], "texture": "#1"},
				"west": {"uv": [11.8, 8, 12.4, 9.2], "texture": "#1"},
				"up": {"uv": [12.4, 13.4, 11.6, 12.8], "texture": "#1"},
				"down": {"uv": [13.2, 12.8, 12.4, 13.4], "texture": "#1"}
			}
		},
		{
			"name": "base1",
			"from": [12.25, 14.42389, -8.34628],
			"to": [15.25, 17.42389, -3.34628],
			"rotation": {"angle": -22.5, "axis": "x", "origin": [13.75, 15.92389, -5.84628]},
			"faces": {
				"north": {"uv": [13.2, 10.4, 13.8, 11], "texture": "#1"},
				"east": {"uv": [11.8, 9.2, 13, 9.8], "texture": "#1"},
				"south": {"uv": [13.2, 11, 13.8, 11.6], "texture": "#1"},
				"west": {"uv": [11.8, 9.8, 13, 10.4], "texture": "#1"},
				"up": {"uv": [12.4, 11.6, 11.8, 10.4], "texture": "#1"},
				"down": {"uv": [12.4, 11.6, 11.8, 12.8], "texture": "#1"}
			}
		},
		{
			"name": "hand",
			"from": [12.75, 13.70182, -9.25374],
			"to": [14.75, 16.70182, -7.25374],
			"rotation": {"angle": 0, "axis": "x", "origin": [13.75, 14.20182, -10.00374]},
			"faces": {
				"north": {"uv": [13.6, 1.2, 14, 1.8], "texture": "#1"},
				"east": {"uv": [4.2, 13.6, 4.6, 14.2], "texture": "#1"},
				"south": {"uv": [13.6, 7, 14, 7.6], "texture": "#1"},
				"west": {"uv": [13.6, 9.2, 14, 9.8], "texture": "#1"},
				"up": {"uv": [10.4, 14.2, 10, 13.8], "texture": "#1"},
				"down": {"uv": [11.6, 13.8, 11.2, 14.2], "texture": "#1"}
			}
		},
		{
			"name": "1",
			"from": [12, 14.20705, -11.45],
			"to": [14, 14.20705, -8.45],
			"rotation": {"angle": 22.5, "axis": "y", "origin": [13.75, 15.20705, -10.75478]},
			"faces": {
				"north": {"uv": [0.8, 14.2, 0.4, 13.6], "texture": "#1"},
				"east": {"uv": [0.8, 14.2, 0.4, 13.6], "texture": "#1"},
				"south": {"uv": [0.8, 14.2, 0.4, 13.6], "texture": "#1"},
				"west": {"uv": [0.8, 14.2, 0.4, 13.6], "texture": "#1"},
				"up": {"uv": [0.4, 14.2, 0.8, 13.6], "texture": "#1"},
				"down": {"uv": [0.4, 13.6, 0.8, 14.2], "texture": "#1"}
			}
		},
		{
			"name": "2",
			"from": [12.25, 15.20705, -11.95],
			"to": [14.25, 15.20705, -8.95],
			"rotation": {"angle": 22.5, "axis": "y", "origin": [13.75, 15.20705, -10.75478]},
			"faces": {
				"north": {"uv": [0.8, 14.2, 0.4, 13.6], "texture": "#1"},
				"east": {"uv": [0.8, 14.2, 0.4, 13.6], "texture": "#1"},
				"south": {"uv": [0.8, 14.2, 0.4, 13.6], "texture": "#1"},
				"west": {"uv": [0.8, 14.2, 0.4, 13.6], "texture": "#1"},
				"up": {"uv": [0.4, 14.2, 0.8, 13.6], "texture": "#1"},
				"down": {"uv": [0.4, 13.6, 0.8, 14.2], "texture": "#1"}
			}
		},
		{
			"name": "3",
			"from": [12.5, 16.20705, -11.45],
			"to": [14.5, 16.20705, -8.7],
			"rotation": {"angle": 22.5, "axis": "y", "origin": [13.75, 15.20705, -10.75478]},
			"faces": {
				"north": {"uv": [0.8, 14.2, 0.4, 13.6], "texture": "#1"},
				"east": {"uv": [0.8, 14.2, 0.4, 13.6], "texture": "#1"},
				"south": {"uv": [0.8, 14.2, 0.4, 13.6], "texture": "#1"},
				"west": {"uv": [0.8, 14.2, 0.4, 13.6], "texture": "#1"},
				"up": {"uv": [0.4, 14.2, 0.8, 13.6], "texture": "#1"},
				"down": {"uv": [0.4, 13.6, 0.8, 14.2], "texture": "#1"}
			}
		},
		{
			"name": "4",
			"from": [11.43962, 16.5, -10.59261],
			"to": [13.43962, 16.5, -7.59261],
			"rotation": {"angle": 45, "axis": "y", "origin": [11.93962, 16.20705, -8.59261]},
			"faces": {
				"north": {"uv": [0.4, 14.2, 0.8, 13.6], "texture": "#1"},
				"east": {"uv": [0.4, 14.2, 0.8, 13.6], "texture": "#1"},
				"south": {"uv": [0.4, 14.2, 0.8, 13.6], "texture": "#1"},
				"west": {"uv": [0.4, 14.2, 0.8, 13.6], "texture": "#1"},
				"up": {"uv": [0.8, 14.2, 0.4, 13.6], "texture": "#1"},
				"down": {"uv": [0.8, 13.6, 0.4, 14.2], "texture": "#1"}
			}
		},
		{
			"name": "thigh",
			"from": [0.715, 5.28, -3.81588],
			"to": [5.005, 15.29, 3.00413],
			"rotation": {"angle": 45, "axis": "x", "origin": [2.86, 10.01, 3.44]},
			"faces": {
				"north": {"uv": [7.4, 8.4, 8.2, 10.2], "texture": "#1"},
				"east": {"uv": [1.4, 7.4, 2.6, 9.2], "texture": "#1"},
				"south": {"uv": [9.2, 6.6, 10, 8.4], "texture": "#1"},
				"west": {"uv": [2.6, 7.4, 3.8, 9.2], "texture": "#1"},
				"up": {"uv": [11.8, 9.6, 11, 8.4], "texture": "#1"},
				"down": {"uv": [0.8, 11.2, 0, 12.4], "texture": "#1"}
			}
		},
		{
			"name": "shin",
			"from": [0.77, 4.30658, -2.34252],
			"to": [4.73, 12.92658, 3.04748],
			"rotation": {"angle": -22.5, "axis": "x", "origin": [2.86, 6.06658, 0.90248]},
			"faces": {
				"north": {"uv": [12.2, 0, 13, 0.8], "texture": "#1"},
				"east": {"uv": [11.2, 0, 12.2, 0.8], "texture": "#1"},
				"south": {"uv": [1.4, 12.2, 2.2, 13], "texture": "#1"},
				"west": {"uv": [11.4, 0.8, 12.4, 1.6], "texture": "#1"},
				"up": {"uv": [12.2, 2.6, 11.4, 1.6], "texture": "#1"},
				"down": {"uv": [4.6, 11.4, 3.8, 12.4], "texture": "#1"}
			}
		},
		{
			"name": "foot_main",
			"from": [1.7875, 0, -1.85],
			"to": [3.9325, 5.28, 2.01],
			"rotation": {"angle": 22.5, "axis": "x", "origin": [2.86, 1.43, 2.01]},
			"faces": {
				"north": {"uv": [9.4, 12.8, 9.8, 13.8], "texture": "#1"},
				"east": {"uv": [12.4, 5.4, 13, 6.4], "texture": "#1"},
				"south": {"uv": [2.4, 13, 2.8, 14], "texture": "#1"},
				"west": {"uv": [12.4, 6.4, 13, 7.4], "texture": "#1"},
				"up": {"uv": [14, 14.2, 13.6, 13.6], "texture": "#1"},
				"down": {"uv": [1.6, 13.8, 1.2, 14.4], "texture": "#1"}
			}
		},
		{
			"name": "foot_tip",
			"from": [1.43, 0, -2.28],
			"to": [4.29, 2.145, 2.01],
			"rotation": {"angle": 0, "axis": "y", "origin": [4.29, 0, -2.28]},
			"faces": {
				"north": {"uv": [1.6, 13.8, 2.2, 14.2], "texture": "#1"},
				"east": {"uv": [4.8, 13.4, 5.6, 13.8], "texture": "#1"},
				"south": {"uv": [2.8, 13.8, 3.4, 14.2], "texture": "#1"},
				"west": {"uv": [13.4, 6.2, 14.2, 6.6], "texture": "#1"},
				"up": {"uv": [13.6, 0.8, 13, 0], "texture": "#1"},
				"down": {"uv": [1.8, 13, 1.2, 13.8], "texture": "#1"}
			}
		},
		{
			"name": "toe_left",
			"from": [3.825, 0.0715, -4.425],
			"to": [5.255, 1.859, -0.85],
			"rotation": {"angle": 0, "axis": "y", "origin": [4.54, 0, -2.28]},
			"faces": {
				"north": {"uv": [11.2, 4.6, 11.4, 5], "texture": "#1"},
				"east": {"uv": [3.4, 13.8, 4, 14.2], "texture": "#1"},
				"south": {"uv": [12, 4.2, 12.2, 4.6], "texture": "#1"},
				"west": {"uv": [13.8, 3.4, 14.4, 3.8], "texture": "#1"},
				"up": {"uv": [6, 8, 5.8, 7.4], "texture": "#1"},
				"down": {"uv": [11.2, 9.6, 11, 10.2], "texture": "#1"}
			}
		},
		{
			"name": "toe_middle",
			"from": [2.145, 0, -5.14],
			"to": [3.575, 1.7875, -2.28],
			"rotation": {"angle": 0, "axis": "y", "origin": [2.86, 0, -2.28]},
			"faces": {
				"north": {"uv": [0.6, 12.4, 0.8, 12.8], "texture": "#1"},
				"east": {"uv": [13.8, 3.8, 14.4, 4.2], "texture": "#1"},
				"south": {"uv": [11.6, 12.4, 11.8, 12.8], "texture": "#1"},
				"west": {"uv": [13.8, 4.2, 14.4, 4.6], "texture": "#1"},
				"up": {"uv": [7, 12.4, 6.8, 11.8], "texture": "#1"},
				"down": {"uv": [6.2, 13.4, 6, 14], "texture": "#1"}
			}
		},
		{
			"name": "toe_right",
			"from": [0.465, 0.0715, -4.425],
			"to": [1.895, 1.859, -0.85],
			"rotation": {"angle": 0, "axis": "y", "origin": [1.18, 0, -2.28]},
			"faces": {
				"north": {"uv": [10.6, 12.6, 10.8, 13], "texture": "#1"},
				"east": {"uv": [4.6, 13.8, 5.2, 14.2], "texture": "#1"},
				"south": {"uv": [6.6, 13, 6.8, 13.4], "texture": "#1"},
				"west": {"uv": [13.8, 4.6, 14.4, 5], "texture": "#1"},
				"up": {"uv": [4.2, 14.4, 4, 13.8], "texture": "#1"},
				"down": {"uv": [8.6, 13.8, 8.4, 14.4], "texture": "#1"}
			}
		},
		{
			"name": "shin",
			"from": [11.27, 4.30658, -2.34252],
			"to": [15.23, 12.92658, 3.04748],
			"rotation": {"angle": -22.5, "axis": "x", "origin": [13.14, 6.06658, 0.90248]},
			"faces": {
				"north": {"uv": [12.2, 1.6, 13, 2.4], "texture": "#1"},
				"east": {"uv": [11.4, 2.6, 12.4, 3.4], "texture": "#1"},
				"south": {"uv": [2.2, 12.2, 3, 13], "texture": "#1"},
				"west": {"uv": [4.6, 11.4, 5.6, 12.2], "texture": "#1"},
				"up": {"uv": [12.2, 5.6, 11.4, 4.6], "texture": "#1"},
				"down": {"uv": [7.8, 11.4, 7, 12.4], "texture": "#1"}
			}
		},
		{
			"name": "thigh",
			"from": [10.995, 5.28, -3.81588],
			"to": [15.285, 15.29, 3.00413],
			"rotation": {"angle": 45, "axis": "x", "origin": [13.14, 10.01, 3.44]},
			"faces": {
				"north": {"uv": [9.2, 8.4, 10, 10.2], "texture": "#1"},
				"east": {"uv": [3.8, 7.4, 5, 9.2], "texture": "#1"},
				"south": {"uv": [0, 9.4, 0.8, 11.2], "texture": "#1"},
				"west": {"uv": [7.4, 4, 8.6, 5.8], "texture": "#1"},
				"up": {"uv": [12, 4.6, 11.2, 3.4], "texture": "#1"},
				"down": {"uv": [9, 11.2, 8.2, 12.4], "texture": "#1"}
			}
		},
		{
			"name": "foot_main",
			"from": [12.0675, 0, -0.85],
			"to": [14.2125, 5.28, 2.01],
			"rotation": {"angle": 22.5, "axis": "x", "origin": [13.14, 1.43, 2.01]},
			"faces": {
				"north": {"uv": [6.2, 13, 6.6, 14], "texture": "#1"},
				"east": {"uv": [6.8, 12.4, 7.4, 13.4], "texture": "#1"},
				"south": {"uv": [13, 6.2, 13.4, 7.2], "texture": "#1"},
				"west": {"uv": [7.4, 12.4, 8, 13.4], "texture": "#1"},
				"up": {"uv": [5.6, 14.4, 5.2, 13.8], "texture": "#1"},
				"down": {"uv": [7, 13.8, 6.6, 14.4], "texture": "#1"}
			}
		},
		{
			"name": "foot_tip",
			"from": [11.71, 0, -2.28],
			"to": [14.57, 2.145, 2.01],
			"rotation": {"angle": 0, "axis": "y", "origin": [11.71, 0, -2.28]},
			"faces": {
				"north": {"uv": [13.8, 5, 14.4, 5.4], "texture": "#1"},
				"east": {"uv": [6.6, 13.4, 7.4, 13.8], "texture": "#1"},
				"south": {"uv": [13.8, 7.6, 14.4, 8], "texture": "#1"},
				"west": {"uv": [13.4, 6.6, 14.2, 7], "texture": "#1"},
				"up": {"uv": [13.6, 2.2, 13, 1.4], "texture": "#1"},
				"down": {"uv": [2.4, 13, 1.8, 13.8], "texture": "#1"}
			}
		},
		{
			"name": "toe_left",
			"from": [10.745, 0.0715, -4.425],
			"to": [12.175, 1.859, -0.85],
			"rotation": {"angle": 0, "axis": "y", "origin": [11.46, 0, -2.28]},
			"faces": {
				"north": {"uv": [13, 7.8, 13.2, 8.2], "texture": "#1"},
				"east": {"uv": [7.8, 13.8, 8.4, 14.2], "texture": "#1"},
				"south": {"uv": [10.4, 13.2, 10.6, 13.6], "texture": "#1"},
				"west": {"uv": [13.8, 8, 14.4, 8.4], "texture": "#1"},
				"up": {"uv": [14.2, 6, 14, 5.4], "texture": "#1"},
				"down": {"uv": [5.8, 14, 5.6, 14.6], "texture": "#1"}
			}
		},
		{
			"name": "toe_middle",
			"from": [12.425, 0, -5.14],
			"to": [13.855, 1.7875, -2.28],
			"rotation": {"angle": 0, "axis": "y", "origin": [13.14, 0, -2.28]},
			"faces": {
				"north": {"uv": [7.8, 13.4, 8, 13.8], "texture": "#1"},
				"east": {"uv": [9.4, 13.8, 10, 14.2], "texture": "#1"},
				"south": {"uv": [14, 7.2, 14.2, 7.6], "texture": "#1"},
				"west": {"uv": [13.8, 10.4, 14.4, 10.8], "texture": "#1"},
				"up": {"uv": [6, 14.6, 5.8, 14], "texture": "#1"},
				"down": {"uv": [6.2, 14, 6, 14.6], "texture": "#1"}
			}
		},
		{
			"name": "toe_right",
			"from": [14.105, 0.0715, -4.425],
			"to": [15.535, 1.859, -0.85],
			"rotation": {"angle": 0, "axis": "y", "origin": [14.82, 0, -2.28]},
			"faces": {
				"north": {"uv": [7.4, 14, 7.6, 14.4], "texture": "#1"},
				"east": {"uv": [13.8, 10.8, 14.4, 11.2], "texture": "#1"},
				"south": {"uv": [7.6, 14, 7.8, 14.4], "texture": "#1"},
				"west": {"uv": [13.8, 11.2, 14.4, 11.6], "texture": "#1"},
				"up": {"uv": [6.4, 14.6, 6.2, 14], "texture": "#1"},
				"down": {"uv": [6.6, 14, 6.4, 14.6], "texture": "#1"}
			}
		}
	],
	"display": {
		"thirdperson_righthand": {
			"rotation": [75, 45, 0],
			"translation": [0, 2.5, 0],
			"scale": [0.375, 0.375, 0.375]
		},
		"thirdperson_lefthand": {
			"rotation": [75, 45, 0],
			"translation": [0, 2.5, 0],
			"scale": [0.375, 0.375, 0.375]
		},
		"firstperson_righthand": {
			"rotation": [0, 45, 0],
			"scale": [0.4, 0.4, 0.4]
		},
		"firstperson_lefthand": {
			"rotation": [0, 225, 0],
			"scale": [0.4, 0.4, -0.4]
		},
		"ground": {
			"translation": [0, 2, 0],
			"scale": [0.5, 0.5, 0.5]
		},
		"gui": {
			"rotation": [30, 225, 0],
			"translation": [0, -3, 0],
			"scale": [0.625, 0.625, 0.625]
		},
		"head": {
			"translation": [0, -31, 17.5],
			"scale": [1.7, 1.7, 1.7]
		},
		"fixed": {
			"translation": [-0.5, 48, 13.75],
			"scale": [4, 4, 4]
		}
	},
	"groups": [
		{
			"name": "root",
			"origin": [8, 8, 8],
			"color": 0,
			"children": [
				0,
				1,
				{
					"name": "dorsal_plates",
					"origin": [8, 8, 8],
					"color": 0,
					"children": [
						{
							"name": "body_main",
							"origin": [8, 8, 8],
							"color": 0,
							"children": [2, 3, 4]
						},
						{
							"name": "body_secondary",
							"origin": [8, 8, 8],
							"color": 0,
							"children": [5, 6, 7]
						}
					]
				},
				{
					"name": "tail",
					"origin": [8, 3, 9],
					"color": 0,
					"children": [
						{
							"name": "dorsal_plates",
							"origin": [8, 3, 9],
							"color": 0,
							"children": [
								{
									"name": "tailbase",
									"origin": [8, 3, 9],
									"color": 0,
									"children": [8, 9, 10]
								},
								{
									"name": "tailmiddle",
									"origin": [8, 3, 9],
									"color": 0,
									"children": [11, 12, 13]
								},
								{
									"name": "tailtip",
									"origin": [8, 3, 9],
									"color": 0,
									"children": [14, 15, 16]
								},
								{
									"name": "tailtip1",
									"origin": [8, 3, 9],
									"color": 0,
									"children": [17, 18]
								},
								{
									"name": "tailtip2",
									"origin": [8, 3, 9],
									"color": 0,
									"children": [19, 20, 21]
								}
							]
						},
						22,
						23,
						24,
						25,
						26
					]
				},
				{
					"name": "head",
					"origin": [8, 8, 8],
					"color": 0,
					"children": [
						27,
						28,
						{
							"name": "dorsal_plates",
							"origin": [8, 8, 8],
							"color": 0,
							"children": [
								{
									"name": "neck",
									"origin": [8, 8, 8],
									"color": 0,
									"children": [29, 30, 31]
								},
								{
									"name": "neck1",
									"origin": [8, 8, 8],
									"color": 0,
									"children": [32, 33, 34]
								}
							]
						},
						{
							"name": "skull",
							"origin": [8, 8, 8],
							"color": 0,
							"children": [35, 36, 37, 38, 39, 40]
						}
					]
				},
				{
					"name": "arms",
					"origin": [8, 8, 8],
					"color": 0,
					"children": [
						{
							"name": "1",
							"origin": [8, 8, 8],
							"color": 0,
							"children": [
								41,
								42,
								43,
								{
									"name": "fingers",
									"origin": [5.5, 18, 1.5],
									"color": 0,
									"children": [44, 45, 46, 47]
								}
							]
						},
						{
							"name": "2",
							"origin": [8, 8, 8],
							"color": 0,
							"children": [
								48,
								49,
								50,
								{
									"name": "fingers",
									"origin": [5.5, 18, 1.5],
									"color": 0,
									"children": [51, 52, 53, 54]
								}
							]
						}
					]
				},
				{
					"name": "legs",
					"origin": [8, 8, 8],
					"color": 0,
					"children": [
						{
							"name": "1",
							"origin": [8, 8, 8],
							"color": 0,
							"children": [55, 56, 57, 58, 59, 60, 61]
						},
						{
							"name": "2",
							"origin": [8, 8, 8],
							"color": 0,
							"children": [62, 63, 64, 65, 66, 67, 68]
						}
					]
				}
			]
		}
	]
}