{
	"credit": "Made with Blockbench",
	"texture_size": [64, 64],
	"textures": {
		"1": "krmc:krmc_mobs/homotherium"
	},
	"elements": [
		{
			"name": "paw",
			"from": [2.5, 0, 1],
			"to": [5.5, 1.375, 4.5],
			"rotation": {"angle": 0, "axis": "x", "origin": [2.5, 14, 4]},
			"faces": {
				"north": {"uv": [8.75, 1.75, 9.5, 2.125], "texture": "#1"},
				"east": {"uv": [11.75, 5, 12.625, 5.375], "texture": "#1"},
				"south": {"uv": [0, 12, 0.75, 12.375], "texture": "#1"},
				"west": {"uv": [11.75, 5.5, 12.625, 5.875], "texture": "#1"},
				"up": {"uv": [2.25, 11.875, 1.5, 11], "texture": "#1"},
				"down": {"uv": [11.75, 2, 11, 2.875], "texture": "#1"}
			}
		},
		{
			"name": "lower_leg",
			"from": [2.6875, 0.14664, 2.39805],
			"to": [5.3125, 7.64664, 5.39805],
			"rotation": {"angle": 0, "axis": "x", "origin": [2.5, 14, 4]},
			"faces": {
				"north": {"uv": [3.5, 9.25, 4.125, 11.125], "texture": "#1"},
				"east": {"uv": [8.25, 5, 9, 6.875], "texture": "#1"},
				"south": {"uv": [4.25, 9.25, 4.875, 11.125], "texture": "#1"},
				"west": {"uv": [8.25, 7, 9, 8.875], "texture": "#1"},
				"up": {"uv": [1.375, 12.25, 0.75, 11.5], "texture": "#1"},
				"down": {"uv": [12.125, 9, 11.5, 9.75], "texture": "#1"}
			}
		},
		{
			"name": "upper_leg",
			"from": [2.5, 7.5, 1.63723],
			"to": [5.5, 16.5, 6.88723],
			"rotation": {"angle": 0, "axis": "x", "origin": [2.5, 14, 4]},
			"faces": {
				"north": {"uv": [7.5, 5.5, 8.25, 7.75], "texture": "#1"},
				"east": {"uv": [4, 3.5, 5.375, 5.75], "texture": "#1"},
				"south": {"uv": [2.75, 7.75, 3.5, 10], "texture": "#1"},
				"west": {"uv": [4.75, 0, 6.125, 2.25], "texture": "#1"},
				"up": {"uv": [11, 8.125, 10.25, 6.75], "texture": "#1"},
				"down": {"uv": [8.75, 10.25, 8, 11.625], "texture": "#1"}
			}
		},
		{
			"name": "paw",
			"from": [2.5, 0, 12.75],
			"to": [5.5, 1.375, 16],
			"rotation": {"angle": 0, "axis": "x", "origin": [2.5, 12, 14]},
			"faces": {
				"north": {"uv": [1.5, 12, 2.25, 12.375], "texture": "#1"},
				"east": {"uv": [11.75, 6, 12.625, 6.375], "texture": "#1"},
				"south": {"uv": [5.75, 12, 6.5, 12.375], "texture": "#1"},
				"west": {"uv": [11.75, 6.5, 12.625, 6.875], "texture": "#1"},
				"up": {"uv": [11.75, 5.375, 11, 4.5], "texture": "#1"},
				"down": {"uv": [11.75, 5.5, 11, 6.375], "texture": "#1"}
			}
		},
		{
			"name": "upper_leg",
			"from": [2.5, 6.40616, 12.50104],
			"to": [5.5, 13.40616, 16.50104],
			"rotation": {"angle": -22.5, "axis": "x", "origin": [2.5, 12, 14]},
			"faces": {
				"north": {"uv": [5, 8.5, 5.75, 10.25], "texture": "#1"},
				"east": {"uv": [1.5, 4, 2.5, 5.75], "texture": "#1"},
				"south": {"uv": [5.75, 8.5, 6.5, 10.25], "texture": "#1"},
				"west": {"uv": [6.5, 6.75, 7.5, 8.5], "texture": "#1"},
				"up": {"uv": [5.5, 3.25, 4.75, 2.25], "texture": "#1"},
				"down": {"uv": [1.5, 10.5, 0.75, 11.5], "texture": "#1"}
			}
		},
		{
			"name": "lower_leg",
			"from": [2.675, 0.375, 14.6],
			"to": [5.325, 7.5, 17.25],
			"rotation": {"angle": 0, "axis": "x", "origin": [2.5, 12, 14]},
			"faces": {
				"north": {"uv": [2.5, 10, 3.125, 11.75], "texture": "#1"},
				"east": {"uv": [7.25, 10, 7.875, 11.75], "texture": "#1"},
				"south": {"uv": [10.25, 0, 10.875, 1.75], "texture": "#1"},
				"west": {"uv": [10.25, 1.75, 10.875, 3.5], "texture": "#1"},
				"up": {"uv": [12.375, 0.625, 11.75, 0], "texture": "#1"},
				"down": {"uv": [12.375, 0.75, 11.75, 1.375], "texture": "#1"}
			}
		},
		{
			"name": "paw",
			"from": [10.5, 0, 1],
			"to": [13.5, 1.375, 4.5],
			"rotation": {"angle": 0, "axis": "x", "origin": [2.5, 14, 4]},
			"faces": {
				"north": {"uv": [6.5, 12, 7.25, 12.375], "texture": "#1"},
				"east": {"uv": [11.75, 7, 12.625, 7.375], "texture": "#1"},
				"south": {"uv": [12, 7.5, 12.75, 7.875], "texture": "#1"},
				"west": {"uv": [7.25, 11.75, 8.125, 12.125], "texture": "#1"},
				"up": {"uv": [11.75, 7.375, 11, 6.5], "texture": "#1"},
				"down": {"uv": [10.25, 11, 9.5, 11.875], "texture": "#1"}
			}
		},
		{
			"name": "lower_leg",
			"from": [10.6875, 0.14664, 2.39805],
			"to": [13.3125, 7.64664, 5.39805],
			"rotation": {"angle": 0, "axis": "x", "origin": [2.5, 14, 4]},
			"faces": {
				"north": {"uv": [9.5, 0, 10.125, 1.875], "texture": "#1"},
				"east": {"uv": [0, 8.5, 0.75, 10.375], "texture": "#1"},
				"south": {"uv": [9.5, 2, 10.125, 3.875], "texture": "#1"},
				"west": {"uv": [0.75, 8.5, 1.5, 10.375], "texture": "#1"},
				"up": {"uv": [12.125, 10.5, 11.5, 9.75], "texture": "#1"},
				"down": {"uv": [12.125, 10.5, 11.5, 11.25], "texture": "#1"}
			}
		},
		{
			"name": "upper_leg",
			"from": [10.5, 7.5, 1.63723],
			"to": [13.5, 16.5, 6.88723],
			"rotation": {"angle": 0, "axis": "x", "origin": [2.5, 14, 4]},
			"faces": {
				"north": {"uv": [7.5, 7.75, 8.25, 10], "texture": "#1"},
				"east": {"uv": [5.5, 2.25, 6.875, 4.5], "texture": "#1"},
				"south": {"uv": [8, 0, 8.75, 2.25], "texture": "#1"},
				"west": {"uv": [5.5, 4.5, 6.875, 6.75], "texture": "#1"},
				"up": {"uv": [9.5, 11.625, 8.75, 10.25], "texture": "#1"},
				"down": {"uv": [0.75, 10.5, 0, 11.875], "texture": "#1"}
			}
		},
		{
			"name": "paw",
			"from": [10.5, 0, 12.75],
			"to": [13.5, 1.375, 16],
			"rotation": {"angle": 0, "axis": "x", "origin": [2.5, 12, 14]},
			"faces": {
				"north": {"uv": [9.25, 12, 10, 12.375], "texture": "#1"},
				"east": {"uv": [8.25, 11.75, 9.125, 12.125], "texture": "#1"},
				"south": {"uv": [10, 12, 10.75, 12.375], "texture": "#1"},
				"west": {"uv": [4.75, 12, 5.625, 12.375], "texture": "#1"},
				"up": {"uv": [4, 12.125, 3.25, 11.25], "texture": "#1"},
				"down": {"uv": [4.75, 11.25, 4, 12.125], "texture": "#1"}
			}
		},
		{
			"name": "upper_leg",
			"from": [10.5, 6.40616, 12.50104],
			"to": [13.5, 13.40616, 16.50104],
			"rotation": {"angle": -22.5, "axis": "x", "origin": [2.5, 12, 14]},
			"faces": {
				"north": {"uv": [6.5, 8.5, 7.25, 10.25], "texture": "#1"},
				"east": {"uv": [7, 2, 8, 3.75], "texture": "#1"},
				"south": {"uv": [8.75, 0, 9.5, 1.75], "texture": "#1"},
				"west": {"uv": [7, 3.75, 8, 5.5], "texture": "#1"},
				"up": {"uv": [11.5, 10.25, 10.75, 9.25], "texture": "#1"},
				"down": {"uv": [11.5, 10.25, 10.75, 11.25], "texture": "#1"}
			}
		},
		{
			"name": "lower_leg",
			"from": [10.675, 0.375, 14.6],
			"to": [13.325, 7.5, 17.25],
			"rotation": {"angle": 0, "axis": "x", "origin": [2.5, 12, 14]},
			"faces": {
				"north": {"uv": [5, 10.25, 5.625, 12], "texture": "#1"},
				"east": {"uv": [10.25, 5, 10.875, 6.75], "texture": "#1"},
				"south": {"uv": [5.75, 10.25, 6.375, 12], "texture": "#1"},
				"west": {"uv": [6.5, 10.25, 7.125, 12], "texture": "#1"},
				"up": {"uv": [12.375, 2.125, 11.75, 1.5], "texture": "#1"},
				"down": {"uv": [2.875, 11.75, 2.25, 12.375], "texture": "#1"}
			}
		},
		{
			"name": "neck",
			"from": [5.75, 11.5, -3.25],
			"to": [10.25, 16, 2.75],
			"rotation": {"angle": 22.5, "axis": "x", "origin": [8, 13.375, 0]},
			"faces": {
				"north": {"uv": [9, 5, 10.125, 6.125], "texture": "#1"},
				"east": {"uv": [8, 2.25, 9.5, 3.375], "texture": "#1"},
				"south": {"uv": [9, 6.25, 10.125, 7.375], "texture": "#1"},
				"west": {"uv": [3.5, 8, 5, 9.125], "texture": "#1"},
				"up": {"uv": [9.125, 5, 8, 3.5], "texture": "#1"},
				"down": {"uv": [2.625, 8.25, 1.5, 9.75], "texture": "#1"}
			}
		},
		{
			"name": "main",
			"from": [5.7, 12.875, -5.5],
			"to": [10.3, 17.125, -1.75],
			"rotation": {"angle": 0, "axis": "y", "origin": [-4, 5.5, -1.75]},
			"faces": {
				"north": {"uv": [9, 7.5, 10.125, 8.625], "texture": "#1"},
				"east": {"uv": [9.5, 8.75, 10.5, 9.875], "texture": "#1"},
				"south": {"uv": [8.25, 9, 9.375, 10.125], "texture": "#1"},
				"west": {"uv": [1.5, 9.75, 2.5, 10.875], "texture": "#1"},
				"up": {"uv": [10.375, 5, 9.25, 4], "texture": "#1"},
				"down": {"uv": [10.625, 10, 9.5, 11], "texture": "#1"}
			}
		},
		{
			"name": "ear_left",
			"from": [4.83661, 15.8303, -3.375],
			"to": [5.83661, 17.3303, -1.125],
			"rotation": {"angle": -22.5, "axis": "y", "origin": [5.58661, 16.2053, -2.25]},
			"faces": {
				"north": {"uv": [9.25, 3.5, 9.5, 3.875], "texture": "#1"},
				"east": {"uv": [0.75, 12.25, 1.375, 12.625], "texture": "#1"},
				"south": {"uv": [7.25, 9.5, 7.5, 9.875], "texture": "#1"},
				"west": {"uv": [3, 12.25, 3.625, 12.625], "texture": "#1"},
				"up": {"uv": [5.5, 6.375, 5.25, 5.75], "texture": "#1"},
				"down": {"uv": [7.25, 5.5, 7, 6.125], "texture": "#1"}
			}
		},
		{
			"name": "ear_right",
			"from": [10.16339, 15.8303, -3.375],
			"to": [11.16339, 17.3303, -1.125],
			"rotation": {"angle": 22.5, "axis": "y", "origin": [10.41339, 16.2053, -2.25]},
			"faces": {
				"north": {"uv": [3.25, 10, 3.5, 10.375], "texture": "#1"},
				"east": {"uv": [3.75, 12.25, 4.375, 12.625], "texture": "#1"},
				"south": {"uv": [10.25, 3.5, 10.5, 3.875], "texture": "#1"},
				"west": {"uv": [7.25, 12.25, 7.875, 12.625], "texture": "#1"},
				"up": {"uv": [7.5, 6.125, 7.25, 5.5], "texture": "#1"},
				"down": {"uv": [8, 0, 7.75, 0.625], "texture": "#1"}
			}
		},
		{
			"name": "jaw",
			"from": [6.3, 14.075, -9],
			"to": [9.7, 16.825, -5.5],
			"rotation": {"angle": 0, "axis": "y", "origin": [-4, 5.5, -1.25]},
			"faces": {
				"north": {"uv": [11, 7.5, 11.875, 8.25], "texture": "#1"},
				"east": {"uv": [10.25, 11.25, 11.125, 12], "texture": "#1"},
				"south": {"uv": [11.25, 11.25, 12.125, 12], "texture": "#1"},
				"west": {"uv": [11.5, 3, 12.375, 3.75], "texture": "#1"},
				"up": {"uv": [11.375, 4.375, 10.5, 3.5], "texture": "#1"},
				"down": {"uv": [11.375, 8.25, 10.5, 9.125], "texture": "#1"}
			}
		},
		{
			"name": "fang_right",
			"from": [9.125, 12.075, -9],
			"to": [9.875, 14.075, -8.25],
			"rotation": {"angle": 0, "axis": "y", "origin": [-4, 6.5, -0.75]},
			"faces": {
				"north": {"uv": [7, 6.25, 7.25, 6.75], "texture": "#1"},
				"east": {"uv": [7.25, 6.25, 7.5, 6.75], "texture": "#1"},
				"south": {"uv": [7.75, 0.75, 8, 1.25], "texture": "#1"},
				"west": {"uv": [7.75, 1.25, 8, 1.75], "texture": "#1"},
				"up": {"uv": [5.5, 6.75, 5.25, 6.5], "texture": "#1"},
				"down": {"uv": [8, 1.75, 7.75, 2], "texture": "#1"}
			}
		},
		{
			"name": "fang_left",
			"from": [6.125, 12.075, -9],
			"to": [6.875, 14.075, -8.25],
			"rotation": {"angle": 0, "axis": "y", "origin": [-4, 6.5, -0.75]},
			"faces": {
				"north": {"uv": [5, 8, 5.25, 8.5], "texture": "#1"},
				"east": {"uv": [8, 5, 8.25, 5.5], "texture": "#1"},
				"south": {"uv": [7.25, 8.5, 7.5, 9], "texture": "#1"},
				"west": {"uv": [7.25, 9, 7.5, 9.5], "texture": "#1"},
				"up": {"uv": [3.75, 8, 3.5, 7.75], "texture": "#1"},
				"down": {"uv": [4, 7.75, 3.75, 8], "texture": "#1"}
			}
		},
		{
			"name": "lowerjaw",
			"from": [6.3, 12.925, -8.25],
			"to": [9.7, 14.075, -5.5],
			"rotation": {"angle": 0, "axis": "x", "origin": [8, 14.05, -5.5]},
			"faces": {
				"north": {"uv": [1.5, 5.75, 2.375, 6], "texture": "#1"},
				"east": {"uv": [4.75, 3.25, 5.5, 3.5], "texture": "#1"},
				"south": {"uv": [11.75, 2.75, 12.625, 3], "texture": "#1"},
				"west": {"uv": [6.25, 2, 7, 2.25], "texture": "#1"},
				"up": {"uv": [12.375, 4.5, 11.5, 3.75], "texture": "#1"},
				"down": {"uv": [12.375, 8.25, 11.5, 9], "texture": "#1"}
			}
		},
		{
			"name": "fang1",
			"from": [6.95, 15.04392, -8.39651],
			"to": [7.55, 16.09392, -7.79651],
			"rotation": {"angle": -22.5, "axis": "x", "origin": [8, 14.05, -5.5]},
			"faces": {
				"north": {"uv": [9, 8.75, 9.125, 9], "texture": "#1"},
				"east": {"uv": [9.25, 8.75, 9.375, 9], "texture": "#1"},
				"south": {"uv": [2.5, 9.75, 2.625, 10], "texture": "#1"},
				"west": {"uv": [8, 10, 8.125, 10.25], "texture": "#1"},
				"up": {"uv": [10.625, 9.875, 10.5, 9.75], "texture": "#1"},
				"down": {"uv": [10.875, 4.5, 10.75, 4.625], "texture": "#1"}
			}
		},
		{
			"name": "fang2",
			"from": [8.45, 15.04392, -8.39651],
			"to": [9.05, 16.09392, -7.79651],
			"rotation": {"angle": -22.5, "axis": "x", "origin": [8, 14.05, -5.5]},
			"faces": {
				"north": {"uv": [10.5, 4.5, 10.625, 4.75], "texture": "#1"},
				"east": {"uv": [10.5, 4.75, 10.625, 5], "texture": "#1"},
				"south": {"uv": [10.5, 9.25, 10.625, 9.5], "texture": "#1"},
				"west": {"uv": [10.5, 9.5, 10.625, 9.75], "texture": "#1"},
				"up": {"uv": [10.875, 4.875, 10.75, 4.75], "texture": "#1"},
				"down": {"uv": [2.375, 11, 2.25, 11.125], "texture": "#1"}
			}
		},
		{
			"name": "lowerjaw",
			"from": [6.875, 12.425, -9],
			"to": [9.125, 14.075, -8.25],
			"rotation": {"angle": 0, "axis": "x", "origin": [8, 14.05, -5.5]},
			"faces": {
				"north": {"uv": [8, 12.25, 8.625, 12.625], "texture": "#1"},
				"east": {"uv": [10.25, 8.25, 10.5, 8.625], "texture": "#1"},
				"south": {"uv": [12.25, 9, 12.875, 9.375], "texture": "#1"},
				"west": {"uv": [3.25, 10.5, 3.5, 10.875], "texture": "#1"},
				"up": {"uv": [12.625, 8.25, 12, 8], "texture": "#1"},
				"down": {"uv": [12.875, 9.5, 12.25, 9.75], "texture": "#1"}
			}
		},
		{
			"name": "upper_body",
			"from": [5.25, 8, 0.75],
			"to": [10.75, 16, 10.5],
			"rotation": {"angle": 0, "axis": "y", "origin": [-4, 3.5, 0]},
			"faces": {
				"north": {"uv": [6.25, 0, 7.625, 2], "texture": "#1"},
				"east": {"uv": [0, 0, 2.5, 2], "texture": "#1"},
				"south": {"uv": [0, 6.5, 1.375, 8.5], "texture": "#1"},
				"west": {"uv": [0, 2, 2.5, 4], "texture": "#1"},
				"up": {"uv": [3.875, 6, 2.5, 3.5], "texture": "#1"},
				"down": {"uv": [1.375, 4, 0, 6.5], "texture": "#1"}
			}
		},
		{
			"name": "lower_body",
			"from": [5.5, 8.03806, 10.40866],
			"to": [10.5, 15.03806, 19.40866],
			"rotation": {"angle": 0, "axis": "x", "origin": [8, 11.53806, 14.90866]},
			"faces": {
				"north": {"uv": [2.75, 6, 4, 7.75], "texture": "#1"},
				"east": {"uv": [2.5, 0, 4.75, 1.75], "texture": "#1"},
				"south": {"uv": [5.25, 6.75, 6.5, 8.5], "texture": "#1"},
				"west": {"uv": [2.5, 1.75, 4.75, 3.5], "texture": "#1"},
				"up": {"uv": [5.25, 8, 4, 5.75], "texture": "#1"},
				"down": {"uv": [2.75, 6, 1.5, 8.25], "texture": "#1"}
			}
		},
		{
			"name": "tail",
			"from": [6.5, 11.725, 18.125],
			"to": [9.5, 13.225, 21.875],
			"rotation": {"angle": 45, "axis": "x", "origin": [8, 12.475, 20]},
			"faces": {
				"north": {"uv": [10.75, 12, 11.5, 12.375], "texture": "#1"},
				"east": {"uv": [11.75, 2.25, 12.75, 2.625], "texture": "#1"},
				"south": {"uv": [11.5, 12, 12.25, 12.375], "texture": "#1"},
				"west": {"uv": [11.75, 4.5, 12.75, 4.875], "texture": "#1"},
				"up": {"uv": [11.75, 1, 11, 0], "texture": "#1"},
				"down": {"uv": [11.75, 1, 11, 2], "texture": "#1"}
			}
		}
	],
	"display": {
		"thirdperson_righthand": {
			"rotation": [75, 45, 0],
			"translation": [0, 2.5, 0],
			"scale": [0.375, 0.375, 0.375]
		},
		"thirdperson_lefthand": {
			"rotation": [75, 45, 0],
			"translation": [0, 2.5, 0],
			"scale": [0.375, 0.375, 0.375]
		},
		"firstperson_righthand": {
			"rotation": [0, 45, 0],
			"scale": [0.4, 0.4, 0.4]
		},
		"firstperson_lefthand": {
			"rotation": [0, 225, 0],
			"scale": [0.4, 0.4, 0.4]
		},
		"ground": {
			"translation": [0, 2, 0],
			"scale": [0.5, 0.5, 0.5]
		},
		"gui": {
			"rotation": [30, 225, 0],
			"scale": [0.625, 0.625, 0.625]
		},
		"head": {
			"translation": [0, -56, -2],
			"scale": [2.75, 2.75, 2.75]
		},
		"fixed": {
			"translation": [0, 32, 14.75],
			"scale": [2, 2, 2]
		}
	},
	"groups": [
		{
			"name": "root",
			"origin": [8, 8, 8],
			"color": 0,
			"children": [
				{
					"name": "legs",
					"origin": [8, 8, 8],
					"color": 0,
					"children": [
						{
							"name": "1",
							"origin": [8, 8, 8],
							"color": 0,
							"children": [0, 1, 2]
						},
						{
							"name": "2",
							"origin": [8, 8, 8],
							"color": 0,
							"children": [3, 4, 5]
						},
						{
							"name": "3",
							"origin": [8, 8, 8],
							"color": 0,
							"children": [6, 7, 8]
						},
						{
							"name": "4",
							"origin": [8, 8, 8],
							"color": 0,
							"children": [9, 10, 11]
						}
					]
				},
				{
					"name": "body",
					"origin": [8, 8, 8],
					"color": 0,
					"children": [
						{
							"name": "head",
							"origin": [8, 8, 8],
							"color": 0,
							"children": [
								12,
								{
									"name": "skull",
									"origin": [8, 8, 8],
									"color": 0,
									"children": [
										13,
										14,
										15,
										16,
										17,
										18,
										{
											"name": "lowerjaw",
											"origin": [8, 5, -3],
											"color": 0,
											"children": [19, 20, 21, 22]
										}
									]
								}
							]
						},
						23,
						24,
						25
					]
				}
			]
		}
	]
}