{
	"credit": "Made with Blockbench",
	"texture_size": [64, 64],
	"textures": {
		"2": "krmc:krmc_mobs/iguanodon"
	},
	"elements": [
		{
			"name": "neck",
			"from": [6.064, 9.612, -5.488],
			"to": [9.936, 17.856, -2.584],
			"rotation": {"angle": -22.5, "axis": "x", "origin": [8, 10.58, -2.584]},
			"faces": {
				"north": {"uv": [1.5, 3.5, 2.5, 5.5], "texture": "#2"},
				"east": {"uv": [2.25, 7, 3, 9], "texture": "#2"},
				"south": {"uv": [5.75, 5, 6.75, 7], "texture": "#2"},
				"west": {"uv": [8, 5, 8.75, 7], "texture": "#2"},
				"up": {"uv": [11.25, 2.75, 10.25, 2], "texture": "#2"},
				"down": {"uv": [11.25, 5, 10.25, 5.75], "texture": "#2"}
			}
		},
		{
			"name": "neckspines",
			"from": [7.132, 14.32, -2.584],
			"to": [8.868, 18.692, -1.616],
			"rotation": {"angle": -22.5, "axis": "x", "origin": [8, 10.58, -2.584]},
			"faces": {
				"north": {"uv": [6.25, 7, 6.75, 8], "texture": "#2"},
				"east": {"uv": [2.5, 3.5, 2.75, 4.5], "texture": "#2"},
				"south": {"uv": [3.25, 11, 3.75, 12], "texture": "#2"},
				"west": {"uv": [2.5, 4.5, 2.75, 5.5], "texture": "#2"},
				"up": {"uv": [12, 4.5, 11.5, 4.25], "texture": "#2"},
				"down": {"uv": [12, 7, 11.5, 7.25], "texture": "#2"}
			}
		},
		{
			"from": [5.964, 15.656, -8.756],
			"to": [10.036, 18.56, -4.884],
			"rotation": {"angle": 0, "axis": "y", "origin": [0.256, 0.9, 2.256]},
			"faces": {
				"north": {"uv": [10.25, 7.5, 11.25, 8.25], "texture": "#2"},
				"east": {"uv": [7.75, 10.25, 8.75, 11], "texture": "#2"},
				"south": {"uv": [10.25, 8.25, 11.25, 9], "texture": "#2"},
				"west": {"uv": [10.25, 9, 11.25, 9.75], "texture": "#2"},
				"up": {"uv": [5, 10, 4, 9], "texture": "#2"},
				"down": {"uv": [10, 6.5, 9, 7.5], "texture": "#2"}
			}
		},
		{
			"from": [7.032, 15.656, -11.66],
			"to": [8.968, 18.56, -8.756],
			"rotation": {"angle": 0, "axis": "y", "origin": [0.256, 0.9, 2.256]},
			"faces": {
				"north": {"uv": [5.25, 6.25, 5.75, 7], "texture": "#2"},
				"east": {"uv": [7.75, 11, 8.5, 11.75], "texture": "#2"},
				"south": {"uv": [9, 7.5, 9.5, 8.25], "texture": "#2"},
				"west": {"uv": [8.5, 11, 9.25, 11.75], "texture": "#2"},
				"up": {"uv": [10, 4, 9.5, 3.25], "texture": "#2"},
				"down": {"uv": [7.25, 11, 6.75, 11.75], "texture": "#2"}
			}
		},
		{
			"name": "torso_main",
			"from": [5.096, 7.744, 1.224],
			"to": [10.904, 14.52, 11.872],
			"rotation": {"angle": 0, "axis": "y", "origin": [0.256, 0.968, -3.616]},
			"faces": {
				"north": {"uv": [0, 3.5, 1.5, 5.25], "texture": "#2"},
				"east": {"uv": [0, 0, 2.75, 1.75], "texture": "#2"},
				"south": {"uv": [4.25, 0, 5.75, 1.75], "texture": "#2"},
				"west": {"uv": [0, 1.75, 2.75, 3.5], "texture": "#2"},
				"up": {"uv": [4.25, 2.75, 2.75, 0], "texture": "#2"},
				"down": {"uv": [4.25, 2.75, 2.75, 5.5], "texture": "#2"}
			}
		},
		{
			"name": "torso_main2",
			"from": [5.096, 7.744, -4.584],
			"to": [10.904, 13.552, 1.224],
			"rotation": {"angle": 0, "axis": "y", "origin": [0.256, 0.968, -3.616]},
			"faces": {
				"north": {"uv": [4.25, 1.75, 5.75, 3.25], "texture": "#2"},
				"east": {"uv": [4.25, 3.25, 5.75, 4.75], "texture": "#2"},
				"south": {"uv": [4.25, 4.75, 5.75, 6.25], "texture": "#2"},
				"west": {"uv": [0, 5.25, 1.5, 6.75], "texture": "#2"},
				"up": {"uv": [3, 7, 1.5, 5.5], "texture": "#2"},
				"down": {"uv": [7.25, 0, 5.75, 1.5], "texture": "#2"}
			}
		},
		{
			"name": "backspines1",
			"from": [7.032, 13.552, 1.224],
			"to": [8.968, 15.488, 17.68],
			"rotation": {"angle": 0, "axis": "y", "origin": [0.256, 0.968, -3.616]},
			"faces": {
				"north": {"uv": [10.25, 5.75, 10.75, 6.25], "texture": "#2"},
				"east": {"uv": [5.75, 4, 10, 4.5], "texture": "#2"},
				"south": {"uv": [11.25, 8.25, 11.75, 8.75], "texture": "#2"},
				"west": {"uv": [5.75, 4.5, 10, 5], "texture": "#2"},
				"up": {"uv": [3.5, 9.75, 3, 5.5], "texture": "#2"},
				"down": {"uv": [4, 5.5, 3.5, 9.75], "texture": "#2"}
			}
		},
		{
			"name": "backspines2",
			"from": [7.032, 13.552, -4.584],
			"to": [8.968, 14.52, 1.224],
			"rotation": {"angle": 0, "axis": "y", "origin": [0.256, 0.968, -3.616]},
			"faces": {
				"north": {"uv": [11, 11.25, 11.5, 11.5], "texture": "#2"},
				"east": {"uv": [7.5, 3.75, 9, 4], "texture": "#2"},
				"south": {"uv": [11.5, 4, 12, 4.25], "texture": "#2"},
				"west": {"uv": [11.25, 6.5, 12.75, 6.75], "texture": "#2"},
				"up": {"uv": [5.75, 11.75, 5.25, 10.25], "texture": "#2"},
				"down": {"uv": [7.75, 10.25, 7.25, 11.75], "texture": "#2"}
			}
		},
		{
			"name": "tail1",
			"from": [6.064, 9.68, 11.872],
			"to": [9.936, 14.52, 18.648],
			"rotation": {"angle": 0, "axis": "y", "origin": [8, 10.648, 10.904]},
			"faces": {
				"north": {"uv": [6.25, 8, 7.25, 9.25], "texture": "#2"},
				"east": {"uv": [5.75, 1.5, 7.5, 2.75], "texture": "#2"},
				"south": {"uv": [8, 7, 9, 8.25], "texture": "#2"},
				"west": {"uv": [5.75, 2.75, 7.5, 4], "texture": "#2"},
				"up": {"uv": [2.25, 8.75, 1.25, 7], "texture": "#2"},
				"down": {"uv": [6.25, 7, 5.25, 8.75], "texture": "#2"}
			}
		},
		{
			"name": "tail1",
			"from": [7.032, 11.616, 18.648],
			"to": [8.968, 14.52, 24.456],
			"rotation": {"angle": 0, "axis": "y", "origin": [8, 10.648, 10.904]},
			"faces": {
				"north": {"uv": [11, 9.75, 11.5, 10.5], "texture": "#2"},
				"east": {"uv": [7.25, 8.25, 8.75, 9], "texture": "#2"},
				"south": {"uv": [10.5, 11, 11, 11.75], "texture": "#2"},
				"west": {"uv": [8.5, 0, 10, 0.75], "texture": "#2"},
				"up": {"uv": [10.5, 11.5, 10, 10], "texture": "#2"},
				"down": {"uv": [10.75, 0.5, 10.25, 2], "texture": "#2"}
			}
		},
		{
			"name": "tail1",
			"from": [7.032, 12.584, 24.456],
			"to": [8.968, 14.52, 31.232],
			"rotation": {"angle": 0, "axis": "y", "origin": [8, 10.648, 10.904]},
			"faces": {
				"north": {"uv": [0.75, 8.25, 1.25, 8.75], "texture": "#2"},
				"east": {"uv": [10, 0, 11.75, 0.5], "texture": "#2"},
				"south": {"uv": [10.25, 2.75, 10.75, 3.25], "texture": "#2"},
				"west": {"uv": [10, 4.5, 11.75, 5], "texture": "#2"},
				"up": {"uv": [7.25, 11, 6.75, 9.25], "texture": "#2"},
				"down": {"uv": [10, 10, 9.5, 11.75], "texture": "#2"}
			}
		},
		{
			"name": "toes",
			"from": [4.128, 0, 5.58],
			"to": [6.064, 0.968, 10.42],
			"rotation": {"angle": 0, "axis": "y", "origin": [0.256, 0.968, -3.616]},
			"faces": {
				"north": {"uv": [9, 3.75, 9.5, 4], "texture": "#2"},
				"east": {"uv": [11.25, 6.75, 12.5, 7], "texture": "#2"},
				"south": {"uv": [9.5, 6.25, 10, 6.5], "texture": "#2"},
				"west": {"uv": [11.25, 7.5, 12.5, 7.75], "texture": "#2"},
				"up": {"uv": [6.25, 11.75, 5.75, 10.5], "texture": "#2"},
				"down": {"uv": [6.75, 10.5, 6.25, 11.75], "texture": "#2"}
			}
		},
		{
			"name": "lower_leg",
			"from": [4.128, 0.968, 7.516],
			"to": [6.064, 6.776, 10.42],
			"rotation": {"angle": 0, "axis": "y", "origin": [0.256, 0.968, -3.616]},
			"faces": {
				"north": {"uv": [0.75, 10.25, 1.25, 11.75], "texture": "#2"},
				"east": {"uv": [0, 8.25, 0.75, 9.75], "texture": "#2"},
				"south": {"uv": [1.25, 10.25, 1.75, 11.75], "texture": "#2"},
				"west": {"uv": [0.75, 8.75, 1.5, 10.25], "texture": "#2"},
				"up": {"uv": [11.5, 11.25, 11, 10.5], "texture": "#2"},
				"down": {"uv": [11.75, 0.5, 11.25, 1.25], "texture": "#2"}
			}
		},
		{
			"name": "upper_leg",
			"from": [3.16, 6.776, 5.58],
			"to": [6.064, 12.584, 10.42],
			"rotation": {"angle": 0, "axis": "y", "origin": [0.256, 0.968, -3.616]},
			"faces": {
				"north": {"uv": [8.75, 0.75, 9.5, 2.25], "texture": "#2"},
				"east": {"uv": [4, 6.25, 5.25, 7.75], "texture": "#2"},
				"south": {"uv": [1.5, 8.75, 2.25, 10.25], "texture": "#2"},
				"west": {"uv": [0, 6.75, 1.25, 8.25], "texture": "#2"},
				"up": {"uv": [3, 10.25, 2.25, 9], "texture": "#2"},
				"down": {"uv": [8, 9, 7.25, 10.25], "texture": "#2"}
			}
		},
		{
			"name": "toes",
			"from": [9.936, 0, 5.58],
			"to": [11.872, 0.968, 10.42],
			"rotation": {"angle": 0, "axis": "y", "origin": [0.256, 6.776, -3.616]},
			"faces": {
				"north": {"uv": [10.75, 1.75, 11.25, 2], "texture": "#2"},
				"east": {"uv": [11.25, 7.75, 12.5, 8], "texture": "#2"},
				"south": {"uv": [11.25, 9.5, 11.75, 9.75], "texture": "#2"},
				"west": {"uv": [11.25, 8, 12.5, 8.25], "texture": "#2"},
				"up": {"uv": [11, 11, 10.5, 9.75], "texture": "#2"},
				"down": {"uv": [11.25, 0.5, 10.75, 1.75], "texture": "#2"}
			}
		},
		{
			"name": "lower_leg",
			"from": [9.936, 0.968, 7.516],
			"to": [11.872, 6.776, 10.42],
			"rotation": {"angle": 0, "axis": "y", "origin": [0.256, 0.968, -3.616]},
			"faces": {
				"north": {"uv": [1.75, 10.25, 2.25, 11.75], "texture": "#2"},
				"east": {"uv": [8.75, 2.25, 9.5, 3.75], "texture": "#2"},
				"south": {"uv": [2.25, 10.25, 2.75, 11.75], "texture": "#2"},
				"west": {"uv": [8.75, 5, 9.5, 6.5], "texture": "#2"},
				"up": {"uv": [11.75, 2, 11.25, 1.25], "texture": "#2"},
				"down": {"uv": [11.75, 2, 11.25, 2.75], "texture": "#2"}
			}
		},
		{
			"name": "upper_leg",
			"from": [9.936, 6.776, 5.58],
			"to": [12.84, 12.584, 10.42],
			"rotation": {"angle": 0, "axis": "y", "origin": [0.256, 0.968, -3.616]},
			"faces": {
				"north": {"uv": [5.25, 8.75, 6, 10.25], "texture": "#2"},
				"east": {"uv": [6.75, 5, 8, 6.5], "texture": "#2"},
				"south": {"uv": [8.75, 8.25, 9.5, 9.75], "texture": "#2"},
				"west": {"uv": [6.75, 6.5, 8, 8], "texture": "#2"},
				"up": {"uv": [8.75, 10.25, 8, 9], "texture": "#2"},
				"down": {"uv": [6.75, 9.25, 6, 10.5], "texture": "#2"}
			}
		},
		{
			"name": "toes",
			"from": [3.644, 0, -3.616],
			"to": [6.548, 1.936, -2.648],
			"rotation": {"angle": 0, "axis": "y", "origin": [0.256, 0.968, -3.616]},
			"faces": {
				"north": {"uv": [10.75, 4, 11.5, 4.5], "texture": "#2"},
				"east": {"uv": [4, 5.5, 4.25, 6], "texture": "#2"},
				"south": {"uv": [10.75, 7, 11.5, 7.5], "texture": "#2"},
				"west": {"uv": [8.5, 0.75, 8.75, 1.25], "texture": "#2"},
				"up": {"uv": [8, 8.25, 7.25, 8], "texture": "#2"},
				"down": {"uv": [12, 8.75, 11.25, 9], "texture": "#2"}
			}
		},
		{
			"name": "lower_leg",
			"from": [4.128, 1.936, -3.616],
			"to": [6.064, 6.776, -0.712],
			"rotation": {"angle": 0, "axis": "y", "origin": [0.256, 0.968, -3.616]},
			"faces": {
				"north": {"uv": [10.75, 2.75, 11.25, 4], "texture": "#2"},
				"east": {"uv": [9.5, 0.75, 10.25, 2], "texture": "#2"},
				"south": {"uv": [10.75, 5.75, 11.25, 7], "texture": "#2"},
				"west": {"uv": [9.5, 2, 10.25, 3.25], "texture": "#2"},
				"up": {"uv": [11.75, 3.5, 11.25, 2.75], "texture": "#2"},
				"down": {"uv": [4.25, 11.25, 3.75, 12], "texture": "#2"}
			}
		},
		{
			"name": "upper_leg",
			"from": [3.16, 6.776, -3.616],
			"to": [6.064, 11.616, 1.224],
			"rotation": {"angle": 0, "axis": "y", "origin": [0.256, 0.968, -3.616]},
			"faces": {
				"north": {"uv": [9.5, 5, 10.25, 6.25], "texture": "#2"},
				"east": {"uv": [7.25, 0, 8.5, 1.25], "texture": "#2"},
				"south": {"uv": [9.5, 7.5, 10.25, 8.75], "texture": "#2"},
				"west": {"uv": [7.5, 1.25, 8.75, 2.5], "texture": "#2"},
				"up": {"uv": [10.25, 10, 9.5, 8.75], "texture": "#2"},
				"down": {"uv": [0.75, 9.75, 0, 11], "texture": "#2"}
			}
		},
		{
			"name": "toes",
			"from": [9.452, 0, -3.616],
			"to": [12.356, 1.936, -2.648],
			"rotation": {"angle": 0, "axis": "y", "origin": [0.256, 6.776, -3.616]},
			"faces": {
				"north": {"uv": [11.25, 3.5, 12, 4], "texture": "#2"},
				"east": {"uv": [6, 8.75, 6.25, 9.25], "texture": "#2"},
				"south": {"uv": [4.25, 11.25, 5, 11.75], "texture": "#2"},
				"west": {"uv": [8.75, 6.5, 9, 7], "texture": "#2"},
				"up": {"uv": [12, 9.25, 11.25, 9], "texture": "#2"},
				"down": {"uv": [12, 9.25, 11.25, 9.5], "texture": "#2"}
			}
		},
		{
			"name": "upper_leg",
			"from": [9.936, 6.776, -3.616],
			"to": [12.84, 11.616, 1.224],
			"rotation": {"angle": 0, "axis": "y", "origin": [0.256, 0.968, -3.616]},
			"faces": {
				"north": {"uv": [10, 3.25, 10.75, 4.5], "texture": "#2"},
				"east": {"uv": [7.5, 2.5, 8.75, 3.75], "texture": "#2"},
				"south": {"uv": [3.75, 10, 4.5, 11.25], "texture": "#2"},
				"west": {"uv": [4, 7.75, 5.25, 9], "texture": "#2"},
				"up": {"uv": [5.25, 11.25, 4.5, 10], "texture": "#2"},
				"down": {"uv": [10.75, 6.25, 10, 7.5], "texture": "#2"}
			}
		},
		{
			"name": "lower_leg",
			"from": [9.936, 1.936, -3.616],
			"to": [11.872, 6.776, -0.712],
			"rotation": {"angle": 0, "axis": "y", "origin": [0.256, 0.968, -3.616]},
			"faces": {
				"north": {"uv": [0, 11, 0.5, 12.25], "texture": "#2"},
				"east": {"uv": [3, 9.75, 3.75, 11], "texture": "#2"},
				"south": {"uv": [2.75, 11, 3.25, 12.25], "texture": "#2"},
				"west": {"uv": [8.75, 9.75, 9.5, 11], "texture": "#2"},
				"up": {"uv": [11.75, 5.75, 11.25, 5], "texture": "#2"},
				"down": {"uv": [11.75, 5.75, 11.25, 6.5], "texture": "#2"}
			}
		}
	],
	"display": {
		"gui": {
			"rotation": [0, 90, 0]
		},
		"head": {
			"translation": [0, -11.25, 14.5],
			"scale": [4, 4, 4]
		},
		"fixed": {
			"translation": [0, 48, 36.75],
			"scale": [4, 4, 4]
		}
	},
	"groups": [
		{
			"name": "head",
			"origin": [8, 8, 8],
			"color": 0,
			"children": [
				{
					"name": "neck",
					"origin": [8, 8, 8],
					"color": 7,
					"children": [0, 1]
				},
				{
					"name": "skull",
					"origin": [8, 8, 8],
					"color": 8,
					"children": [2, 3]
				}
			]
		},
		{
			"name": "torso",
			"origin": [8, 8, 8],
			"color": 0,
			"children": [
				4,
				5,
				6,
				7,
				{
					"name": "tail",
					"origin": [8, 8, 8],
					"color": 1,
					"children": [8, 9, 10]
				}
			]
		},
		{
			"name": "leg1",
			"origin": [8, 8, 8],
			"color": 2,
			"children": [11, 12, 13]
		},
		{
			"name": "leg2",
			"origin": [8, 8, 8],
			"color": 3,
			"children": [14, 15, 16]
		},
		{
			"name": "arm1",
			"origin": [8, 8, 8],
			"color": 4,
			"children": [17, 18, 19]
		},
		{
			"name": "arm2",
			"origin": [8, 8, 8],
			"color": 6,
			"children": [20, 21, 22]
		}
	]
}