{
	"credit": "Made with Blockbench",
	"texture_size": [128, 128],
	"textures": {
		"1": "krmc:krmc_mobs/megalodon"
	},
	"elements": [
		{
			"name": "jaw1",
			"from": [4, 5, -16],
			"to": [12, 13, -12],
			"faces": {
				"north": {"uv": [1.5, 6.875, 2.5, 7.875], "texture": "#1"},
				"east": {"uv": [1.5, 3.75, 2, 4.75], "texture": "#1"},
				"south": {"uv": [2.5, 6.875, 3.5, 7.875], "texture": "#1"},
				"west": {"uv": [4, 7.875, 4.5, 8.875], "texture": "#1"},
				"up": {"uv": [5, 3.25, 4, 2.75], "texture": "#1"},
				"down": {"uv": [9.5, 3.375, 8.5, 3.875], "texture": "#1"}
			}
		},
		{
			"name": "jaw2",
			"from": [2, 5, -12],
			"to": [14, 13, -4],
			"faces": {
				"north": {"uv": [4, 1.75, 5.5, 2.75], "texture": "#1"},
				"east": {"uv": [3.5, 6.875, 4.5, 7.875], "texture": "#1"},
				"south": {"uv": [4.5, 5.125, 6, 6.125], "texture": "#1"},
				"west": {"uv": [6.875, 4.25, 7.875, 5.25], "texture": "#1"},
				"up": {"uv": [6.75, 3.75, 5.25, 2.75], "texture": "#1"},
				"down": {"uv": [6.75, 3.75, 5.25, 4.75], "texture": "#1"}
			}
		},
		{
			"name": "teeth1",
			"from": [12, 3, -16],
			"to": [12, 5, -5],
			"faces": {
				"north": {"uv": [0, 0, 0, 0.25], "texture": "#1"},
				"east": {"uv": [1.875, 8.625, 3.375, 8.875], "texture": "#1"},
				"south": {"uv": [0, 0, 0, 0.25], "texture": "#1"},
				"west": {"uv": [3.375, 8.625, 1.875, 8.875], "texture": "#1"},
				"up": {"uv": [0, 1.5, 0, 0], "texture": "#1"},
				"down": {"uv": [0, 0, 0, 1.5], "texture": "#1"}
			}
		},
		{
			"name": "teeth1",
			"from": [11.25, 3, -14.5],
			"to": [11.25, 5, -3.5],
			"faces": {
				"north": {"uv": [0, 0, 0, 0.25], "texture": "#1"},
				"east": {"uv": [8.75, 5.625, 10.125, 5.875], "texture": "#1"},
				"south": {"uv": [0, 0, 0, 0.25], "texture": "#1"},
				"west": {"uv": [10.125, 5.625, 8.75, 5.875], "texture": "#1"},
				"up": {"uv": [0, 1.375, 0, 0], "texture": "#1"},
				"down": {"uv": [0, 0, 0, 1.375], "texture": "#1"}
			}
		},
		{
			"name": "teeth2",
			"from": [4, 3, -16],
			"to": [4, 5, -5],
			"faces": {
				"north": {"uv": [0, 0, 0, 0.25], "texture": "#1"},
				"east": {"uv": [1.875, 8.625, 3.375, 8.875], "texture": "#1"},
				"south": {"uv": [0, 0, 0, 0.25], "texture": "#1"},
				"west": {"uv": [3.375, 8.625, 1.875, 8.875], "texture": "#1"},
				"up": {"uv": [0, 1.5, 0, 0], "texture": "#1"},
				"down": {"uv": [0, 0, 0, 1.5], "texture": "#1"}
			}
		},
		{
			"name": "teeth2",
			"from": [4.75, 3, -14.5],
			"to": [4.75, 5, -3.5],
			"faces": {
				"north": {"uv": [0, 0, 0, 0.25], "texture": "#1"},
				"east": {"uv": [8.75, 5.625, 10.125, 5.875], "texture": "#1"},
				"south": {"uv": [0, 0, 0, 0.25], "texture": "#1"},
				"west": {"uv": [10.125, 5.625, 8.75, 5.875], "texture": "#1"},
				"up": {"uv": [0, 1.375, 0, 0], "texture": "#1"},
				"down": {"uv": [0, 0, 0, 1.375], "texture": "#1"}
			}
		},
		{
			"name": "teeth3",
			"from": [4, 3, -16],
			"to": [12, 5, -16],
			"faces": {
				"north": {"uv": [9.75, 6.125, 8.75, 6.375], "texture": "#1"},
				"east": {"uv": [0, 0, 0, 0.25], "texture": "#1"},
				"south": {"uv": [8.75, 6.125, 9.75, 6.375], "texture": "#1"},
				"west": {"uv": [0, 0, 0, 0.25], "texture": "#1"},
				"up": {"uv": [1, 0, 0, 0], "texture": "#1"},
				"down": {"uv": [1, 0, 0, 0], "texture": "#1"}
			}
		},
		{
			"name": "teeth3",
			"from": [4.75, 3, -14.5],
			"to": [11.25, 5, -14.5],
			"faces": {
				"north": {"uv": [9.625, 7.125, 8.75, 7.375], "texture": "#1"},
				"east": {"uv": [0, 0, 0, 0.25], "texture": "#1"},
				"south": {"uv": [8.75, 7.125, 9.625, 7.375], "texture": "#1"},
				"west": {"uv": [0, 0, 0, 0.25], "texture": "#1"},
				"up": {"uv": [0.875, 0, 0, 0], "texture": "#1"},
				"down": {"uv": [0.875, 0, 0, 0], "texture": "#1"}
			}
		},
		{
			"name": "jaw1",
			"from": [4, -1, -12],
			"to": [12, 4, -2],
			"rotation": {"angle": -22.5, "axis": "x", "origin": [8, 0, -4]},
			"faces": {
				"north": {"uv": [8.375, 0, 9.375, 0.625], "texture": "#1"},
				"east": {"uv": [7.25, 3.25, 8.5, 3.875], "texture": "#1"},
				"south": {"uv": [5.375, 8.375, 6.375, 9], "texture": "#1"},
				"west": {"uv": [7.75, 1.125, 9, 1.75], "texture": "#1"},
				"up": {"uv": [6.5, 2.75, 5.5, 1.5], "texture": "#1"},
				"down": {"uv": [6.375, 6.375, 5.375, 7.625], "texture": "#1"}
			}
		},
		{
			"name": "teeth1",
			"from": [4, 4, -12],
			"to": [4, 5, -3],
			"rotation": {"angle": -22.5, "axis": "x", "origin": [8, 0, -4]},
			"faces": {
				"north": {"uv": [0, 0, 0, 0.125], "texture": "#1"},
				"east": {"uv": [8.875, 8.25, 10.125, 8.375], "texture": "#1"},
				"south": {"uv": [0, 0, 0, 0.125], "texture": "#1"},
				"west": {"uv": [10.125, 8.25, 8.875, 8.375], "texture": "#1"},
				"up": {"uv": [0, 1.25, 0, 0], "texture": "#1"},
				"down": {"uv": [0, 0, 0, 1.25], "texture": "#1"}
			}
		},
		{
			"name": "teeth1",
			"from": [4.75, 4, -10.5],
			"to": [4.75, 5, -1.5],
			"rotation": {"angle": -22.5, "axis": "x", "origin": [8, 0, -4]},
			"faces": {
				"north": {"uv": [0, 0, 0, 0.125], "texture": "#1"},
				"east": {"uv": [9, 1.25, 10.125, 1.375], "texture": "#1"},
				"south": {"uv": [0, 0, 0, 0.125], "texture": "#1"},
				"west": {"uv": [10.125, 1.25, 9, 1.375], "texture": "#1"},
				"up": {"uv": [0, 1.125, 0, 0], "texture": "#1"},
				"down": {"uv": [0, 0, 0, 1.125], "texture": "#1"}
			}
		},
		{
			"name": "teeth2",
			"from": [12, 4, -12],
			"to": [12, 5, -3],
			"rotation": {"angle": -22.5, "axis": "x", "origin": [8, 0, -4]},
			"faces": {
				"north": {"uv": [0, 0, 0, 0.125], "texture": "#1"},
				"east": {"uv": [8.875, 8.25, 10.125, 8.375], "texture": "#1"},
				"south": {"uv": [0, 0, 0, 0.125], "texture": "#1"},
				"west": {"uv": [10.125, 8.25, 8.875, 8.375], "texture": "#1"},
				"up": {"uv": [0, 1.25, 0, 0], "texture": "#1"},
				"down": {"uv": [0, 0, 0, 1.25], "texture": "#1"}
			}
		},
		{
			"name": "teeth2",
			"from": [11.25, 4, -10.5],
			"to": [11.25, 5, -1.5],
			"rotation": {"angle": -22.5, "axis": "x", "origin": [8, 0, -4]},
			"faces": {
				"north": {"uv": [0, 0, 0, 0.125], "texture": "#1"},
				"east": {"uv": [9, 1.25, 10.125, 1.375], "texture": "#1"},
				"south": {"uv": [0, 0, 0, 0.125], "texture": "#1"},
				"west": {"uv": [10.125, 1.25, 9, 1.375], "texture": "#1"},
				"up": {"uv": [0, 1.125, 0, 0], "texture": "#1"},
				"down": {"uv": [0, 0, 0, 1.125], "texture": "#1"}
			}
		},
		{
			"name": "teeth3",
			"from": [4, 4, -12],
			"to": [12, 5, -12],
			"rotation": {"angle": -22.5, "axis": "x", "origin": [8, 0, -4]},
			"faces": {
				"north": {"uv": [5.375, 9, 6.375, 9.125], "texture": "#1"},
				"east": {"uv": [0, 0, 0, 0.125], "texture": "#1"},
				"south": {"uv": [6.375, 9, 5.375, 9.125], "texture": "#1"},
				"west": {"uv": [0, 0, 0, 0.125], "texture": "#1"},
				"up": {"uv": [1, 0, 0, 0], "texture": "#1"},
				"down": {"uv": [1, 0, 0, 0], "texture": "#1"}
			}
		},
		{
			"name": "teeth3",
			"from": [4.75, 4, -10.5],
			"to": [11.25, 5, -10.5],
			"rotation": {"angle": -22.5, "axis": "x", "origin": [8, 0, -4]},
			"faces": {
				"north": {"uv": [9.125, 8, 10, 8.125], "texture": "#1"},
				"east": {"uv": [0, 0, 0, 0.125], "texture": "#1"},
				"south": {"uv": [10, 8, 9.125, 8.125], "texture": "#1"},
				"west": {"uv": [0, 0, 0, 0.125], "texture": "#1"},
				"up": {"uv": [0.875, 0, 0, 0], "texture": "#1"},
				"down": {"uv": [0.875, 0, 0, 0], "texture": "#1"}
			}
		},
		{
			"from": [7, 11, -5],
			"to": [9, 24, 2],
			"rotation": {"angle": 22.5, "axis": "x", "origin": [0, 0, 0]},
			"faces": {
				"north": {"uv": [1.375, 8.625, 1.625, 10.25], "texture": "#1"},
				"east": {"uv": [6, 4.75, 6.875, 6.375], "texture": "#1"},
				"south": {"uv": [1.625, 8.625, 1.875, 10.25], "texture": "#1"},
				"west": {"uv": [4.5, 6.125, 5.375, 7.75], "texture": "#1"},
				"up": {"uv": [4, 9.5, 3.75, 8.625], "texture": "#1"},
				"down": {"uv": [2.125, 8.875, 1.875, 9.75], "texture": "#1"}
			}
		},
		{
			"name": "body1",
			"from": [2, 0, -4],
			"to": [14, 14, 0],
			"faces": {
				"north": {"uv": [0, 3.75, 1.5, 5.5], "texture": "#1"},
				"east": {"uv": [7.25, 1.5, 7.75, 3.25], "texture": "#1"},
				"south": {"uv": [4, 0, 5.5, 1.75], "texture": "#1"},
				"west": {"uv": [6.875, 7.5, 7.375, 9.25], "texture": "#1"},
				"up": {"uv": [9.25, 2.25, 7.75, 1.75], "texture": "#1"},
				"down": {"uv": [9.25, 2.25, 7.75, 2.75], "texture": "#1"}
			}
		},
		{
			"name": "body2",
			"from": [2, 0, 13],
			"to": [14, 14, 16],
			"faces": {
				"north": {"uv": [1.5, 5.125, 3, 6.875], "texture": "#1"},
				"east": {"uv": [0.625, 7, 1, 8.75], "texture": "#1"},
				"south": {"uv": [3, 5.125, 4.5, 6.875], "texture": "#1"},
				"west": {"uv": [1, 7.625, 1.375, 9.375], "texture": "#1"},
				"up": {"uv": [9.375, 5.125, 7.875, 4.75], "texture": "#1"},
				"down": {"uv": [9.875, 0.625, 8.375, 1], "texture": "#1"}
			}
		},
		{
			"name": "body3",
			"from": [0, 0, 0],
			"to": [16, 15, 13],
			"faces": {
				"north": {"uv": [0, 0, 2, 1.875], "texture": "#1"},
				"east": {"uv": [5.25, 3.25, 3.625, 5.125], "texture": "#1"},
				"south": {"uv": [0, 1.875, 2, 3.75], "texture": "#1"},
				"west": {"uv": [3.625, 3.25, 5.25, 5.125], "texture": "#1"},
				"up": {"uv": [4, 1.625, 2, 0], "texture": "#1"},
				"down": {"uv": [4, 1.625, 2, 3.25], "texture": "#1"}
			}
		},
		{
			"name": "fin1",
			"from": [-6, 0, 0],
			"to": [2, 1, 6],
			"rotation": {"angle": 22.5, "axis": "z", "origin": [4, 0, 0]},
			"faces": {
				"north": {"uv": [5.375, 9.125, 6.375, 9.25], "texture": "#1"},
				"east": {"uv": [9.125, 8.125, 9.875, 8.25], "texture": "#1"},
				"south": {"uv": [9.125, 7.375, 10.125, 7.5], "texture": "#1"},
				"west": {"uv": [9.125, 8.375, 9.875, 8.5], "texture": "#1"},
				"up": {"uv": [6.375, 8.375, 5.375, 7.625], "texture": "#1"},
				"down": {"uv": [8.75, 5.25, 7.75, 6], "texture": "#1"}
			}
		},
		{
			"name": "fin1",
			"from": [14, 0, 0],
			"to": [22, 1, 6],
			"rotation": {"angle": -22.5, "axis": "z", "origin": [12, 0, 0]},
			"faces": {
				"north": {"uv": [9.125, 7.5, 10.125, 7.625], "texture": "#1"},
				"east": {"uv": [9.125, 8.5, 9.875, 8.625], "texture": "#1"},
				"south": {"uv": [9.125, 7.625, 10.125, 7.75], "texture": "#1"},
				"west": {"uv": [9.125, 8.625, 9.875, 8.75], "texture": "#1"},
				"up": {"uv": [8.75, 6.75, 7.75, 6], "texture": "#1"},
				"down": {"uv": [8.75, 6.75, 7.75, 7.5], "texture": "#1"}
			}
		},
		{
			"name": "fin1",
			"from": [-1, 1, 15],
			"to": [6, 2, 21],
			"rotation": {"angle": 22.5, "axis": "z", "origin": [4, 0, 0]},
			"faces": {
				"north": {"uv": [7.875, 5.125, 8.75, 5.25], "texture": "#1"},
				"east": {"uv": [9.125, 8.75, 9.875, 8.875], "texture": "#1"},
				"south": {"uv": [2.125, 9.125, 3, 9.25], "texture": "#1"},
				"west": {"uv": [9.125, 8.875, 9.875, 9], "texture": "#1"},
				"up": {"uv": [5.375, 8.5, 4.5, 7.75], "texture": "#1"},
				"down": {"uv": [2.25, 7.875, 1.375, 8.625], "texture": "#1"}
			}
		},
		{
			"name": "fin1",
			"from": [10, 1, 15],
			"to": [17, 2, 21],
			"rotation": {"angle": -22.5, "axis": "z", "origin": [12, 0, 0]},
			"faces": {
				"north": {"uv": [9.125, 7.75, 10, 7.875], "texture": "#1"},
				"east": {"uv": [9, 9.125, 9.75, 9.25], "texture": "#1"},
				"south": {"uv": [9.125, 7.875, 10, 8], "texture": "#1"},
				"west": {"uv": [9.125, 9, 9.875, 9.125], "texture": "#1"},
				"up": {"uv": [3.125, 8.625, 2.25, 7.875], "texture": "#1"},
				"down": {"uv": [4, 7.875, 3.125, 8.625], "texture": "#1"}
			}
		},
		{
			"name": "body2",
			"from": [4, 2, 16],
			"to": [12, 14, 21],
			"faces": {
				"north": {"uv": [0, 5.5, 1, 7], "texture": "#1"},
				"east": {"uv": [0, 7, 0.625, 8.5], "texture": "#1"},
				"south": {"uv": [5.5, 0, 6.5, 1.5], "texture": "#1"},
				"west": {"uv": [7, 0, 7.625, 1.5], "texture": "#1"},
				"up": {"uv": [9.125, 9, 8.125, 8.375], "texture": "#1"},
				"down": {"uv": [9.5, 2.75, 8.5, 3.375], "texture": "#1"}
			}
		},
		{
			"name": "fin1",
			"from": [6, 9, 24],
			"to": [10, 26, 28],
			"rotation": {"angle": 45, "axis": "x", "origin": [9, 8, 25]},
			"faces": {
				"north": {"uv": [1, 5.5, 1.5, 7.625], "texture": "#1"},
				"east": {"uv": [6.375, 6.375, 6.875, 8.5], "texture": "#1"},
				"south": {"uv": [6.5, 0, 7, 2.125], "texture": "#1"},
				"west": {"uv": [6.75, 2.125, 7.25, 4.25], "texture": "#1"},
				"up": {"uv": [8.25, 3.25, 7.75, 2.75], "texture": "#1"},
				"down": {"uv": [9.25, 6.625, 8.75, 7.125], "texture": "#1"}
			}
		},
		{
			"name": "fin1_2",
			"from": [7.25, 15, 28],
			"to": [8.75, 24, 31],
			"rotation": {"angle": 45, "axis": "x", "origin": [9, 8, 25]},
			"faces": {
				"north": {"uv": [3, 8.875, 3.1875, 10], "texture": "#1"},
				"east": {"uv": [5, 8.5, 5.375, 9.625], "texture": "#1"},
				"south": {"uv": [4, 8.875, 4.1875, 10], "texture": "#1"},
				"west": {"uv": [6.375, 8.5, 6.75, 9.625], "texture": "#1"},
				"up": {"uv": [6.6875, 2.5, 6.5, 2.125], "texture": "#1"},
				"down": {"uv": [7.1875, 1.5, 7, 1.875], "texture": "#1"}
			}
		},
		{
			"name": "fin2",
			"from": [6, -3, 26],
			"to": [10, 5, 29],
			"rotation": {"angle": -45, "axis": "x", "origin": [9, 8, 25]},
			"faces": {
				"north": {"uv": [0, 8.5, 0.5, 9.5], "texture": "#1"},
				"east": {"uv": [3.375, 8.625, 3.75, 9.625], "texture": "#1"},
				"south": {"uv": [4.5, 8.5, 5, 9.5], "texture": "#1"},
				"west": {"uv": [7.375, 8.625, 7.75, 9.625], "texture": "#1"},
				"up": {"uv": [2, 5.125, 1.5, 4.75], "texture": "#1"},
				"down": {"uv": [5.75, 4.75, 5.25, 5.125], "texture": "#1"}
			}
		},
		{
			"name": "fin2_2",
			"from": [7.25, -2, 29],
			"to": [8.75, 5, 32],
			"rotation": {"angle": -45, "axis": "x", "origin": [9, 8, 25]},
			"faces": {
				"north": {"uv": [4.25, 8.875, 4.4375, 9.75], "texture": "#1"},
				"east": {"uv": [7.75, 8.625, 8.125, 9.5], "texture": "#1"},
				"south": {"uv": [8.875, 7.375, 9.0625, 8.25], "texture": "#1"},
				"west": {"uv": [0.5, 8.75, 0.875, 9.625], "texture": "#1"},
				"up": {"uv": [5.1875, 3.125, 5, 2.75], "texture": "#1"},
				"down": {"uv": [5.9375, 4.75, 5.75, 5.125], "texture": "#1"}
			}
		},
		{
			"name": "tail1",
			"from": [5, 5, 21],
			"to": [11, 14, 28],
			"faces": {
				"north": {"uv": [7.375, 7.5, 8.125, 8.625], "texture": "#1"},
				"east": {"uv": [6.875, 5.25, 7.75, 6.375], "texture": "#1"},
				"south": {"uv": [7.625, 0, 8.375, 1.125], "texture": "#1"},
				"west": {"uv": [6.875, 6.375, 7.75, 7.5], "texture": "#1"},
				"up": {"uv": [8.625, 4.75, 7.875, 3.875], "texture": "#1"},
				"down": {"uv": [8.875, 7.5, 8.125, 8.375], "texture": "#1"}
			}
		}
	],
	"display": {
		"gui": {
			"rotation": [30, 225, 0],
			"scale": [0.625, 0.625, 0.625]
		},
		"head": {
			"translation": [0, 1, 0],
			"scale": [4, 4, 4]
		},
		"fixed": {
			"translation": [0, 47, 14],
			"scale": [4, 4, 4]
		}
	},
	"groups": [
		{
			"name": "body",
			"origin": [0, 0, 0],
			"color": 0,
			"children": [
				{
					"name": "head",
					"origin": [0, 0, 0],
					"color": 4,
					"children": [
						{
							"name": "jaw1",
							"origin": [0, 0, 0],
							"color": 4,
							"children": [
								0,
								1,
								{
									"name": "teeth",
									"origin": [0, 0, 0],
									"color": 9,
									"children": [2, 3, 4, 5, 6, 7]
								}
							]
						},
						{
							"name": "jaw2",
							"origin": [0, 0, 0],
							"color": 4,
							"children": [
								8,
								{
									"name": "teeth",
									"origin": [8, 0, -4],
									"color": 9,
									"children": [9, 10, 11, 12, 13, 14]
								}
							]
						}
					]
				},
				{
					"name": "back_fin",
					"origin": [0, 0, 0],
					"color": 0,
					"children": [15]
				},
				16,
				17,
				18
			]
		},
		{
			"name": "fins",
			"origin": [8, 8, 8],
			"color": 0,
			"children": [
				{
					"name": "front",
					"origin": [8, 8, 8],
					"color": 0,
					"children": [
						{
							"name": "left",
							"origin": [8, 8, 8],
							"color": 0,
							"children": [19]
						},
						{
							"name": "right",
							"origin": [8, 8, 8],
							"color": 0,
							"children": [20]
						}
					]
				},
				{
					"name": "back",
					"origin": [8, 8, 8],
					"color": 0,
					"children": [
						{
							"name": "left",
							"origin": [8, 8, 8],
							"color": 0,
							"children": [21]
						},
						{
							"name": "right",
							"origin": [8, 8, 8],
							"color": 0,
							"children": [22]
						}
					]
				}
			]
		},
		{
			"name": "tail",
			"origin": [8, 8, 8],
			"color": 0,
			"children": [
				{
					"name": "tail_fin",
					"origin": [8, 8, 8],
					"color": 0,
					"children": []
				},
				23,
				{
					"name": "tail",
					"origin": [8, 8, 8],
					"color": 2,
					"children": [
						{
							"name": "tail_fin",
							"origin": [8, 8, 8],
							"color": 2,
							"children": [24, 25, 26, 27]
						},
						28
					]
				}
			]
		}
	]
}