{
	"credit": "Made with Blockbench",
	"texture_size": [64, 64],
	"textures": {
		"1": "krmc:krmc_mobs/mothra_new",
		"2": "krmc:krmc_mobs/mothra",
		"particle": "krmc:krmc_mobs/mothra_new"
	},
	"elements": [
		{
			"name": "attachment",
			"from": [6.4375, 7.75, 6.25],
			"to": [9.5625, 10.875, 9.0625],
			"rotation": {"angle": 0, "axis": "y", "origin": [-2, 7.75, -5.625]},
			"faces": {
				"north": {"uv": [0, 8, 0.75, 8.75], "texture": "#1"},
				"east": {"uv": [0.75, 8, 1.5, 8.75], "texture": "#1"},
				"south": {"uv": [1.5, 8, 2.25, 8.75], "texture": "#1"},
				"west": {"uv": [2.25, 8, 3, 8.75], "texture": "#1"},
				"up": {"uv": [3.75, 8.75, 3, 8], "texture": "#1"},
				"down": {"uv": [4.5, 8, 3.75, 8.75], "texture": "#1"}
			}
		},
		{
			"name": "base",
			"from": [6.125, 7.4375, 8.4375],
			"to": [9.875, 11.1875, 11.875],
			"rotation": {"angle": -22.5, "axis": "x", "origin": [8, 9.46875, 10]},
			"faces": {
				"north": {"uv": [2.5, 7, 3.5, 8], "texture": "#1"},
				"east": {"uv": [7, 7, 7.875, 8], "texture": "#1"},
				"south": {"uv": [3.5, 7, 4.5, 8], "texture": "#1"},
				"west": {"uv": [7.75, 0, 8.625, 1], "texture": "#1"},
				"up": {"uv": [8.75, 1.875, 7.75, 1], "texture": "#1"},
				"down": {"uv": [8.75, 2, 7.75, 2.875], "texture": "#1"}
			}
		},
		{
			"name": "base2",
			"from": [6.4375, 7.75, 10.3125],
			"to": [9.5625, 10.875, 13.4375],
			"rotation": {"angle": 22.5, "axis": "x", "origin": [8, 9.625, 12.5]},
			"faces": {
				"north": {"uv": [4.5, 8, 5.25, 8.75], "texture": "#1"},
				"east": {"uv": [5.25, 8, 6, 8.75], "texture": "#1"},
				"south": {"uv": [6, 8, 6.75, 8.75], "texture": "#1"},
				"west": {"uv": [8, 6.5, 8.75, 7.25], "texture": "#1"},
				"up": {"uv": [7.5, 8.75, 6.75, 8], "texture": "#1"},
				"down": {"uv": [8.75, 7.25, 8, 8], "texture": "#1"}
			}
		},
		{
			"name": "tipe_base",
			"from": [6.75, 8.0625, 13.4375],
			"to": [9.25, 10.5625, 14.6875],
			"rotation": {"angle": 22.5, "axis": "x", "origin": [8, 9.625, 12.5]},
			"faces": {
				"north": {"uv": [8.75, 2, 9.375, 2.625], "texture": "#1"},
				"east": {"uv": [9.25, 6.25, 9.625, 6.875], "texture": "#1"},
				"south": {"uv": [2.5, 8.75, 3.125, 9.375], "texture": "#1"},
				"west": {"uv": [9.25, 8.5, 9.625, 9.125], "texture": "#1"},
				"up": {"uv": [9.875, 7.375, 9.25, 7], "texture": "#1"},
				"down": {"uv": [9.875, 9.25, 9.25, 9.625], "texture": "#1"}
			}
		},
		{
			"name": "tip",
			"from": [7.375, 8.11335, 14.13647],
			"to": [8.625, 9.36335, 15.38648],
			"rotation": {"angle": 0, "axis": "x", "origin": [8, 8.73835, 13.82397]},
			"faces": {
				"north": {"uv": [6.75, 9.75, 7.125, 10.125], "texture": "#1"},
				"east": {"uv": [7.25, 9.75, 7.625, 10.125], "texture": "#1"},
				"south": {"uv": [7.75, 9.75, 8.125, 10.125], "texture": "#1"},
				"west": {"uv": [8.25, 9.75, 8.625, 10.125], "texture": "#1"},
				"up": {"uv": [10.125, 8.875, 9.75, 8.5], "texture": "#1"},
				"down": {"uv": [9.125, 9.75, 8.75, 10.125], "texture": "#1"}
			}
		},
		{
			"name": "base",
			"from": [6.125, 8.375, 5.3125],
			"to": [9.875, 11.5, 7.1875],
			"rotation": {"angle": 22.5, "axis": "x", "origin": [8, 10.25, 5.3125]},
			"faces": {
				"north": {"uv": [7.75, 5, 8.75, 5.75], "texture": "#1"},
				"east": {"uv": [8.75, 2.75, 9.25, 3.5], "texture": "#1"},
				"south": {"uv": [7.75, 5.75, 8.75, 6.5], "texture": "#1"},
				"west": {"uv": [3.25, 8.75, 3.75, 9.5], "texture": "#1"},
				"up": {"uv": [1, 9.25, 0, 8.75], "texture": "#1"},
				"down": {"uv": [9.75, 0, 8.75, 0.5], "texture": "#1"}
			}
		},
		{
			"name": "main",
			"from": [5.8125, 8.16692, 2.27044],
			"to": [10.1875, 11.60443, 6.02044],
			"rotation": {"angle": 0, "axis": "x", "origin": [8, 10.82318, 3.52044]},
			"faces": {
				"north": {"uv": [4.5, 7, 5.625, 7.875], "texture": "#1"},
				"east": {"uv": [7.75, 3, 8.75, 3.875], "texture": "#1"},
				"south": {"uv": [5.75, 7, 6.875, 7.875], "texture": "#1"},
				"west": {"uv": [7.75, 4, 8.75, 4.875], "texture": "#1"},
				"up": {"uv": [1.125, 8, 0, 7], "texture": "#1"},
				"down": {"uv": [2.375, 7, 1.25, 8], "texture": "#1"}
			}
		},
		{
			"name": "head",
			"from": [6.59375, 8.375, 0.3125],
			"to": [9.40625, 11.1875, 2.8125],
			"rotation": {"angle": -22.5, "axis": "x", "origin": [8, 10.09375, 1.25]},
			"faces": {
				"north": {"uv": [1.5, 5.25, 3, 6.75], "texture": "#1"},
				"east": {"uv": [0, 5.25, 1.25, 6.75], "texture": "#1"},
				"south": {"uv": [6, 1.625, 7.5, 3.125], "texture": "#1"},
				"west": {"uv": [3.25, 5.25, 4.5, 6.75], "texture": "#1"},
				"up": {"uv": [1.5, 5.125, 0, 3.875], "texture": "#1"},
				"down": {"uv": [6.25, 5.375, 4.75, 6.625], "texture": "#1"}
			}
		},
		{
			"name": "head",
			"from": [7.59375, 8.625, -0.1875],
			"to": [8.40625, 9.9375, 0.3125],
			"rotation": {"angle": -22.5, "axis": "x", "origin": [8, 10.09375, 1.25]},
			"faces": {
				"north": {"uv": [14.25, 14.125, 14.75, 14.625], "texture": "#1"},
				"east": {"uv": [13.5, 14.375, 13.75, 14.875], "texture": "#1"},
				"south": {"uv": [14.5, 8.25, 16, 9.75], "texture": "#1"},
				"west": {"uv": [14, 13.125, 14.25, 13.625], "texture": "#1"},
				"up": {"uv": [11, 12.75, 11.5, 13], "texture": "#1"},
				"down": {"uv": [13.875, 12.375, 14.375, 12.625], "texture": "#1"}
			}
		},
		{
			"name": "foot",
			"from": [5.25, 3.06846, 12.41688],
			"to": [5.925, 4.08096, 14.21688],
			"rotation": {"angle": -45, "axis": "x", "origin": [6.15, 3.57471, 13.31688]},
			"faces": {
				"north": {"uv": [10.5, 3.5, 10.625, 3.75], "texture": "#1"},
				"east": {"uv": [9.75, 9, 10.25, 9.25], "texture": "#1"},
				"south": {"uv": [3.75, 10.5, 3.875, 10.75], "texture": "#1"},
				"west": {"uv": [10, 7, 10.5, 7.25], "texture": "#1"},
				"up": {"uv": [9.875, 10.75, 9.75, 10.25], "texture": "#1"},
				"down": {"uv": [10.375, 9.75, 10.25, 10.25], "texture": "#1"}
			}
		},
		{
			"name": "foot",
			"from": [6.375, 3.06846, 12.41688],
			"to": [7.05, 4.08096, 14.21688],
			"rotation": {"angle": -45, "axis": "x", "origin": [6.15, 3.57471, 13.31688]},
			"faces": {
				"north": {"uv": [10.5, 3.75, 10.625, 4], "texture": "#1"},
				"east": {"uv": [10, 7.25, 10.5, 7.5], "texture": "#1"},
				"south": {"uv": [10.5, 4, 10.625, 4.25], "texture": "#1"},
				"west": {"uv": [10, 7.5, 10.5, 7.75], "texture": "#1"},
				"up": {"uv": [10.125, 10.75, 10, 10.25], "texture": "#1"},
				"down": {"uv": [10.375, 10.25, 10.25, 10.75], "texture": "#1"}
			}
		},
		{
			"name": "1",
			"from": [5.475, 3.06924, 12.1052],
			"to": [6.825, 4.98174, 13.4552],
			"rotation": {"angle": -22.5, "axis": "x", "origin": [8.5, 5.09251, 11.39108]},
			"faces": {
				"north": {"uv": [3.25, 9.5, 3.625, 10], "texture": "#1"},
				"east": {"uv": [9.5, 7.5, 9.875, 8], "texture": "#1"},
				"south": {"uv": [9.5, 8, 9.875, 8.5], "texture": "#1"},
				"west": {"uv": [0, 9.75, 0.375, 10.25], "texture": "#1"},
				"up": {"uv": [9.625, 10.125, 9.25, 9.75], "texture": "#1"},
				"down": {"uv": [10.125, 9.75, 9.75, 10.125], "texture": "#1"}
			}
		},
		{
			"name": "2",
			"from": [5.5875, 5.08292, 10.28561],
			"to": [6.7125, 6.43292, 13.21061],
			"rotation": {"angle": 0, "axis": "x", "origin": [8.5, 5.09251, 11.39108]},
			"faces": {
				"north": {"uv": [4.75, 10.25, 5, 10.625], "texture": "#1"},
				"east": {"uv": [0, 9.25, 0.75, 9.625], "texture": "#1"},
				"south": {"uv": [5, 10.25, 5.25, 10.625], "texture": "#1"},
				"west": {"uv": [9.25, 2.75, 10, 3.125], "texture": "#1"},
				"up": {"uv": [0.75, 10.5, 0.5, 9.75], "texture": "#1"},
				"down": {"uv": [4, 9.75, 3.75, 10.5], "texture": "#1"}
			}
		},
		{
			"name": "3",
			"from": [5.4625, 5.54424, 9.5177],
			"to": [6.8375, 8.91924, 10.8677],
			"rotation": {"angle": -22.5, "axis": "x", "origin": [8.5, 5.09251, 11.39108]},
			"faces": {
				"north": {"uv": [8.75, 3.5, 9.125, 4.375], "texture": "#1"},
				"east": {"uv": [3.75, 8.75, 4.125, 9.625], "texture": "#1"},
				"south": {"uv": [4.25, 8.75, 4.625, 9.625], "texture": "#1"},
				"west": {"uv": [8.75, 4.5, 9.125, 5.375], "texture": "#1"},
				"up": {"uv": [10.375, 0.875, 10, 0.5], "texture": "#1"},
				"down": {"uv": [10.375, 1, 10, 1.375], "texture": "#1"}
			}
		},
		{
			"name": "foot",
			"from": [10.075, 3.06846, 12.41688],
			"to": [10.75, 4.08096, 14.21688],
			"rotation": {"angle": -45, "axis": "x", "origin": [9.85, 3.57471, 13.31688]},
			"faces": {
				"north": {"uv": [10.5, 4.25, 10.625, 4.5], "texture": "#1"},
				"east": {"uv": [10, 7.75, 10.5, 8], "texture": "#1"},
				"south": {"uv": [10.5, 4.5, 10.625, 4.75], "texture": "#1"},
				"west": {"uv": [10, 8, 10.5, 8.25], "texture": "#1"},
				"up": {"uv": [10.625, 0.5, 10.5, 0], "texture": "#1"},
				"down": {"uv": [0.625, 10.5, 0.5, 11], "texture": "#1"}
			}
		},
		{
			"name": "foot",
			"from": [8.95, 3.06846, 12.41688],
			"to": [9.625, 4.08096, 14.21688],
			"rotation": {"angle": -45, "axis": "x", "origin": [9.85, 3.57471, 13.31688]},
			"faces": {
				"north": {"uv": [10.5, 4.75, 10.625, 5], "texture": "#1"},
				"east": {"uv": [10, 8.25, 10.5, 8.5], "texture": "#1"},
				"south": {"uv": [10.5, 5, 10.625, 5.25], "texture": "#1"},
				"west": {"uv": [10, 9.25, 10.5, 9.5], "texture": "#1"},
				"up": {"uv": [10.625, 1, 10.5, 0.5], "texture": "#1"},
				"down": {"uv": [0.875, 10.5, 0.75, 11], "texture": "#1"}
			}
		},
		{
			"name": "1",
			"from": [9.175, 3.06924, 12.1052],
			"to": [10.525, 4.98174, 13.4552],
			"rotation": {"angle": -22.5, "axis": "x", "origin": [7.5, 5.09251, 11.39108]},
			"faces": {
				"north": {"uv": [9.75, 0, 10.125, 0.5], "texture": "#1"},
				"east": {"uv": [4, 9.75, 4.375, 10.25], "texture": "#1"},
				"south": {"uv": [4.5, 9.75, 4.875, 10.25], "texture": "#1"},
				"west": {"uv": [5, 9.75, 5.375, 10.25], "texture": "#1"},
				"up": {"uv": [10.375, 1.875, 10, 1.5], "texture": "#1"},
				"down": {"uv": [10.375, 2, 10, 2.375], "texture": "#1"}
			}
		},
		{
			"name": "2",
			"from": [9.2875, 5.08292, 10.28561],
			"to": [10.4125, 6.43292, 13.21061],
			"rotation": {"angle": 0, "axis": "x", "origin": [7.5, 5.09251, 11.39108]},
			"faces": {
				"north": {"uv": [5.25, 10.25, 5.5, 10.625], "texture": "#1"},
				"east": {"uv": [9.25, 3.25, 10, 3.625], "texture": "#1"},
				"south": {"uv": [6.75, 10.25, 7, 10.625], "texture": "#1"},
				"west": {"uv": [9.25, 3.75, 10, 4.125], "texture": "#1"},
				"up": {"uv": [5.75, 10.5, 5.5, 9.75], "texture": "#1"},
				"down": {"uv": [6, 9.75, 5.75, 10.5], "texture": "#1"}
			}
		},
		{
			"name": "3",
			"from": [9.1625, 5.54424, 9.5177],
			"to": [10.5375, 8.91924, 10.8677],
			"rotation": {"angle": -22.5, "axis": "x", "origin": [7.5, 5.09251, 11.39108]},
			"faces": {
				"north": {"uv": [4.75, 8.75, 5.125, 9.625], "texture": "#1"},
				"east": {"uv": [5.25, 8.75, 5.625, 9.625], "texture": "#1"},
				"south": {"uv": [8.75, 5.5, 9.125, 6.375], "texture": "#1"},
				"west": {"uv": [5.75, 8.75, 6.125, 9.625], "texture": "#1"},
				"up": {"uv": [10.375, 2.875, 10, 2.5], "texture": "#1"},
				"down": {"uv": [10.375, 3, 10, 3.375], "texture": "#1"}
			}
		},
		{
			"name": "0",
			"from": [6.6, 5.82035, -0.8856],
			"to": [7.005, 6.90035, -0.2781],
			"rotation": {"angle": 0, "axis": "x", "origin": [8.25, 7.93535, 3.48418]},
			"faces": {
				"north": {"uv": [10.5, 5.75, 10.625, 6], "texture": "#1"},
				"east": {"uv": [6, 10.5, 6.125, 10.75], "texture": "#1"},
				"south": {"uv": [10.5, 6, 10.625, 6.25], "texture": "#1"},
				"west": {"uv": [6.25, 10.5, 6.375, 10.75], "texture": "#1"},
				"up": {"uv": [10.625, 8.125, 10.5, 8], "texture": "#1"},
				"down": {"uv": [10.625, 8.25, 10.5, 8.375], "texture": "#1"}
			}
		},
		{
			"name": "1",
			"from": [6.435, 4.14039, 1.20331],
			"to": [7.245, 5.58789, 2.01331],
			"rotation": {"angle": 45, "axis": "x", "origin": [8.25, 7.93535, 3.48418]},
			"faces": {
				"north": {"uv": [8, 10.25, 8.25, 10.625], "texture": "#1"},
				"east": {"uv": [8.25, 10.25, 8.5, 10.625], "texture": "#1"},
				"south": {"uv": [8.5, 10.25, 8.75, 10.625], "texture": "#1"},
				"west": {"uv": [10.25, 8.5, 10.5, 8.875], "texture": "#1"},
				"up": {"uv": [9.25, 8.75, 9, 8.5], "texture": "#1"},
				"down": {"uv": [1, 9.25, 0.75, 9.5], "texture": "#1"}
			}
		},
		{
			"name": "2",
			"from": [6.5025, 6.22113, 0.5565],
			"to": [7.1775, 7.03113, 2.3115],
			"rotation": {"angle": 22.5, "axis": "x", "origin": [8.25, 7.93535, 3.48418]},
			"faces": {
				"north": {"uv": [10.5, 6.25, 10.625, 6.5], "texture": "#1"},
				"east": {"uv": [10, 9.5, 10.5, 9.75], "texture": "#1"},
				"south": {"uv": [6.5, 10.5, 6.625, 10.75], "texture": "#1"},
				"west": {"uv": [0.75, 10.25, 1.25, 10.5], "texture": "#1"},
				"up": {"uv": [10.625, 2.5, 10.5, 2], "texture": "#1"},
				"down": {"uv": [2.375, 10.5, 2.25, 11], "texture": "#1"}
			}
		},
		{
			"name": "3",
			"from": [6.4275, 5.92539, 2.75581],
			"to": [7.2525, 7.95039, 3.56581],
			"rotation": {"angle": 45, "axis": "x", "origin": [8.25, 7.93535, 3.48418]},
			"faces": {
				"north": {"uv": [0.25, 10.25, 0.5, 10.75], "texture": "#1"},
				"east": {"uv": [1.25, 10.25, 1.5, 10.75], "texture": "#1"},
				"south": {"uv": [1.5, 10.25, 1.75, 10.75], "texture": "#1"},
				"west": {"uv": [1.75, 10.25, 2, 10.75], "texture": "#1"},
				"up": {"uv": [10.5, 9.25, 10.25, 9], "texture": "#1"},
				"down": {"uv": [2.75, 10.5, 2.5, 10.75], "texture": "#1"}
			}
		},
		{
			"name": "0",
			"from": [8.995, 5.82035, -0.8856],
			"to": [9.4, 6.90035, -0.2781],
			"rotation": {"angle": 0, "axis": "x", "origin": [8.25, 7.93535, 3.48418]},
			"faces": {
				"north": {"uv": [10.5, 6.5, 10.625, 6.75], "texture": "#1"},
				"east": {"uv": [10.5, 6.75, 10.625, 7], "texture": "#1"},
				"south": {"uv": [10.5, 7, 10.625, 7.25], "texture": "#1"},
				"west": {"uv": [10.5, 7.25, 10.625, 7.5], "texture": "#1"},
				"up": {"uv": [10.625, 8.625, 10.5, 8.5], "texture": "#1"},
				"down": {"uv": [10.625, 8.75, 10.5, 8.875], "texture": "#1"}
			}
		},
		{
			"name": "1",
			"from": [8.755, 4.14039, 1.20331],
			"to": [9.565, 5.58789, 2.01331],
			"rotation": {"angle": 45, "axis": "x", "origin": [8.25, 7.93535, 3.48418]},
			"faces": {
				"north": {"uv": [8.75, 10.25, 9, 10.625], "texture": "#1"},
				"east": {"uv": [9, 10.25, 9.25, 10.625], "texture": "#1"},
				"south": {"uv": [9.25, 10.25, 9.5, 10.625], "texture": "#1"},
				"west": {"uv": [9.5, 10.25, 9.75, 10.625], "texture": "#1"},
				"up": {"uv": [10.75, 2.75, 10.5, 2.5], "texture": "#1"},
				"down": {"uv": [3, 10.5, 2.75, 10.75], "texture": "#1"}
			}
		},
		{
			"name": "2",
			"from": [8.8225, 6.22113, 0.5565],
			"to": [9.4975, 7.03113, 2.3115],
			"rotation": {"angle": 22.5, "axis": "x", "origin": [8.25, 7.93535, 3.48418]},
			"faces": {
				"north": {"uv": [10.5, 7.5, 10.625, 7.75], "texture": "#1"},
				"east": {"uv": [2, 10.25, 2.5, 10.5], "texture": "#1"},
				"south": {"uv": [10.5, 7.75, 10.625, 8], "texture": "#1"},
				"west": {"uv": [2.5, 10.25, 3, 10.5], "texture": "#1"},
				"up": {"uv": [10.625, 3.25, 10.5, 2.75], "texture": "#1"},
				"down": {"uv": [3.375, 10.5, 3.25, 11], "texture": "#1"}
			}
		},
		{
			"name": "3",
			"from": [8.7475, 5.92539, 2.75581],
			"to": [9.5725, 7.95039, 3.56581],
			"rotation": {"angle": 45, "axis": "x", "origin": [8.25, 7.93535, 3.48418]},
			"faces": {
				"north": {"uv": [3, 10.25, 3.25, 10.75], "texture": "#1"},
				"east": {"uv": [4, 10.25, 4.25, 10.75], "texture": "#1"},
				"south": {"uv": [4.25, 10.25, 4.5, 10.75], "texture": "#1"},
				"west": {"uv": [4.5, 10.25, 4.75, 10.75], "texture": "#1"},
				"up": {"uv": [10.75, 3.5, 10.5, 3.25], "texture": "#1"},
				"down": {"uv": [3.75, 10.5, 3.5, 10.75], "texture": "#1"}
			}
		},
		{
			"name": "0",
			"from": [5.25, 4.32752, -2.28022],
			"to": [5.925, 6.12752, -1.26772],
			"rotation": {"angle": -22.5, "axis": "x", "origin": [8.25, 7.93535, 3.48418]},
			"faces": {
				"north": {"uv": [1, 10.5, 1.125, 11], "texture": "#1"},
				"east": {"uv": [7.75, 6.5, 8, 7], "texture": "#1"},
				"south": {"uv": [10.5, 1, 10.625, 1.5], "texture": "#1"},
				"west": {"uv": [8.75, 7.5, 9, 8], "texture": "#1"},
				"up": {"uv": [10.625, 5.5, 10.5, 5.25], "texture": "#1"},
				"down": {"uv": [5.625, 10.5, 5.5, 10.75], "texture": "#1"}
			}
		},
		{
			"name": "1",
			"from": [4.975, 2.62562, 0.81508],
			"to": [6.325, 5.03812, 2.16508],
			"rotation": {"angle": 22.5, "axis": "x", "origin": [8.25, 7.93535, 3.48418]},
			"faces": {
				"north": {"uv": [9.5, 0.5, 9.875, 1.125], "texture": "#1"},
				"east": {"uv": [0.75, 9.5, 1.125, 10.125], "texture": "#1"},
				"south": {"uv": [1.25, 9.5, 1.625, 10.125], "texture": "#1"},
				"west": {"uv": [9.5, 1.25, 9.875, 1.875], "texture": "#1"},
				"up": {"uv": [3.625, 10.375, 3.25, 10], "texture": "#1"},
				"down": {"uv": [10.375, 3.5, 10, 3.875], "texture": "#1"}
			}
		},
		{
			"name": "2",
			"from": [5.0875, 5.58292, 0.03939],
			"to": [6.2125, 6.93292, 2.96439],
			"rotation": {"angle": 0, "axis": "x", "origin": [8.25, 7.93535, 3.48418]},
			"faces": {
				"north": {"uv": [7, 10.25, 7.25, 10.625], "texture": "#1"},
				"east": {"uv": [9.25, 4.25, 10, 4.625], "texture": "#1"},
				"south": {"uv": [7.25, 10.25, 7.5, 10.625], "texture": "#1"},
				"west": {"uv": [9.25, 4.75, 10, 5.125], "texture": "#1"},
				"up": {"uv": [6.25, 10.5, 6, 9.75], "texture": "#1"},
				"down": {"uv": [6.5, 9.75, 6.25, 10.5], "texture": "#1"}
			}
		},
		{
			"name": "3",
			"from": [4.9625, 5.60062, 3.40258],
			"to": [6.3375, 8.97562, 4.75258],
			"rotation": {"angle": 22.5, "axis": "x", "origin": [8.25, 7.93535, 3.48418]},
			"faces": {
				"north": {"uv": [6.25, 8.75, 6.625, 9.625], "texture": "#1"},
				"east": {"uv": [8.75, 6.5, 9.125, 7.375], "texture": "#1"},
				"south": {"uv": [6.75, 8.75, 7.125, 9.625], "texture": "#1"},
				"west": {"uv": [7.25, 8.75, 7.625, 9.625], "texture": "#1"},
				"up": {"uv": [10.375, 4.375, 10, 4], "texture": "#1"},
				"down": {"uv": [10.375, 4.5, 10, 4.875], "texture": "#1"}
			}
		},
		{
			"name": "0",
			"from": [10.075, 4.32752, -2.28022],
			"to": [10.75, 6.12752, -1.26772],
			"rotation": {"angle": -22.5, "axis": "x", "origin": [8.25, 7.93535, 3.48418]},
			"faces": {
				"north": {"uv": [10.5, 1.5, 10.625, 2], "texture": "#1"},
				"east": {"uv": [0, 10.25, 0.25, 10.75], "texture": "#1"},
				"south": {"uv": [2, 10.5, 2.125, 11], "texture": "#1"},
				"west": {"uv": [10.25, 0, 10.5, 0.5], "texture": "#1"},
				"up": {"uv": [10.625, 5.75, 10.5, 5.5], "texture": "#1"},
				"down": {"uv": [5.875, 10.5, 5.75, 10.75], "texture": "#1"}
			}
		},
		{
			"name": "1",
			"from": [9.675, 2.62562, 0.81508],
			"to": [11.025, 5.03812, 2.16508],
			"rotation": {"angle": 22.5, "axis": "x", "origin": [8.25, 7.93535, 3.48418]},
			"faces": {
				"north": {"uv": [1.75, 9.5, 2.125, 10.125], "texture": "#1"},
				"east": {"uv": [9.5, 2, 9.875, 2.625], "texture": "#1"},
				"south": {"uv": [2.25, 9.5, 2.625, 10.125], "texture": "#1"},
				"west": {"uv": [2.75, 9.5, 3.125, 10.125], "texture": "#1"},
				"up": {"uv": [10.375, 5.375, 10, 5], "texture": "#1"},
				"down": {"uv": [10.375, 5.5, 10, 5.875], "texture": "#1"}
			}
		},
		{
			"name": "2",
			"from": [9.7875, 5.58292, 0.03939],
			"to": [10.9125, 6.93292, 2.96439],
			"rotation": {"angle": 0, "axis": "x", "origin": [8.25, 7.93535, 3.48418]},
			"faces": {
				"north": {"uv": [7.5, 10.25, 7.75, 10.625], "texture": "#1"},
				"east": {"uv": [9.25, 5.25, 10, 5.625], "texture": "#1"},
				"south": {"uv": [7.75, 10.25, 8, 10.625], "texture": "#1"},
				"west": {"uv": [9.25, 5.75, 10, 6.125], "texture": "#1"},
				"up": {"uv": [10, 7, 9.75, 6.25], "texture": "#1"},
				"down": {"uv": [6.75, 9.75, 6.5, 10.5], "texture": "#1"}
			}
		},
		{
			"name": "3",
			"from": [9.6625, 5.60062, 3.40258],
			"to": [11.0375, 8.97562, 4.75258],
			"rotation": {"angle": 22.5, "axis": "x", "origin": [8.25, 7.93535, 3.48418]},
			"faces": {
				"north": {"uv": [7.75, 8.75, 8.125, 9.625], "texture": "#1"},
				"east": {"uv": [8.25, 8.75, 8.625, 9.625], "texture": "#1"},
				"south": {"uv": [8.75, 8.75, 9.125, 9.625], "texture": "#1"},
				"west": {"uv": [9, 7.5, 9.375, 8.375], "texture": "#1"},
				"up": {"uv": [10.375, 6.375, 10, 6], "texture": "#1"},
				"down": {"uv": [10.375, 6.5, 10, 6.875], "texture": "#1"}
			}
		},
		{
			"name": "left",
			"from": [-3, 9.75, 3],
			"to": [6, 9.75, 10],
			"rotation": {"angle": 22.5, "axis": "z", "origin": [6, 9.75, -1]},
			"faces": {
				"north": {"uv": [0, 0, 5.25, 2.5], "texture": "#2"},
				"east": {"uv": [0, 0, 5.25, 2.5], "texture": "#2"},
				"south": {"uv": [0, 0, 5.25, 2.5], "texture": "#2"},
				"west": {"uv": [0, 0, 5.25, 2.5], "texture": "#2"},
				"up": {"uv": [5.25, 0, 0, 2.5], "texture": "#2"},
				"down": {"uv": [5.25, 2.5, 0, 0], "texture": "#2"}
			}
		},
		{
			"name": "right",
			"from": [10, 9.75, 3],
			"to": [19, 9.75, 10],
			"rotation": {"angle": -22.5, "axis": "z", "origin": [10, 9.75, -1]},
			"faces": {
				"north": {"uv": [0, 0, 5.25, 2.5], "texture": "#2"},
				"east": {"uv": [0, 0, 5.25, 2.5], "texture": "#2"},
				"south": {"uv": [0, 0, 5.25, 2.5], "texture": "#2"},
				"west": {"uv": [0, 0, 5.25, 2.5], "texture": "#2"},
				"up": {"uv": [0, 0, 5.25, 2.5], "texture": "#2"},
				"down": {"uv": [0, 2.5, 5.25, 0], "texture": "#2"}
			}
		},
		{
			"name": "left",
			"from": [-16, 11, 2],
			"to": [6, 11, 9],
			"rotation": {"angle": 0, "axis": "z", "origin": [6, 11, 3]},
			"faces": {
				"north": {"uv": [0, 0, 5.25, 2.5], "texture": "#2"},
				"east": {"uv": [0, 0, 5.25, 2.5], "texture": "#2"},
				"south": {"uv": [0, 0, 5.25, 2.5], "texture": "#2"},
				"west": {"uv": [0, 0, 5.25, 2.5], "texture": "#2"},
				"up": {"uv": [5.25, 0, 0, 2.5], "texture": "#2"},
				"down": {"uv": [5.25, 2.5, 0, 0], "texture": "#2"}
			}
		},
		{
			"name": "right",
			"from": [10, 11, 2],
			"to": [32, 11, 9],
			"rotation": {"angle": 0, "axis": "z", "origin": [10, 11, 3]},
			"faces": {
				"north": {"uv": [0, 0, 5.25, 2.5], "texture": "#2"},
				"east": {"uv": [0, 0, 5.25, 2.5], "texture": "#2"},
				"south": {"uv": [0, 0, 5.25, 2.5], "texture": "#2"},
				"west": {"uv": [0, 0, 5.25, 2.5], "texture": "#2"},
				"up": {"uv": [0, 0, 5.25, 2.5], "texture": "#2"},
				"down": {"uv": [0, 2.5, 5.25, 0], "texture": "#2"}
			}
		},
		{
			"name": "left",
			"from": [-3, 9.75, 3],
			"to": [6, 9.75, 10],
			"rotation": {"angle": 0, "axis": "z", "origin": [6, 9.75, -1]},
			"faces": {
				"north": {"uv": [10.5, 2.5, 5.25, 5], "texture": "#2"},
				"east": {"uv": [10.5, 2.5, 5.25, 5], "texture": "#2"},
				"south": {"uv": [10.5, 2.5, 5.25, 5], "texture": "#2"},
				"west": {"uv": [10.5, 2.5, 5.25, 5], "texture": "#2"},
				"up": {"uv": [10.5, 2.5, 5.25, 5], "texture": "#2"},
				"down": {"uv": [10.5, 5, 5.25, 2.5], "texture": "#2"}
			}
		},
		{
			"name": "right",
			"from": [10, 9.75, 3],
			"to": [19, 9.75, 10],
			"rotation": {"angle": 0, "axis": "z", "origin": [10, 9.75, -1]},
			"faces": {
				"north": {"uv": [10.5, 2.5, 5.25, 5], "texture": "#2"},
				"east": {"uv": [10.5, 2.5, 5.25, 5], "texture": "#2"},
				"south": {"uv": [10.5, 2.5, 5.25, 5], "texture": "#2"},
				"west": {"uv": [10.5, 2.5, 5.25, 5], "texture": "#2"},
				"up": {"uv": [5.25, 2.5, 10.5, 5], "texture": "#2"},
				"down": {"uv": [5.25, 5, 10.5, 2.5], "texture": "#2"}
			}
		},
		{
			"name": "left",
			"from": [-16, 11, 2],
			"to": [6, 11, 9],
			"rotation": {"angle": -22.5, "axis": "z", "origin": [6, 11, 3]},
			"faces": {
				"north": {"uv": [10.5, 2.5, 5.25, 5], "texture": "#2"},
				"east": {"uv": [10.5, 2.5, 5.25, 5], "texture": "#2"},
				"south": {"uv": [10.5, 2.5, 5.25, 5], "texture": "#2"},
				"west": {"uv": [10.5, 2.5, 5.25, 5], "texture": "#2"},
				"up": {"uv": [10.5, 2.5, 5.25, 5], "texture": "#2"},
				"down": {"uv": [10.5, 5, 5.25, 2.5], "texture": "#2"}
			}
		},
		{
			"name": "right",
			"from": [10, 11, 2],
			"to": [32, 11, 9],
			"rotation": {"angle": 22.5, "axis": "z", "origin": [10, 11, 3]},
			"faces": {
				"north": {"uv": [10.5, 2.5, 5.25, 5], "texture": "#2"},
				"east": {"uv": [10.5, 2.5, 5.25, 5], "texture": "#2"},
				"south": {"uv": [10.5, 2.5, 5.25, 5], "texture": "#2"},
				"west": {"uv": [10.5, 2.5, 5.25, 5], "texture": "#2"},
				"up": {"uv": [5.25, 2.5, 10.5, 5], "texture": "#2"},
				"down": {"uv": [5.25, 5, 10.5, 2.5], "texture": "#2"}
			}
		}
	],
	"display": {
		"thirdperson_righthand": {
			"rotation": [75, 45, 0],
			"translation": [0, 2.5, 0],
			"scale": [0.375, 0.375, 0.375]
		},
		"thirdperson_lefthand": {
			"rotation": [75, 45, 0],
			"translation": [0, 2.5, 0],
			"scale": [0.375, 0.375, 0.375]
		},
		"firstperson_righthand": {
			"rotation": [0, 45, 0],
			"scale": [0.4, 0.4, 0.4]
		},
		"firstperson_lefthand": {
			"rotation": [0, 225, 0],
			"scale": [0.4, 0.4, -0.4]
		},
		"ground": {
			"translation": [0, 2, 0],
			"scale": [0.5, 0.5, 0.5]
		},
		"gui": {
			"rotation": [30, 225, 0],
			"translation": [-0.75, 0.5, 0]
		},
		"head": {
			"rotation": [0, -3, 0],
			"translation": [0.5, -52, 1.75],
			"scale": [2.63, 2.63, 2.63]
		},
		"fixed": {
			"translation": [0, 40.75, 15],
			"scale": [4, 4, 4]
		}
	},
	"groups": [
		{
			"name": "root",
			"origin": [-0.5, 5, 0],
			"color": 0,
			"children": [
				{
					"name": "body",
					"origin": [8, 8, 8],
					"color": 0,
					"children": [
						0,
						{
							"name": "stinger",
							"origin": [0, 0, -0.5],
							"color": 0,
							"children": [1, 2, 3, 4]
						},
						{
							"name": "uppertorso",
							"origin": [8, 2, 8.25],
							"color": 0,
							"children": [5, 6]
						},
						{
							"name": "head",
							"origin": [8, 8, 8],
							"color": 0,
							"children": [7, 8]
						}
					]
				},
				{
					"name": "legs",
					"origin": [-0.5, 5, 0],
					"color": 0,
					"children": [
						{
							"name": "lowerpair",
							"origin": [0, 0, 0],
							"color": 0,
							"children": [
								{
									"name": "left",
									"origin": [0, 0, 0],
									"color": 0,
									"children": [
										{
											"name": "foot",
											"origin": [1, 1, 1],
											"color": 0,
											"children": [9, 10]
										},
										11,
										12,
										13
									]
								},
								{
									"name": "right",
									"origin": [0, 0, 0],
									"color": 0,
									"children": [
										{
											"name": "foot",
											"origin": [1, 1, 1],
											"color": 0,
											"children": [14, 15]
										},
										16,
										17,
										18
									]
								}
							]
						},
						{
							"name": "upperpair",
							"origin": [-0.5, 5, 0],
							"color": 0,
							"children": [
								{
									"name": "middle",
									"origin": [0, 0, 0],
									"color": 0,
									"children": [
										{
											"name": "left",
											"origin": [0, 0, 0],
											"color": 0,
											"children": [19, 20, 21, 22]
										},
										{
											"name": "right",
											"origin": [0, 0, 0],
											"color": 0,
											"children": [23, 24, 25, 26]
										}
									]
								},
								{
									"name": "main",
									"origin": [0, 0, 0],
									"color": 0,
									"children": [
										{
											"name": "left",
											"origin": [0, 0, 0],
											"color": 0,
											"children": [27, 28, 29, 30]
										},
										{
											"name": "right",
											"origin": [0, 0, 0],
											"color": 0,
											"children": [31, 32, 33, 34]
										}
									]
								}
							]
						}
					]
				},
				{
					"name": "wings",
					"origin": [-0.5, 5, 0],
					"color": 0,
					"children": [
						{
							"name": "frame1",
							"origin": [-0.5, 5, 0],
							"color": 0,
							"children": [
								{
									"name": "pair2",
									"origin": [0, 0, 0],
									"color": 0,
									"children": [35, 36]
								},
								{
									"name": "pair1",
									"origin": [0, 0, 0],
									"color": 0,
									"children": [37, 38]
								}
							]
						},
						{
							"name": "frame2",
							"origin": [-0.5, 5, 0],
							"color": 0,
							"children": [
								{
									"name": "pair2",
									"origin": [0, 0, 0],
									"color": 0,
									"children": [39, 40]
								},
								{
									"name": "pair1",
									"origin": [0, 0, 0],
									"color": 0,
									"children": [41, 42]
								}
							]
						}
					]
				}
			]
		}
	]
}