{
	"credit": "Made with Blockbench",
	"texture_size": [64, 64],
	"textures": {
		"1": "krmc:krmc_mobs/olorotitan"
	},
	"elements": [
		{
			"name": "torso_main",
			"from": [4.5, 3.5, 1],
			"to": [11.5, 12.5, 12],
			"rotation": {"angle": 0, "axis": "y", "origin": [0, -1.5, -4]},
			"faces": {
				"north": {"uv": [0, 4.5, 1.75, 6.75], "texture": "#1"},
				"east": {"uv": [0, 0, 2.75, 2.25], "texture": "#1"},
				"south": {"uv": [4.5, 0, 6.25, 2.25], "texture": "#1"},
				"west": {"uv": [0, 2.25, 2.75, 4.5], "texture": "#1"},
				"up": {"uv": [4.5, 2.75, 2.75, 0], "texture": "#1"},
				"down": {"uv": [4.5, 2.75, 2.75, 5.5], "texture": "#1"}
			}
		},
		{
			"name": "torso_main2",
			"from": [5, 4, -5],
			"to": [11, 11.5, 1],
			"rotation": {"angle": 0, "axis": "y", "origin": [0, -1.5, -4]},
			"faces": {
				"north": {"uv": [5.75, 5.75, 7.25, 7.625], "texture": "#1"},
				"east": {"uv": [6.25, 0, 7.75, 1.875], "texture": "#1"},
				"south": {"uv": [6.25, 2, 7.75, 3.875], "texture": "#1"},
				"west": {"uv": [0, 6.75, 1.5, 8.625], "texture": "#1"},
				"up": {"uv": [5.5, 8.75, 4, 7.25], "texture": "#1"},
				"down": {"uv": [8.75, 6, 7.25, 7.5], "texture": "#1"}
			}
		},
		{
			"name": "tail1",
			"from": [5.5, 6.25, 12],
			"to": [10.5, 12.25, 20],
			"rotation": {"angle": 0, "axis": "x", "origin": [8, 12.25, 12]},
			"faces": {
				"north": {"uv": [5.5, 7.75, 6.75, 9.25], "texture": "#1"},
				"east": {"uv": [1.75, 5.5, 3.75, 7], "texture": "#1"},
				"south": {"uv": [8, 7.5, 9.25, 9], "texture": "#1"},
				"west": {"uv": [3.75, 5.75, 5.75, 7.25], "texture": "#1"},
				"up": {"uv": [2.75, 9, 1.5, 7], "texture": "#1"},
				"down": {"uv": [4, 7.25, 2.75, 9.25], "texture": "#1"}
			}
		},
		{
			"name": "tail1",
			"from": [6.5, 8, 20],
			"to": [9.5, 11.5, 31],
			"rotation": {"angle": 0, "axis": "y", "origin": [7.5, 7.25, 11]},
			"faces": {
				"north": {"uv": [8, 11, 8.75, 11.875], "texture": "#1"},
				"east": {"uv": [6.25, 4, 9, 4.875], "texture": "#1"},
				"south": {"uv": [11.25, 0, 12, 0.875], "texture": "#1"},
				"west": {"uv": [7.25, 5, 10, 5.875], "texture": "#1"},
				"up": {"uv": [8, 10.25, 7.25, 7.5], "texture": "#1"},
				"down": {"uv": [8.5, 0, 7.75, 2.75], "texture": "#1"}
			}
		},
		{
			"name": "leg",
			"from": [9.75, -2.5, -3],
			"to": [12.25, 6.5, -0.5],
			"rotation": {"angle": 0, "axis": "y", "origin": [-0.25, -1.5, -3]},
			"faces": {
				"north": {"uv": [9.25, 6, 9.875, 8.25], "texture": "#1"},
				"east": {"uv": [9.5, 8.25, 10.125, 10.5], "texture": "#1"},
				"south": {"uv": [9.75, 0, 10.375, 2.25], "texture": "#1"},
				"west": {"uv": [9.75, 2.25, 10.375, 4.5], "texture": "#1"},
				"up": {"uv": [9.375, 11.875, 8.75, 11.25], "texture": "#1"},
				"down": {"uv": [11.625, 11.25, 11, 11.875], "texture": "#1"}
			}
		},
		{
			"name": "leg",
			"from": [3.75, -2.5, -3],
			"to": [6.25, 6.5, -0.5],
			"rotation": {"angle": 0, "axis": "y", "origin": [16.25, -1.5, -3]},
			"faces": {
				"north": {"uv": [8.75, 9, 9.375, 11.25], "texture": "#1"},
				"east": {"uv": [2.75, 9.25, 3.375, 11.5], "texture": "#1"},
				"south": {"uv": [5.25, 9.25, 5.875, 11.5], "texture": "#1"},
				"west": {"uv": [6, 9.25, 6.625, 11.5], "texture": "#1"},
				"up": {"uv": [11.875, 3.125, 11.25, 2.5], "texture": "#1"},
				"down": {"uv": [11.875, 7, 11.25, 7.625], "texture": "#1"}
			}
		},
		{
			"name": "toes",
			"from": [2.25, -2.5, 6],
			"to": [5.25, -1.5, 11],
			"rotation": {"angle": 0, "axis": "y", "origin": [-1.25, 8.5, 8]},
			"faces": {
				"north": {"uv": [3.75, 5.5, 4.5, 5.75], "texture": "#1"},
				"east": {"uv": [11.5, 8.5, 12.75, 8.75], "texture": "#1"},
				"south": {"uv": [7.75, 2.75, 8.5, 3], "texture": "#1"},
				"west": {"uv": [11.5, 8.75, 12.75, 9], "texture": "#1"},
				"up": {"uv": [11, 10.25, 10.25, 9], "texture": "#1"},
				"down": {"uv": [11, 10.25, 10.25, 11.5], "texture": "#1"}
			}
		},
		{
			"name": "lower_leg",
			"from": [2.75, -1.5, 8],
			"to": [4.75, 5.75, 11],
			"rotation": {"angle": 0, "axis": "y", "origin": [-1.25, 8.5, 8]},
			"faces": {
				"north": {"uv": [6.75, 7.75, 7.25, 9.625], "texture": "#1"},
				"east": {"uv": [1.25, 9, 2, 10.875], "texture": "#1"},
				"south": {"uv": [0.75, 10.25, 1.25, 12.125], "texture": "#1"},
				"west": {"uv": [2, 9, 2.75, 10.875], "texture": "#1"},
				"up": {"uv": [6, 12.25, 5.5, 11.5], "texture": "#1"},
				"down": {"uv": [6.5, 11.5, 6, 12.25], "texture": "#1"}
			}
		},
		{
			"name": "upper_leg",
			"from": [2.25, 4.5, 5.5],
			"to": [5.25, 10.5, 10.25],
			"rotation": {"angle": 0, "axis": "y", "origin": [-1.25, 8.5, 8]},
			"faces": {
				"north": {"uv": [0, 10.25, 0.75, 11.75], "texture": "#1"},
				"east": {"uv": [8.5, 0, 9.75, 1.5], "texture": "#1"},
				"south": {"uv": [3.5, 10.25, 4.25, 11.75], "texture": "#1"},
				"west": {"uv": [8.5, 1.5, 9.75, 3], "texture": "#1"},
				"up": {"uv": [11.25, 1.25, 10.5, 0], "texture": "#1"},
				"down": {"uv": [11.25, 1.25, 10.5, 2.5], "texture": "#1"}
			}
		},
		{
			"name": "toes",
			"from": [10.75, -2.5, 6],
			"to": [13.75, -1.5, 11],
			"rotation": {"angle": 0, "axis": "y", "origin": [-1.25, 8.5, 8]},
			"faces": {
				"north": {"uv": [11.75, 11.25, 12.5, 11.5], "texture": "#1"},
				"east": {"uv": [3.25, 11.75, 4.5, 12], "texture": "#1"},
				"south": {"uv": [11.75, 11.5, 12.5, 11.75], "texture": "#1"},
				"west": {"uv": [11.75, 3.75, 13, 4], "texture": "#1"},
				"up": {"uv": [11.25, 3.75, 10.5, 2.5], "texture": "#1"},
				"down": {"uv": [10.25, 10.5, 9.5, 11.75], "texture": "#1"}
			}
		},
		{
			"name": "lower_leg",
			"from": [11.25, -1.5, 8],
			"to": [13.25, 5.75, 11],
			"rotation": {"angle": 0, "axis": "y", "origin": [-1.25, 8.5, 8]},
			"faces": {
				"north": {"uv": [7.5, 10.25, 8, 12.125], "texture": "#1"},
				"east": {"uv": [9, 3, 9.75, 4.875], "texture": "#1"},
				"south": {"uv": [1.25, 11, 1.75, 12.875], "texture": "#1"},
				"west": {"uv": [8, 9, 8.75, 10.875], "texture": "#1"},
				"up": {"uv": [12, 8.5, 11.5, 7.75], "texture": "#1"},
				"down": {"uv": [10.75, 11.5, 10.25, 12.25], "texture": "#1"}
			}
		},
		{
			"name": "upper_leg",
			"from": [10.75, 4.5, 5.5],
			"to": [13.75, 10.5, 10.25],
			"rotation": {"angle": 0, "axis": "y", "origin": [-1.25, 8.5, 8]},
			"faces": {
				"north": {"uv": [4.25, 10.25, 5, 11.75], "texture": "#1"},
				"east": {"uv": [0, 8.75, 1.25, 10.25], "texture": "#1"},
				"south": {"uv": [6.75, 10.25, 7.5, 11.75], "texture": "#1"},
				"west": {"uv": [4, 8.75, 5.25, 10.25], "texture": "#1"},
				"up": {"uv": [2.5, 12.25, 1.75, 11], "texture": "#1"},
				"down": {"uv": [11.75, 3.75, 11, 5], "texture": "#1"}
			}
		},
		{
			"name": "neck",
			"from": [6, 4.73044, -8.84149],
			"to": [10, 7.98044, -4.34149],
			"rotation": {"angle": 22.5, "axis": "x", "origin": [8, 5.98044, -4.84149]},
			"faces": {
				"north": {"uv": [11, 5, 12, 5.875], "texture": "#1"},
				"east": {"uv": [10, 7, 11.125, 7.875], "texture": "#1"},
				"south": {"uv": [11, 6, 12, 6.875], "texture": "#1"},
				"west": {"uv": [10.25, 8, 11.375, 8.875], "texture": "#1"},
				"up": {"uv": [11, 5.625, 10, 4.5], "texture": "#1"},
				"down": {"uv": [11, 5.75, 10, 6.875], "texture": "#1"}
			}
		},
		{
			"from": [5.95, 6.44616, -11.59298],
			"to": [10.05, 9.44616, -7.59298],
			"rotation": {"angle": 0, "axis": "x", "origin": [8, 5.98044, -4.84149]},
			"faces": {
				"north": {"uv": [6.25, 5, 7.25, 5.75], "texture": "#1"},
				"east": {"uv": [11, 9, 12, 9.75], "texture": "#1"},
				"south": {"uv": [11, 9.75, 12, 10.5], "texture": "#1"},
				"west": {"uv": [11, 10.5, 12, 11.25], "texture": "#1"},
				"up": {"uv": [2.75, 5.5, 1.75, 4.5], "texture": "#1"},
				"down": {"uv": [8.75, 3, 7.75, 4], "texture": "#1"}
			}
		},
		{
			"from": [8, 8.86873, -12.71861],
			"to": [8, 15.61873, -5.96861],
			"rotation": {"angle": -22.5, "axis": "x", "origin": [8, 12.24373, -9.34361]},
			"faces": {
				"north": {"uv": [0, 0, 0, 1.75], "texture": "#1"},
				"east": {"uv": [6.25, 4, 4.5, 5.75], "texture": "#1"},
				"south": {"uv": [0, 0, 0, 1.75], "texture": "#1"},
				"west": {"uv": [4.5, 4, 6.25, 5.75], "texture": "#1"},
				"up": {"uv": [0, 1.75, 0, 0], "texture": "#1"},
				"down": {"uv": [0, 0, 0, 1.75], "texture": "#1"}
			}
		},
		{
			"from": [7, 6.44616, -15.09298],
			"to": [9, 7.14616, -11.59298],
			"rotation": {"angle": 0, "axis": "x", "origin": [8, 7.22116, -11.54298]},
			"faces": {
				"north": {"uv": [4.5, 11.75, 5, 12], "texture": "#1"},
				"east": {"uv": [2.75, 7, 3.625, 7.25], "texture": "#1"},
				"south": {"uv": [11.75, 11.75, 12.25, 12], "texture": "#1"},
				"west": {"uv": [11.75, 4.75, 12.625, 5], "texture": "#1"},
				"up": {"uv": [9.25, 6.875, 8.75, 6], "texture": "#1"},
				"down": {"uv": [4, 9.25, 3.5, 10.125], "texture": "#1"}
			}
		},
		{
			"from": [7, 7.19616, -14.59298],
			"to": [9, 8.94616, -11.59298],
			"rotation": {"angle": 0, "axis": "x", "origin": [8, 5.98044, -4.84149]},
			"faces": {
				"north": {"uv": [8.75, 7, 9.25, 7.5], "texture": "#1"},
				"east": {"uv": [11.25, 3.25, 12, 3.75], "texture": "#1"},
				"south": {"uv": [6.75, 9.75, 7.25, 10.25], "texture": "#1"},
				"west": {"uv": [2.5, 11.5, 3.25, 12], "texture": "#1"},
				"up": {"uv": [11, 4.5, 10.5, 3.75], "texture": "#1"},
				"down": {"uv": [5.5, 11.5, 5, 12.25], "texture": "#1"}
			}
		},
		{
			"from": [6.75, 6.84616, -15.42388],
			"to": [9.25, 8.54616, -13.82388],
			"rotation": {"angle": 0, "axis": "x", "origin": [8, 5.98044, -4.84149]},
			"faces": {
				"north": {"uv": [11.25, 1, 11.875, 1.625], "texture": "#1"},
				"east": {"uv": [0, 11.75, 0.375, 12.375], "texture": "#1"},
				"south": {"uv": [11.25, 1.75, 11.875, 2.375], "texture": "#1"},
				"west": {"uv": [11.75, 4, 12.125, 4.625], "texture": "#1"},
				"up": {"uv": [7.125, 12.125, 6.5, 11.75], "texture": "#1"},
				"down": {"uv": [10.125, 11.75, 9.5, 12.125], "texture": "#1"}
			}
		}
	],
	"display": {
		"gui": {
			"rotation": [30, 225, 0],
			"translation": [1, 4.5, 0]
		},
		"head": {
			"translation": [0, -72.5, 8.25],
			"scale": [4, 4, 4]
		},
		"fixed": {
			"translation": [0, 48, 45.25],
			"scale": [4, 4, 4]
		}
	},
	"groups": [
		{
			"name": "root",
			"origin": [8, 8, 8],
			"color": 0,
			"children": [
				{
					"name": "torso",
					"origin": [8, 8, 8],
					"color": 0,
					"children": [
						0,
						1,
						{
							"name": "tail",
							"origin": [8, 8, 8],
							"color": 1,
							"children": [2, 3]
						}
					]
				},
				{
					"name": "limbs",
					"origin": [-1.25, 11, 8],
					"color": 0,
					"children": [
						{
							"name": "arms",
							"origin": [8, 8, 8],
							"color": 0,
							"children": [
								{
									"name": "arm2",
									"origin": [8, 8, 8],
									"color": 6,
									"children": [4]
								},
								{
									"name": "arm1",
									"origin": [8, 8, 8],
									"color": 6,
									"children": [5]
								}
							]
						},
						{
							"name": "legs",
							"origin": [8, 8, 8],
							"color": 0,
							"children": [
								{
									"name": "1",
									"origin": [8, 8, 8],
									"color": 2,
									"children": [6, 7, 8]
								},
								{
									"name": "2",
									"origin": [8, 8, 8],
									"color": 2,
									"children": [9, 10, 11]
								}
							]
						}
					]
				},
				{
					"name": "head",
					"origin": [8, 8, 8],
					"color": 0,
					"children": [
						{
							"name": "neck",
							"origin": [8, 8, 8],
							"color": 7,
							"children": [12]
						},
						{
							"name": "skull",
							"origin": [8, 8, 8],
							"color": 8,
							"children": [
								13,
								{
									"name": "crest",
									"origin": [9.425, 10.05, -12.625],
									"color": 0,
									"children": [14]
								},
								15,
								16,
								17
							]
						}
					]
				}
			]
		}
	]
}