{
	"credit": "Made with Blockbench",
	"texture_size": [64, 64],
	"textures": {
		"2": "krmc:krmc_mobs/shimo",
		"particle": "krmc:krmc_mobs/shimo"
	},
	"elements": [
		{
			"name": "body_main",
			"from": [5, 8.04616, -0.2542],
			"to": [11, 14.29616, 11.6958],
			"rotation": {"angle": 22.5, "axis": "x", "origin": [8, 11.92116, 6.3208]},
			"faces": {
				"north": {"uv": [9.25, 4, 10.75, 5.5], "texture": "#2"},
				"east": {"uv": [5, 4.5, 8, 6], "texture": "#2"},
				"south": {"uv": [9.5, 0, 11, 1.5], "texture": "#2"},
				"west": {"uv": [5, 6, 8, 7.5], "texture": "#2"},
				"up": {"uv": [1.5, 10, 0, 7], "texture": "#2"},
				"down": {"uv": [3, 7, 1.5, 10], "texture": "#2"}
			}
		},
		{
			"name": "body_secondary",
			"from": [4.875, 8.47602, -7.40606],
			"to": [11.125, 16.97602, 1.09394],
			"rotation": {"angle": 0, "axis": "x", "origin": [8, 9.81794, 5.77318]},
			"faces": {
				"north": {"uv": [3, 7, 4.5, 9.25], "texture": "#2"},
				"east": {"uv": [5, 0, 7.25, 2.25], "texture": "#2"},
				"south": {"uv": [4.5, 7.5, 6, 9.75], "texture": "#2"},
				"west": {"uv": [5, 2.25, 7.25, 4.5], "texture": "#2"},
				"up": {"uv": [7.5, 9.75, 6, 7.5], "texture": "#2"},
				"down": {"uv": [9, 7.5, 7.5, 9.75], "texture": "#2"}
			}
		},
		{
			"name": "spikes",
			"from": [8, 11.47602, -7.40606],
			"to": [8, 24.97602, 12.09394],
			"rotation": {"angle": 0, "axis": "z", "origin": [8, 11.22602, 2.34394]},
			"faces": {
				"north": {"uv": [0, 0, 0, 3.5], "texture": "#2"},
				"east": {"uv": [0, 3.5, 5, 7], "texture": "#2"},
				"south": {"uv": [0, 0, 0, 3.5], "texture": "#2"},
				"west": {"uv": [5, 3.5, 0, 7], "texture": "#2"},
				"up": {"uv": [0, 5, 0, 0], "texture": "#2"},
				"down": {"uv": [0, 0, 0, 5], "texture": "#2"}
			}
		},
		{
			"name": "spikes1",
			"from": [8, 10.47602, -6.40606],
			"to": [8, 23.97602, 13.09394],
			"rotation": {"angle": -22.5, "axis": "z", "origin": [8, 10.22602, 3.34394]},
			"faces": {
				"north": {"uv": [0, 0, 0, 3.5], "texture": "#2"},
				"east": {"uv": [0, 3.5, 5, 7], "texture": "#2"},
				"south": {"uv": [0, 0, 0, 3.5], "texture": "#2"},
				"west": {"uv": [5, 3.5, 0, 7], "texture": "#2"},
				"up": {"uv": [0, 5, 0, 0], "texture": "#2"},
				"down": {"uv": [0, 0, 0, 5], "texture": "#2"}
			}
		},
		{
			"name": "spikes2",
			"from": [8, 10.47602, -6.40606],
			"to": [8, 23.97602, 13.09394],
			"rotation": {"angle": 22.5, "axis": "z", "origin": [8, 10.22602, 3.34394]},
			"faces": {
				"north": {"uv": [0, 0, 0, 3.5], "texture": "#2"},
				"east": {"uv": [0, 3.5, 5, 7], "texture": "#2"},
				"south": {"uv": [0, 0, 0, 3.5], "texture": "#2"},
				"west": {"uv": [5, 3.5, 0, 7], "texture": "#2"},
				"up": {"uv": [0, 5, 0, 0], "texture": "#2"},
				"down": {"uv": [0, 0, 0, 5], "texture": "#2"}
			}
		},
		{
			"name": "tailbase",
			"from": [5.75, 3.36051, 10.27759],
			"to": [10.25, 7.86051, 15.52759],
			"rotation": {"angle": 22.5, "axis": "x", "origin": [8, 6.2107, 20.72259]},
			"faces": {
				"north": {"uv": [4.25, 9.75, 5.5, 11], "texture": "#2"},
				"east": {"uv": [5.5, 9.75, 6.75, 11], "texture": "#2"},
				"south": {"uv": [6.75, 9.75, 8, 11], "texture": "#2"},
				"west": {"uv": [0, 10, 1.25, 11.25], "texture": "#2"},
				"up": {"uv": [2.5, 11.25, 1.25, 10], "texture": "#2"},
				"down": {"uv": [9.25, 10, 8, 11.25], "texture": "#2"}
			}
		},
		{
			"name": "tailmiddle",
			"from": [6.3125, 5.58002, 14.85147],
			"to": [9.6875, 8.95502, 21.10147],
			"rotation": {"angle": 0, "axis": "x", "origin": [8, 7.26752, 18.47647]},
			"faces": {
				"north": {"uv": [13.25, 3.25, 14, 4], "texture": "#2"},
				"east": {"uv": [11.75, 7, 13.25, 7.75], "texture": "#2"},
				"south": {"uv": [13.25, 11, 14, 11.75], "texture": "#2"},
				"west": {"uv": [11.75, 7.75, 13.25, 8.5], "texture": "#2"},
				"up": {"uv": [12.5, 10, 11.75, 8.5], "texture": "#2"},
				"down": {"uv": [12.5, 10, 11.75, 11.5], "texture": "#2"}
			}
		},
		{
			"name": "tailtip",
			"from": [6.78125, 7.29108, 20.22426],
			"to": [9.21875, 9.91608, 25.97426],
			"rotation": {"angle": -22.5, "axis": "x", "origin": [8, 8.60358, 23.72426]},
			"faces": {
				"north": {"uv": [8.75, 11.25, 9.25, 12], "texture": "#2"},
				"east": {"uv": [11.75, 11.5, 13.25, 12.25], "texture": "#2"},
				"south": {"uv": [6.75, 13.75, 7.25, 14.5], "texture": "#2"},
				"west": {"uv": [12, 1.5, 13.5, 2.25], "texture": "#2"},
				"up": {"uv": [6.25, 14.25, 5.75, 12.75], "texture": "#2"},
				"down": {"uv": [6.75, 12.75, 6.25, 14.25], "texture": "#2"}
			}
		},
		{
			"name": "tailtip1",
			"from": [6.96875, 7.66671, 27.62664],
			"to": [9.03125, 16.06264, 29.78289],
			"rotation": {"angle": 45, "axis": "x", "origin": [8, 12.36467, 28.70476]},
			"faces": {
				"north": {"uv": [3.75, 11.25, 4.25, 13.25], "texture": "#2"},
				"east": {"uv": [12.25, 2.25, 12.75, 4.25], "texture": "#2"},
				"south": {"uv": [11.75, 12.25, 12.25, 14.25], "texture": "#2"},
				"west": {"uv": [12.25, 12.25, 12.75, 14.25], "texture": "#2"},
				"up": {"uv": [5, 7.5, 4.5, 7], "texture": "#2"},
				"down": {"uv": [10.75, 3.5, 10.25, 4], "texture": "#2"}
			}
		},
		{
			"name": "thagomizer",
			"from": [3.46875, 9.66671, 28.78289],
			"to": [12.53125, 18.06264, 28.78289],
			"rotation": {"angle": 45, "axis": "x", "origin": [8.5, 12.36467, 28.70476]},
			"faces": {
				"north": {"uv": [7.25, 0, 9.5, 2], "texture": "#2"},
				"east": {"uv": [0, 0, 0, 2], "texture": "#2"},
				"south": {"uv": [9.5, 0, 7.25, 2], "texture": "#2"},
				"west": {"uv": [0, 0, 0, 2], "texture": "#2"},
				"up": {"uv": [2.25, 0, 0, 0], "texture": "#2"},
				"down": {"uv": [2.25, 0, 0, 0], "texture": "#2"}
			}
		},
		{
			"name": "neck",
			"from": [6.51075, 13.24665, -10.75633],
			"to": [9.48925, 17.49015, -3.96883],
			"rotation": {"angle": 45, "axis": "x", "origin": [8, 15.61083, -11.24485]},
			"faces": {
				"north": {"uv": [6.75, 12.75, 7.5, 13.75], "texture": "#2"},
				"east": {"uv": [9.5, 1.5, 11.25, 2.5], "texture": "#2"},
				"south": {"uv": [12.75, 12.25, 13.5, 13.25], "texture": "#2"},
				"west": {"uv": [9.5, 2.5, 11.25, 3.5], "texture": "#2"},
				"up": {"uv": [5, 12.75, 4.25, 11], "texture": "#2"},
				"down": {"uv": [5.75, 11, 5, 12.75], "texture": "#2"}
			}
		},
		{
			"name": "1",
			"from": [6.54015, 16.71166, -11.27099],
			"to": [7.40265, 17.57416, -8.39599],
			"rotation": {"angle": -22.5, "axis": "y", "origin": [8, 15.61083, -11.24485]},
			"faces": {
				"north": {"uv": [10.25, 14.5, 10.5, 14.75], "texture": "#2"},
				"east": {"uv": [12.75, 1.25, 13.5, 1.5], "texture": "#2"},
				"south": {"uv": [10.25, 14.5, 10.5, 14.75], "texture": "#2"},
				"west": {"uv": [12.75, 1.25, 13.5, 1.5], "texture": "#2"},
				"up": {"uv": [12.75, 1.25, 13.5, 1.5], "rotation": 90, "texture": "#2"},
				"down": {"uv": [12.75, 1.25, 13.5, 1.5], "rotation": 90, "texture": "#2"}
			}
		},
		{
			"name": "2",
			"from": [8.59735, 16.71166, -11.27099],
			"to": [9.45985, 17.57416, -8.39599],
			"rotation": {"angle": 22.5, "axis": "y", "origin": [8, 15.61083, -11.24485]},
			"faces": {
				"north": {"uv": [10.25, 14.5, 10.5, 14.75], "texture": "#2"},
				"east": {"uv": [12.75, 1.25, 13.5, 1.5], "texture": "#2"},
				"south": {"uv": [10.25, 14.5, 10.5, 14.75], "texture": "#2"},
				"west": {"uv": [12.75, 1.25, 13.5, 1.5], "texture": "#2"},
				"up": {"uv": [12.75, 1.25, 13.5, 1.5], "rotation": 90, "texture": "#2"},
				"down": {"uv": [12.75, 1.25, 13.5, 1.5], "rotation": 90, "texture": "#2"}
			}
		},
		{
			"name": "3",
			"from": [7.07138, 16.99916, -10.34104],
			"to": [7.93388, 17.86166, -7.46604],
			"rotation": {"angle": -22.5, "axis": "y", "origin": [8, 15.61083, -11.24485]},
			"faces": {
				"north": {"uv": [10.25, 14.5, 10.5, 14.75], "texture": "#2"},
				"east": {"uv": [12.75, 1.25, 13.5, 1.5], "texture": "#2"},
				"south": {"uv": [10.25, 14.5, 10.5, 14.75], "texture": "#2"},
				"west": {"uv": [12.75, 1.25, 13.5, 1.5], "texture": "#2"},
				"up": {"uv": [12.75, 1.25, 13.5, 1.5], "rotation": 90, "texture": "#2"},
				"down": {"uv": [12.75, 1.25, 13.5, 1.5], "rotation": 90, "texture": "#2"}
			}
		},
		{
			"name": "4",
			"from": [8.06612, 16.99916, -10.34104],
			"to": [8.92862, 17.86166, -7.46604],
			"rotation": {"angle": 22.5, "axis": "y", "origin": [8, 15.61083, -11.24485]},
			"faces": {
				"north": {"uv": [10.25, 14.5, 10.5, 14.75], "texture": "#2"},
				"east": {"uv": [12.75, 1.25, 13.5, 1.5], "texture": "#2"},
				"south": {"uv": [10.25, 14.5, 10.5, 14.75], "texture": "#2"},
				"west": {"uv": [12.75, 1.25, 13.5, 1.5], "texture": "#2"},
				"up": {"uv": [12.75, 1.25, 13.5, 1.5], "rotation": 90, "texture": "#2"},
				"down": {"uv": [12.75, 1.25, 13.5, 1.5], "rotation": 90, "texture": "#2"}
			}
		},
		{
			"name": "5",
			"from": [6.75915, 17.28666, -10.62205],
			"to": [7.62165, 18.14916, -7.74705],
			"rotation": {"angle": 0, "axis": "y", "origin": [8, 15.61083, -11.24485]},
			"faces": {
				"north": {"uv": [10.25, 14.5, 10.5, 14.75], "texture": "#2"},
				"east": {"uv": [12.75, 1.25, 13.5, 1.5], "texture": "#2"},
				"south": {"uv": [10.25, 14.5, 10.5, 14.75], "texture": "#2"},
				"west": {"uv": [12.75, 1.25, 13.5, 1.5], "texture": "#2"},
				"up": {"uv": [12.75, 1.25, 13.5, 1.5], "rotation": 90, "texture": "#2"},
				"down": {"uv": [12.75, 1.25, 13.5, 1.5], "rotation": 90, "texture": "#2"}
			}
		},
		{
			"name": "6",
			"from": [8.37835, 17.28666, -10.62205],
			"to": [9.24085, 18.14916, -7.74705],
			"rotation": {"angle": 0, "axis": "y", "origin": [8, 15.61083, -11.24485]},
			"faces": {
				"north": {"uv": [10.25, 14.5, 10.5, 14.75], "texture": "#2"},
				"east": {"uv": [12.75, 1.25, 13.5, 1.5], "texture": "#2"},
				"south": {"uv": [10.25, 14.5, 10.5, 14.75], "texture": "#2"},
				"west": {"uv": [12.75, 1.25, 13.5, 1.5], "texture": "#2"},
				"up": {"uv": [12.75, 1.25, 13.5, 1.5], "rotation": 90, "texture": "#2"},
				"down": {"uv": [12.75, 1.25, 13.5, 1.5], "rotation": 90, "texture": "#2"}
			}
		},
		{
			"name": "7",
			"from": [7.51585, 17.40166, -10.50705],
			"to": [8.37835, 18.26416, -6.94205],
			"rotation": {"angle": 0, "axis": "y", "origin": [8, 15.61083, -11.24485]},
			"faces": {
				"north": {"uv": [10.25, 14.5, 10.5, 14.75], "texture": "#2"},
				"east": {"uv": [12.75, 1.25, 13.5, 1.5], "texture": "#2"},
				"south": {"uv": [10.25, 14.5, 10.5, 14.75], "texture": "#2"},
				"west": {"uv": [12.75, 1.25, 13.5, 1.5], "texture": "#2"},
				"up": {"uv": [12.75, 1.25, 13.5, 1.5], "rotation": 90, "texture": "#2"},
				"down": {"uv": [12.75, 1.25, 13.5, 1.5], "rotation": 90, "texture": "#2"}
			}
		},
		{
			"name": "brow",
			"from": [6.36585, 16.8788, -13.72838],
			"to": [9.63415, 17.7942, -9.54008],
			"rotation": {"angle": -22.5, "axis": "x", "origin": [8, 15.61083, -11.24485]},
			"faces": {
				"north": {"uv": [10, 14.25, 10.75, 14.5], "texture": "#2"},
				"east": {"uv": [14, 11.5, 15, 11.75], "texture": "#2"},
				"south": {"uv": [11.75, 14.25, 12.5, 14.5], "texture": "#2"},
				"west": {"uv": [14, 11.75, 15, 12], "texture": "#2"},
				"up": {"uv": [0.75, 14, 0, 13], "texture": "#2"},
				"down": {"uv": [1.5, 13, 0.75, 14], "texture": "#2"}
			}
		},
		{
			"name": "base",
			"from": [6.505, 12.90537, -12.56059],
			"to": [9.495, 16.95797, -9.84027],
			"rotation": {"angle": 0, "axis": "x", "origin": [8, 15.61083, -11.24485]},
			"faces": {
				"north": {"uv": [1.5, 13, 2.25, 14], "texture": "#2"},
				"east": {"uv": [2.25, 13, 3, 14], "texture": "#2"},
				"south": {"uv": [3, 13, 3.75, 14], "texture": "#2"},
				"west": {"uv": [13, 4, 13.75, 5], "texture": "#2"},
				"up": {"uv": [13.5, 14, 12.75, 13.25], "texture": "#2"},
				"down": {"uv": [14.25, 0, 13.5, 0.75], "texture": "#2"}
			}
		},
		{
			"name": "lowerjaw",
			"from": [6.85, 12.89195, -15.76829],
			"to": [9.15, 13.88555, -12.54829],
			"rotation": {"angle": 0, "axis": "x", "origin": [8, 15.61083, -11.24485]},
			"faces": {
				"north": {"uv": [2.5, 11, 3, 11.25], "texture": "#2"},
				"east": {"uv": [14.25, 13.5, 15, 13.75], "texture": "#2"},
				"south": {"uv": [7.5, 12.75, 8, 13], "texture": "#2"},
				"west": {"uv": [14.25, 13.75, 15, 14], "texture": "#2"},
				"up": {"uv": [14, 14.5, 13.5, 13.75], "texture": "#2"},
				"down": {"uv": [0.5, 14, 0, 14.75], "texture": "#2"}
			}
		},
		{
			"name": "upperjaw",
			"from": [6.85, 13.89897, -15.82889],
			"to": [9.15, 16.77397, -12.49389],
			"rotation": {"angle": 0, "axis": "x", "origin": [8, 15.61083, -11.24485]},
			"faces": {
				"north": {"uv": [0.5, 14, 1, 14.75], "texture": "#2"},
				"east": {"uv": [13.5, 0.75, 14.25, 1.5], "texture": "#2"},
				"south": {"uv": [1, 14, 1.5, 14.75], "texture": "#2"},
				"west": {"uv": [13.5, 1.5, 14.25, 2.25], "texture": "#2"},
				"up": {"uv": [2, 14.75, 1.5, 14], "texture": "#2"},
				"down": {"uv": [2.5, 14, 2, 14.75], "texture": "#2"}
			}
		},
		{
			"name": "base",
			"from": [2.71286, 6.67825, -6.4567],
			"to": [5.83786, 14.92825, -1.0817],
			"rotation": {"angle": 0, "axis": "x", "origin": [9.75, 7.81794, 2.27318]},
			"faces": {
				"north": {"uv": [9.25, 10, 10, 12], "texture": "#2"},
				"east": {"uv": [8, 4, 9.25, 6], "texture": "#2"},
				"south": {"uv": [10, 10, 10.75, 12], "texture": "#2"},
				"west": {"uv": [9, 6, 10.25, 8], "texture": "#2"},
				"up": {"uv": [13, 5.5, 12.25, 4.25], "texture": "#2"},
				"down": {"uv": [13.25, 8.5, 12.5, 9.75], "texture": "#2"}
			}
		},
		{
			"name": "base1",
			"from": [3.0625, -2.3421, -3.45532],
			"to": [5.3125, 4.9079, -0.20532],
			"rotation": {"angle": 22.5, "axis": "x", "origin": [8.5, 7.81794, 4.27318]},
			"faces": {
				"north": {"uv": [12.75, 2.25, 13.25, 4], "texture": "#2"},
				"east": {"uv": [5.75, 11, 6.5, 12.75], "texture": "#2"},
				"south": {"uv": [4.25, 12.75, 4.75, 14.5], "texture": "#2"},
				"west": {"uv": [6.5, 11, 7.25, 12.75], "texture": "#2"},
				"up": {"uv": [14.5, 3, 14, 2.25], "texture": "#2"},
				"down": {"uv": [3, 14, 2.5, 14.75], "texture": "#2"}
			}
		},
		{
			"name": "hand",
			"from": [3.4375, 1.90585, -8.20951],
			"to": [4.9375, 2.90585, -3.70951],
			"rotation": {"angle": -22.5, "axis": "x", "origin": [4.1875, 2.03085, -4.95951]},
			"faces": {
				"north": {"uv": [6.75, 14.5, 7.25, 14.75], "texture": "#2"},
				"east": {"uv": [14, 12, 15, 12.25], "texture": "#2"},
				"south": {"uv": [14.5, 7, 15, 7.25], "texture": "#2"},
				"west": {"uv": [14, 12.25, 15, 12.5], "texture": "#2"},
				"up": {"uv": [3, 11, 2.5, 10], "texture": "#2"},
				"down": {"uv": [10.75, 9, 10.25, 10], "texture": "#2"}
			}
		},
		{
			"name": "hand",
			"from": [2.9375, 0.05585, -9.65951],
			"to": [5.4375, 1.30585, -3.05951],
			"rotation": {"angle": 0, "axis": "x", "origin": [4.1875, 1.18085, -3.80951]},
			"faces": {
				"north": {"uv": [14, 14.25, 14.75, 14.5], "texture": "#2"},
				"east": {"uv": [13.75, 6, 15.5, 6.25], "texture": "#2"},
				"south": {"uv": [14.25, 14, 15, 14.25], "texture": "#2"},
				"west": {"uv": [13.75, 6.25, 15.5, 6.5], "texture": "#2"},
				"up": {"uv": [11.75, 8.75, 11, 7], "texture": "#2"},
				"down": {"uv": [8, 11, 7.25, 12.75], "texture": "#2"}
			}
		},
		{
			"name": "thigh",
			"from": [2.53625, 6.79708, 6.08113],
			"to": [5.75375, 12.30458, 10.04614],
			"rotation": {"angle": 0, "axis": "x", "origin": [4.145, 9.92583, 7.93863]},
			"faces": {
				"north": {"uv": [8.75, 12, 9.5, 13.5], "texture": "#2"},
				"east": {"uv": [8, 6, 9, 7.5], "texture": "#2"},
				"south": {"uv": [9.5, 12, 10.25, 13.5], "texture": "#2"},
				"west": {"uv": [10.25, 5.5, 11.25, 7], "texture": "#2"},
				"up": {"uv": [13.75, 6, 13, 5], "texture": "#2"},
				"down": {"uv": [13.75, 6, 13, 7], "texture": "#2"}
			}
		},
		{
			"name": "shin",
			"from": [2.5775, 3.9532, 5.90325],
			"to": [5.5475, 7.2457, 12.61825],
			"rotation": {"angle": 45, "axis": "x", "origin": [4.0625, 5.09945, 9.38575]},
			"faces": {
				"north": {"uv": [8.25, 13.5, 9, 14.25], "texture": "#2"},
				"east": {"uv": [11, 0, 12.75, 0.75], "texture": "#2"},
				"south": {"uv": [9, 13.5, 9.75, 14.25], "texture": "#2"},
				"west": {"uv": [11, 0.75, 12.75, 1.5], "texture": "#2"},
				"up": {"uv": [0.75, 13, 0, 11.25], "texture": "#2"},
				"down": {"uv": [1.5, 11.25, 0.75, 13], "texture": "#2"}
			}
		},
		{
			"name": "foot_main",
			"from": [3.34062, 0.18252, 12.03245],
			"to": [4.94938, 4.14252, 14.67745],
			"rotation": {"angle": 22.5, "axis": "x", "origin": [8, 8.81794, 13.02318]},
			"faces": {
				"north": {"uv": [3.75, 13.25, 4.25, 14.25], "texture": "#2"},
				"east": {"uv": [7.5, 13, 8.25, 14], "texture": "#2"},
				"south": {"uv": [11.25, 13.5, 11.75, 14.5], "texture": "#2"},
				"west": {"uv": [13.25, 2.25, 14, 3.25], "texture": "#2"},
				"up": {"uv": [3.5, 14.75, 3, 14], "texture": "#2"},
				"down": {"uv": [14.5, 3, 14, 3.75], "texture": "#2"}
			}
		},
		{
			"name": "foot_tip",
			"from": [3.0725, 0.02948, 8.6708],
			"to": [5.2175, 1.63823, 11.8883],
			"rotation": {"angle": 0, "axis": "y", "origin": [8, 8.81794, 13.02318]},
			"faces": {
				"north": {"uv": [12.5, 11, 13, 11.5], "texture": "#2"},
				"east": {"uv": [7.25, 4, 8, 4.5], "texture": "#2"},
				"south": {"uv": [8.25, 13, 8.75, 13.5], "texture": "#2"},
				"west": {"uv": [9.25, 5.5, 10, 6], "texture": "#2"},
				"up": {"uv": [14.5, 7.75, 14, 7], "texture": "#2"},
				"down": {"uv": [7.75, 14, 7.25, 14.75], "texture": "#2"}
			}
		},
		{
			"name": "toe_left",
			"from": [4.86875, 0.08311, 7.06205],
			"to": [5.94125, 1.42373, 9.7433],
			"rotation": {"angle": 0, "axis": "y", "origin": [8, 8.81794, 13.02318]},
			"faces": {
				"north": {"uv": [11.75, 14.5, 12, 14.75], "texture": "#2"},
				"east": {"uv": [14.5, 0.5, 15.25, 0.75], "texture": "#2"},
				"south": {"uv": [12, 14.5, 12.25, 14.75], "texture": "#2"},
				"west": {"uv": [14.5, 0.75, 15.25, 1], "texture": "#2"},
				"up": {"uv": [11, 15, 10.75, 14.25], "texture": "#2"},
				"down": {"uv": [11.25, 14.25, 11, 15], "texture": "#2"}
			}
		},
		{
			"name": "toe_middle",
			"from": [3.60875, 0.02948, 6.5258],
			"to": [4.68125, 1.37011, 8.6708],
			"rotation": {"angle": 0, "axis": "y", "origin": [8, 8.81794, 13.02318]},
			"faces": {
				"north": {"uv": [12.25, 14.5, 12.5, 14.75], "texture": "#2"},
				"east": {"uv": [14.5, 7.25, 15, 7.5], "texture": "#2"},
				"south": {"uv": [12.75, 14.5, 13, 14.75], "texture": "#2"},
				"west": {"uv": [14.5, 7.5, 15, 7.75], "texture": "#2"},
				"up": {"uv": [4.5, 9.75, 4.25, 9.25], "texture": "#2"},
				"down": {"uv": [10.25, 5.5, 10, 6], "texture": "#2"}
			}
		},
		{
			"name": "toe_right",
			"from": [2.34875, 0.08311, 7.06205],
			"to": [3.42125, 1.42373, 9.7433],
			"rotation": {"angle": 0, "axis": "y", "origin": [8, 8.81794, 13.02318]},
			"faces": {
				"north": {"uv": [13, 14.5, 13.25, 14.75], "texture": "#2"},
				"east": {"uv": [14.5, 1, 15.25, 1.25], "texture": "#2"},
				"south": {"uv": [14.5, 13, 14.75, 13.25], "texture": "#2"},
				"west": {"uv": [14.5, 1.25, 15.25, 1.5], "texture": "#2"},
				"up": {"uv": [12.75, 15, 12.5, 14.25], "texture": "#2"},
				"down": {"uv": [14.75, 2.25, 14.5, 3], "texture": "#2"}
			}
		},
		{
			"name": "toe4",
			"from": [1.54437, 0.08311, 9.86642],
			"to": [3.22563, 1.42373, 10.93892],
			"rotation": {"angle": 0, "axis": "y", "origin": [2.885, 0.75342, 10.40267]},
			"faces": {
				"north": {"uv": [14.5, 7.75, 15, 8], "texture": "#2"},
				"east": {"uv": [14.5, 13.25, 14.75, 13.5], "texture": "#2"},
				"south": {"uv": [14.5, 8, 15, 8.25], "texture": "#2"},
				"west": {"uv": [13.5, 14.5, 13.75, 14.75], "texture": "#2"},
				"up": {"uv": [8.75, 14.75, 8.25, 14.5], "texture": "#2"},
				"down": {"uv": [15, 8.25, 14.5, 8.5], "texture": "#2"}
			}
		},
		{
			"name": "base",
			"from": [10.16214, 6.67825, -6.4567],
			"to": [13.28714, 14.92825, -1.0817],
			"rotation": {"angle": 0, "axis": "y", "origin": [6.25, 7.81794, 2.27318]},
			"faces": {
				"north": {"uv": [10.25, 7, 11, 9], "texture": "#2"},
				"east": {"uv": [9, 8, 10.25, 10], "texture": "#2"},
				"south": {"uv": [10.75, 3.5, 11.5, 5.5], "texture": "#2"},
				"west": {"uv": [3, 9.25, 4.25, 11.25], "texture": "#2"},
				"up": {"uv": [13.25, 11, 12.5, 9.75], "texture": "#2"},
				"down": {"uv": [13.5, 0, 12.75, 1.25], "texture": "#2"}
			}
		},
		{
			"name": "base1",
			"from": [10.6875, -2.3421, -3.45532],
			"to": [12.9375, 4.9079, -0.20532],
			"rotation": {"angle": 22.5, "axis": "x", "origin": [7.5, 7.81794, 4.27318]},
			"faces": {
				"north": {"uv": [4.75, 12.75, 5.25, 14.5], "texture": "#2"},
				"east": {"uv": [1.5, 11.25, 2.25, 13], "texture": "#2"},
				"south": {"uv": [5.25, 12.75, 5.75, 14.5], "texture": "#2"},
				"west": {"uv": [11.25, 1.5, 12, 3.25], "texture": "#2"},
				"up": {"uv": [8.25, 14.75, 7.75, 14], "texture": "#2"},
				"down": {"uv": [14.5, 7.75, 14, 8.5], "texture": "#2"}
			}
		},
		{
			"name": "hand",
			"from": [11.0625, 1.90585, -8.20951],
			"to": [12.5625, 2.90585, -3.70951],
			"rotation": {"angle": -22.5, "axis": "x", "origin": [11.8125, 2.03085, -4.95951]},
			"faces": {
				"north": {"uv": [14.5, 8.5, 15, 8.75], "texture": "#2"},
				"east": {"uv": [14, 12.5, 15, 12.75], "texture": "#2"},
				"south": {"uv": [8.75, 14.5, 9.25, 14.75], "texture": "#2"},
				"west": {"uv": [14, 12.75, 15, 13], "texture": "#2"},
				"up": {"uv": [14, 12.75, 13.5, 11.75], "texture": "#2"},
				"down": {"uv": [14, 12.75, 13.5, 13.75], "texture": "#2"}
			}
		},
		{
			"name": "hand",
			"from": [10.5625, 0.05585, -9.65951],
			"to": [13.0625, 1.30585, -3.05951],
			"rotation": {"angle": 0, "axis": "y", "origin": [11.8125, 1.18085, -3.80951]},
			"faces": {
				"north": {"uv": [14.5, 1.5, 15.25, 1.75], "texture": "#2"},
				"east": {"uv": [13.75, 6.5, 15.5, 6.75], "texture": "#2"},
				"south": {"uv": [14.5, 1.75, 15.25, 2], "texture": "#2"},
				"west": {"uv": [13.75, 6.75, 15.5, 7], "texture": "#2"},
				"up": {"uv": [3, 13, 2.25, 11.25], "texture": "#2"},
				"down": {"uv": [3.75, 11.25, 3, 13], "texture": "#2"}
			}
		},
		{
			"name": "thigh",
			"from": [10.24625, 6.79708, 6.08113],
			"to": [13.46375, 12.30458, 10.04614],
			"rotation": {"angle": 0, "axis": "y", "origin": [11.855, 9.92583, 7.93863]},
			"faces": {
				"north": {"uv": [10.25, 12, 11, 13.5], "texture": "#2"},
				"east": {"uv": [10.75, 9, 11.75, 10.5], "texture": "#2"},
				"south": {"uv": [11, 12, 11.75, 13.5], "texture": "#2"},
				"west": {"uv": [10.75, 10.5, 11.75, 12], "texture": "#2"},
				"up": {"uv": [14, 8, 13.25, 7], "texture": "#2"},
				"down": {"uv": [14, 8, 13.25, 9], "texture": "#2"}
			}
		},
		{
			"name": "shin",
			"from": [10.4525, 3.9532, 5.90325],
			"to": [13.4225, 7.2457, 12.61825],
			"rotation": {"angle": 45, "axis": "x", "origin": [11.9375, 5.09945, 9.38575]},
			"faces": {
				"north": {"uv": [9.75, 13.5, 10.5, 14.25], "texture": "#2"},
				"east": {"uv": [11.25, 5.5, 13, 6.25], "texture": "#2"},
				"south": {"uv": [10.5, 13.5, 11.25, 14.25], "texture": "#2"},
				"west": {"uv": [11.25, 6.25, 13, 7], "texture": "#2"},
				"up": {"uv": [8.75, 13, 8, 11.25], "texture": "#2"},
				"down": {"uv": [12.25, 3.25, 11.5, 5], "texture": "#2"}
			}
		},
		{
			"name": "foot_main",
			"from": [11.05063, 0.18252, 12.03245],
			"to": [12.65938, 4.14252, 14.67745],
			"rotation": {"angle": 22.5, "axis": "x", "origin": [8, 8.81794, 13.02318]},
			"faces": {
				"north": {"uv": [13.75, 4, 14.25, 5], "texture": "#2"},
				"east": {"uv": [13.25, 9, 14, 10], "texture": "#2"},
				"south": {"uv": [13.75, 5, 14.25, 6], "texture": "#2"},
				"west": {"uv": [13.25, 10, 14, 11], "texture": "#2"},
				"up": {"uv": [14.5, 9.25, 14, 8.5], "texture": "#2"},
				"down": {"uv": [14.5, 9.25, 14, 10], "texture": "#2"}
			}
		},
		{
			"name": "foot_tip",
			"from": [10.7825, 0.02948, 8.6708],
			"to": [12.9275, 1.63823, 11.8883],
			"rotation": {"angle": 0, "axis": "y", "origin": [8, 8.81794, 13.02318]},
			"faces": {
				"north": {"uv": [12.75, 14, 13.25, 14.5], "texture": "#2"},
				"east": {"uv": [9.5, 3.5, 10.25, 4], "texture": "#2"},
				"south": {"uv": [14, 13, 14.5, 13.5], "texture": "#2"},
				"west": {"uv": [11.5, 5, 12.25, 5.5], "texture": "#2"},
				"up": {"uv": [14.5, 10.75, 14, 10], "texture": "#2"},
				"down": {"uv": [14.5, 10.75, 14, 11.5], "texture": "#2"}
			}
		},
		{
			"name": "toe_right",
			"from": [10.05875, 0.08311, 7.06205],
			"to": [11.13125, 1.42373, 9.7433],
			"rotation": {"angle": 0, "axis": "y", "origin": [8, 8.81794, 13.02318]},
			"faces": {
				"north": {"uv": [13.75, 14.5, 14, 14.75], "texture": "#2"},
				"east": {"uv": [14.5, 3, 15.25, 3.25], "texture": "#2"},
				"south": {"uv": [14, 14.5, 14.25, 14.75], "texture": "#2"},
				"west": {"uv": [14.5, 3.25, 15.25, 3.5], "texture": "#2"},
				"up": {"uv": [4.5, 15.25, 4.25, 14.5], "texture": "#2"},
				"down": {"uv": [4.75, 14.5, 4.5, 15.25], "texture": "#2"}
			}
		},
		{
			"name": "toe_middle",
			"from": [11.31875, 0.02948, 6.5258],
			"to": [12.39125, 1.37011, 8.6708],
			"rotation": {"angle": 0, "axis": "y", "origin": [8, 8.81794, 13.02318]},
			"faces": {
				"north": {"uv": [14.25, 14.5, 14.5, 14.75], "texture": "#2"},
				"east": {"uv": [14.5, 8.75, 15, 9], "texture": "#2"},
				"south": {"uv": [14.5, 14.5, 14.75, 14.75], "texture": "#2"},
				"west": {"uv": [14.5, 9, 15, 9.25], "texture": "#2"},
				"up": {"uv": [13.25, 11.5, 13, 11], "texture": "#2"},
				"down": {"uv": [13.5, 11.75, 13.25, 12.25], "texture": "#2"}
			}
		},
		{
			"name": "toe_left",
			"from": [12.57875, 0.08311, 7.06205],
			"to": [13.65125, 1.42373, 9.7433],
			"rotation": {"angle": 0, "axis": "y", "origin": [8, 8.81794, 13.02318]},
			"faces": {
				"north": {"uv": [0, 14.75, 0.25, 15], "texture": "#2"},
				"east": {"uv": [14.5, 3.5, 15.25, 3.75], "texture": "#2"},
				"south": {"uv": [0.25, 14.75, 0.5, 15], "texture": "#2"},
				"west": {"uv": [4.75, 14.5, 5.5, 14.75], "texture": "#2"},
				"up": {"uv": [14.75, 5.5, 14.5, 4.75], "texture": "#2"},
				"down": {"uv": [5.75, 14.5, 5.5, 15.25], "texture": "#2"}
			}
		},
		{
			"name": "toe4",
			"from": [12.77438, 0.08311, 9.86642],
			"to": [14.45563, 1.42373, 10.93892],
			"rotation": {"angle": 0, "axis": "y", "origin": [13.115, 0.75342, 10.40267]},
			"faces": {
				"north": {"uv": [9.25, 14.5, 9.75, 14.75], "texture": "#2"},
				"east": {"uv": [0.5, 14.75, 0.75, 15], "texture": "#2"},
				"south": {"uv": [14.5, 9.25, 15, 9.5], "texture": "#2"},
				"west": {"uv": [0.75, 14.75, 1, 15], "texture": "#2"},
				"up": {"uv": [15, 9.75, 14.5, 9.5], "texture": "#2"},
				"down": {"uv": [15, 9.75, 14.5, 10], "texture": "#2"}
			}
		}
	],
	"display": {
		"thirdperson_righthand": {
			"rotation": [75, 45, 0],
			"translation": [0, 2.5, 0],
			"scale": [0.375, 0.375, 0.375]
		},
		"thirdperson_lefthand": {
			"rotation": [75, 45, 0],
			"translation": [0, 2.5, 0],
			"scale": [0.375, 0.375, 0.375]
		},
		"firstperson_righthand": {
			"rotation": [0, 45, 0],
			"scale": [0.4, 0.4, 0.4]
		},
		"firstperson_lefthand": {
			"rotation": [0, 225, 0],
			"scale": [0.4, 0.4, -0.4]
		},
		"ground": {
			"translation": [0, 2, 0],
			"scale": [0.5, 0.5, 0.5]
		},
		"gui": {
			"rotation": [30, 225, 0],
			"translation": [-1, 1.75, 0],
			"scale": [0.625, 0.625, 0.625]
		},
		"head": {
			"translation": [0, -54.75, 11],
			"scale": [2.5, 2.5, 2.5]
		},
		"fixed": {
			"translation": [-0.5, 48, 13.75],
			"scale": [4, 4, 4]
		}
	},
	"groups": [
		{
			"name": "root",
			"origin": [8, 8, 8],
			"color": 0,
			"children": [
				0,
				1,
				2,
				3,
				4,
				{
					"name": "tail",
					"origin": [8, 3, 9],
					"color": 0,
					"children": [5, 6, 7, 8, 9]
				},
				{
					"name": "head",
					"origin": [8, 8, 8],
					"color": 0,
					"children": [
						10,
						{
							"name": "skull",
							"origin": [8, 8, 8],
							"color": 0,
							"children": [
								{
									"name": "group",
									"origin": [8.125, 13.24431, -7.77253],
									"color": 0,
									"children": [11, 12, 13, 14, 15, 16, 17]
								},
								18,
								19,
								20,
								21
							]
						}
					]
				},
				{
					"name": "limbs",
					"origin": [8, 8, 8],
					"color": 0,
					"children": [
						{
							"name": "legs",
							"origin": [8, 8, 8],
							"color": 0,
							"children": [
								{
									"name": "1",
									"origin": [8, 8, 8],
									"color": 0,
									"children": [22, 23, 24, 25]
								},
								{
									"name": "2",
									"origin": [8, 8, 8],
									"color": 0,
									"children": [26, 27, 28, 29, 30, 31, 32, 33]
								},
								{
									"name": "3",
									"origin": [8, 8, 8],
									"color": 0,
									"children": [34, 35, 36, 37]
								},
								{
									"name": "4",
									"origin": [8, 8, 8],
									"color": 0,
									"children": [38, 39, 40, 41, 42, 43, 44, 45]
								}
							]
						}
					]
				}
			]
		}
	]
}