{
	"credit": "Made with Blockbench",
	"textures": {
		"0": "krmc:krmc_mobs/silurian_scorpion_sand",
		"particle": "krmc:krmc_mobs/silurian_scorpion_sand"
	},
	"elements": [
		{
			"from": [8, -4, 0],
			"to": [8, 16, 20],
			"rotation": {"angle": -22.5, "axis": "y", "origin": [8, 6, 0]},
			"faces": {
				"north": {"uv": [0, 0, 0, 16], "texture": "#0"},
				"east": {"uv": [16, 0, 0, 16], "texture": "#0"},
				"south": {"uv": [0, 0, 0, 16], "texture": "#0"},
				"west": {"uv": [0, 0, 16, 16], "texture": "#0"},
				"up": {"uv": [0, 0, 0, 16], "texture": "#0"},
				"down": {"uv": [0, 0, 0, 16], "texture": "#0"}
			}
		},
		{
			"from": [8, -4, 0],
			"to": [8, 16, 20],
			"rotation": {"angle": 22.5, "axis": "y", "origin": [8, 6, 0]},
			"faces": {
				"north": {"uv": [0, 0, 0, 16], "texture": "#0"},
				"east": {"uv": [16, 0, 0, 16], "texture": "#0"},
				"south": {"uv": [0, 0, 0, 16], "texture": "#0"},
				"west": {"uv": [0, 0, 16, 16], "texture": "#0"},
				"up": {"uv": [0, 0, 0, 16], "texture": "#0"},
				"down": {"uv": [0, 0, 0, 16], "texture": "#0"}
			}
		}
	],
	"display": {
		"head": {
			"translation": [0, -35, -4.5],
			"scale": [4, 4, 4]
		}
	}
}