{"textures":{"0":"modelengine:entity/nm_sneezy_the_cow_texture","particle":"#0"},"elements":[{"from":[4.0,7.25,3.0],"to":[12.0,14.25,9.0],"faces":{"east":{"uv":[3.5,4.0,5.0,5.75],"tintindex":0,"rotation":0,"texture":"#0"},"south":{"uv":[0.0,1.75,2.0,3.5],"tintindex":0,"rotation":0,"texture":"#0"},"north":{"uv":[0.0,0.0,2.0,1.75],"tintindex":0,"rotation":0,"texture":"#0"},"west":{"uv":[2.0,4.5,3.5,6.25],"tintindex":0,"rotation":0,"texture":"#0"},"up":{"uv":[2.0,5.0,0.0,3.5],"tintindex":0,"rotation":0,"texture":"#0"},"down":{"uv":[5.5,0.0,3.5,1.5],"tintindex":0,"rotation":0,"texture":"#0"}}},{"from":[12.0,12.25,5.0],"to":[13.0,15.25,6.0],"faces":{"east":{"uv":[7.5,2.75,7.75,3.5],"tintindex":0,"rotation":0,"texture":"#0"},"south":{"uv":[3.0,7.5,3.25,8.25],"tintindex":0,"rotation":0,"texture":"#0"},"north":{"uv":[2.75,7.5,3.0,8.25],"tintindex":0,"rotation":0,"texture":"#0"},"west":{"uv":[3.25,7.5,3.5,8.25],"tintindex":0,"rotation":0,"texture":"#0"},"up":{"uv":[5.0,7.75,4.75,7.5],"tintindex":0,"rotation":0,"texture":"#0"},"down":{"uv":[5.25,7.5,5.0,7.75],"tintindex":0,"rotation":0,"texture":"#0"}}},{"from":[5.0,7.25,2.0],"to":[11.0,10.25,3.0],"faces":{"east":{"uv":[6.25,6.75,6.5,7.5],"tintindex":0,"rotation":0,"texture":"#0"},"south":{"uv":[5.75,2.0,7.25,2.75],"tintindex":0,"rotation":0,"texture":"#0"},"north":{"uv":[5.75,1.25,7.25,2.0],"tintindex":0,"rotation":0,"texture":"#0"},"west":{"uv":[1.5,7.5,1.75,8.25],"tintindex":0,"rotation":0,"texture":"#0"},"up":{"uv":[8.5,1.25,7.0,1.0],"tintindex":0,"rotation":0,"texture":"#0"},"down":{"uv":[8.5,4.0,7.0,4.25],"tintindex":0,"rotation":0,"texture":"#0"}}},{"from":[3.0,12.25,5.0],"to":[4.0,15.25,6.0],"faces":{"east":{"uv":[2.0,7.5,2.25,8.25],"tintindex":0,"rotation":0,"texture":"#0"},"south":{"uv":[2.25,7.5,2.5,8.25],"tintindex":0,"rotation":0,"texture":"#0"},"north":{"uv":[1.75,7.5,2.0,8.25],"tintindex":0,"rotation":0,"texture":"#0"},"west":{"uv":[2.5,7.5,2.75,8.25],"tintindex":0,"rotation":0,"texture":"#0"},"up":{"uv":[5.75,1.5,5.5,1.25],"tintindex":0,"rotation":0,"texture":"#0"},"down":{"uv":[4.75,7.5,4.5,7.75],"tintindex":0,"rotation":0,"texture":"#0"}}}],"display":{"head":{"rotation":[0.0,0.0,0.0]},"firstperson_righthand":{"rotation":[0.0,0.0,0.0]},"thirdperson_lefthand":{"rotation":[0.0,-0.0,-0.0]},"firstperson_lefthand":{"rotation":[0.0,-0.0,-0.0]},"fixed":{"rotation":[0.0,0.0,0.0]},"ground":{"rotation":[0.0,0.0,0.0]},"thirdperson_righthand":{"rotation":[0.0,0.0,0.0]},"gui":{"rotation":[-150.0,-45.0,180.0]}}}