{"textures":{"0":"modelengine:entity/nm_sneezy_the_cow_texture","particle":"#0"},"elements":[{"from":[5.191342,6.46194,7.525],"to":[9.191341,8.46194,8.475],"faces":{"east":{"uv":[4.0,7.5,4.25,8.0],"tintindex":0,"rotation":0,"texture":"#0"},"south":{"uv":[3.5,7.0,4.5,7.5],"tintindex":0,"rotation":0,"texture":"#0"},"north":{"uv":[7.0,0.5,8.0,1.0],"tintindex":0,"rotation":0,"texture":"#0"},"west":{"uv":[4.25,7.5,4.5,8.0],"tintindex":0,"rotation":0,"texture":"#0"},"up":{"uv":[8.0,5.0,7.0,4.75],"tintindex":0,"rotation":0,"texture":"#0"},"down":{"uv":[8.0,5.0,7.0,5.25],"tintindex":0,"rotation":0,"texture":"#0"}}}],"display":{"head":{"rotation":[0.0,0.0,0.0]},"firstperson_righthand":{"rotation":[0.0,0.0,0.0]},"thirdperson_lefthand":{"rotation":[0.0,-0.0,-0.0]},"firstperson_lefthand":{"rotation":[0.0,-0.0,-0.0]},"fixed":{"rotation":[0.0,0.0,0.0]},"ground":{"rotation":[0.0,0.0,0.0]},"thirdperson_righthand":{"rotation":[0.0,0.0,0.0]},"gui":{"rotation":[-150.0,-45.0,180.0]}}}