{"textures":{"0":"modelengine:entity/nm_sneezy_the_cow_texture","particle":"#0"},"elements":[{"from":[6.8086586,6.46194,7.525],"to":[10.808659,8.46194,8.475],"faces":{"east":{"uv":[3.5,7.5,3.75,8.0],"tintindex":0,"rotation":0,"texture":"#0"},"south":{"uv":[7.0,0.0,8.0,0.5],"tintindex":0,"rotation":0,"texture":"#0"},"north":{"uv":[6.75,3.5,7.75,4.0],"tintindex":0,"rotation":0,"texture":"#0"},"west":{"uv":[3.75,7.5,4.0,8.0],"tintindex":0,"rotation":0,"texture":"#0"},"up":{"uv":[8.0,4.5,7.0,4.25],"tintindex":0,"rotation":0,"texture":"#0"},"down":{"uv":[8.0,4.5,7.0,4.75],"tintindex":0,"rotation":0,"texture":"#0"}}}],"display":{"head":{"rotation":[0.0,0.0,0.0]},"firstperson_righthand":{"rotation":[0.0,0.0,0.0]},"thirdperson_lefthand":{"rotation":[0.0,-0.0,-0.0]},"firstperson_lefthand":{"rotation":[0.0,-0.0,-0.0]},"fixed":{"rotation":[0.0,0.0,0.0]},"ground":{"rotation":[0.0,0.0,0.0]},"thirdperson_righthand":{"rotation":[0.0,0.0,0.0]},"gui":{"rotation":[-150.0,-45.0,180.0]}}}