{"textures":{"0":"modelengine:entity/nm_colonel_the_chicken_texture","particle":"#0"},"elements":[{"from":[6.0,8.25,5.0],"to":[10.0,13.25,9.0],"faces":{"east":{"uv":[5.5,5.0,7.5,7.5],"tintindex":0,"rotation":0,"texture":"#0"},"south":{"uv":[2.5,6.0,4.5,8.5],"tintindex":0,"rotation":0,"texture":"#0"},"north":{"uv":[5.5,2.5,7.5,5.0],"tintindex":0,"rotation":0,"texture":"#0"},"west":{"uv":[0.0,7.5,2.0,10.0],"tintindex":0,"rotation":0,"texture":"#0"},"up":{"uv":[6.5,9.5,4.5,7.5],"tintindex":0,"rotation":0,"texture":"#0"},"down":{"uv":[9.5,5.5,7.5,7.5],"tintindex":0,"rotation":0,"texture":"#0"}}},{"from":[7.0,9.25,3.0],"to":[9.0,10.25,5.0],"faces":{"east":{"uv":[9.0,2.0,10.0,2.5],"tintindex":0,"rotation":0,"texture":"#0"},"south":{"uv":[9.5,7.0,10.5,7.5],"tintindex":0,"rotation":0,"texture":"#0"},"north":{"uv":[8.0,2.0,9.0,2.5],"tintindex":0,"rotation":0,"texture":"#0"},"west":{"uv":[10.5,9.0,11.5,9.5],"tintindex":0,"rotation":0,"texture":"#0"},"up":{"uv":[3.0,11.5,2.0,10.5],"tintindex":0,"rotation":0,"texture":"#0"},"down":{"uv":[11.5,2.5,10.5,3.5],"tintindex":0,"rotation":0,"texture":"#0"}}},{"from":[7.5,7.25,4.0],"to":[8.5,9.25,6.0],"faces":{"east":{"uv":[3.0,10.5,4.0,11.5],"tintindex":0,"rotation":0,"texture":"#0"},"south":{"uv":[2.0,7.5,2.5,8.5],"tintindex":0,"rotation":0,"texture":"#0"},"north":{"uv":[2.5,5.0,3.0,6.0],"tintindex":0,"rotation":0,"texture":"#0"},"west":{"uv":[10.5,3.5,11.5,4.5],"tintindex":0,"rotation":0,"texture":"#0"},"up":{"uv":[4.5,9.5,4.0,8.5],"tintindex":0,"rotation":0,"texture":"#0"},"down":{"uv":[11.5,10.5,11.0,11.5],"tintindex":0,"rotation":0,"texture":"#0"}}}],"display":{"head":{"rotation":[0.0,0.0,0.0]},"firstperson_righthand":{"rotation":[0.0,0.0,0.0]},"thirdperson_lefthand":{"rotation":[0.0,-0.0,-0.0]},"firstperson_lefthand":{"rotation":[0.0,-0.0,-0.0]},"fixed":{"rotation":[0.0,0.0,0.0]},"ground":{"rotation":[0.0,0.0,0.0]},"thirdperson_righthand":{"rotation":[0.0,0.0,0.0]},"gui":{"rotation":[-150.0,-45.0,180.0]}}}