{"textures":{"0":"modelengine:entity/nm_colonel_the_chicken_texture","particle":"#0"},"elements":[{"from":[7.0,8.0,6.0],"to":[9.0,8.0,8.0],"faces":{"up":{"uv":[1.5,12.0,0.5,11.0],"tintindex":0,"rotation":0,"texture":"#0"},"down":{"uv":[7.0,11.0,6.0,12.0],"tintindex":0,"rotation":0,"texture":"#0"}}}],"display":{"head":{"rotation":[0.0,0.0,0.0]},"firstperson_righthand":{"rotation":[0.0,0.0,0.0]},"thirdperson_lefthand":{"rotation":[0.0,-0.0,-0.0]},"firstperson_lefthand":{"rotation":[0.0,-0.0,-0.0]},"fixed":{"rotation":[0.0,0.0,0.0]},"ground":{"rotation":[0.0,0.0,0.0]},"thirdperson_righthand":{"rotation":[0.0,0.0,0.0]},"gui":{"rotation":[-150.0,-45.0,180.0]}}}