{"textures":{"0":"modelengine:entity/nm_colonel_the_chicken_texture","particle":"#0"},"elements":[{"from":[6.0,7.471191,7.7161236],"to":[10.0,9.346191,10.716124],"faces":{"east":{"uv":[10.0,1.5,11.5,2.5],"tintindex":0,"rotation":0,"texture":"#0"},"south":{"uv":[0.0,10.0,2.0,11.0],"tintindex":0,"rotation":0,"texture":"#0"},"north":{"uv":[8.0,9.5,10.0,10.5],"tintindex":0,"rotation":0,"texture":"#0"},"west":{"uv":[10.0,9.5,11.5,10.5],"tintindex":0,"rotation":0,"texture":"#0"},"up":{"uv":[11.5,7.0,9.5,5.5],"tintindex":0,"rotation":0,"texture":"#0"},"down":{"uv":[8.0,9.5,6.0,11.0],"tintindex":0,"rotation":0,"texture":"#0"}}}],"display":{"head":{"rotation":[0.0,0.0,0.0]},"firstperson_righthand":{"rotation":[0.0,0.0,0.0]},"thirdperson_lefthand":{"rotation":[0.0,-0.0,-0.0]},"firstperson_lefthand":{"rotation":[0.0,-0.0,-0.0]},"fixed":{"rotation":[0.0,0.0,0.0]},"ground":{"rotation":[0.0,0.0,0.0]},"thirdperson_righthand":{"rotation":[0.0,0.0,0.0]},"gui":{"rotation":[-150.0,-45.0,180.0]}}}