{"textures":{"0":"modelengine:entity/nm_colonel_the_chicken_texture","particle":"#0"},"elements":[{"from":[7.0,7.5,5.0],"to":[9.0,10.5,11.0],"faces":{"east":{"uv":[7.5,2.5,10.5,4.0],"tintindex":0,"rotation":0,"texture":"#0"},"south":{"uv":[10.0,0.0,11.0,1.5],"tintindex":0,"rotation":0,"texture":"#0"},"north":{"uv":[4.5,6.0,5.5,7.5],"tintindex":0,"rotation":0,"texture":"#0"},"west":{"uv":[7.5,4.0,10.5,5.5],"tintindex":0,"rotation":0,"texture":"#0"},"up":{"uv":[5.0,12.5,4.0,9.5],"tintindex":0,"rotation":0,"texture":"#0"},"down":{"uv":[6.0,9.5,5.0,12.5],"tintindex":0,"rotation":0,"texture":"#0"}}}],"display":{"head":{"rotation":[0.0,0.0,0.0]},"firstperson_righthand":{"rotation":[0.0,0.0,0.0]},"thirdperson_lefthand":{"rotation":[0.0,-0.0,-0.0]},"firstperson_lefthand":{"rotation":[0.0,-0.0,-0.0]},"fixed":{"rotation":[0.0,0.0,0.0]},"ground":{"rotation":[0.0,0.0,0.0]},"thirdperson_righthand":{"rotation":[0.0,0.0,0.0]},"gui":{"rotation":[-150.0,-45.0,180.0]}}}