{"textures":{"0":"modelengine:entity/nm_colonel_the_chicken_texture","particle":"#0"},"elements":[{"from":[7.5,5.5,8.0],"to":[8.5,8.5,8.0],"faces":{"south":{"uv":[7.5,11.0,8.0,12.5],"tintindex":0,"rotation":0,"texture":"#0"},"north":{"uv":[11.0,7.0,11.5,8.5],"tintindex":0,"rotation":0,"texture":"#0"}}}],"display":{"head":{"rotation":[0.0,0.0,0.0]},"firstperson_righthand":{"rotation":[0.0,0.0,0.0]},"thirdperson_lefthand":{"rotation":[0.0,-0.0,-0.0]},"firstperson_lefthand":{"rotation":[0.0,-0.0,-0.0]},"fixed":{"rotation":[0.0,0.0,0.0]},"ground":{"rotation":[0.0,0.0,0.0]},"thirdperson_righthand":{"rotation":[0.0,0.0,0.0]},"gui":{"rotation":[-150.0,-45.0,180.0]}}}