{"textures":{"0":"modelengine:entity/nm_sneezy_the_cow_texture","particle":"#0"},"elements":[{"from":[5.0,5.4,3.5],"to":[11.0,10.4,12.5],"faces":{"east":{"uv":[3.5,1.5,5.75,2.75],"tintindex":0,"rotation":0,"texture":"#0"},"south":{"uv":[5.0,5.5,6.5,6.75],"tintindex":0,"rotation":0,"texture":"#0"},"north":{"uv":[5.5,0.0,7.0,1.25],"tintindex":0,"rotation":0,"texture":"#0"},"west":{"uv":[3.5,2.75,5.75,4.0],"tintindex":0,"rotation":0,"texture":"#0"},"up":{"uv":[3.5,2.25,2.0,0.0],"tintindex":0,"rotation":0,"texture":"#0"},"down":{"uv":[3.5,2.25,2.0,4.5],"tintindex":0,"rotation":0,"texture":"#0"}}}],"display":{"head":{"rotation":[0.0,0.0,0.0]},"firstperson_righthand":{"rotation":[0.0,0.0,0.0]},"thirdperson_lefthand":{"rotation":[0.0,-0.0,-0.0]},"firstperson_lefthand":{"rotation":[0.0,-0.0,-0.0]},"fixed":{"rotation":[0.0,0.0,0.0]},"ground":{"rotation":[0.0,0.0,0.0]},"thirdperson_righthand":{"rotation":[0.0,0.0,0.0]},"gui":{"rotation":[-150.0,-45.0,180.0]}}}