{"textures":{"0":"modelengine:entity/nm_sneezy_the_cow_texture","particle":"#0"},"elements":[{"from":[7.0,3.5,7.0],"to":[9.0,8.5,9.0],"faces":{"east":{"uv":[1.5,6.25,2.0,7.5],"tintindex":0,"rotation":0,"texture":"#0"},"south":{"uv":[2.0,6.25,2.5,7.5],"tintindex":0,"rotation":0,"texture":"#0"},"north":{"uv":[4.5,5.75,5.0,7.0],"tintindex":0,"rotation":0,"texture":"#0"},"west":{"uv":[2.5,6.25,3.0,7.5],"tintindex":0,"rotation":0,"texture":"#0"},"up":{"uv":[7.5,6.75,7.0,6.25],"tintindex":0,"rotation":0,"texture":"#0"},"down":{"uv":[7.5,6.75,7.0,7.25],"tintindex":0,"rotation":0,"texture":"#0"}}}],"display":{"head":{"rotation":[0.0,0.0,0.0]},"firstperson_righthand":{"rotation":[0.0,0.0,0.0]},"thirdperson_lefthand":{"rotation":[0.0,-0.0,-0.0]},"firstperson_lefthand":{"rotation":[0.0,-0.0,-0.0]},"fixed":{"rotation":[0.0,0.0,0.0]},"ground":{"rotation":[0.0,0.0,0.0]},"thirdperson_righthand":{"rotation":[0.0,0.0,0.0]},"gui":{"rotation":[-150.0,-45.0,180.0]}}}