{"textures":{"0":"modelengine:entity/nm_sneezy_the_cow_texture","particle":"#0"},"elements":[{"from":[7.5,7.4292893,7.692031],"to":[8.5,8.42929,11.692031],"faces":{"east":{"uv":[7.0,5.25,8.0,5.5],"tintindex":0,"rotation":0,"texture":"#0"},"south":{"uv":[5.5,7.5,5.75,7.75],"tintindex":0,"rotation":0,"texture":"#0"},"north":{"uv":[5.25,7.5,5.5,7.75],"tintindex":0,"rotation":0,"texture":"#0"},"west":{"uv":[7.0,5.5,8.0,5.75],"tintindex":0,"rotation":0,"texture":"#0"},"up":{"uv":[6.0,7.75,5.75,6.75],"tintindex":0,"rotation":0,"texture":"#0"},"down":{"uv":[6.25,6.75,6.0,7.75],"tintindex":0,"rotation":0,"texture":"#0"}}}],"display":{"head":{"rotation":[0.0,0.0,0.0]},"firstperson_righthand":{"rotation":[0.0,0.0,0.0]},"thirdperson_lefthand":{"rotation":[0.0,-0.0,-0.0]},"firstperson_lefthand":{"rotation":[0.0,-0.0,-0.0]},"fixed":{"rotation":[0.0,0.0,0.0]},"ground":{"rotation":[0.0,0.0,0.0]},"thirdperson_righthand":{"rotation":[0.0,0.0,0.0]},"gui":{"rotation":[-150.0,-45.0,180.0]}}}