{
	"credit": "Made with Blockbench",
	"texture_size": [48, 48],
	"textures": {
		"1": "krmc:krmc_mobs/asperdorsus",
		"2": "krmc:krmc_mobs/animations/asperdorsus",
		"particle": "krmc:krmc_mobs/animations/asperdorsus"
	},
	"elements": [
		{
			"name": "segment_1",
			"from": [5.96432, 7.34101, 14.05083],
			"to": [10.03568, 11.71057, 18.12218],
			"rotation": {"angle": 22.5, "axis": "x", "origin": [8, 8.26834, 11.21166]},
			"faces": {
				"north": {"uv": [1, 6, 2, 7.125], "texture": "#1"},
				"east": {"uv": [2, 6, 3, 7.125], "texture": "#1"},
				"south": {"uv": [6.5, 5, 7.5, 6.125], "texture": "#1"},
				"west": {"uv": [5.5, 6.5, 6.5, 7.625], "texture": "#1"},
				"up": {"uv": [8, 5, 7, 4], "texture": "#1"},
				"down": {"uv": [8.25, 6.25, 7.25, 7.25], "texture": "#1"}
			}
		},
		{
			"name": "segment_2",
			"from": [6.47324, 8.33248, 16.50135],
			"to": [9.52676, 11.47349, 21.5322],
			"rotation": {"angle": 22.5, "axis": "x", "origin": [8, 8.26834, 11.21166]},
			"faces": {
				"north": {"uv": [8.75, 0, 9.5, 0.875], "texture": "#1"},
				"east": {"uv": [6.75, 0, 8, 0.875], "texture": "#1"},
				"south": {"uv": [8.75, 1, 9.5, 1.875], "texture": "#1"},
				"west": {"uv": [6.75, 1, 8, 1.875], "texture": "#1"},
				"up": {"uv": [3.75, 8.75, 3, 7.5], "texture": "#1"},
				"down": {"uv": [4.5, 7.5, 3.75, 8.75], "texture": "#1"}
			}
		},
		{
			"name": "segment_3",
			"from": [6.98216, 9.13827, 21.05942],
			"to": [9.01784, 11.29062, 26.20426],
			"rotation": {"angle": 22.5, "axis": "x", "origin": [8, 8.26834, 11.21166]},
			"faces": {
				"north": {"uv": [9.75, 6.5, 10.25, 7], "texture": "#1"},
				"east": {"uv": [0, 8.5, 1.375, 9], "texture": "#1"},
				"south": {"uv": [9.75, 7, 10.25, 7.5], "texture": "#1"},
				"west": {"uv": [1.5, 8.5, 2.875, 9], "texture": "#1"},
				"up": {"uv": [5, 9.875, 4.5, 8.5], "texture": "#1"},
				"down": {"uv": [5.5, 8.5, 5, 9.875], "texture": "#1"}
			}
		},
		{
			"name": "segment_4",
			"from": [7.28751, 9.66746, 25.81185],
			"to": [8.71249, 11.1741, 29.41323],
			"rotation": {"angle": 22.5, "axis": "x", "origin": [8, 8.26834, 11.21166]},
			"faces": {
				"north": {"uv": [8.625, 10, 8.25, 10.375], "rotation": 180, "texture": "#1"},
				"east": {"uv": [9.5, 9.5, 9.875, 10.5], "rotation": 270, "texture": "#1"},
				"south": {"uv": [6.125, 10.375, 5.75, 10], "texture": "#1"},
				"west": {"uv": [9.75, 3, 10.125, 4], "rotation": 90, "texture": "#1"},
				"up": {"uv": [9, 9.5, 9.375, 10.5], "rotation": 180, "texture": "#1"},
				"down": {"uv": [3, 9.75, 3.375, 10.75], "texture": "#1"}
			}
		},
		{
			"name": "segment_5",
			"from": [7.50126, 2.47537, 27.96063],
			"to": [8.49874, 3.53002, 30.00185],
			"rotation": {"angle": 45, "axis": "x", "origin": [8, 3.00269, 28.98124]},
			"faces": {
				"north": {"uv": [9, 5.5, 8.75, 5.75], "rotation": 180, "texture": "#1"},
				"east": {"uv": [8, 2.5, 8.25, 3], "rotation": 270, "texture": "#1"},
				"south": {"uv": [5.5, 7.75, 5.25, 7.5], "texture": "#1"},
				"west": {"uv": [8, 4.5, 8.25, 5], "rotation": 90, "texture": "#1"},
				"up": {"uv": [3.5, 5.5, 3.75, 6], "rotation": 180, "texture": "#1"},
				"down": {"uv": [8, 4, 8.25, 4.5], "texture": "#1"}
			}
		},
		{
			"name": "segment_6",
			"from": [7.55114, 1.59653, 29.39791],
			"to": [8.44886, 2.54572, 31.18703],
			"rotation": {"angle": 22.5, "axis": "x", "origin": [8, 2.07112, 30.29247]},
			"faces": {
				"north": {"uv": [7, 9, 7.25, 9.25], "texture": "#1"},
				"east": {"uv": [10, 9.75, 10.5, 10], "texture": "#1"},
				"south": {"uv": [9, 9.25, 9.25, 9.5], "texture": "#1"},
				"west": {"uv": [10, 10, 10.5, 10.25], "texture": "#1"},
				"up": {"uv": [5.75, 9, 5.5, 8.5], "texture": "#1"},
				"down": {"uv": [9, 2, 8.75, 2.5], "texture": "#1"}
			}
		},
		{
			"name": "segment_7",
			"from": [7.73068, 1.53162, 30.9009],
			"to": [8.26932, 2.10113, 31.97437],
			"rotation": {"angle": 0, "axis": "x", "origin": [8, 1.81637, 31.43764]},
			"faces": {
				"north": {"uv": [7, 9, 7.25, 9.25], "texture": "#1"},
				"east": {"uv": [10, 9.75, 10.5, 10], "texture": "#1"},
				"south": {"uv": [9, 9.25, 9.25, 9.5], "texture": "#1"},
				"west": {"uv": [10, 10, 10.5, 10.25], "texture": "#1"},
				"up": {"uv": [5.75, 9, 5.5, 8.5], "texture": "#1"},
				"down": {"uv": [9, 2, 8.75, 2.5], "texture": "#1"}
			}
		},
		{
			"name": "5",
			"from": [8, 7.56959, 18.04294],
			"to": [8, 8.38517, 18.66661],
			"rotation": {"angle": 22.5, "axis": "x", "origin": [8, 8.26834, 11.21166]},
			"faces": {
				"north": {"uv": [0, 1, 0, 0], "texture": "#1"},
				"east": {"uv": [8.25, 10.25, 7.75, 9.25], "texture": "#1"},
				"south": {"uv": [0, 1, 0, 0], "texture": "#1"},
				"west": {"uv": [7.75, 10.25, 8.25, 9.25], "texture": "#1"},
				"up": {"uv": [0, 0.5, 0, 0], "texture": "#1"},
				"down": {"uv": [0, 0, 0, 0.5], "texture": "#1"}
			}
		},
		{
			"name": "5",
			"from": [8, 7.76149, 18.76256],
			"to": [8, 8.48112, 19.38624],
			"rotation": {"angle": 22.5, "axis": "x", "origin": [8, 8.26834, 11.21166]},
			"faces": {
				"north": {"uv": [0, 1, 0, 0], "texture": "#1"},
				"east": {"uv": [8.25, 10.25, 7.75, 9.25], "texture": "#1"},
				"south": {"uv": [0, 1, 0, 0], "texture": "#1"},
				"west": {"uv": [7.75, 10.25, 8.25, 9.25], "texture": "#1"},
				"up": {"uv": [0, 0.5, 0, 0], "texture": "#1"},
				"down": {"uv": [0, 0, 0, 0.5], "texture": "#1"}
			}
		},
		{
			"name": "5",
			"from": [8, 7.80947, 19.48219],
			"to": [8, 8.52909, 20.10586],
			"rotation": {"angle": 22.5, "axis": "x", "origin": [8, 8.26834, 11.21166]},
			"faces": {
				"north": {"uv": [0, 1, 0, 0], "texture": "#1"},
				"east": {"uv": [8.25, 10.25, 7.75, 9.25], "texture": "#1"},
				"south": {"uv": [0, 1, 0, 0], "texture": "#1"},
				"west": {"uv": [7.75, 10.25, 8.25, 9.25], "texture": "#1"},
				"up": {"uv": [0, 0.5, 0, 0], "texture": "#1"},
				"down": {"uv": [0, 0, 0, 0.5], "texture": "#1"}
			}
		},
		{
			"name": "5",
			"from": [8, 6.5067, 17.02375],
			"to": [8, 7.32228, 17.64742],
			"rotation": {"angle": 22.5, "axis": "x", "origin": [8, 8.26834, 11.21166]},
			"faces": {
				"north": {"uv": [0, 1, 0, 0], "texture": "#1"},
				"east": {"uv": [8.25, 10.25, 7.75, 9.25], "texture": "#1"},
				"south": {"uv": [0, 1, 0, 0], "texture": "#1"},
				"west": {"uv": [7.75, 10.25, 8.25, 9.25], "texture": "#1"},
				"up": {"uv": [0, 0.5, 0, 0], "texture": "#1"},
				"down": {"uv": [0, 0, 0, 0.5], "texture": "#1"}
			}
		},
		{
			"name": "3",
			"from": [8, 5.83505, 15.5845],
			"to": [8, 7.32228, 16.9278],
			"rotation": {"angle": 22.5, "axis": "x", "origin": [8, 8.26834, 11.21166]},
			"faces": {
				"north": {"uv": [0, 1, 0, 0], "texture": "#1"},
				"east": {"uv": [8.25, 10.25, 7.75, 9.25], "texture": "#1"},
				"south": {"uv": [0, 1, 0, 0], "texture": "#1"},
				"west": {"uv": [7.75, 10.25, 8.25, 9.25], "texture": "#1"},
				"up": {"uv": [0, 0.5, 0, 0], "texture": "#1"},
				"down": {"uv": [0, 0, 0, 0.5], "texture": "#1"}
			}
		},
		{
			"name": "1",
			"from": [8, 5.1634, 14.14525],
			"to": [8, 7.32228, 15.48855],
			"rotation": {"angle": 22.5, "axis": "x", "origin": [8, 8.26834, 11.21166]},
			"faces": {
				"north": {"uv": [0, 1, 0, 0], "texture": "#1"},
				"east": {"uv": [8.25, 10.25, 7.75, 9.25], "texture": "#1"},
				"south": {"uv": [0, 1, 0, 0], "texture": "#1"},
				"west": {"uv": [7.75, 10.25, 8.25, 9.25], "texture": "#1"},
				"up": {"uv": [0, 0.5, 0, 0], "texture": "#1"},
				"down": {"uv": [0, 0, 0, 0.5], "texture": "#1"}
			}
		},
		{
			"name": "leg",
			"from": [9.52676, 8.35329, -2.33373],
			"to": [12.07135, 10.89788, 1.73762],
			"rotation": {"angle": -22.5, "axis": "x", "origin": [10.79905, 9.59979, -0.94085]},
			"faces": {
				"north": {"uv": [11.83333, 5, 11, 5.83333], "rotation": 180, "texture": "#2"},
				"east": {"uv": [7, 8.66667, 7.83333, 10], "rotation": 270, "texture": "#2"},
				"south": {"uv": [11.83333, 1.83333, 11, 1], "texture": "#2"},
				"west": {"uv": [9, 1.33333, 9.83333, 2.66667], "rotation": 90, "texture": "#2"},
				"up": {"uv": [8, 8.33333, 8.83333, 9.66667], "rotation": 180, "texture": "#2"},
				"down": {"uv": [9, 0, 9.83333, 1.33333], "texture": "#2"}
			}
		},
		{
			"name": "leg",
			"from": [9.52676, 9.88005, -4.3694],
			"to": [12.07135, 10.89788, -2.33373],
			"rotation": {"angle": -22.5, "axis": "x", "origin": [10.79905, 9.59979, -0.94085]},
			"faces": {
				"north": {"uv": [12.83333, 8.66667, 12, 9], "rotation": 180, "texture": "#2"},
				"east": {"uv": [9, 2.66667, 9.33333, 3.33333], "rotation": 270, "texture": "#2"},
				"south": {"uv": [12.83333, 8.66667, 12, 8.33333], "texture": "#2"},
				"west": {"uv": [10, 2, 10.33333, 2.66667], "rotation": 90, "texture": "#2"},
				"up": {"uv": [4, 11.66667, 4.83333, 12.33333], "rotation": 180, "texture": "#2"},
				"down": {"uv": [5, 11.66667, 5.83333, 12.33333], "texture": "#2"}
			}
		},
		{
			"name": "leg",
			"from": [11.05351, 8.35329, -4.3694],
			"to": [12.07135, 9.88005, -2.33373],
			"rotation": {"angle": -22.5, "axis": "x", "origin": [10.79905, 9.59979, -0.94085]},
			"faces": {
				"north": {"uv": [9.33333, 12.33333, 9, 12.83333], "rotation": 180, "texture": "#2"},
				"east": {"uv": [6.33333, 5.33333, 6.83333, 6], "rotation": 270, "texture": "#2"},
				"south": {"uv": [9, 12.83333, 8.66667, 12.33333], "texture": "#2"},
				"west": {"uv": [12, 1.33333, 12.5, 2], "rotation": 90, "texture": "#2"},
				"up": {"uv": [7.66667, 12, 8, 12.66667], "rotation": 180, "texture": "#2"},
				"down": {"uv": [12, 10.66667, 12.33333, 11.33333], "texture": "#2"}
			}
		},
		{
			"name": "leg",
			"from": [9.2723, 8.16561, 0.71979],
			"to": [12.32581, 11.00842, 3.88998],
			"rotation": {"angle": -22.5, "axis": "x", "origin": [10.79905, 9.59979, -0.94085]},
			"faces": {
				"north": {"uv": [11, 6, 10, 7], "rotation": 180, "texture": "#2"},
				"east": {"uv": [8, 9.66667, 9, 10.66667], "rotation": 270, "texture": "#2"},
				"south": {"uv": [11, 6, 10, 5], "texture": "#2"},
				"west": {"uv": [10, 1, 11, 2], "rotation": 90, "texture": "#2"},
				"up": {"uv": [9.33333, 4, 10.33333, 5], "rotation": 180, "texture": "#2"},
				"down": {"uv": [10, 0, 11, 1], "texture": "#2"}
			}
		},
		{
			"name": "leg",
			"from": [9.52676, 10.89788, -4.3694],
			"to": [10.54459, 11.4068, -2.33373],
			"rotation": {"angle": -22.5, "axis": "x", "origin": [10.79905, 9.59979, -0.94085]},
			"faces": {
				"north": {"uv": [10.66667, 13, 10.33333, 13.16667], "rotation": 180, "texture": "#2"},
				"east": {"uv": [13, 3.66667, 13.16667, 4.33333], "rotation": 270, "texture": "#2"},
				"south": {"uv": [13.33333, 10.16667, 13, 10], "texture": "#2"},
				"west": {"uv": [4, 13, 4.16667, 13.66667], "rotation": 90, "texture": "#2"},
				"up": {"uv": [11, 12, 11.33333, 12.66667], "rotation": 180, "texture": "#2"},
				"down": {"uv": [11.33333, 12, 11.66667, 12.66667], "texture": "#2"}
			}
		},
		{
			"name": "leg",
			"from": [9.52676, 6.4795, -2.91679],
			"to": [12.07135, 9.02409, 1.15456],
			"rotation": {"angle": -45, "axis": "x", "origin": [10.79905, 9.59979, -0.94085]},
			"faces": {
				"north": {"uv": [11, 8, 11.83333, 8.83333], "rotation": 180, "texture": "#2"},
				"east": {"uv": [9.83333, 9, 9, 10.33333], "rotation": 270, "texture": "#2"},
				"south": {"uv": [11, 7.83333, 11.83333, 7], "texture": "#2"},
				"west": {"uv": [9.83333, 6.33333, 9, 7.66667], "rotation": 90, "texture": "#2"},
				"up": {"uv": [9.83333, 5, 9, 6.33333], "rotation": 180, "texture": "#2"},
				"down": {"uv": [9.83333, 7.66667, 9, 9], "texture": "#2"}
			}
		},
		{
			"name": "leg",
			"from": [9.52676, 8.00626, -4.95246],
			"to": [12.07135, 9.02409, -2.91679],
			"rotation": {"angle": -45, "axis": "x", "origin": [10.79905, 9.59979, -0.94085]},
			"faces": {
				"north": {"uv": [12, 9.33333, 12.83333, 9.66667], "rotation": 180, "texture": "#2"},
				"east": {"uv": [12, 12, 11.66667, 12.66667], "rotation": 270, "texture": "#2"},
				"south": {"uv": [12, 9.33333, 12.83333, 9], "texture": "#2"},
				"west": {"uv": [12.33333, 11.33333, 12, 12], "rotation": 90, "texture": "#2"},
				"up": {"uv": [6.83333, 11.66667, 6, 12.33333], "rotation": 180, "texture": "#2"},
				"down": {"uv": [8.83333, 11.66667, 8, 12.33333], "texture": "#2"}
			}
		},
		{
			"name": "leg",
			"from": [11.05351, 6.4795, -4.95246],
			"to": [12.07135, 8.00626, -2.91679],
			"rotation": {"angle": -45, "axis": "x", "origin": [10.79905, 9.59979, -0.94085]},
			"faces": {
				"north": {"uv": [1, 12.66667, 1.33333, 13.16667], "rotation": 180, "texture": "#2"},
				"east": {"uv": [12.5, 5.66667, 12, 6.33333], "rotation": 270, "texture": "#2"},
				"south": {"uv": [0.66667, 13.16667, 1, 12.66667], "texture": "#2"},
				"west": {"uv": [12.5, 5, 12, 5.66667], "rotation": 90, "texture": "#2"},
				"up": {"uv": [12.33333, 12, 12, 12.66667], "rotation": 180, "texture": "#2"},
				"down": {"uv": [12.66667, 2, 12.33333, 2.66667], "texture": "#2"}
			}
		},
		{
			"name": "leg",
			"from": [9.2723, 6.29182, 0.13673],
			"to": [12.32581, 9.13463, 3.30692],
			"rotation": {"angle": -45, "axis": "x", "origin": [10.79905, 9.59979, -0.94085]},
			"faces": {
				"north": {"uv": [10.33333, 2, 11.33333, 3], "rotation": 180, "texture": "#2"},
				"east": {"uv": [11, 9, 10, 10], "rotation": 270, "texture": "#2"},
				"south": {"uv": [10, 11, 11, 10], "texture": "#2"},
				"west": {"uv": [11, 7, 10, 8], "rotation": 90, "texture": "#2"},
				"up": {"uv": [8, 10, 7, 11], "rotation": 180, "texture": "#2"},
				"down": {"uv": [11, 8, 10, 9], "texture": "#2"}
			}
		},
		{
			"name": "leg",
			"from": [9.52676, 9.02409, -4.95246],
			"to": [10.54459, 9.53301, -2.91679],
			"rotation": {"angle": -45, "axis": "x", "origin": [10.79905, 9.59979, -0.94085]},
			"faces": {
				"north": {"uv": [10.66667, 13, 11, 13.16667], "rotation": 180, "texture": "#2"},
				"east": {"uv": [13.16667, 5, 13, 5.66667], "rotation": 270, "texture": "#2"},
				"south": {"uv": [13, 10.5, 13.33333, 10.33333], "texture": "#2"},
				"west": {"uv": [5.16667, 13, 5, 13.66667], "rotation": 90, "texture": "#2"},
				"up": {"uv": [12.66667, 2.66667, 12.33333, 3.33333], "rotation": 180, "texture": "#2"},
				"down": {"uv": [12.66667, 3.33333, 12.33333, 4], "texture": "#2"}
			}
		},
		{
			"name": "leg",
			"from": [3.92865, 8.35329, -2.33373],
			"to": [6.47324, 10.89788, 1.73762],
			"rotation": {"angle": -22.5, "axis": "x", "origin": [5.20095, 9.59979, -0.94085]},
			"faces": {
				"north": {"uv": [11.83333, 8, 11, 8.83333], "rotation": 180, "texture": "#2"},
				"east": {"uv": [9, 6.33333, 9.83333, 7.66667], "rotation": 270, "texture": "#2"},
				"south": {"uv": [11.83333, 7.83333, 11, 7], "texture": "#2"},
				"west": {"uv": [9, 9, 9.83333, 10.33333], "rotation": 90, "texture": "#2"},
				"up": {"uv": [9, 5, 9.83333, 6.33333], "rotation": 180, "texture": "#2"},
				"down": {"uv": [9, 7.66667, 9.83333, 9], "texture": "#2"}
			}
		},
		{
			"name": "leg",
			"from": [3.92865, 9.88005, -4.3694],
			"to": [6.47324, 10.89788, -2.33373],
			"rotation": {"angle": -22.5, "axis": "x", "origin": [5.20095, 9.59979, -0.94085]},
			"faces": {
				"north": {"uv": [12.83333, 9.33333, 12, 9.66667], "rotation": 180, "texture": "#2"},
				"east": {"uv": [12, 11.33333, 12.33333, 12], "rotation": 270, "texture": "#2"},
				"south": {"uv": [12.83333, 9.33333, 12, 9], "texture": "#2"},
				"west": {"uv": [11.66667, 12, 12, 12.66667], "rotation": 90, "texture": "#2"},
				"up": {"uv": [6, 11.66667, 6.83333, 12.33333], "rotation": 180, "texture": "#2"},
				"down": {"uv": [8, 11.66667, 8.83333, 12.33333], "texture": "#2"}
			}
		},
		{
			"name": "leg",
			"from": [3.92865, 8.35329, -4.3694],
			"to": [4.94649, 9.88005, -2.33373],
			"rotation": {"angle": -22.5, "axis": "x", "origin": [5.20095, 9.59979, -0.94085]},
			"faces": {
				"north": {"uv": [1.33333, 12.66667, 1, 13.16667], "rotation": 180, "texture": "#2"},
				"east": {"uv": [12, 5, 12.5, 5.66667], "rotation": 270, "texture": "#2"},
				"south": {"uv": [1, 13.16667, 0.66667, 12.66667], "texture": "#2"},
				"west": {"uv": [12, 5.66667, 12.5, 6.33333], "rotation": 90, "texture": "#2"},
				"up": {"uv": [12, 12, 12.33333, 12.66667], "rotation": 180, "texture": "#2"},
				"down": {"uv": [12.33333, 2, 12.66667, 2.66667], "texture": "#2"}
			}
		},
		{
			"name": "leg",
			"from": [3.67419, 8.16561, 0.71979],
			"to": [6.7277, 11.00842, 3.88998],
			"rotation": {"angle": -22.5, "axis": "x", "origin": [5.20095, 9.59979, -0.94085]},
			"faces": {
				"north": {"uv": [11.33333, 2, 10.33333, 3], "rotation": 180, "texture": "#2"},
				"east": {"uv": [10, 7, 11, 8], "rotation": 270, "texture": "#2"},
				"south": {"uv": [11, 11, 10, 10], "texture": "#2"},
				"west": {"uv": [10, 9, 11, 10], "rotation": 90, "texture": "#2"},
				"up": {"uv": [7, 10, 8, 11], "rotation": 180, "texture": "#2"},
				"down": {"uv": [10, 8, 11, 9], "texture": "#2"}
			}
		},
		{
			"name": "leg",
			"from": [5.45541, 10.89788, -4.3694],
			"to": [6.47324, 11.4068, -2.33373],
			"rotation": {"angle": -22.5, "axis": "x", "origin": [5.20095, 9.59979, -0.94085]},
			"faces": {
				"north": {"uv": [11, 13, 10.66667, 13.16667], "rotation": 180, "texture": "#2"},
				"east": {"uv": [5, 13, 5.16667, 13.66667], "rotation": 270, "texture": "#2"},
				"south": {"uv": [13.33333, 10.5, 13, 10.33333], "texture": "#2"},
				"west": {"uv": [13, 5, 13.16667, 5.66667], "rotation": 90, "texture": "#2"},
				"up": {"uv": [12.33333, 2.66667, 12.66667, 3.33333], "rotation": 180, "texture": "#2"},
				"down": {"uv": [12.33333, 3.33333, 12.66667, 4], "texture": "#2"}
			}
		},
		{
			"name": "leg",
			"from": [3.92865, 7.62385, -0.36515],
			"to": [6.47324, 11.6952, 2.17944],
			"rotation": {"angle": 45, "axis": "x", "origin": [5.20095, 9.59979, -0.94085]},
			"faces": {
				"north": {"uv": [8.83333, 8.33333, 8, 9.66667], "texture": "#2"},
				"east": {"uv": [9.83333, 1.33333, 9, 2.66667], "texture": "#2"},
				"south": {"uv": [9.83333, 0, 9, 1.33333], "texture": "#2"},
				"west": {"uv": [7.83333, 8.66667, 7, 10], "texture": "#2"},
				"up": {"uv": [11, 1.83333, 11.83333, 1], "texture": "#2"},
				"down": {"uv": [11, 5, 11.83333, 5.83333], "texture": "#2"}
			}
		},
		{
			"name": "leg",
			"from": [3.92865, 5.58818, -0.36515],
			"to": [6.47324, 7.62385, 0.65268],
			"rotation": {"angle": 45, "axis": "x", "origin": [5.20095, 9.59979, -0.94085]},
			"faces": {
				"north": {"uv": [4.83333, 11.66667, 4, 12.33333], "texture": "#2"},
				"east": {"uv": [10.33333, 2, 10, 2.66667], "texture": "#2"},
				"south": {"uv": [5.83333, 11.66667, 5, 12.33333], "texture": "#2"},
				"west": {"uv": [9.33333, 2.66667, 9, 3.33333], "texture": "#2"},
				"up": {"uv": [12, 8.66667, 12.83333, 8.33333], "texture": "#2"},
				"down": {"uv": [12, 8.66667, 12.83333, 9], "texture": "#2"}
			}
		},
		{
			"name": "leg",
			"from": [3.92865, 5.58818, 0.65268],
			"to": [4.94649, 7.62385, 2.17944],
			"rotation": {"angle": 45, "axis": "x", "origin": [5.20095, 9.59979, -0.94085]},
			"faces": {
				"north": {"uv": [8, 12, 7.66667, 12.66667], "texture": "#2"},
				"east": {"uv": [12.5, 1.33333, 12, 2], "texture": "#2"},
				"south": {"uv": [12.33333, 10.66667, 12, 11.33333], "texture": "#2"},
				"west": {"uv": [6.83333, 5.33333, 6.33333, 6], "texture": "#2"},
				"up": {"uv": [8.66667, 12.83333, 9, 12.33333], "texture": "#2"},
				"down": {"uv": [9, 12.33333, 9.33333, 12.83333], "texture": "#2"}
			}
		},
		{
			"name": "leg",
			"from": [3.67419, 10.67737, -0.47569],
			"to": [6.7277, 13.84756, 2.36712],
			"rotation": {"angle": 45, "axis": "x", "origin": [5.20095, 9.59979, -0.94085]},
			"faces": {
				"north": {"uv": [10.33333, 4, 9.33333, 5], "texture": "#2"},
				"east": {"uv": [11, 1, 10, 2], "texture": "#2"},
				"south": {"uv": [11, 0, 10, 1], "texture": "#2"},
				"west": {"uv": [9, 9.66667, 8, 10.66667], "texture": "#2"},
				"up": {"uv": [10, 6, 11, 5], "texture": "#2"},
				"down": {"uv": [10, 6, 11, 7], "texture": "#2"}
			}
		},
		{
			"name": "leg",
			"from": [5.45541, 5.58818, -0.87407],
			"to": [6.47324, 7.62385, -0.36515],
			"rotation": {"angle": 45, "axis": "x", "origin": [5.20095, 9.59979, -0.94085]},
			"faces": {
				"north": {"uv": [11.33333, 12, 11, 12.66667], "texture": "#2"},
				"east": {"uv": [4.16667, 13, 4, 13.66667], "texture": "#2"},
				"south": {"uv": [11.66667, 12, 11.33333, 12.66667], "texture": "#2"},
				"west": {"uv": [13.16667, 3.66667, 13, 4.33333], "texture": "#2"},
				"up": {"uv": [13, 10.16667, 13.33333, 10], "texture": "#2"},
				"down": {"uv": [10.33333, 13, 10.66667, 13.16667], "texture": "#2"}
			}
		},
		{
			"name": "leg",
			"from": [9.2723, 4.74583, 8.80313],
			"to": [12.32581, 10.55464, 13.11436],
			"rotation": {"angle": 0, "axis": "y", "origin": [8, 10.26834, 6.21166]},
			"faces": {
				"north": {"uv": [5.33333, 4, 6.33333, 6], "texture": "#2"},
				"east": {"uv": [3.33333, 0, 4.83333, 2], "texture": "#2"},
				"south": {"uv": [0, 6, 1, 8], "texture": "#2"},
				"west": {"uv": [3.33333, 2, 4.83333, 4], "texture": "#2"},
				"up": {"uv": [6, 7.5, 5, 6], "texture": "#2"},
				"down": {"uv": [7, 6, 6, 7.5], "texture": "#2"}
			}
		},
		{
			"name": "leg",
			"from": [9.52676, 0.19264, 9.97948],
			"to": [12.07135, 4.78749, 12.52408],
			"rotation": {"angle": 0, "axis": "y", "origin": [8, 10.26834, 6.21166]},
			"faces": {
				"north": {"uv": [6, 7.66667, 6.83333, 9.16667], "texture": "#2"},
				"east": {"uv": [0, 8, 0.83333, 9.5], "texture": "#2"},
				"south": {"uv": [8, 0, 8.83333, 1.5], "texture": "#2"},
				"west": {"uv": [1, 8, 1.83333, 9.5], "texture": "#2"},
				"up": {"uv": [12.16667, 2.83333, 11.33333, 2], "texture": "#2"},
				"down": {"uv": [12.16667, 3, 11.33333, 3.83333], "texture": "#2"}
			}
		},
		{
			"name": "leg",
			"from": [9.78122, -0.16182, 9.2161],
			"to": [11.05351, 0.85602, 10.23394],
			"rotation": {"angle": 0, "axis": "y", "origin": [8, 10.26834, 6.21166]},
			"faces": {
				"north": {"uv": [12.66667, 4.33333, 13.16667, 4.66667], "texture": "#2"},
				"east": {"uv": [7.33333, 13, 7.66667, 13.33333], "texture": "#2"},
				"south": {"uv": [12.66667, 6.33333, 13.16667, 6.66667], "texture": "#2"},
				"west": {"uv": [13, 7.66667, 13.33333, 8], "texture": "#2"},
				"up": {"uv": [13.16667, 7, 12.66667, 6.66667], "texture": "#2"},
				"down": {"uv": [7.5, 12.66667, 7, 13], "texture": "#2"}
			}
		},
		{
			"name": "leg",
			"from": [11.30797, -0.16182, 9.2161],
			"to": [12.32581, 0.85602, 10.4884],
			"rotation": {"angle": 0, "axis": "y", "origin": [8, 10.26834, 6.21166]},
			"faces": {
				"north": {"uv": [8, 13, 8.33333, 13.33333], "texture": "#2"},
				"east": {"uv": [12.66667, 7, 13.16667, 7.33333], "texture": "#2"},
				"south": {"uv": [13, 8, 13.33333, 8.33333], "texture": "#2"},
				"west": {"uv": [12.66667, 7.33333, 13.16667, 7.66667], "texture": "#2"},
				"up": {"uv": [8, 13.16667, 7.66667, 12.66667], "texture": "#2"},
				"down": {"uv": [13, 7.66667, 12.66667, 8.16667], "texture": "#2"}
			}
		},
		{
			"name": "leg",
			"from": [11.30797, -0.16182, 10.99732],
			"to": [12.32581, 0.85602, 12.26962],
			"rotation": {"angle": 0, "axis": "y", "origin": [8, 10.26834, 6.21166]},
			"faces": {
				"north": {"uv": [8.33333, 13, 8.66667, 13.33333], "texture": "#2"},
				"east": {"uv": [9.33333, 12.66667, 9.83333, 13], "texture": "#2"},
				"south": {"uv": [13, 8.33333, 13.33333, 8.66667], "texture": "#2"},
				"west": {"uv": [10, 12.66667, 10.5, 13], "texture": "#2"},
				"up": {"uv": [11.33333, 13.16667, 11, 12.66667], "texture": "#2"},
				"down": {"uv": [11.66667, 12.66667, 11.33333, 13.16667], "texture": "#2"}
			}
		},
		{
			"name": "leg",
			"from": [3.67419, 4.74583, 8.80313],
			"to": [6.7277, 10.55464, 13.11436],
			"rotation": {"angle": 0, "axis": "y", "origin": [8, 10.26834, 6.21166]},
			"faces": {
				"north": {"uv": [6, 0, 7, 2], "texture": "#2"},
				"east": {"uv": [0, 4, 1.5, 6], "texture": "#2"},
				"south": {"uv": [1, 6, 2, 8], "texture": "#2"},
				"west": {"uv": [1.66667, 4, 3.16667, 6], "texture": "#2"},
				"up": {"uv": [7.33333, 5.16667, 6.33333, 3.66667], "texture": "#2"},
				"down": {"uv": [8, 0, 7, 1.5], "texture": "#2"}
			}
		},
		{
			"name": "leg",
			"from": [3.92865, 0.19264, 9.97948],
			"to": [6.47324, 4.78749, 12.52408],
			"rotation": {"angle": 0, "axis": "y", "origin": [8, 10.26834, 6.21166]},
			"faces": {
				"north": {"uv": [8, 1.66667, 8.83333, 3.16667], "texture": "#2"},
				"east": {"uv": [8, 5, 8.83333, 6.5], "texture": "#2"},
				"south": {"uv": [8, 6.66667, 8.83333, 8.16667], "texture": "#2"},
				"west": {"uv": [8.33333, 3.33333, 9.16667, 4.83333], "texture": "#2"},
				"up": {"uv": [2.83333, 12.5, 2, 11.66667], "texture": "#2"},
				"down": {"uv": [3.83333, 11.66667, 3, 12.5], "texture": "#2"}
			}
		},
		{
			"name": "leg",
			"from": [4.94649, -0.16182, 9.2161],
			"to": [6.21878, 0.85602, 10.23394],
			"rotation": {"angle": 0, "axis": "y", "origin": [8, 10.26834, 6.21166]},
			"faces": {
				"north": {"uv": [12, 12.66667, 12.5, 13], "texture": "#2"},
				"east": {"uv": [9, 13, 9.33333, 13.33333], "texture": "#2"},
				"south": {"uv": [12.66667, 12.66667, 13.16667, 13], "texture": "#2"},
				"west": {"uv": [9.33333, 13, 9.66667, 13.33333], "texture": "#2"},
				"up": {"uv": [13.5, 0.33333, 13, 0], "texture": "#2"},
				"down": {"uv": [13.5, 0.33333, 13, 0.66667], "texture": "#2"}
			}
		},
		{
			"name": "leg",
			"from": [3.67419, -0.16182, 9.2161],
			"to": [4.69203, 0.85602, 10.4884],
			"rotation": {"angle": 0, "axis": "y", "origin": [8, 10.26834, 6.21166]},
			"faces": {
				"north": {"uv": [13, 9.33333, 13.33333, 9.66667], "texture": "#2"},
				"east": {"uv": [13, 0.66667, 13.5, 1], "texture": "#2"},
				"south": {"uv": [9.66667, 13, 10, 13.33333], "texture": "#2"},
				"west": {"uv": [13, 1, 13.5, 1.33333], "texture": "#2"},
				"up": {"uv": [1.66667, 13.5, 1.33333, 13], "texture": "#2"},
				"down": {"uv": [2, 13, 1.66667, 13.5], "texture": "#2"}
			}
		},
		{
			"name": "leg",
			"from": [3.67419, -0.16182, 10.99732],
			"to": [4.69203, 0.85602, 12.26962],
			"rotation": {"angle": 0, "axis": "y", "origin": [8, 10.26834, 6.21166]},
			"faces": {
				"north": {"uv": [13, 9.66667, 13.33333, 10], "texture": "#2"},
				"east": {"uv": [2, 13, 2.5, 13.33333], "texture": "#2"},
				"south": {"uv": [10, 13, 10.33333, 13.33333], "texture": "#2"},
				"west": {"uv": [13, 2.66667, 13.5, 3], "texture": "#2"},
				"up": {"uv": [3.33333, 13.5, 3, 13], "texture": "#2"},
				"down": {"uv": [3.66667, 13, 3.33333, 13.5], "texture": "#2"}
			}
		},
		{
			"name": "body",
			"from": [4.94649, 4.97826, 0.34917],
			"to": [11.05351, 12.10312, 14.05083],
			"rotation": {"angle": 22.5, "axis": "x", "origin": [8, 8.26834, 11.21166]},
			"faces": {
				"north": {"uv": [0, 4, 1.625, 5.875], "texture": "#1"},
				"east": {"uv": [0, 0, 3.625, 1.875], "texture": "#1"},
				"south": {"uv": [1.75, 4, 3.375, 5.875], "texture": "#1"},
				"west": {"uv": [0, 2, 3.625, 3.875], "texture": "#1"},
				"up": {"uv": [5.375, 3.625, 3.75, 0], "texture": "#1"},
				"down": {"uv": [5.375, 3.75, 3.75, 7.375], "texture": "#1"}
			}
		},
		{
			"name": "1",
			"from": [8, 10.58458, -0.48713],
			"to": [8, 14.1827, 1.43187],
			"rotation": {"angle": 22.5, "axis": "x", "origin": [8, 8.26834, 11.21166]},
			"faces": {
				"north": {"uv": [0, 0, 0, 1], "texture": "#1"},
				"east": {"uv": [8.25, 9.25, 7.75, 10.25], "texture": "#1"},
				"south": {"uv": [0, 0, 0, 1], "texture": "#1"},
				"west": {"uv": [7.75, 9.25, 8.25, 10.25], "texture": "#1"},
				"up": {"uv": [0, 0.5, 0, 0], "texture": "#1"},
				"down": {"uv": [0, 0, 0, 0.5], "texture": "#1"}
			}
		},
		{
			"name": "2",
			"from": [8, 11.3042, 1.43187],
			"to": [8, 14.90233, 3.35087],
			"rotation": {"angle": 22.5, "axis": "x", "origin": [8, 8.26834, 11.21166]},
			"faces": {
				"north": {"uv": [0, 0, 0, 1], "texture": "#1"},
				"east": {"uv": [8.25, 9.25, 7.75, 10.25], "texture": "#1"},
				"south": {"uv": [0, 0, 0, 1], "texture": "#1"},
				"west": {"uv": [7.75, 9.25, 8.25, 10.25], "texture": "#1"},
				"up": {"uv": [0, 0.5, 0, 0], "texture": "#1"},
				"down": {"uv": [0, 0, 0, 0.5], "texture": "#1"}
			}
		},
		{
			"name": "3",
			"from": [8, 12.02383, 3.59075],
			"to": [8, 16.34158, 5.84557],
			"rotation": {"angle": 22.5, "axis": "x", "origin": [8, 8.26834, 11.21166]},
			"faces": {
				"north": {"uv": [0, 0, 0, 1], "texture": "#1"},
				"east": {"uv": [8.25, 9.25, 7.75, 10.25], "texture": "#1"},
				"south": {"uv": [0, 0, 0, 1], "texture": "#1"},
				"west": {"uv": [7.75, 9.25, 8.25, 10.25], "texture": "#1"},
				"up": {"uv": [0, 0.5, 0, 0], "texture": "#1"},
				"down": {"uv": [0, 0, 0, 0.5], "texture": "#1"}
			}
		},
		{
			"name": "4",
			"from": [8, 12.02383, 6.22937],
			"to": [8, 16.34158, 8.4842],
			"rotation": {"angle": 22.5, "axis": "x", "origin": [8, 8.26834, 11.21166]},
			"faces": {
				"north": {"uv": [0, 0, 0, 1], "texture": "#1"},
				"east": {"uv": [8.25, 9.25, 7.75, 10.25], "texture": "#1"},
				"south": {"uv": [0, 0, 0, 1], "texture": "#1"},
				"west": {"uv": [7.75, 9.25, 8.25, 10.25], "texture": "#1"},
				"up": {"uv": [0, 0.5, 0, 0], "texture": "#1"},
				"down": {"uv": [0, 0, 0, 0.5], "texture": "#1"}
			}
		},
		{
			"name": "5",
			"from": [8, 12.02383, 8.868],
			"to": [8, 15.62195, 10.64307],
			"rotation": {"angle": 22.5, "axis": "x", "origin": [8, 8.26834, 11.21166]},
			"faces": {
				"north": {"uv": [0, 0, 0, 1], "texture": "#1"},
				"east": {"uv": [8.25, 9.25, 7.75, 10.25], "texture": "#1"},
				"south": {"uv": [0, 0, 0, 1], "texture": "#1"},
				"west": {"uv": [7.75, 9.25, 8.25, 10.25], "texture": "#1"},
				"up": {"uv": [0, 0.5, 0, 0], "texture": "#1"},
				"down": {"uv": [0, 0, 0, 0.5], "texture": "#1"}
			}
		},
		{
			"name": "6",
			"from": [8, 12.02383, 10.787],
			"to": [8, 14.1827, 12.08232],
			"rotation": {"angle": 22.5, "axis": "x", "origin": [8, 8.26834, 11.21166]},
			"faces": {
				"north": {"uv": [0, 0, 0, 1], "texture": "#1"},
				"east": {"uv": [8.25, 9.25, 7.75, 10.25], "texture": "#1"},
				"south": {"uv": [0, 0, 0, 1], "texture": "#1"},
				"west": {"uv": [7.75, 9.25, 8.25, 10.25], "texture": "#1"},
				"up": {"uv": [0, 0.5, 0, 0], "texture": "#1"},
				"down": {"uv": [0, 0, 0, 0.5], "texture": "#1"}
			}
		},
		{
			"name": "7",
			"from": [8, 12.02383, 12.22625],
			"to": [8, 13.70295, 13.2817],
			"rotation": {"angle": 22.5, "axis": "x", "origin": [8, 8.26834, 11.21166]},
			"faces": {
				"north": {"uv": [0, 0, 0, 1], "texture": "#1"},
				"east": {"uv": [8.25, 9.25, 7.75, 10.25], "texture": "#1"},
				"south": {"uv": [0, 0, 0, 1], "texture": "#1"},
				"west": {"uv": [7.75, 9.25, 8.25, 10.25], "texture": "#1"},
				"up": {"uv": [0, 0.5, 0, 0], "texture": "#1"},
				"down": {"uv": [0, 0, 0, 0.5], "texture": "#1"}
			}
		},
		{
			"name": "head",
			"from": [7.59701, 24.06094, -10.87926],
			"to": [8.40299, 25.05095, -8.3955],
			"rotation": {"angle": -22.5, "axis": "x", "origin": [8, 23.89975, -9.035]},
			"faces": {
				"north": {"uv": [10.25, 6, 10.5, 6.25], "texture": "#1"},
				"east": {"uv": [5, 10, 5.625, 10.25], "texture": "#1"},
				"south": {"uv": [6.25, 10.25, 6.5, 10.5], "texture": "#1"},
				"west": {"uv": [6.75, 10, 7.375, 10.25], "texture": "#1"},
				"up": {"uv": [3.75, 4.625, 3.5, 4], "texture": "#1"},
				"down": {"uv": [3.75, 4.75, 3.5, 5.375], "texture": "#1"}
			}
		},
		{
			"name": "head",
			"from": [7.2276, 22.64687, -11.17662],
			"to": [8.7724, 24.22927, -9.08597],
			"rotation": {"angle": 0, "axis": "x", "origin": [8, 23.89975, -9.035]},
			"faces": {
				"north": {"uv": [10, 8.75, 10.375, 9.125], "texture": "#1"},
				"east": {"uv": [9.75, 7.5, 10.375, 7.875], "texture": "#1"},
				"south": {"uv": [10, 9.25, 10.375, 9.625], "texture": "#1"},
				"west": {"uv": [9.75, 8, 10.375, 8.375], "texture": "#1"},
				"up": {"uv": [0.375, 10.625, 0, 10], "texture": "#1"},
				"down": {"uv": [0.875, 10, 0.5, 10.625], "texture": "#1"}
			}
		},
		{
			"name": "head",
			"from": [7.05969, 22.64687, -9.08597],
			"to": [8.94031, 24.85058, -6.28385],
			"rotation": {"angle": 0, "axis": "x", "origin": [8, 23.89975, -9.035]},
			"faces": {
				"north": {"uv": [9.75, 4.5, 10.25, 5.125], "texture": "#1"},
				"east": {"uv": [8.25, 9.25, 9, 9.875], "texture": "#1"},
				"south": {"uv": [9.75, 5.25, 10.25, 5.875], "texture": "#1"},
				"west": {"uv": [9.25, 8.75, 10, 9.375], "texture": "#1"},
				"up": {"uv": [4, 10.5, 3.5, 9.75], "texture": "#1"},
				"down": {"uv": [4.5, 9.75, 4, 10.5], "texture": "#1"}
			}
		},
		{
			"name": "neck",
			"from": [6.081, 4.35124, -3.91244],
			"to": [9.919, 8.32856, 1.29342],
			"rotation": {"angle": 45, "axis": "x", "origin": [8, 8.26834, 11.21166]},
			"faces": {
				"north": {"uv": [7.25, 7.25, 8.25, 8.25], "texture": "#1"},
				"east": {"uv": [5.5, 3, 6.875, 4], "texture": "#1"},
				"south": {"uv": [0, 7.5, 1, 8.5], "texture": "#1"},
				"west": {"uv": [5.5, 4, 6.875, 5], "texture": "#1"},
				"up": {"uv": [6.5, 6.375, 5.5, 5], "texture": "#1"},
				"down": {"uv": [1, 6, 0, 7.375], "texture": "#1"}
			}
		},
		{
			"name": "neck",
			"from": [6.36885, 4.83917, -8.40949],
			"to": [9.63115, 8.2784, -3.74171],
			"rotation": {"angle": 45, "axis": "x", "origin": [8, 8.26834, 11.21166]},
			"faces": {
				"north": {"uv": [7.25, 8.25, 8.125, 9.125], "texture": "#1"},
				"east": {"uv": [6.75, 2, 8, 2.875], "texture": "#1"},
				"south": {"uv": [8.25, 8.25, 9.125, 9.125], "texture": "#1"},
				"west": {"uv": [7, 3, 8.25, 3.875], "texture": "#1"},
				"up": {"uv": [1.875, 8.5, 1, 7.25], "texture": "#1"},
				"down": {"uv": [2.875, 7.25, 2, 8.5], "texture": "#1"}
			}
		},
		{
			"name": "neck",
			"from": [6.6567, 5.07905, -12.72724],
			"to": [9.3433, 7.79865, -8.05946],
			"shade": false,
			"rotation": {"angle": 45, "axis": "x", "origin": [8, 8.26834, 11.21166]},
			"faces": {
				"north": {"uv": [9, 7, 9.75, 7.75], "texture": "#1"},
				"east": {"uv": [7.5, 5, 8.75, 5.75], "texture": "#1"},
				"south": {"uv": [7, 9.25, 7.75, 10], "texture": "#1"},
				"west": {"uv": [4.5, 7.75, 5.75, 8.5], "texture": "#1"},
				"up": {"uv": [6.5, 9, 5.75, 7.75], "texture": "#1"},
				"down": {"uv": [7.25, 7.75, 6.5, 9], "texture": "#1"}
			}
		},
		{
			"name": "1",
			"from": [8, 3.6639, -11.93593],
			"to": [8, 5.10315, -10.97643],
			"rotation": {"angle": 45, "axis": "x", "origin": [8, 8.26834, 11.21166]},
			"faces": {
				"north": {"uv": [0, 0, 0, 1], "rotation": 180, "texture": "#1"},
				"east": {"uv": [7.75, 9.25, 8.25, 10.25], "rotation": 180, "texture": "#1"},
				"south": {"uv": [0, 0, 0, 1], "rotation": 180, "texture": "#1"},
				"west": {"uv": [8.25, 9.25, 7.75, 10.25], "rotation": 180, "texture": "#1"},
				"up": {"uv": [0, 0, 0, 0.5], "texture": "#1"},
				"down": {"uv": [0, 0.5, 0, 0], "texture": "#1"}
			}
		},
		{
			"name": "2",
			"from": [8, 3.42403, -10.73656],
			"to": [8, 5.10315, -9.53718],
			"rotation": {"angle": 45, "axis": "x", "origin": [8, 8.26834, 11.21166]},
			"faces": {
				"north": {"uv": [0, 0, 0, 1], "rotation": 180, "texture": "#1"},
				"east": {"uv": [7.75, 9.25, 8.25, 10.25], "rotation": 180, "texture": "#1"},
				"south": {"uv": [0, 0, 0, 1], "rotation": 180, "texture": "#1"},
				"west": {"uv": [8.25, 9.25, 7.75, 10.25], "rotation": 180, "texture": "#1"},
				"up": {"uv": [0, 0, 0, 0.5], "texture": "#1"},
				"down": {"uv": [0, 0.5, 0, 0], "texture": "#1"}
			}
		},
		{
			"name": "3",
			"from": [8, 2.46453, -9.2973],
			"to": [8, 5.10315, -7.85805],
			"rotation": {"angle": 45, "axis": "x", "origin": [8, 8.26834, 11.21166]},
			"faces": {
				"north": {"uv": [0, 0, 0, 1], "rotation": 180, "texture": "#1"},
				"east": {"uv": [7.75, 9.25, 8.25, 10.25], "rotation": 180, "texture": "#1"},
				"south": {"uv": [0, 0, 0, 1], "rotation": 180, "texture": "#1"},
				"west": {"uv": [8.25, 9.25, 7.75, 10.25], "rotation": 180, "texture": "#1"},
				"up": {"uv": [0, 0, 0, 0.5], "texture": "#1"},
				"down": {"uv": [0, 0.5, 0, 0], "texture": "#1"}
			}
		},
		{
			"name": "4",
			"from": [8, 1.31313, -7.5702],
			"to": [8, 4.8153, -5.93905],
			"rotation": {"angle": 45, "axis": "x", "origin": [8, 8.26834, 11.21166]},
			"faces": {
				"north": {"uv": [0, 0, 0, 1], "rotation": 180, "texture": "#1"},
				"east": {"uv": [7.75, 9.25, 8.25, 10.25], "rotation": 180, "texture": "#1"},
				"south": {"uv": [0, 0, 0, 1], "rotation": 180, "texture": "#1"},
				"west": {"uv": [8.25, 9.25, 7.75, 10.25], "rotation": 180, "texture": "#1"},
				"up": {"uv": [0, 0, 0, 0.5], "texture": "#1"},
				"down": {"uv": [0, 0.5, 0, 0], "texture": "#1"}
			}
		},
		{
			"name": "5",
			"from": [8, 0.83337, -5.65121],
			"to": [8, 4.8153, -3.54031],
			"rotation": {"angle": 45, "axis": "x", "origin": [8, 8.26834, 11.21166]},
			"faces": {
				"north": {"uv": [0, 0, 0, 1], "rotation": 180, "texture": "#1"},
				"east": {"uv": [7.75, 9.25, 8.25, 10.25], "rotation": 180, "texture": "#1"},
				"south": {"uv": [0, 0, 0, 1], "rotation": 180, "texture": "#1"},
				"west": {"uv": [8.25, 9.25, 7.75, 10.25], "rotation": 180, "texture": "#1"},
				"up": {"uv": [0, 0, 0, 0.5], "texture": "#1"},
				"down": {"uv": [0, 0.5, 0, 0], "texture": "#1"}
			}
		},
		{
			"name": "6",
			"from": [8, 1.79288, -3.25246],
			"to": [8, 4.8153, -1.62131],
			"rotation": {"angle": 45, "axis": "x", "origin": [8, 8.26834, 11.21166]},
			"faces": {
				"north": {"uv": [0, 0, 0, 1], "rotation": 180, "texture": "#1"},
				"east": {"uv": [7.75, 9.25, 8.25, 10.25], "rotation": 180, "texture": "#1"},
				"south": {"uv": [0, 0, 0, 1], "rotation": 180, "texture": "#1"},
				"west": {"uv": [8.25, 9.25, 7.75, 10.25], "rotation": 180, "texture": "#1"},
				"up": {"uv": [0, 0, 0, 0.5], "texture": "#1"},
				"down": {"uv": [0, 0.5, 0, 0], "texture": "#1"}
			}
		},
		{
			"name": "7",
			"from": [8, 2.75237, -1.33345],
			"to": [8, 4.8153, -0.18205],
			"rotation": {"angle": 45, "axis": "x", "origin": [8, 8.26834, 11.21166]},
			"faces": {
				"north": {"uv": [0, 0, 0, 1], "rotation": 180, "texture": "#1"},
				"east": {"uv": [7.75, 9.25, 8.25, 10.25], "rotation": 180, "texture": "#1"},
				"south": {"uv": [0, 0, 0, 1], "rotation": 180, "texture": "#1"},
				"west": {"uv": [8.25, 9.25, 7.75, 10.25], "rotation": 180, "texture": "#1"},
				"up": {"uv": [0, 0, 0, 0.5], "texture": "#1"},
				"down": {"uv": [0, 0.5, 0, 0], "texture": "#1"}
			}
		},
		{
			"name": "8",
			"from": [8, 2.94427, 0.10579],
			"to": [8, 4.8153, 1.25719],
			"rotation": {"angle": 45, "axis": "x", "origin": [8, 8.26834, 11.21166]},
			"faces": {
				"north": {"uv": [0, 0, 0, 1], "rotation": 180, "texture": "#1"},
				"east": {"uv": [7.75, 9.25, 8.25, 10.25], "rotation": 180, "texture": "#1"},
				"south": {"uv": [0, 0, 0, 1], "rotation": 180, "texture": "#1"},
				"west": {"uv": [8.25, 9.25, 7.75, 10.25], "rotation": 180, "texture": "#1"},
				"up": {"uv": [0, 0, 0, 0.5], "texture": "#1"},
				"down": {"uv": [0, 0.5, 0, 0], "texture": "#1"}
			}
		}
	],
	"display": {
		"thirdperson_righthand": {
			"rotation": [75, 45, 0],
			"translation": [0, 2.5, 0],
			"scale": [0.375, 0.375, 0.375]
		},
		"thirdperson_lefthand": {
			"rotation": [75, 45, 0],
			"translation": [0, 2.5, 0],
			"scale": [0.375, 0.375, 0.375]
		},
		"firstperson_righthand": {
			"rotation": [0, 45, 0],
			"scale": [0.4, 0.4, 0.4]
		},
		"firstperson_lefthand": {
			"rotation": [0, 225, 0],
			"scale": [0.4, 0.4, -0.4]
		},
		"gui": {
			"rotation": [30, 225, 0],
			"scale": [0.625, 0.625, 0.625]
		},
		"head": {
			"translation": [0, -57.62975, 2.5],
			"scale": [4, 4, 4]
		},
		"fixed": {
			"translation": [0, 48, 33.5],
			"scale": [4, 4, 4]
		}
	},
	"groups": [
		{
			"name": "body",
			"origin": [8, 7.57422, 7.9978],
			"color": 0,
			"children": [
				{
					"name": "tail",
					"origin": [8, 7.57422, 7.9978],
					"color": 0,
					"children": [
						0,
						1,
						2,
						3,
						4,
						5,
						6,
						{
							"name": "spikes",
							"origin": [8, 7.57422, 7.9978],
							"color": 0,
							"children": [7, 8, 9, 10, 11, 12]
						}
					]
				},
				{
					"name": "legs",
					"origin": [8, 7.57422, 7.9978],
					"color": 0,
					"children": [
						{
							"name": "1",
							"origin": [8, 7.57422, 7.9978],
							"color": 0,
							"children": [
								13,
								14,
								15,
								16,
								17,
								{
									"name": "3",
									"origin": [8, 7.57422, 7.9978],
									"color": 0,
									"children": [18, 19, 20, 21, 22]
								}
							]
						},
						{
							"name": "3",
							"origin": [8, 7.57422, 7.9978],
							"color": 0,
							"children": [
								23,
								24,
								25,
								26,
								27,
								{
									"name": "1",
									"origin": [8, 7.57422, 7.9978],
									"color": 0,
									"children": [28, 29, 30, 31, 32]
								}
							]
						},
						{
							"name": "not_animated",
							"origin": [8, 7.57422, 7.9978],
							"color": 0,
							"children": [
								{
									"name": "2",
									"origin": [8, 7.57422, 7.9978],
									"color": 0,
									"children": [33, 34, 35, 36, 37]
								},
								{
									"name": "4",
									"origin": [8, 7.57422, 7.9978],
									"color": 0,
									"children": [38, 39, 40, 41, 42]
								}
							]
						}
					]
				},
				43,
				{
					"name": "body_spikes",
					"origin": [8, 7.57422, 7.9978],
					"color": 0,
					"children": [44, 45, 46, 47, 48, 49, 50]
				},
				{
					"name": "head",
					"origin": [8, 7.57422, 7.9978],
					"color": 0,
					"children": [
						{
							"name": "skull",
							"origin": [8, 7.57422, 7.9978],
							"color": 0,
							"children": [51, 52, 53]
						},
						54,
						55,
						56,
						{
							"name": "spikes",
							"origin": [8, 7.57422, 7.9978],
							"color": 0,
							"children": [57, 58, 59, 60, 61, 62, 63, 64]
						}
					]
				}
			]
		}
	]
}