{
    "type": "minecraft:entity",
    "pools": [
      {
        "rolls": 1,
        "entries": [
          {
            "type": "minecraft:loot_table",
            "value": "eden:item/equipment/nautilus_helmet"
          },
          {
            "type": "minecraft:item",
            "name": "minecraft:trident",
            "functions": [
              {
                "function": "minecraft:set_enchantments",
                "enchantments": {
                  "minecraft:riptide": 3
                }
              }
            ]
          },
          {
            "type": "minecraft:item",
            "name": "minecraft:trident",
            "functions": [
              {
                "function": "minecraft:set_enchantments",
                "enchantments": {
                  "minecraft:loyalty": 3
                }
              }
            ]
          }
        ],
        "conditions": [
          {
            "condition": "minecraft:killed_by_player"
          }
        ]
      },
      {
        "rolls": 1,
        "entries": [
          {
            "type": "minecraft:item",
            "name": "minecraft:heart_of_the_sea",
            "conditions": [
              {
                "condition": "minecraft:random_chance",
                "chance": 0.3
              }
            ]
          }
        ],
        "conditions": [
          {
            "condition": "minecraft:killed_by_player"
          }
        ]
      }
    ]
  }