{
    "type": "minecraft:entity",
    "pools": [
      {
        "rolls": 1,
        "entries": [
          {
            "type": "minecraft:item",
            "name": "minecraft:slime_ball",
            "functions": [
              {
                "function": "minecraft:set_count",
                "count": {
                  "min": 0,
                  "max": 2
                }
              },
              {
                "function": "minecraft:enchanted_count_increase",
              "enchantment": "minecraft:looting",
                "count": {
                  "min": 0,
                  "max": 1
                }
              }
            ]
          }
        ]
      }
    ]
  }
  