{"textures":{"0":"modelengine:entity/nm_sneezy_the_cow_texture","particle":"#0"},"elements":[{"from":[7.0,3.5,7.0],"to":[9.0,8.5,9.0],"faces":{"east":{"uv":[3.0,6.25,3.5,7.5],"tintindex":0,"rotation":0,"texture":"#0"},"south":{"uv":[0.0,6.5,0.5,7.75],"tintindex":0,"rotation":0,"texture":"#0"},"north":{"uv":[6.25,2.75,6.75,4.0],"tintindex":0,"rotation":0,"texture":"#0"},"west":{"uv":[0.5,6.5,1.0,7.75],"tintindex":0,"rotation":0,"texture":"#0"},"up":{"uv":[7.75,1.75,7.25,1.25],"tintindex":0,"rotation":0,"texture":"#0"},"down":{"uv":[7.75,1.75,7.25,2.25],"tintindex":0,"rotation":0,"texture":"#0"}}}],"display":{"head":{"rotation":[0.0,0.0,0.0]},"firstperson_righthand":{"rotation":[0.0,0.0,0.0]},"thirdperson_lefthand":{"rotation":[0.0,-0.0,-0.0]},"firstperson_lefthand":{"rotation":[0.0,-0.0,-0.0]},"fixed":{"rotation":[0.0,0.0,0.0]},"ground":{"rotation":[0.0,0.0,0.0]},"thirdperson_righthand":{"rotation":[0.0,0.0,0.0]},"gui":{"rotation":[-150.0,-45.0,180.0]}}}