{
	"textures": {
		"0": "animated_java:blueprint/penguin/base",
		"particle": "minecraft:item/pufferfish"
	},
	"display": {
		"head": {
			"rotation": [0, 180, 0]
		}
	},
	"elements": [
		{
			"from": [4.75, 8.5, 6.15],
			"to": [11.25, 16.5, 9.85],
			"rotation": {
				"angle": 0,
				"axis": "y",
				"origin": [8, 8, 8]
			},
			"faces": {
				"north": {
					"uv": [0, 0, 3, 3.5],
					"texture": "#0"
				},
				"east": {
					"uv": [2, 3.5, 4, 7],
					"texture": "#0"
				},
				"south": {
					"uv": [3, 0, 6, 3.5],
					"texture": "#0"
				},
				"west": {
					"uv": [0, 3.5, 2, 7],
					"texture": "#0"
				},
				"up": {
					"uv": [6, 9, 4, 6],
					"rotation": 270,
					"texture": "#0"
				},
				"down": {
					"uv": [8, 6, 6, 9],
					"rotation": 90,
					"texture": "#0"
				}
			}
		}
	]
}