{
	"textures": {
		"0": "animated_java:blueprint/penguin/base",
		"1": "animated_java:blueprint/penguin/eyebrows",
		"2": "animated_java:blueprint/penguin/beak",
		"particle": "minecraft:item/pufferfish"
	},
	"display": {
		"head": {
			"rotation": [0, 180, 0]
		}
	},
	"elements": [
		{
			"from": [8.2, 11.65, 6.375],
			"to": [10.7, 13.2, 5.875],
			"rotation": {
				"angle": 0,
				"axis": "y",
				"origin": [7.35, -0.1, 8.9]
			},
			"faces": {
				"north": {
					"uv": [2.95, 0, 0, 2],
					"texture": "#1"
				},
				"east": {
					"uv": [4.5, 4, 0, 6],
					"texture": "#1"
				},
				"south": {
					"uv": [11, 3, 8, 5],
					"texture": "#1"
				},
				"west": {
					"uv": [10, 1, 8, 3],
					"texture": "#1"
				},
				"up": {
					"uv": [8, 1, 6, 4],
					"rotation": 270,
					"texture": "#1"
				},
				"down": {
					"uv": [8, 7, 6, 4],
					"rotation": 90,
					"texture": "#1"
				}
			}
		},
		{
			"from": [3.9, 11.65, 6.375],
			"to": [6.4, 13.2, 5.875],
			"rotation": {
				"angle": 0,
				"axis": "y",
				"origin": [7.25, -0.1, 8.9]
			},
			"faces": {
				"north": {
					"uv": [0, 0, 2.95, 2],
					"texture": "#1"
				},
				"east": {
					"uv": [8, 1, 10, 3],
					"texture": "#1"
				},
				"south": {
					"uv": [8, 3, 11, 5],
					"texture": "#1"
				},
				"west": {
					"uv": [0, 4, 4.5, 6],
					"texture": "#1"
				},
				"up": {
					"uv": [8, 4, 6, 1],
					"rotation": 270,
					"texture": "#1"
				},
				"down": {
					"uv": [8, 4, 6, 7],
					"rotation": 90,
					"texture": "#1"
				}
			}
		},
		{
			"from": [6.6, 9.5, 5.25],
			"to": [8.1, 10.75, 6.5],
			"rotation": {
				"angle": 0,
				"axis": "y",
				"origin": [7.35, 0, 9]
			},
			"faces": {
				"north": {
					"uv": [9, 6, 11, 8],
					"texture": "#2"
				},
				"east": {
					"uv": [7, 6, 9, 8],
					"texture": "#2"
				},
				"south": {
					"uv": [7, 2, 9, 4],
					"texture": "#2"
				},
				"west": {
					"uv": [5, 4, 7, 6],
					"texture": "#2"
				},
				"up": {
					"uv": [7, 4, 5, 2],
					"rotation": 270,
					"texture": "#2"
				},
				"down": {
					"uv": [9, 4, 7, 6],
					"rotation": 90,
					"texture": "#2"
				}
			}
		},
		{
			"from": [6.6, 8.95, 5.25],
			"to": [8.1, 10.75, 5.875],
			"rotation": {
				"angle": 0,
				"axis": "y",
				"origin": [7.35, 0, 9]
			},
			"faces": {
				"north": {
					"uv": [4, 11, 6, 13],
					"texture": "#2"
				},
				"east": {
					"uv": [2, 11, 4, 13],
					"texture": "#2"
				},
				"south": {
					"uv": [2, 7, 4, 9],
					"texture": "#2"
				},
				"west": {
					"uv": [0, 9, 2, 11],
					"texture": "#2"
				},
				"up": {
					"uv": [2, 9, 0, 7],
					"rotation": 270,
					"texture": "#2"
				},
				"down": {
					"uv": [3, 9, 2, 11],
					"rotation": 90,
					"texture": "#2"
				}
			}
		},
		{
			"from": [4.8, 8.5, 6.5],
			"to": [9.8, 12.5, 11.5],
			"rotation": {
				"angle": 0,
				"axis": "y",
				"origin": [7.3, 0, 9]
			},
			"faces": {
				"north": {
					"uv": [8.5, 2, 11, 4],
					"texture": "#0"
				},
				"east": {
					"uv": [8, 8.5, 10.5, 10.5],
					"texture": "#0"
				},
				"south": {
					"uv": [4, 9, 6.5, 11],
					"texture": "#0"
				},
				"west": {
					"uv": [8.5, 0, 11, 2],
					"texture": "#0"
				},
				"up": {
					"uv": [6.5, 6, 4, 3.5],
					"rotation": 270,
					"texture": "#0"
				},
				"down": {
					"uv": [8.5, 0, 6, 2.5],
					"rotation": 90,
					"texture": "#0"
				}
			}
		}
	]
}