{
	"textures": {
		"0": "animated_java:blueprint/penguin/base",
		"particle": "minecraft:item/pufferfish"
	},
	"display": {
		"head": {
			"rotation": [0, 180, 0]
		}
	},
	"elements": [
		{
			"from": [5.5, 8.5, 5.75],
			"to": [7.75, 9, 10],
			"rotation": {
				"angle": 0,
				"axis": "y",
				"origin": [8, 8.5, 9]
			},
			"faces": {
				"north": {
					"uv": [7.5, 5.5, 6.5, 5.75],
					"texture": "#0"
				},
				"east": {
					"uv": [12.5, 10, 10.5, 10.25],
					"texture": "#0"
				},
				"south": {
					"uv": [9.5, 5, 8.5, 5.25],
					"texture": "#0"
				},
				"west": {
					"uv": [3, 11, 1, 11.25],
					"texture": "#0"
				},
				"up": {
					"uv": [10.5, 4, 8.5, 5],
					"rotation": 270,
					"texture": "#0"
				},
				"down": {
					"uv": [2, 11, 0, 10],
					"rotation": 90,
					"texture": "#0"
				}
			}
		}
	]
}