{
    "type": "minecraft:entity",
    "pools": [
      {
        "rolls": 1,
        "entries": [
          {
            "type": "minecraft:item",
            "name": "minecraft:cobblestone",
            "conditions": [
              {
                "condition": "minecraft:entity_scores",
                "entity": "this",
                "scores": {
                  "nice_mobs.cruncher.stone_block_type": 1
                }
              }
            ]
          }
        ]
      },
      {
        "rolls": 1,
        "entries": [
          {
            "type": "minecraft:item",
            "name": "minecraft:cobbled_deepslate",
            "conditions": [
              {
                "condition": "minecraft:entity_scores",
                "entity": "this",
                "scores": {
                  "nice_mobs.cruncher.stone_block_type": 2
                }
              }
            ]
          }
        ]
      }
    ],
    "random_sequence": "minecraft:blocks/ochre_froglight"
  }