{
    "type": "minecraft:archaeology",
    "pools": [
      {
        "bonus_rolls": 0,
        "entries": [
          {
            "type": "minecraft:loot_table",
            "value": "eden:item/horns/nautilus_horn",
            "weight": 5
          },
          {
            "type": "minecraft:item",
            "name": "minecraft:emerald",
            "weight": 7
          },
          {
            "type": "minecraft:item",
            "name": "minecraft:nautilus_shell",
            "weight": 7
          },
          {
            "type": "minecraft:item",
            "name": "minecraft:seagrass",
            "weight": 5
          },
          {
            "type": "minecraft:item",
            "name": "minecraft:kelp",
            "weight": 5
          },
          {
            "type": "minecraft:item",
            "name": "minecraft:brain_coral",
            "weight": 5
          },
          {
            "type": "minecraft:item",
            "name": "minecraft:brain_coral_fan",
            "weight": 5
          },
          {
            "type": "minecraft:item",
            "name": "minecraft:bubble_coral",
            "weight": 5
          },
          {
            "type": "minecraft:item",
            "name": "minecraft:bubble_coral_fan",
            "weight": 5
          },
          {
            "type": "minecraft:item",
            "name": "minecraft:fire_coral",
            "weight": 5
          },
          {
            "type": "minecraft:item",
            "name": "minecraft:fire_coral_fan",
            "weight": 5
          },
          {
            "type": "minecraft:item",
            "name": "minecraft:horn_coral",
            "weight": 5
          },
          {
            "type": "minecraft:item",
            "name": "minecraft:horn_coral_fan",
            "weight": 5
          },
          {
            "type": "minecraft:item",
            "name": "minecraft:tube_coral",
            "weight": 5
          },
          {
            "type": "minecraft:item",
            "name": "minecraft:tube_coral_fan",
            "weight": 5
          }
        ],
        "rolls": 1
      }
    ]
  }