{
    "type": "minecraft:barter",
    "pools": [
      {
        "rolls": 1,
        "entries": [
          {
            "type": "minecraft:item",
            "name": "minecraft:snowball",
            "weight": 25,
            "functions": [
              {
                "function": "minecraft:set_count",
                "count": {
                  "min": 1,
                  "max": 3
                }
              }
            ]
          },
          {
            "type": "minecraft:item",
            "name": "minecraft:snow",
            "weight": 15,
            "functions": [
              {
                "function": "minecraft:set_count",
                "count": {
                  "min": 1,
                  "max": 2
                }
              }
            ]
          },
          {
            "type": "minecraft:item",
            "name": "minecraft:ice",
            "weight": 25,
            "functions": [
              {
                "function": "minecraft:set_count",
                "count": {
                  "min": 1,
                  "max": 3
                }
              }
            ]
          },
          {
            "type": "minecraft:item",
            "name": "minecraft:packed_ice",
            "weight": 10,
            "functions": [
              {
                "function": "minecraft:set_count",
                "count": {
                  "min": 1,
                  "max": 2
                }
              }
            ]
          },
          {
            "type": "minecraft:item",
            "name": "minecraft:powder_snow_bucket",
            "weight": 1
          },
          {
            "type": "minecraft:item",
            "name": "minecraft:snow_block",
            "weight": 4
          },
          {
            "type": "minecraft:item",
            "name": "minecraft:blue_ice",
            "weight": 3
          },
          {
            "type": "minecraft:item",
            "name": "minecraft:salmon",
            "weight": 4
          }
        ]
      }
    ]
  }