{
	"textures": {
		"0": "animated_java:blueprint/copper_golem/copper_golem",
		"particle": "minecraft:item/pufferfish"
	},
	"display": {
		"head": {
			"rotation": [0, 180, 0]
		}
	},
	"elements": [
		{
			"from": [7.5, 8, 7],
			"to": [9.5, 12, 9],
			"rotation": {
				"angle": 0,
				"axis": "y",
				"origin": [8, -8, 8]
			},
			"faces": {
				"north": {
					"uv": [8.25, 7, 8.75, 8],
					"texture": "#0"
				},
				"east": {
					"uv": [0, 8.5, 0.5, 9.5],
					"texture": "#0"
				},
				"south": {
					"uv": [0.5, 8.5, 1, 9.5],
					"texture": "#0"
				},
				"west": {
					"uv": [1, 8.5, 1.5, 9.5],
					"texture": "#0"
				},
				"up": {
					"uv": [9.25, 3.5, 8.75, 3],
					"texture": "#0"
				},
				"down": {
					"uv": [9.25, 3.5, 8.75, 4],
					"texture": "#0"
				}
			}
		},
		{
			"from": [6.5, 12, 6],
			"to": [10.5, 16, 10],
			"rotation": {
				"angle": 0,
				"axis": "y",
				"origin": [8, -8, 8]
			},
			"faces": {
				"north": {
					"uv": [5.25, 7.75, 6.25, 8.75],
					"texture": "#0"
				},
				"east": {
					"uv": [6.25, 7.75, 7.25, 8.75],
					"texture": "#0"
				},
				"south": {
					"uv": [8, 0, 9, 1],
					"texture": "#0"
				},
				"west": {
					"uv": [8, 1, 9, 2],
					"texture": "#0"
				},
				"up": {
					"uv": [9, 3, 8, 2],
					"texture": "#0"
				},
				"down": {
					"uv": [3.25, 8, 2.25, 9],
					"texture": "#0"
				}
			}
		}
	]
}