{
	"textures": {
		"0": "animated_java:blueprint/copper_golem/copper_golem",
		"particle": "minecraft:item/pufferfish"
	},
	"display": {
		"head": {
			"rotation": [0, 180, 0]
		}
	},
	"elements": [
		{
			"from": [3.5, 12, 5.5],
			"to": [13.5, 19, 10.5],
			"rotation": {
				"angle": 0,
				"axis": "y",
				"origin": [8, 8, 8]
			},
			"faces": {
				"north": {
					"uv": [0, 0, 2.5, 1.75],
					"texture": "#0"
				},
				"east": {
					"uv": [5, 2.5, 6.25, 4.25],
					"texture": "#0"
				},
				"south": {
					"uv": [0, 1.75, 2.5, 3.5],
					"texture": "#0"
				},
				"west": {
					"uv": [5.75, 0, 7, 1.75],
					"texture": "#0"
				},
				"up": {
					"uv": [5, 4.25, 2.5, 3],
					"texture": "#0"
				},
				"down": {
					"uv": [2.5, 3.5, 0, 4.75],
					"texture": "#0"
				}
			}
		}
	]
}