{
	"textures": {
		"0": "animated_java:blueprint/copper_golem/copper_golem",
		"particle": "minecraft:item/pufferfish"
	},
	"display": {
		"head": {
			"rotation": [0, 180, 0]
		}
	},
	"elements": [
		{
			"from": [6, 4, 6],
			"to": [10, 8, 10],
			"rotation": {
				"angle": 0,
				"axis": "y",
				"origin": [10, 4, 8]
			},
			"faces": {
				"north": {
					"uv": [4.25, 6.75, 5.25, 7.75],
					"texture": "#0"
				},
				"east": {
					"uv": [5.25, 6.75, 6.25, 7.75],
					"texture": "#0"
				},
				"south": {
					"uv": [6.25, 6.75, 7.25, 7.75],
					"texture": "#0"
				},
				"west": {
					"uv": [7, 0, 8, 1],
					"texture": "#0"
				},
				"up": {
					"uv": [8, 2, 7, 1],
					"texture": "#0"
				},
				"down": {
					"uv": [8, 2, 7, 3],
					"texture": "#0"
				}
			}
		}
	]
}