{
	"textures": {
		"4": "animated_java:blueprint/tuff_golem/body",
		"particle": "minecraft:item/pufferfish"
	},
	"display": {
		"head": {
			"rotation": [0, 180, 0]
		}
	},
	"elements": [
		{
			"from": [3.2, 0.5, 3.2],
			"to": [12.8, 3.5, 12.8],
			"rotation": {
				"angle": 0,
				"axis": "y",
				"origin": [8, 0.5, 8]
			},
			"faces": {
				"north": {
					"uv": [5, 0, 10, 1.5],
					"texture": "#4"
				},
				"east": {
					"uv": [5, 1.5, 10, 3],
					"texture": "#4"
				},
				"south": {
					"uv": [5, 3, 10, 4.5],
					"texture": "#4"
				},
				"west": {
					"uv": [5, 4.5, 10, 6],
					"texture": "#4"
				},
				"up": {
					"uv": [5, 5, 0, 0],
					"texture": "#4"
				},
				"down": {
					"uv": [5, 5, 0, 10],
					"texture": "#4"
				}
			}
		}
	]
}