{
	"textures": {
		"2": "animated_java:blueprint/tuff_golem/clothing_blue",
		"18": "animated_java:blueprint/tuff_golem/clothing_pink",
		"particle": "minecraft:item/pufferfish"
	},
	"display": {
		"head": {
			"rotation": [0, 180, 0]
		}
	},
	"elements": [
		{
			"from": [3.25, -7, -6.25],
			"to": [12.75, -2, 2.25],
			"rotation": {
				"angle": 0,
				"axis": "y",
				"origin": [8, -10, -2]
			},
			"faces": {
				"north": {
					"uv": [5, 0, 10, 3.5],
					"texture": "#2"
				},
				"east": {
					"uv": [5, 3.5, 10, 7],
					"texture": "#2"
				},
				"south": {
					"uv": [5, 7, 10, 10.5],
					"texture": "#2"
				},
				"west": {
					"uv": [0, 10, 5, 13.5],
					"texture": "#2"
				},
				"up": {
					"uv": [5, 5, 0, 0],
					"texture": "#2"
				},
				"down": {
					"uv": [5, 5, 0, 10],
					"texture": "#18"
				}
			}
		}
	]
}