{
	"textures": {
		"0": "animated_java:blueprint/tuff_golem/head",
		"particle": "minecraft:item/pufferfish"
	},
	"display": {
		"head": {
			"rotation": [0, 180, 0]
		}
	},
	"elements": [
		{
			"from": [3, 17, 3],
			"to": [13, 26, 13],
			"rotation": {
				"angle": 0,
				"axis": "y",
				"origin": [8, 21.5, 8]
			},
			"faces": {
				"north": {
					"uv": [5, 0, 10, 4.5],
					"texture": "#0"
				},
				"east": {
					"uv": [5, 4.5, 10, 9],
					"texture": "#0"
				},
				"south": {
					"uv": [5, 9, 10, 13.5],
					"texture": "#0"
				},
				"west": {
					"uv": [0, 10, 5, 14.5],
					"texture": "#0"
				},
				"up": {
					"uv": [5, 5, 0, 0],
					"texture": "#0"
				},
				"down": {
					"uv": [5, 5, 0, 10],
					"texture": "#0"
				}
			}
		}
	]
}