{
	"textures": {
		"5": "animated_java:blueprint/tuff_golem/legs",
		"particle": "minecraft:item/pufferfish"
	},
	"display": {
		"head": {
			"rotation": [0, 180, 0]
		}
	},
	"elements": [
		{
			"from": [8.5, 8, 6],
			"to": [12.5, 14, 10],
			"rotation": {
				"angle": 0,
				"axis": "y",
				"origin": [11, 9.5, 8]
			},
			"faces": {
				"north": {
					"uv": [0, 0, 2, 3],
					"texture": "#5"
				},
				"east": {
					"uv": [2, 0, 4, 3],
					"texture": "#5"
				},
				"south": {
					"uv": [0, 3, 2, 6],
					"texture": "#5"
				},
				"west": {
					"uv": [2, 3, 4, 6],
					"texture": "#5"
				},
				"up": {
					"uv": [6, 2, 4, 0],
					"texture": "#5"
				},
				"down": {
					"uv": [6, 2, 4, 4],
					"texture": "#5"
				}
			}
		}
	]
}