{
	"textures": {
		"1": "animated_java:blueprint/tuff_golem/nose",
		"particle": "minecraft:item/pufferfish"
	},
	"display": {
		"head": {
			"rotation": [0, 180, 0]
		}
	},
	"elements": [
		{
			"from": [7, 18, 1],
			"to": [9, 22, 3],
			"rotation": {
				"angle": 0,
				"axis": "y",
				"origin": [8, 8, 8]
			},
			"faces": {
				"north": {
					"uv": [0, 0, 1, 2],
					"texture": "#1"
				},
				"east": {
					"uv": [1, 0, 2, 2],
					"texture": "#1"
				},
				"south": {
					"uv": [0, 2, 1, 4],
					"texture": "#1"
				},
				"west": {
					"uv": [2, 0, 3, 2],
					"texture": "#1"
				},
				"up": {
					"uv": [2, 3, 1, 2],
					"texture": "#1"
				},
				"down": {
					"uv": [3, 2, 2, 3],
					"texture": "#1"
				}
			}
		}
	]
}