{
    "type": "minecraft:entity",
    "pools": [
      {
        "bonus_rolls": 0,
        "entries": [
          {
            "type": "minecraft:item",
            "functions": [
              {
                "add": false,
                "count": {
                  "type": "minecraft:uniform",
                  "max": 1,
                  "min": 0
                },
                "function": "minecraft:set_count"
              },
              {
                "count": {
                  "type": "minecraft:uniform",
                  "max": 2,
                  "min": 0
                },
                "enchantment": "minecraft:looting",
                "function": "minecraft:enchanted_count_increase"
              }
            ],
            "name": "minecraft:red_mushroom",
            "conditions": [
              {
                "condition": "minecraft:entity_properties",
                "entity": "this",
                "predicate": {
                  "nbt": "{Tags:[\"nice_mobs.mushling.red\"]}"
                }
              }
            ]
          }
        ],
        "rolls": 1
      },
      {
        "rolls": 1,
        "entries": [
            {
                "type": "minecraft:item",
                "functions": [
                  {
                    "add": false,
                    "count": {
                      "type": "minecraft:uniform",
                      "max": 1,
                      "min": 0
                    },
                    "function": "minecraft:set_count"
                  },
                  {
                    "count": {
                      "type": "minecraft:uniform",
                      "max": 2,
                      "min": 0
                    },
                    "enchantment": "minecraft:looting",
                    "function": "minecraft:enchanted_count_increase"
                  }
                ],
                "name": "minecraft:brown_mushroom",
                "conditions": [
                  {
                    "condition": "minecraft:entity_properties",
                    "entity": "this",
                    "predicate": {
                      "nbt": "{Tags:[\"nice_mobs.mushling.brown\"]}"
                    }
                  }
                ]
              }
        ]
      }
    ],
    "random_sequence": "minecraft:entities/blaze"
  }