{
    "type": "minecraft:entity",
    "pools": [
      {
        "bonus_rolls": 0,
        "entries": [
          {
            "type": "minecraft:item",
            "functions": [
              {
                "add": false,
                "count": {
                  "type": "minecraft:uniform",
                  "max": 5,
                  "min": 3
                },
                "function": "minecraft:set_count"
              }
            ],
            "name": "minecraft:tuff"
          }
        ],
        "rolls": 1
      }
    ]
  }