{
	"model": {
		"type": "minecraft:select",
		"property": "minecraft:custom_model_data",
		"cases": [
			{
				"when": "default_hurt",
				"model": {
					"type": "minecraft:model",
					"model": "animated_java:blueprint/bloomer/default_hurt/head"
				}
			},
			{
				"when": "default_flash",
				"model": {
					"type": "minecraft:model",
					"model": "animated_java:blueprint/bloomer/default_flash/head"
				}
			}
		],
		"fallback": {
			"type": "minecraft:model",
			"model": "animated_java:blueprint/bloomer/head"
		},
		"tints": [
			{
				"type": "minecraft:dye",
				"default": [1, 1, 1]
			}
		]
	}
}