{"textures":{"0":"modelengine:entity/nm_shyler_the_sheep_texture","particle":"#0"},"elements":[{"from":[4.0,7.25,3.0],"to":[12.0,12.25,9.0],"faces":{"east":{"uv":[5.75,4.0,7.25,5.25],"tintindex":0,"rotation":0,"texture":"#0"},"south":{"uv":[0.0,5.0,2.0,6.25],"tintindex":0,"rotation":0,"texture":"#0"},"north":{"uv":[3.75,4.0,5.75,5.25],"tintindex":0,"rotation":0,"texture":"#0"},"west":{"uv":[6.0,1.25,7.5,2.5],"tintindex":0,"rotation":0,"texture":"#0"},"up":{"uv":[2.0,5.0,0.0,3.5],"tintindex":0,"rotation":0,"texture":"#0"},"down":{"uv":[5.75,0.0,3.75,1.5],"tintindex":0,"rotation":0,"texture":"#0"}}},{"from":[6.0,7.25,1.0],"to":[10.0,10.25,3.0],"faces":{"east":{"uv":[5.5,7.25,6.0,8.0],"tintindex":0,"rotation":0,"texture":"#0"},"south":{"uv":[6.5,5.25,7.5,6.0],"tintindex":0,"rotation":0,"texture":"#0"},"north":{"uv":[5.0,6.5,6.0,7.25],"tintindex":0,"rotation":0,"texture":"#0"},"west":{"uv":[7.5,6.75,8.0,7.5],"tintindex":0,"rotation":0,"texture":"#0"},"up":{"uv":[8.5,6.25,7.5,5.75],"tintindex":0,"rotation":0,"texture":"#0"},"down":{"uv":[8.5,6.25,7.5,6.75],"tintindex":0,"rotation":0,"texture":"#0"}}},{"from":[3.5,12.25,2.5],"to":[12.5,15.25,9.5],"faces":{"east":{"uv":[0.0,6.25,1.75,7.0],"tintindex":0,"rotation":0,"texture":"#0"},"south":{"uv":[6.0,3.25,8.25,4.0],"tintindex":0,"rotation":0,"texture":"#0"},"north":{"uv":[6.0,2.5,8.25,3.25],"tintindex":0,"rotation":0,"texture":"#0"},"west":{"uv":[1.75,6.25,3.5,7.0],"tintindex":0,"rotation":0,"texture":"#0"},"up":{"uv":[2.25,1.75,0.0,0.0],"tintindex":0,"rotation":0,"texture":"#0"},"down":{"uv":[2.25,1.75,0.0,3.5],"tintindex":0,"rotation":0,"texture":"#0"}}}],"display":{"head":{"rotation":[0.0,0.0,0.0]},"firstperson_righthand":{"rotation":[0.0,0.0,0.0]},"thirdperson_lefthand":{"rotation":[0.0,-0.0,-0.0]},"firstperson_lefthand":{"rotation":[0.0,-0.0,-0.0]},"fixed":{"rotation":[0.0,0.0,0.0]},"ground":{"rotation":[0.0,0.0,0.0]},"thirdperson_righthand":{"rotation":[0.0,0.0,0.0]},"gui":{"rotation":[-150.0,-45.0,180.0]}}}