{"textures":{"0":"modelengine:entity/nm_shyler_the_sheep_texture","particle":"#0"},"elements":[{"from":[5.191342,6.46194,7.525],"to":[9.191341,8.46194,8.475],"faces":{"east":{"uv":[3.5,4.5,3.75,5.0],"tintindex":0,"rotation":0,"texture":"#0"},"south":{"uv":[7.5,5.25,8.5,5.75],"tintindex":0,"rotation":0,"texture":"#0"},"north":{"uv":[7.5,1.75,8.5,2.25],"tintindex":0,"rotation":0,"texture":"#0"},"west":{"uv":[0.0,8.25,0.25,8.75],"tintindex":0,"rotation":0,"texture":"#0"},"up":{"uv":[8.75,5.0,7.75,4.75],"tintindex":0,"rotation":0,"texture":"#0"},"down":{"uv":[8.75,5.0,7.75,5.25],"tintindex":0,"rotation":0,"texture":"#0"}}}],"display":{"head":{"rotation":[0.0,0.0,0.0]},"firstperson_righthand":{"rotation":[0.0,0.0,0.0]},"thirdperson_lefthand":{"rotation":[0.0,-0.0,-0.0]},"firstperson_lefthand":{"rotation":[0.0,-0.0,-0.0]},"fixed":{"rotation":[0.0,0.0,0.0]},"ground":{"rotation":[0.0,0.0,0.0]},"thirdperson_righthand":{"rotation":[0.0,0.0,0.0]},"gui":{"rotation":[-150.0,-45.0,180.0]}}}