{"textures":{"0":"modelengine:entity/nm_shyler_the_sheep_texture","particle":"#0"},"elements":[{"from":[7.7504997,7.0,7.75],"to":[7.7504997,9.0,8.75],"faces":{"east":{"uv":[9.25,4.0,9.0,4.5],"tintindex":0,"rotation":0,"texture":"#0"},"south":{"uv":[9.25,4.0,9.0,4.5],"tintindex":0,"rotation":0,"texture":"#0"},"north":{"uv":[9.25,4.0,9.0,4.5],"tintindex":0,"rotation":0,"texture":"#0"},"west":{"uv":[9.25,4.0,9.0,4.5],"tintindex":0,"rotation":0,"texture":"#0"},"up":{"uv":[0.0,5.0,2.0,3.5],"tintindex":0,"rotation":0,"texture":"#0"},"down":{"uv":[3.75,0.0,5.75,1.5],"tintindex":0,"rotation":0,"texture":"#0"}}},{"from":[7.7495003,7.0,7.75],"to":[8.7495,9.0,7.75],"faces":{"east":{"uv":[7.5,1.25,6.0,2.5],"tintindex":0,"rotation":0,"texture":"#0"},"south":{"uv":[9.25,4.0,9.0,4.5],"tintindex":0,"rotation":0,"texture":"#0"},"north":{"uv":[9.25,4.0,9.0,4.5],"tintindex":0,"rotation":0,"texture":"#0"},"west":{"uv":[9.75,2.75,8.25,4.0],"tintindex":0,"rotation":0,"texture":"#0"},"up":{"uv":[0.0,5.0,2.0,3.5],"tintindex":0,"rotation":0,"texture":"#0"},"down":{"uv":[3.75,0.0,5.75,1.5],"tintindex":0,"rotation":0,"texture":"#0"}}}],"display":{"head":{"rotation":[0.0,0.0,0.0]},"firstperson_righthand":{"rotation":[0.0,0.0,0.0]},"thirdperson_lefthand":{"rotation":[0.0,-0.0,-0.0]},"firstperson_lefthand":{"rotation":[0.0,-0.0,-0.0]},"fixed":{"rotation":[0.0,0.0,0.0]},"ground":{"rotation":[0.0,0.0,0.0]},"thirdperson_righthand":{"rotation":[0.0,0.0,0.0]},"gui":{"rotation":[-150.0,-45.0,180.0]}}}