{"textures":{"0":"modelengine:entity/nm_colonel_the_chicken_texture","particle":"#0"},"elements":[{"from":[5.5,5.4,5.0],"to":[10.5,10.4,11.0],"faces":{"east":{"uv":[0.0,0.0,3.0,2.5],"tintindex":0,"rotation":0,"texture":"#0"},"south":{"uv":[5.5,0.0,8.0,2.5],"tintindex":0,"rotation":0,"texture":"#0"},"north":{"uv":[0.0,5.0,2.5,7.5],"tintindex":0,"rotation":0,"texture":"#0"},"west":{"uv":[0.0,2.5,3.0,5.0],"tintindex":0,"rotation":0,"texture":"#0"},"up":{"uv":[5.5,3.0,3.0,0.0],"tintindex":0,"rotation":0,"texture":"#0"},"down":{"uv":[5.5,3.0,3.0,6.0],"tintindex":0,"rotation":0,"texture":"#0"}}}],"display":{"head":{"rotation":[0.0,0.0,0.0]},"firstperson_righthand":{"rotation":[0.0,0.0,0.0]},"thirdperson_lefthand":{"rotation":[0.0,-0.0,-0.0]},"firstperson_lefthand":{"rotation":[0.0,-0.0,-0.0]},"fixed":{"rotation":[0.0,0.0,0.0]},"ground":{"rotation":[0.0,0.0,0.0]},"thirdperson_righthand":{"rotation":[0.0,0.0,0.0]},"gui":{"rotation":[-150.0,-45.0,180.0]}}}