{"textures":{"0":"modelengine:entity/nm_colonel_the_chicken_texture","particle":"#0"},"elements":[{"from":[7.9977703,4.0143385,6.0],"to":[8.99777,8.0143385,10.0],"faces":{"east":{"uv":[2.0,8.5,4.0,10.5],"tintindex":0,"rotation":0,"texture":"#0"},"south":{"uv":[10.0,10.5,10.5,12.5],"tintindex":0,"rotation":0,"texture":"#0"},"north":{"uv":[9.5,10.5,10.0,12.5],"tintindex":0,"rotation":0,"texture":"#0"},"west":{"uv":[8.5,7.5,10.5,9.5],"tintindex":0,"rotation":0,"texture":"#0"},"up":{"uv":[11.0,12.5,10.5,10.5],"tintindex":0,"rotation":0,"texture":"#0"},"down":{"uv":[0.5,11.0,0.0,13.0],"tintindex":0,"rotation":0,"texture":"#0"}}}],"display":{"head":{"rotation":[0.0,0.0,0.0]},"firstperson_righthand":{"rotation":[0.0,0.0,0.0]},"thirdperson_lefthand":{"rotation":[0.0,-0.0,-0.0]},"firstperson_lefthand":{"rotation":[0.0,-0.0,-0.0]},"fixed":{"rotation":[0.0,0.0,0.0]},"ground":{"rotation":[0.0,0.0,0.0]},"thirdperson_righthand":{"rotation":[0.0,0.0,0.0]},"gui":{"rotation":[-150.0,-45.0,180.0]}}}