{
	"textures": {
		"0": "animated_java:blueprint/rat/rat_brown",
		"particle": "minecraft:item/pufferfish"
	},
	"display": {
		"head": {
			"rotation": [0, 180, 0]
		}
	},
	"elements": [
		{
			"from": [7.5, 9.25, 10],
			"to": [8, 9.75, 11],
			"rotation": {
				"angle": 0,
				"axis": "y",
				"origin": [7.5, 8.25, 11]
			},
			"faces": {
				"north": {
					"uv": [10, 10, 10.5, 10.5],
					"texture": "#0"
				},
				"east": {
					"uv": [9, 4, 10, 4.5],
					"texture": "#0"
				},
				"south": {
					"uv": [0, 11, 0.5, 11.5],
					"texture": "#0"
				},
				"west": {
					"uv": [5, 9, 6, 9.5],
					"texture": "#0"
				},
				"up": {
					"uv": [6.5, 10, 6, 9],
					"texture": "#0"
				},
				"down": {
					"uv": [9.5, 6, 9, 7],
					"texture": "#0"
				}
			}
		}
	]
}