{
	"textures": {
		"0": "animated_java:blueprint/rat/rat_brown",
		"particle": "minecraft:item/pufferfish"
	},
	"display": {
		"head": {
			"rotation": [0, 180, 0]
		}
	},
	"elements": [
		{
			"from": [7.5, 9.25, 13],
			"to": [8, 9.75, 14],
			"rotation": {
				"angle": 0,
				"axis": "y",
				"origin": [7.5, 8.25, 14]
			},
			"faces": {
				"north": {
					"uv": [11, 2, 11.5, 2.5],
					"texture": "#0"
				},
				"east": {
					"uv": [10, 3, 11, 3.5],
					"texture": "#0"
				},
				"south": {
					"uv": [3, 11, 3.5, 11.5],
					"texture": "#0"
				},
				"west": {
					"uv": [10, 4, 11, 4.5],
					"texture": "#0"
				},
				"up": {
					"uv": [5.5, 11, 5, 10],
					"texture": "#0"
				},
				"down": {
					"uv": [10.5, 5, 10, 6],
					"texture": "#0"
				}
			}
		}
	]
}