{
	"textures": {
		"0": "animated_java:blueprint/rat/rat_brown",
		"particle": "minecraft:item/pufferfish"
	},
	"display": {
		"head": {
			"rotation": [0, 180, 0]
		}
	},
	"elements": [
		{
			"from": [8.5, 8, 8.4],
			"to": [9, 8.5, 9.9],
			"rotation": {
				"angle": -22.5,
				"axis": "y",
				"origin": [9.5, 8, 9.4]
			},
			"faces": {
				"north": {
					"uv": [11, 4, 11.5, 4.5],
					"texture": "#0"
				},
				"east": {
					"uv": [9, 0, 10.5, 0.5],
					"texture": "#0"
				},
				"south": {
					"uv": [5, 11, 5.5, 11.5],
					"texture": "#0"
				},
				"west": {
					"uv": [9, 1, 10.5, 1.5],
					"texture": "#0"
				},
				"up": {
					"uv": [9.5, 3.5, 9, 2],
					"texture": "#0"
				},
				"down": {
					"uv": [4.5, 9, 4, 10.5],
					"texture": "#0"
				}
			}
		}
	]
}