{
	"textures": {
		"0": "animated_java:blueprint/rat/rat_brown",
		"particle": "minecraft:item/pufferfish"
	},
	"display": {
		"head": {
			"rotation": [0, 180, 0]
		}
	},
	"elements": [
		{
			"from": [6.5, 8.5, 6],
			"to": [9, 10.5, 10],
			"rotation": {
				"angle": 0,
				"axis": "y",
				"origin": [7, 8.5, 9]
			},
			"faces": {
				"north": {
					"uv": [0, 6, 2.5, 8],
					"texture": "#0"
				},
				"east": {
					"uv": [0, 4, 4, 6],
					"texture": "#0"
				},
				"south": {
					"uv": [6, 0, 8.5, 2],
					"texture": "#0"
				},
				"west": {
					"uv": [4, 4, 8, 6],
					"texture": "#0"
				},
				"up": {
					"uv": [2.5, 4, 0, 0],
					"texture": "#0"
				},
				"down": {
					"uv": [5.5, 0, 3, 4],
					"texture": "#0"
				}
			}
		}
	]
}