{"overrides":[{"predicate":{"custom_model_data":1},"model":"modelengine:qmob_firefly/torso6"},{"predicate":{"custom_model_data":2},"model":"modelengine:qmob_firefly/torso"},{"predicate":{"custom_model_data":3},"model":"modelengine:qmob_firefly/torso3"},{"predicate":{"custom_model_data":4},"model":"modelengine:qmob_firefly/torso7"},{"predicate":{"custom_model_data":5},"model":"modelengine:qmob_firefly/torso8"},{"predicate":{"custom_model_data":6},"model":"modelengine:qmob_firefly/torso5"},{"predicate":{"custom_model_data":7},"model":"modelengine:qmob_firefly/torso2"},{"predicate":{"custom_model_data":8},"model":"modelengine:qmob_firefly/torso4"},{"predicate":{"custom_model_data":9},"model":"modelengine:qmob_firefly/butt6"},{"predicate":{"custom_model_data":10},"model":"modelengine:qmob_firefly/butt"},{"predicate":{"custom_model_data":11},"model":"modelengine:qmob_firefly/butt3"},{"predicate":{"custom_model_data":12},"model":"modelengine:qmob_firefly/butt7"},{"predicate":{"custom_model_data":13},"model":"modelengine:qmob_firefly/butt8"},{"predicate":{"custom_model_data":14},"model":"modelengine:qmob_firefly/butt5"},{"predicate":{"custom_model_data":15},"model":"modelengine:qmob_firefly/butt2"},{"predicate":{"custom_model_data":16},"model":"modelengine:qmob_firefly/butt4"},{"predicate":{"custom_model_data":17},"model":"modelengine:nocsy_otter_v2/body"},{"predicate":{"custom_model_data":18},"model":"modelengine:nocsy_otter_v2/tail"},{"predicate":{"custom_model_data":19},"model":"modelengine:nocsy_otter_v2/head"},{"predicate":{"custom_model_data":20},"model":"modelengine:nocsy_otter_v2/back_leg_left"},{"predicate":{"custom_model_data":21},"model":"modelengine:nocsy_otter_v2/front_leg_left"},{"predicate":{"custom_model_data":22},"model":"modelengine:nocsy_otter_v2/back_leg_right"},{"predicate":{"custom_model_data":23},"model":"modelengine:nocsy_otter_v2/front_leg_right"},{"predicate":{"custom_model_data":24},"model":"modelengine:qmob_blobfish/torso"},{"predicate":{"custom_model_data":25},"model":"modelengine:qmob_blobfish/tail"},{"predicate":{"custom_model_data":26},"model":"modelengine:qmob_blobfish/nose"},{"predicate":{"custom_model_data":27},"model":"modelengine:nm_colonel_the_chicken/base"},{"predicate":{"custom_model_data":28},"model":"modelengine:nm_colonel_the_chicken/right_leg"},{"predicate":{"custom_model_data":29},"model":"modelengine:nm_colonel_the_chicken/left_leg"},{"predicate":{"custom_model_data":30},"model":"modelengine:nm_colonel_the_chicken/tail"},{"predicate":{"custom_model_data":31},"model":"modelengine:nm_colonel_the_chicken/left_wing"},{"predicate":{"custom_model_data":32},"model":"modelengine:nm_colonel_the_chicken/head"},{"predicate":{"custom_model_data":33},"model":"modelengine:nm_colonel_the_chicken/right_wing"},{"predicate":{"custom_model_data":34},"model":"modelengine:nm_colonel_the_chicken/right_foot"},{"predicate":{"custom_model_data":35},"model":"modelengine:nm_colonel_the_chicken/left_foot"},{"predicate":{"custom_model_data":36},"model":"modelengine:nm_colonel_the_chicken/thewobblybit"},{"predicate":{"custom_model_data":37},"model":"modelengine:nm_shyler_the_sheep/base"},{"predicate":{"custom_model_data":38},"model":"modelengine:nm_shyler_the_sheep/right_leg"},{"predicate":{"custom_model_data":39},"model":"modelengine:nm_shyler_the_sheep/left_arm"},{"predicate":{"custom_model_data":40},"model":"modelengine:nm_shyler_the_sheep/tail"},{"predicate":{"custom_model_data":41},"model":"modelengine:nm_shyler_the_sheep/left_leg"},{"predicate":{"custom_model_data":42},"model":"modelengine:nm_shyler_the_sheep/right_arm"},{"predicate":{"custom_model_data":43},"model":"modelengine:nm_shyler_the_sheep/head"},{"predicate":{"custom_model_data":44},"model":"modelengine:nm_shyler_the_sheep/right_ear"},{"predicate":{"custom_model_data":45},"model":"modelengine:nm_shyler_the_sheep/dizzy_eye_left"},{"predicate":{"custom_model_data":46},"model":"modelengine:nm_shyler_the_sheep/right_blush"},{"predicate":{"custom_model_data":47},"model":"modelengine:nm_shyler_the_sheep/left_blush"},{"predicate":{"custom_model_data":48},"model":"modelengine:nm_shyler_the_sheep/left_ear"},{"predicate":{"custom_model_data":49},"model":"modelengine:nm_shyler_the_sheep/dizzy_eye_right"},{"predicate":{"custom_model_data":50},"model":"modelengine:nm_sneezy_the_cow/base"},{"predicate":{"custom_model_data":51},"model":"modelengine:nm_sneezy_the_cow/right_leg"},{"predicate":{"custom_model_data":52},"model":"modelengine:nm_sneezy_the_cow/left_arm"},{"predicate":{"custom_model_data":53},"model":"modelengine:nm_sneezy_the_cow/tail"},{"predicate":{"custom_model_data":54},"model":"modelengine:nm_sneezy_the_cow/left_leg"},{"predicate":{"custom_model_data":55},"model":"modelengine:nm_sneezy_the_cow/right_arm"},{"predicate":{"custom_model_data":56},"model":"modelengine:nm_sneezy_the_cow/head"},{"predicate":{"custom_model_data":57},"model":"modelengine:nm_sneezy_the_cow/tail_2"},{"predicate":{"custom_model_data":58},"model":"modelengine:nm_sneezy_the_cow/right_ear"},{"predicate":{"custom_model_data":59},"model":"modelengine:nm_sneezy_the_cow/dizzy_eye_left"},{"predicate":{"custom_model_data":60},"model":"modelengine:nm_sneezy_the_cow/left_ear"},{"predicate":{"custom_model_data":61},"model":"modelengine:nm_sneezy_the_cow/dizzy_eye_right"},{"predicate":{"custom_model_data":62},"model":"modelengine:nm_pim_the_pig/base"},{"predicate":{"custom_model_data":63},"model":"modelengine:nm_pim_the_pig/right_leg"},{"predicate":{"custom_model_data":64},"model":"modelengine:nm_pim_the_pig/left_arm"},{"predicate":{"custom_model_data":65},"model":"modelengine:nm_pim_the_pig/tail"},{"predicate":{"custom_model_data":66},"model":"modelengine:nm_pim_the_pig/left_leg"},{"predicate":{"custom_model_data":67},"model":"modelengine:nm_pim_the_pig/right_arm"},{"predicate":{"custom_model_data":68},"model":"modelengine:nm_pim_the_pig/head"},{"predicate":{"custom_model_data":69},"model":"modelengine:nm_pim_the_pig/right_ear"},{"predicate":{"custom_model_data":70},"model":"modelengine:nm_pim_the_pig/dizzy_eye_left"},{"predicate":{"custom_model_data":71},"model":"modelengine:nm_pim_the_pig/left_ear"},{"predicate":{"custom_model_data":72},"model":"modelengine:nm_pim_the_pig/dizzy_eye_right"}],"parent":"minecraft:item/generated","textures":{"layer0":"minecraft:item/leather_horse_armor"}}