{"credit":"Made with Blockbench","texture_size":[64,64],"textures":{"1":"minecraft:item/qitem_catchnet"},"elements":[{"from":[7.5,0,7.5],"to":[8.5,14,8.5],"rotation":{"angle":0,"axis":"y","origin":[8,7,8]},"faces":{"north":{"uv":[2.25,4.5,2.5,8],"texture":"#1"},"east":{"uv":[2.5,4.5,2.75,8],"texture":"#1"},"south":{"uv":[2.75,4.5,3,8],"texture":"#1"},"west":{"uv":[3,4.5,3.25,8],"texture":"#1"},"up":{"uv":[5,6.5,4.75,6.25],"texture":"#1"},"down":{"uv":[5.25,6.25,5,6.5],"texture":"#1"}}},{"from":[3,14,7.5],"to":[13,15,8.5],"rotation":{"angle":0,"axis":"y","origin":[7,0,7.5]},"faces":{"north":{"uv":[3.25,6,5.75,6.25],"texture":"#1"},"east":{"uv":[5.25,6.25,5.5,6.5],"texture":"#1"},"south":{"uv":[5.75,6,8.25,6.25],"texture":"#1"},"west":{"uv":[5.5,6.25,5.75,6.5],"texture":"#1"},"up":{"uv":[8.75,0.25,6.25,0],"texture":"#1"},"down":{"uv":[8.75,0.25,6.25,0.5],"texture":"#1"}}},{"from":[3,23,7.5],"to":[13,24,8.5],"rotation":{"angle":0,"axis":"y","origin":[7,9,7.5]},"faces":{"north":{"uv":[6.25,0.5,8.75,0.75],"texture":"#1"},"east":{"uv":[6.25,5.5,6.5,5.75],"texture":"#1"},"south":{"uv":[6.25,0.75,8.75,1],"texture":"#1"},"west":{"uv":[5.75,6.25,6,6.5],"texture":"#1"},"up":{"uv":[8.75,1.25,6.25,1],"texture":"#1"},"down":{"uv":[8.75,1.25,6.25,1.5],"texture":"#1"}}},{"from":[3,15,7.5],"to":[4,23,8.5],"rotation":{"angle":0,"axis":"y","origin":[7,8,7.5]},"faces":{"north":{"uv":[6.25,1.5,6.5,3.5],"texture":"#1"},"east":{"uv":[3.25,6.25,3.5,8.25],"texture":"#1"},"south":{"uv":[3.5,6.25,3.75,8.25],"texture":"#1"},"west":{"uv":[6.25,3.5,6.5,5.5],"texture":"#1"},"up":{"uv":[6.5,6,6.25,5.75],"texture":"#1"},"down":{"uv":[6.25,6.25,6,6.5],"texture":"#1"}}},{"from":[3.5,14.5,8.5],"to":[3.5,23.5,16.5],"rotation":{"angle":22.5,"axis":"y","origin":[3.5,19,8.5]},"faces":{"north":{"uv":[0,0,0,2.25],"texture":"#1"},"east":{"uv":[0,0,2,2.25],"texture":"#1"},"south":{"uv":[0,0,0,2.25],"texture":"#1"},"west":{"uv":[2,0,4,2.25],"texture":"#1"},"up":{"uv":[0,2,0,0],"texture":"#1"},"down":{"uv":[0,0,0,2],"texture":"#1"}}},{"from":[12.5,14.5,8.5],"to":[12.5,23.5,16.5],"rotation":{"angle":-22.5,"axis":"y","origin":[12.5,19,8.5]},"faces":{"north":{"uv":[0,0,0,2.25],"texture":"#1"},"east":{"uv":[0,2.25,2,4.5],"texture":"#1"},"south":{"uv":[0,0,0,2.25],"texture":"#1"},"west":{"uv":[2,2.25,4,4.5],"texture":"#1"},"up":{"uv":[0,2,0,0],"texture":"#1"},"down":{"uv":[0,0,0,2],"texture":"#1"}}},{"from":[3.5,23.5,8.5],"to":[12.5,23.5,16.5],"rotation":{"angle":22.5,"axis":"x","origin":[8,23.5,8.5]},"faces":{"north":{"uv":[0,0,2.25,0],"texture":"#1"},"east":{"uv":[0,0,2,0],"texture":"#1"},"south":{"uv":[0,0,2.25,0],"texture":"#1"},"west":{"uv":[0,0,2,0],"texture":"#1"},"up":{"uv":[6.25,2,4,0],"texture":"#1"},"down":{"uv":[6.25,2,4,4],"texture":"#1"}}},{"from":[3.5,14.5,8.5],"to":[12.5,14.5,16.5],"rotation":{"angle":-22.5,"axis":"x","origin":[8,14.5,8.5]},"faces":{"north":{"uv":[0,0,2.25,0],"texture":"#1"},"east":{"uv":[0,0,2,0],"texture":"#1"},"south":{"uv":[0,0,2.25,0],"texture":"#1"},"west":{"uv":[0,0,2,0],"texture":"#1"},"up":{"uv":[6.25,6,4,4],"texture":"#1"},"down":{"uv":[2.25,4.5,0,6.5],"texture":"#1"}}},{"from":[12,15,7.5],"to":[13,23,8.5],"rotation":{"angle":0,"axis":"y","origin":[7,8,7.5]},"faces":{"north":{"uv":[3.75,6.25,4,8.25],"texture":"#1"},"east":{"uv":[4,6.25,4.25,8.25],"texture":"#1"},"south":{"uv":[4.25,6.25,4.5,8.25],"texture":"#1"},"west":{"uv":[4.5,6.25,4.75,8.25],"texture":"#1"},"up":{"uv":[6.5,6.5,6.25,6.25],"texture":"#1"},"down":{"uv":[0.25,6.5,0,6.75],"texture":"#1"}}},{"from":[6.5,17.5,15.75],"to":[9.5,20.5,15.75],"rotation":{"angle":0,"axis":"y","origin":[7.5,18.5,13.75]},"faces":{"north":{"uv":[3.25,4.5,4,5.25],"texture":"#1"},"east":{"uv":[0,0,0,0.75],"texture":"#1"},"south":{"uv":[3.25,5.25,4,6],"texture":"#1"},"west":{"uv":[0,0,0,0.75],"texture":"#1"},"up":{"uv":[0.75,0,0,0],"texture":"#1"},"down":{"uv":[0.75,0,0,0],"texture":"#1"}}}],"display":{"thirdperson_righthand":{"translation":[0,0,-0.25]},"thirdperson_lefthand":{"translation":[0,0,-0.25]},"firstperson_righthand":{"rotation":[-4.44,12.49,8.49],"translation":[3.5,0.5,-0.25],"scale":[0.8,0.8,0.8]},"firstperson_lefthand":{"rotation":[-4.44,12.49,8.49],"translation":[3.5,0.5,-0.25],"scale":[0.8,0.8,0.8]},"ground":{"rotation":[45,0,0],"translation":[0,1.25,0],"scale":[0.6,0.6,0.6]},"gui":{"rotation":[126.28,-46.16,106.63],"translation":[1.75,-1.5,0],"scale":[0.4,0.4,0.4]},"head":{"translation":[0,15,0]},"fixed":{"rotation":[-90,0,-90],"translation":[-3.75,0,-2],"scale":[0.6,0.6,0.6]}},"groups":[{"name":"group","origin":[8,8,8],"color":0,"children":[0,1,2,3,4,5,6,7,8,9]}],"mcmodels":"8627f431a604028eea1f95970744b30c"}