{"parent":"minecraft:item/handheld","textures":{"layer0":"minecraft:item/stick"},"overrides":[{"predicate":{"custom_model_data":7778},"model":"minecraft:item/qitem_fireflycluster"},{"predicate":{"custom_model_data":7779},"model":"minecraft:item/qitem_fireflyjar"},{"predicate":{"custom_model_data":7780},"model":"minecraft:block/qfurniture_fireflyjar_1"},{"predicate":{"custom_model_data":7781},"model":"minecraft:block/qfurniture_fireflyjar_2"},{"predicate":{"custom_model_data":7782},"model":"minecraft:block/qfurniture_fireflyjar_3"},{"predicate":{"custom_model_data":7783},"model":"minecraft:block/qfurniture_fireflyjar_4"},{"predicate":{"custom_model_data":7784},"model":"minecraft:item/qitem_fireflyjar_hanging"},{"predicate":{"custom_model_data":7785},"model":"minecraft:block/qfurniture_fireflyjar_hanging_1"},{"predicate":{"custom_model_data":7786},"model":"minecraft:block/qfurniture_fireflyjar_hanging_2"},{"predicate":{"custom_model_data":7787},"model":"minecraft:block/qfurniture_fireflyjar_hanging_3"},{"predicate":{"custom_model_data":7788},"model":"minecraft:block/qfurniture_fireflyjar_hanging_4"}],"mcmodels":"8627f431a604028eea1f95970744b30c"}