{
	"credit": "Made with Blockbench",
	"textures": {
		"0": "krmc:krmc_items/lead_knot",
		"1": "block/bamboo_fence",
		"2": "krmc:krmc_items/allosaurus_jaw",
		"particle": "krmc:krmc_items/lead_knot"
	},
	"elements": [
		{
			"from": [6.6, 9.4, 5.8],
			"to": [10.6, 14.6, 9.8],
			"rotation": {"angle": -45, "axis": "z", "origin": [10, 10, 8]},
			"faces": {
				"north": {"uv": [0, 3, 3, 7], "texture": "#0"},
				"east": {"uv": [9, 3, 12, 7], "texture": "#0"},
				"south": {"uv": [6, 3, 9, 7], "texture": "#0"},
				"west": {"uv": [3, 3, 6, 7], "texture": "#0"},
				"up": {"uv": [3, 0, 6, 3], "texture": "#0"},
				"down": {"uv": [6, 0, 9, 3], "texture": "#0"}
			}
		},
		{
			"from": [4.27548, 10.49462, 8.2],
			"to": [20.27548, 26.49462, 8.2],
			"rotation": {"angle": 0, "axis": "z", "origin": [7.75, 25, 8]},
			"faces": {
				"north": {"uv": [16, 0, 0, 16], "rotation": 270, "texture": "#2"},
				"east": {"uv": [0, 0, 16, 16], "rotation": 90, "texture": "#2"},
				"south": {"uv": [0, 0, 16, 16], "rotation": 90, "texture": "#2"},
				"west": {"uv": [6, 0, 9, 3], "rotation": 90, "texture": "#2"},
				"up": {"uv": [3, 3, 6, 7], "rotation": 90, "texture": "#2"},
				"down": {"uv": [9, 3, 12, 7], "rotation": 90, "texture": "#2"}
			}
		},
		{
			"from": [7.4, -5, 6.6],
			"to": [9.8, 9.4, 9],
			"rotation": {"angle": -45, "axis": "z", "origin": [10, 10, 8]},
			"faces": {
				"north": {"uv": [0, 0, 4, 16], "texture": "#1"},
				"east": {"uv": [0, 0, 4, 16], "texture": "#1"},
				"south": {"uv": [0, 0, 4, 16], "texture": "#1"},
				"west": {"uv": [0, 0, 4, 16], "texture": "#1"},
				"up": {"uv": [4, 0, 8, 4], "texture": "#1"},
				"down": {"uv": [4, 0, 8, 4], "texture": "#1"}
			}
		}
	],
	"display": {
		"thirdperson_righthand": {
			"rotation": [0, -90, 55],
			"translation": [0, 4, 0.5],
			"scale": [0.85, 0.85, 0.85]
		},
		"thirdperson_lefthand": {
			"rotation": [0, 90, -55],
			"translation": [0, 4, 0.5],
			"scale": [0.85, 0.85, 0.85]
		},
		"firstperson_righthand": {
			"rotation": [0, -90, 25],
			"translation": [1.13, 3.2, 0.13],
			"scale": [0.68, 0.68, 0.68]
		},
		"firstperson_lefthand": {
			"rotation": [0, 90, -25],
			"translation": [1.13, 3.2, 0.13],
			"scale": [0.68, 0.68, 0.68]
		},
		"ground": {
			"translation": [0, 2, 0],
			"scale": [0.5, 0.5, 0.5]
		},
		"fixed": {
			"rotation": [90, -90, 180],
			"translation": [0, 2.5, -3.75],
			"scale": [1.5, 1.5, 1.5]
		}
	}
}