{
	"credit": "Made with Blockbench",
	"texture_size": [64, 64],
	"textures": {
		"2": "krmc:krmc_mobs/anguirus",
		"particle": "krmc:krmc_mobs/anguirus"
	},
	"elements": [
		{
			"name": "one",
			"from": [4.92258, 4.381, 0.57598],
			"to": [10.92258, 10.381, 9.57598],
			"rotation": {"angle": -22.5, "axis": "x", "origin": [7.92258, 7.87016, 7.91021]},
			"faces": {
				"north": {"uv": [12.75, 2, 12.25, 2.5], "rotation": 180, "texture": "#2"},
				"east": {"uv": [1, 12, 1.5, 12.75], "rotation": 270, "texture": "#2"},
				"south": {"uv": [12.75, 2, 12.25, 1.5], "texture": "#2"},
				"west": {"uv": [12, 8.25, 12.5, 9], "rotation": 90, "texture": "#2"},
				"up": {"uv": [8.25, 9, 8.75, 9.75], "rotation": 180, "texture": "#2"},
				"down": {"uv": [12, 7.5, 12.5, 8.25], "texture": "#2"}
			}
		},
		{
			"name": "two",
			"from": [5.67258, 4.98748, 5.46589],
			"to": [10.17258, 9.48748, 15.96589],
			"rotation": {"angle": -45, "axis": "x", "origin": [7.92258, 7.87016, 7.91021]},
			"faces": {
				"north": {"uv": [3.25, 12.25, 2.75, 12.75], "rotation": 180, "texture": "#2"},
				"east": {"uv": [11.75, 11, 12.25, 12], "rotation": 270, "texture": "#2"},
				"south": {"uv": [2.75, 12.75, 2.25, 12.25], "texture": "#2"},
				"west": {"uv": [0.5, 12, 1, 13], "rotation": 90, "texture": "#2"},
				"up": {"uv": [3.25, 10.75, 3.75, 11.75], "rotation": 180, "texture": "#2"},
				"down": {"uv": [0, 12, 0.5, 13], "texture": "#2"}
			}
		}
	],
	"display": {
		"thirdperson_righthand": {
			"rotation": [-142.75, 0, 0],
			"translation": [0, -1, -5.5],
			"scale": [0.8, 0.8, 0.8]
		},
		"thirdperson_lefthand": {
			"rotation": [-142.75, 0, 0],
			"translation": [0, -1, -5.5],
			"scale": [0.8, 0.8, 0.8]
		},
		"firstperson_righthand": {
			"rotation": [-142.75, 0, 0],
			"translation": [0, -1, -5.5],
			"scale": [0.8, 0.8, 0.8]
		},
		"firstperson_lefthand": {
			"rotation": [-142.75, 0, 0],
			"translation": [0, -1, -5.5],
			"scale": [0.8, 0.8, 0.8]
		},
		"ground": {
			"translation": [0, -1.75, 0]
		},
		"gui": {
			"rotation": [30, 225, 0],
			"scale": [1.25, 1.25, 1.25]
		},
		"head": {
			"rotation": [0, 180, 0],
			"translation": [0, 13, 7]
		},
		"fixed": {
			"rotation": [-142.75, 0, 0],
			"translation": [0, 0.5, -6.75],
			"scale": [2, 2, 2]
		}
	}
}