{
	"credit": "Made with Blockbench",
	"texture_size": [64, 64],
	"textures": {
		"3": "krmc:krmc_items/black_hole",
		"5": "krmc:krmc_items/black_hole_rings_animated",
		"particle": "krmc:krmc_items/black_hole"
	},
	"elements": [
		{
			"name": "main",
			"from": [2.5, 0, 2.5],
			"to": [13.5, 11, 13.5],
			"faces": {
				"north": {"uv": [0, 11.5, 4.5, 16], "texture": "#3"},
				"east": {"uv": [4.5, 11.5, 9, 16], "texture": "#3"},
				"south": {"uv": [0, 11.5, 4.5, 16], "texture": "#3"},
				"west": {"uv": [4.5, 11.5, 9, 16], "texture": "#3"},
				"up": {"uv": [4.5, 11.5, 0, 7], "texture": "#3"},
				"down": {"uv": [4.5, 7, 0, 11.5], "texture": "#3"}
			}
		},
		{
			"name": "ring",
			"from": [-9, 5.5, -9],
			"to": [26, 5.5, 25],
			"faces": {
				"north": {"uv": [0, 0, 16, 16], "texture": "#5"},
				"east": {"uv": [0, 0, 16, 16], "texture": "#5"},
				"south": {"uv": [0, 0, 16, 16], "texture": "#5"},
				"west": {"uv": [0, 0, 16, 16], "texture": "#5"},
				"up": {"uv": [16, 0, 0, 16], "texture": "#5"},
				"down": {"uv": [16, 16, 0, 0], "texture": "#5"}
			}
		}
	],
	"display": {
		"thirdperson_righthand": {
			"rotation": [75, 45, 0],
			"translation": [0, 2.5, 0],
			"scale": [0.375, 0.375, 0.375]
		},
		"thirdperson_lefthand": {
			"rotation": [75, 45, 0],
			"translation": [0, 2.5, 0],
			"scale": [0.375, 0.375, 0.375]
		},
		"firstperson_righthand": {
			"rotation": [0, 45, 0],
			"scale": [0.4, 0.4, 0.4]
		},
		"firstperson_lefthand": {
			"rotation": [0, 225, 0],
			"scale": [0.4, 0.4, 0.4]
		},
		"ground": {
			"translation": [0, 2, 0],
			"scale": [0.5, 0.5, 0.5]
		},
		"gui": {
			"rotation": [30, 225, 0],
			"scale": [0.625, 0.625, 0.625]
		},
		"head": {
			"translation": [0, -13.25, 0],
			"scale": [2.5, 2.5, 2.5]
		},
		"fixed": {
			"translation": [0, 51.5, 17],
			"scale": [2.5, 2.5, 2.5]
		}
	}
}