{
	"credit": "Made with Blockbench",
	"texture_size": [64, 64],
	"textures": {
		"5": "krmc:krmc_items/hats/armorer"
	},
	"elements": [
		{
			"name": "brim",
			"from": [-0.1, 6.9, -0.2],
			"to": [16.1, 7.1, 16],
			"faces": {
				"north": {"uv": [4, 11.5, 8, 11.5], "texture": "#5"},
				"east": {"uv": [0, 11.5, 4, 11.5], "texture": "#5"},
				"south": {"uv": [12, 11.5, 16, 11.5], "texture": "#5"},
				"west": {"uv": [8, 11.5, 12, 11.5], "texture": "#5"},
				"up": {"uv": [12, 16, 8, 12], "texture": "#5"},
				"down": {"uv": [12, 12, 8, 16], "texture": "#5"}
			}
		},
		{
			"name": "helmet",
			"from": [3.5, 0.5, 3.5],
			"to": [12.5, 11.5, 12.5],
			"faces": {
				"north": {"uv": [10, 2, 12, 4.5], "texture": "#5"},
				"east": {"uv": [8, 2, 10, 4.5], "texture": "#5"},
				"south": {"uv": [14, 2, 16, 4.5], "texture": "#5"},
				"west": {"uv": [12, 2, 14, 4.5], "texture": "#5"},
				"up": {"uv": [12, 2, 10, 0], "texture": "#5"},
				"down": {"uv": [14, 0, 12, 2], "texture": "#5"}
			}
		}
	],
	"display": {
		"gui": {
			"rotation": [-140.75, 0, 180]
		},
		"head": {
			"translation": [0, -1.5, 0],
			"scale": [1.5, 1.5, 1.5]
		}
	},
	"groups": [
		{
			"name": "helmet",
			"origin": [0, 24, 0],
			"color": 0,
			"children": [
				{
					"name": "brim",
					"origin": [0, 24, 0],
					"color": 0,
					"children": [0]
				},
				1
			]
		}
	]
}