{
	"credit": "Made with Blockbench",
	"textures": {
		"3": "block/blackstone",
		"4": "block/blackstone_top",
		"7": "block/gilded_blackstone"
	},
	"elements": [
		{
			"from": [-9, 0, -9],
			"to": [25, 2, 25],
			"rotation": {"angle": 0, "axis": "y", "origin": [1, 0, -11]},
			"faces": {
				"north": {"uv": [0, 0, 16, 16], "texture": "#3"},
				"east": {"uv": [0, 0, 16, 16], "texture": "#3"},
				"south": {"uv": [0, 0, 16, 16], "texture": "#3"},
				"west": {"uv": [0, 0, 16, 16], "texture": "#3"},
				"up": {"uv": [0, 0, 16, 16], "texture": "#3"},
				"down": {"uv": [0, 0, 16, 16], "texture": "#3"}
			}
		},
		{
			"from": [-5, 2, -5],
			"to": [21, 4, 21],
			"rotation": {"angle": 0, "axis": "y", "origin": [1, 0, -11]},
			"faces": {
				"north": {"uv": [0, 0, 16, 16], "texture": "#4"},
				"east": {"uv": [0, 0, 16, 16], "texture": "#4"},
				"south": {"uv": [0, 0, 16, 16], "texture": "#4"},
				"west": {"uv": [0, 0, 16, 16], "texture": "#4"},
				"up": {"uv": [0, 0, 16, 16], "texture": "#4"},
				"down": {"uv": [0, 0, 16, 16], "texture": "#4"}
			}
		},
		{
			"from": [-1, 4, -1],
			"to": [17, 6, 17],
			"rotation": {"angle": 0, "axis": "y", "origin": [1, 0, -11]},
			"faces": {
				"north": {"uv": [0, 0, 16, 16], "texture": "#7"},
				"east": {"uv": [0, 0, 16, 16], "texture": "#7"},
				"south": {"uv": [0, 0, 16, 16], "texture": "#7"},
				"west": {"uv": [0, 0, 16, 16], "texture": "#7"},
				"up": {"uv": [0, 0, 16, 16], "texture": "#7"},
				"down": {"uv": [0, 0, 16, 16], "texture": "#7"}
			}
		}
	],
	"display": {
		"thirdperson_righthand": {
			"rotation": [-90, 0, 0],
			"translation": [0, -2, -0.75],
			"scale": [0.11, 0.11, 0.11]
		},
		"thirdperson_lefthand": {
			"rotation": [-90, 0, 0],
			"translation": [0, -2, -0.75],
			"scale": [0.11, 0.11, 0.11]
		},
		"firstperson_righthand": {
			"rotation": [0, 45, 0],
			"scale": [0.4, 0.4, 0.4]
		},
		"firstperson_lefthand": {
			"rotation": [0, 225, 0],
			"scale": [0.4, 0.4, 0.4]
		},
		"ground": {
			"translation": [0, 3, 0],
			"scale": [0.15, 0.15, 0.15]
		},
		"gui": {
			"rotation": [30, 225, 0],
			"scale": [0.15, 0.15, 0.15]
		},
		"head": {
			"rotation": [-90, 0, 0],
			"translation": [0, 9, -0.75],
			"scale": [0.11, 0.11, 0.11]
		},
		"fixed": {
			"scale": [0.15, 0.15, 0.15]
		}
	}
}