{
	"credit": "Made with Blockbench",
	"textures": {
		"0": "block/carved_pumpkin",
		"3": "block/pumpkin_top",
		"3_0": "krmc:krmc_mobs/carnotaurus_male",
		"2_1": "block/pumpkin_side",
		"particle": "krmc:krmc_mobs/megaloceros"
	},
	"elements": [
		{
			"name": "tail1",
			"from": [5.88, -2.39386, 4.22773],
			"to": [10.12, 2.90614, 14.64773],
			"rotation": {"angle": 22.5, "axis": "x", "origin": [8, 0.25614, 9.43773]},
			"faces": {
				"north": {"uv": [2.85714, 10, 4, 11.57143], "texture": "#3_0"},
				"east": {"uv": [0, 4.57143, 3, 6.14286], "texture": "#3_0"},
				"south": {"uv": [0, 10.28571, 1.14286, 11.85714], "texture": "#3_0"},
				"west": {"uv": [5.42857, 0, 8.42857, 1.57143], "texture": "#3_0"},
				"up": {"uv": [3.14286, 9.28571, 2, 6.28571], "texture": "#3_0"},
				"down": {"uv": [4.28571, 6.85714, 3.14286, 9.85714], "texture": "#3_0"}
			}
		},
		{
			"name": "tail1",
			"from": [6.41, -6.02386, 12.39773],
			"to": [9.59, -2.84386, 22.75773],
			"rotation": {"angle": 45, "axis": "x", "origin": [8, -4.43386, 17.57773]},
			"faces": {
				"north": {"uv": [12.28571, 4, 13.14286, 4.85714], "texture": "#3_0"},
				"east": {"uv": [9.14286, 4, 12.14286, 4.85714], "texture": "#3_0"},
				"south": {"uv": [4.57143, 12.28571, 5.42857, 13.14286], "texture": "#3_0"},
				"west": {"uv": [9.14286, 4.85714, 12.14286, 5.71429], "texture": "#3_0"},
				"up": {"uv": [10.28571, 8.71429, 9.42857, 5.71429], "texture": "#3_0"},
				"down": {"uv": [10.28571, 8.85714, 9.42857, 11.85714], "texture": "#3_0"}
			}
		},
		{
			"name": "horn_left",
			"from": [3.55608, 4.48506, 0.81327],
			"to": [4.61608, 6.60506, 3.99327],
			"rotation": {"angle": 22.5, "axis": "z", "origin": [8, 3.92386, 2.40327]},
			"faces": {
				"north": {"uv": [7.14286, 8.85714, 7.28571, 9.14286], "texture": "#3_0"},
				"east": {"uv": [13.14286, 4.57143, 13.57143, 4.85714], "texture": "#3_0"},
				"south": {"uv": [4, 10, 4.14286, 10.28571], "texture": "#3_0"},
				"west": {"uv": [13.14286, 4.85714, 13.57143, 5.14286], "texture": "#3_0"},
				"up": {"uv": [1.85714, 9.28571, 1.71429, 8.85714], "texture": "#3_0"},
				"down": {"uv": [3, 9.42857, 2.85714, 9.85714], "texture": "#3_0"}
			}
		},
		{
			"name": "horn_right",
			"from": [11.38392, 4.48506, 0.81327],
			"to": [12.44392, 6.60506, 3.99327],
			"rotation": {"angle": -22.5, "axis": "z", "origin": [8, 3.92386, 2.40327]},
			"faces": {
				"north": {"uv": [9.14286, 11.71429, 9.28571, 12], "texture": "#3_0"},
				"east": {"uv": [5.14286, 13.14286, 5.57143, 13.42857], "texture": "#3_0"},
				"south": {"uv": [5.42857, 12.28571, 5.57143, 12.57143], "texture": "#3_0"},
				"west": {"uv": [13.14286, 5.14286, 13.57143, 5.42857], "texture": "#3_0"},
				"up": {"uv": [5.85714, 10.71429, 5.71429, 10.28571], "texture": "#3_0"},
				"down": {"uv": [3.85714, 11.71429, 3.71429, 12.14286], "texture": "#3_0"}
			}
		},
		{
			"from": [4, -0.5, 0.4375],
			"to": [12, 3.5, 8.4375],
			"rotation": {"angle": 0, "axis": "y", "origin": [8, 1.5, 4.4375]},
			"faces": {
				"north": {"uv": [0, 0, 16, 8], "texture": "#0"},
				"east": {"uv": [0, 0, 16, 8], "texture": "#2_1"},
				"south": {"uv": [0, 0, 16, 8], "texture": "#2_1"},
				"west": {"uv": [0, 0, 16, 8], "texture": "#2_1"},
				"up": {"uv": [0, 0, 16, 16], "texture": "#3"},
				"down": {"uv": [0, 0, 16, 8], "texture": "#2_1"}
			}
		}
	],
	"display": {
		"thirdperson_righthand": {
			"rotation": [75, 45, 0],
			"translation": [0, 2.5, 0],
			"scale": [0.375, 0.375, 0.375]
		},
		"thirdperson_lefthand": {
			"rotation": [75, 45, 0],
			"translation": [0, 2.5, 0],
			"scale": [0.375, 0.375, 0.375]
		},
		"firstperson_righthand": {
			"rotation": [0, 45, 0],
			"scale": [0.4, 0.4, 0.4]
		},
		"firstperson_lefthand": {
			"rotation": [0, 225, 0],
			"scale": [0.4, 0.4, 0.4]
		},
		"ground": {
			"translation": [0, 2, 0],
			"scale": [0.5, 0.5, 0.5]
		},
		"gui": {
			"rotation": [30, 225, 0],
			"translation": [-2.25, 6.25, 0]
		},
		"head": {
			"translation": [0, 17.75, 6.75],
			"scale": [1.9, 2.3, 1.9]
		},
		"fixed": {
			"translation": [0, 10.5, -0.75],
			"scale": [2, 2, 2]
		}
	},
	"groups": [
		{
			"name": "horns",
			"origin": [8, 8, 8],
			"color": 1,
			"children": []
		},
		0,
		1,
		{
			"name": "horns",
			"origin": [7.68718, 10.23, 6.94],
			"color": 0,
			"children": [2, 3]
		},
		4
	]
}