{
	"credit": "Made with Blockbench",
	"texture_size": [32, 32],
	"textures": {
		"0": "krmc:krmc_items/behemoth_meat",
		"particle": "krmc:krmc_items/behemoth_meat"
	},
	"elements": [
		{
			"name": "flesh",
			"from": [6, 8, 6],
			"to": [10, 10, 10],
			"rotation": {"angle": 0, "axis": "y", "origin": [7.03973, 12.65, 4.38305]},
			"faces": {
				"north": {"uv": [9, 0, 11, 1], "texture": "#0"},
				"east": {"uv": [9, 1, 11, 2], "texture": "#0"},
				"south": {"uv": [9, 2, 11, 3], "texture": "#0"},
				"west": {"uv": [9, 3, 11, 4], "texture": "#0"},
				"up": {"uv": [9, 5, 7, 3], "texture": "#0"},
				"down": {"uv": [9, 5, 7, 7], "texture": "#0"}
			}
		},
		{
			"name": "flesh",
			"from": [6, 16, 6],
			"to": [10, 17, 10],
			"rotation": {"angle": 0, "axis": "y", "origin": [7.03973, 12.65, 4.38305]},
			"faces": {
				"north": {"uv": [9, 10, 11, 10.5], "texture": "#0"},
				"east": {"uv": [10.5, 4, 12.5, 4.5], "texture": "#0"},
				"south": {"uv": [10.5, 4.5, 12.5, 5], "texture": "#0"},
				"west": {"uv": [10.5, 5, 12.5, 5.5], "texture": "#0"},
				"up": {"uv": [9, 9, 7, 7], "texture": "#0"},
				"down": {"uv": [2, 9, 0, 11], "texture": "#0"}
			}
		},
		{
			"name": "flesh",
			"from": [5, 10, 5],
			"to": [11, 16, 11],
			"rotation": {"angle": 0, "axis": "y", "origin": [7.03973, 12.65, 4.38305]},
			"faces": {
				"north": {"uv": [0, 0, 3, 3], "texture": "#0"},
				"east": {"uv": [0, 3, 3, 6], "texture": "#0"},
				"south": {"uv": [3, 0, 6, 3], "texture": "#0"},
				"west": {"uv": [3, 3, 6, 6], "texture": "#0"},
				"up": {"uv": [3, 9, 0, 6], "texture": "#0"},
				"down": {"uv": [9, 0, 6, 3], "texture": "#0"}
			}
		},
		{
			"name": "flesh",
			"from": [8.11829, 8, 0.34646],
			"to": [9.71829, 9.6, 1.94646],
			"rotation": {"angle": 45, "axis": "y", "origin": [7.03973, 12.65, 4.38305]},
			"faces": {
				"north": {"uv": [0, 0, 3, 3], "texture": "#0"},
				"east": {"uv": [0, 3, 3, 6], "texture": "#0"},
				"south": {"uv": [3, 0, 6, 3], "texture": "#0"},
				"west": {"uv": [3, 3, 6, 6], "texture": "#0"},
				"up": {"uv": [3, 9, 0, 6], "texture": "#0"},
				"down": {"uv": [9, 0, 6, 3], "texture": "#0"}
			}
		},
		{
			"name": "literal_bone",
			"from": [6.74322, 8.23394, 0.44991],
			"to": [8.24322, 9.54644, 7.94991],
			"rotation": {"angle": 22.5, "axis": "y", "origin": [7.03973, 12.65, 4.38305]},
			"faces": {
				"north": {"uv": [7, 9, 6, 8], "rotation": 270, "texture": "#0"},
				"east": {"uv": [3, 6, 4, 11], "rotation": 90, "texture": "#0"},
				"south": {"uv": [3, 9, 2, 10], "rotation": 270, "texture": "#0"},
				"west": {"uv": [4, 6, 5, 11], "rotation": 270, "texture": "#0"},
				"up": {"uv": [6, 3, 7, 8], "texture": "#0"},
				"down": {"uv": [5, 6, 6, 11], "rotation": 180, "texture": "#0"}
			}
		},
		{
			"name": "flesh",
			"from": [8.11829, 12.25, 0.34646],
			"to": [9.71829, 13.85, 1.94646],
			"rotation": {"angle": 45, "axis": "y", "origin": [7.03973, 12.65, 4.38305]},
			"faces": {
				"north": {"uv": [0, 0, 3, 3], "texture": "#0"},
				"east": {"uv": [0, 3, 3, 6], "texture": "#0"},
				"south": {"uv": [3, 0, 6, 3], "texture": "#0"},
				"west": {"uv": [3, 3, 6, 6], "texture": "#0"},
				"up": {"uv": [3, 9, 0, 6], "texture": "#0"},
				"down": {"uv": [9, 0, 6, 3], "texture": "#0"}
			}
		},
		{
			"name": "literal_bone",
			"from": [6.74322, 12.48394, 0.44991],
			"to": [8.24322, 13.79644, 7.94991],
			"rotation": {"angle": 22.5, "axis": "y", "origin": [7.03973, 12.65, 4.38305]},
			"faces": {
				"north": {"uv": [7, 9, 6, 8], "rotation": 270, "texture": "#0"},
				"east": {"uv": [3, 6, 4, 11], "rotation": 90, "texture": "#0"},
				"south": {"uv": [3, 9, 2, 10], "rotation": 270, "texture": "#0"},
				"west": {"uv": [4, 6, 5, 11], "rotation": 270, "texture": "#0"},
				"up": {"uv": [6, 3, 7, 8], "texture": "#0"},
				"down": {"uv": [5, 6, 6, 11], "rotation": 180, "texture": "#0"}
			}
		},
		{
			"name": "flesh",
			"from": [8.11829, 10, 0.34646],
			"to": [9.71829, 11.6, 1.94646],
			"rotation": {"angle": 45, "axis": "y", "origin": [7.03973, 12.65, 4.38305]},
			"faces": {
				"north": {"uv": [0, 0, 3, 3], "texture": "#0"},
				"east": {"uv": [0, 3, 3, 6], "texture": "#0"},
				"south": {"uv": [3, 0, 6, 3], "texture": "#0"},
				"west": {"uv": [3, 3, 6, 6], "texture": "#0"},
				"up": {"uv": [3, 9, 0, 6], "texture": "#0"},
				"down": {"uv": [9, 0, 6, 3], "texture": "#0"}
			}
		},
		{
			"name": "literal_bone",
			"from": [6.74322, 10.23394, 0.44991],
			"to": [8.24322, 11.54644, 7.94991],
			"rotation": {"angle": 22.5, "axis": "y", "origin": [7.03973, 12.65, 4.38305]},
			"faces": {
				"north": {"uv": [7, 9, 6, 8], "rotation": 270, "texture": "#0"},
				"east": {"uv": [3, 6, 4, 11], "rotation": 90, "texture": "#0"},
				"south": {"uv": [3, 9, 2, 10], "rotation": 270, "texture": "#0"},
				"west": {"uv": [4, 6, 5, 11], "rotation": 270, "texture": "#0"},
				"up": {"uv": [6, 3, 7, 8], "texture": "#0"},
				"down": {"uv": [5, 6, 6, 11], "rotation": 180, "texture": "#0"}
			}
		},
		{
			"name": "flesh",
			"from": [8.11829, 14.5, 0.34646],
			"to": [9.71829, 16.1, 1.94646],
			"rotation": {"angle": 45, "axis": "y", "origin": [7.03973, 12.65, 4.38305]},
			"faces": {
				"north": {"uv": [0, 0, 3, 3], "texture": "#0"},
				"east": {"uv": [0, 3, 3, 6], "texture": "#0"},
				"south": {"uv": [3, 0, 6, 3], "texture": "#0"},
				"west": {"uv": [3, 3, 6, 6], "texture": "#0"},
				"up": {"uv": [3, 9, 0, 6], "texture": "#0"},
				"down": {"uv": [9, 0, 6, 3], "texture": "#0"}
			}
		},
		{
			"name": "literal_bone",
			"from": [6.74322, 14.73394, 0.44991],
			"to": [8.24322, 16.04644, 7.94991],
			"rotation": {"angle": 22.5, "axis": "y", "origin": [7.03973, 12.65, 4.38305]},
			"faces": {
				"north": {"uv": [7, 9, 6, 8], "rotation": 270, "texture": "#0"},
				"east": {"uv": [3, 6, 4, 11], "rotation": 90, "texture": "#0"},
				"south": {"uv": [3, 9, 2, 10], "rotation": 270, "texture": "#0"},
				"west": {"uv": [4, 6, 5, 11], "rotation": 270, "texture": "#0"},
				"up": {"uv": [6, 3, 7, 8], "texture": "#0"},
				"down": {"uv": [5, 6, 6, 11], "rotation": 180, "texture": "#0"}
			}
		},
		{
			"name": "literal_bone",
			"from": [7, 4, 7],
			"to": [9, 9, 9],
			"faces": {
				"north": {"uv": [3, 6, 4, 11], "texture": "#0"},
				"east": {"uv": [6, 3, 7, 8], "texture": "#0"},
				"south": {"uv": [4, 6, 5, 11], "texture": "#0"},
				"west": {"uv": [5, 6, 6, 11], "texture": "#0"},
				"up": {"uv": [7, 9, 6, 8], "texture": "#0"},
				"down": {"uv": [3, 9, 2, 10], "texture": "#0"}
			}
		},
		{
			"name": "flesh",
			"from": [6.75, 1.75, 6.75],
			"to": [9.25, 4.25, 9.25],
			"rotation": {"angle": 0, "axis": "y", "origin": [0, 3, 0]},
			"faces": {
				"north": {"uv": [9, 4, 10.25, 5.25], "texture": "#0"},
				"east": {"uv": [9, 5.5, 10.25, 6.75], "texture": "#0"},
				"south": {"uv": [6, 9, 7.25, 10.25], "texture": "#0"},
				"west": {"uv": [9, 7, 10.25, 8.25], "texture": "#0"},
				"up": {"uv": [8.75, 10.25, 7.5, 9], "texture": "#0"},
				"down": {"uv": [10.25, 8.5, 9, 9.75], "texture": "#0"}
			}
		}
	],
	"display": {
		"thirdperson_righthand": {
			"translation": [0, 2, 0],
			"scale": [1.9, 1.9, 1.9]
		},
		"thirdperson_lefthand": {
			"translation": [0, 2, 0],
			"scale": [1.9, 1.9, 1.9]
		},
		"firstperson_righthand": {
			"rotation": [-31, 0, 0],
			"translation": [0, 5, 0],
			"scale": [1.9, 1.9, 1.9]
		},
		"firstperson_lefthand": {
			"rotation": [-31, 0, 0],
			"translation": [0, 4.75, 0],
			"scale": [1.9, 1.9, 1.9]
		},
		"ground": {
			"rotation": [44.42, 19.68, 46.02],
			"scale": [1.9, 1.9, 1.9]
		},
		"gui": {
			"rotation": [44.78, -40.73, 76.65],
			"scale": [1.9, 1.9, 1.9]
		},
		"head": {
			"translation": [0, 23.75, 0],
			"scale": [1.9, 1.9, 1.9]
		},
		"fixed": {
			"rotation": [-8.75, 0, 0],
			"translation": [0, 1.75, -5],
			"scale": [1.9, 1.9, 1.9]
		}
	},
	"groups": [
		{
			"name": "root",
			"origin": [8, 8, 8],
			"color": 0,
			"children": [
				{
					"name": "flesh",
					"origin": [8, 8, 8],
					"color": 2,
					"children": [0, 1, 2]
				},
				{
					"name": "literal_bone",
					"origin": [8, 8, 8],
					"color": 1,
					"children": [3, 4]
				},
				{
					"name": "literal_bone",
					"origin": [8, 8, 8],
					"color": 1,
					"children": [5, 6]
				},
				{
					"name": "literal_bone",
					"origin": [8, 8, 8],
					"color": 1,
					"children": [
						7,
						8,
						{
							"name": "literal_bone",
							"origin": [8, 8, 8],
							"color": 1,
							"children": [9, 10]
						}
					]
				},
				{
					"name": "literal_bone",
					"origin": [8, 8, 8],
					"color": 1,
					"children": [11, 12]
				}
			]
		}
	]
}