{
	"credit": "Made with Blockbench",
	"texture_size": [32, 32],
	"textures": {
		"0": "krmc:krmc_items/scoped_rifle",
		"particle": "krmc:krmc_items/scoped_rifle"
	},
	"elements": [
		{
			"name": "idk",
			"from": [7, 1, 13],
			"to": [9, 5, 17],
			"faces": {
				"north": {"uv": [5, 3, 6, 5], "texture": "#0"},
				"east": {"uv": [3, 3, 5, 5], "texture": "#0"},
				"south": {"uv": [5, 5, 6, 7], "texture": "#0"},
				"west": {"uv": [3, 5, 5, 7], "texture": "#0"},
				"up": {"uv": [6.5, 2, 5.5, 0], "texture": "#0"},
				"down": {"uv": [7, 3, 6, 5], "texture": "#0"}
			}
		},
		{
			"name": "main",
			"from": [7, 2.5, 2],
			"to": [9, 4.5, 13],
			"faces": {
				"north": {"uv": [1, 7.5, 2, 8.5], "texture": "#0"},
				"east": {"uv": [0, 0, 5.5, 1], "texture": "#0"},
				"south": {"uv": [7.5, 4.5, 8.5, 5.5], "texture": "#0"},
				"west": {"uv": [0, 1, 5.5, 2], "texture": "#0"},
				"up": {"uv": [1, 7.5, 0, 2], "texture": "#0"},
				"down": {"uv": [2, 2, 1, 7.5], "texture": "#0"}
			}
		},
		{
			"name": "pipe",
			"from": [7.5, 4, -7],
			"to": [8.5, 5, 10],
			"faces": {
				"north": {"uv": [0, 15.25, 0.75, 16], "texture": "#0"},
				"east": {"uv": [2, 2, 10.5, 2.5], "texture": "#0"},
				"south": {"uv": [7.5, 6.5, 8, 7], "texture": "#0"},
				"west": {"uv": [2, 2.5, 10.5, 3], "texture": "#0"},
				"up": {"uv": [2.5, 11.5, 2, 3], "texture": "#0"},
				"down": {"uv": [3, 3, 2.5, 11.5], "texture": "#0"}
			}
		},
		{
			"name": "trigger",
			"from": [8, 0.5, 9.5],
			"to": [8, 2.5, 11.5],
			"faces": {
				"north": {"uv": [0, 0, 0, 1], "texture": "#0"},
				"east": {"uv": [14.5, 0, 16, 1.5], "texture": "#0"},
				"south": {"uv": [0, 0, 0, 1], "texture": "#0"},
				"west": {"uv": [16, 0, 14.5, 1.5], "texture": "#0"},
				"up": {"uv": [0, 1, 0, 0], "texture": "#0"},
				"down": {"uv": [0, 0, 0, 1], "texture": "#0"}
			}
		},
		{
			"name": "reload",
			"from": [7.5, 0.5, 6.5],
			"to": [8.5, 2.5, 9.5],
			"faces": {
				"north": {"uv": [8, 6.5, 8.5, 7.5], "texture": "#0"},
				"east": {"uv": [6, 5, 7.5, 6], "texture": "#0"},
				"south": {"uv": [8, 7.5, 8.5, 8.5], "texture": "#0"},
				"west": {"uv": [6, 6, 7.5, 7], "texture": "#0"},
				"up": {"uv": [6.5, 9.5, 6, 8], "texture": "#0"},
				"down": {"uv": [7, 8, 6.5, 9.5], "texture": "#0"}
			}
		},
		{
			"from": [7, 5, 7],
			"to": [7, 7, 10],
			"faces": {
				"north": {"uv": [0, 0, 0, 1], "texture": "#0"},
				"east": {"uv": [6.5, 1, 8, 2], "texture": "#0"},
				"south": {"uv": [0, 0, 0, 1], "texture": "#0"},
				"west": {"uv": [8, 1, 6.5, 2], "texture": "#0"},
				"up": {"uv": [0, 1.5, 0, 0], "texture": "#0"},
				"down": {"uv": [0, 0, 0, 1.5], "texture": "#0"}
			}
		},
		{
			"from": [7, 5, 7],
			"to": [9, 5, 10],
			"faces": {
				"north": {"uv": [0, 0, 1, 0], "texture": "#0"},
				"east": {"uv": [0, 0, 1.5, 0], "texture": "#0"},
				"south": {"uv": [0, 0, 1, 0], "texture": "#0"},
				"west": {"uv": [0, 0, 1.5, 0], "texture": "#0"},
				"up": {"uv": [8, 4.5, 7, 3], "texture": "#0"},
				"down": {"uv": [8, 3, 7, 4.5], "texture": "#0"}
			}
		},
		{
			"from": [9, 5, 7],
			"to": [9, 7, 10],
			"faces": {
				"north": {"uv": [0, 0, 0, 1], "texture": "#0"},
				"east": {"uv": [5.5, 7, 4, 8], "texture": "#0"},
				"south": {"uv": [0, 0, 0, 1], "texture": "#0"},
				"west": {"uv": [4, 7, 5.5, 8], "texture": "#0"},
				"up": {"uv": [0, 1.5, 0, 0], "texture": "#0"},
				"down": {"uv": [0, 0, 0, 1.5], "texture": "#0"}
			}
		},
		{
			"from": [7, 7, 7],
			"to": [9, 7, 10],
			"faces": {
				"north": {"uv": [0, 0, 1, 0], "texture": "#0"},
				"east": {"uv": [0, 0, 1.5, 0], "texture": "#0"},
				"south": {"uv": [0, 0, 1, 0], "texture": "#0"},
				"west": {"uv": [0, 0, 1.5, 0], "texture": "#0"},
				"up": {"uv": [8, 8.5, 7, 7], "texture": "#0"},
				"down": {"uv": [8, 7, 7, 8.5], "texture": "#0"}
			}
		},
		{
			"name": "glass",
			"from": [7, 5, 9.75],
			"to": [9, 7, 9.75],
			"faces": {
				"north": {"uv": [13, 13, 16, 16], "texture": "#0"},
				"east": {"uv": [0, 0, 0, 1], "texture": "#0"},
				"south": {"uv": [13, 13, 16, 16], "texture": "#0"},
				"west": {"uv": [0, 0, 0, 1], "texture": "#0"},
				"up": {"uv": [1, 0, 0, 0], "texture": "#0"},
				"down": {"uv": [1, 0, 0, 0], "texture": "#0"}
			}
		},
		{
			"name": "glass",
			"from": [7, 5, 7.25],
			"to": [9, 7, 7.25],
			"faces": {
				"north": {"uv": [13, 13, 16, 16], "texture": "#0"},
				"east": {"uv": [0, 0, 0, 1], "texture": "#0"},
				"south": {"uv": [13, 13, 16, 16], "texture": "#0"},
				"west": {"uv": [0, 0, 0, 1], "texture": "#0"},
				"up": {"uv": [1, 0, 0, 0], "texture": "#0"},
				"down": {"uv": [1, 0, 0, 0], "texture": "#0"}
			}
		}
	],
	"display": {
		"thirdperson_righthand": {
			"translation": [0, 10.5, -1.25],
			"scale": [1.5, 1.5, 1.5]
		},
		"thirdperson_lefthand": {
			"translation": [0, 10.5, -1.25],
			"scale": [1.5, 1.5, 1.5]
		},
		"firstperson_righthand": {
			"rotation": [-2.08, -10.52, 0.82],
			"translation": [0.5, 11.25, 4],
			"scale": [1.5, 1.5, 1.5]
		},
		"firstperson_lefthand": {
			"rotation": [-2.08, -10.52, 0.82],
			"translation": [0.5, 11.25, 4],
			"scale": [1.5, 1.5, 1.5]
		},
		"ground": {
			"translation": [0, 8, 0],
			"scale": [1.5, 1.5, 1.5]
		},
		"gui": {
			"rotation": [90, 48.75, -90],
			"translation": [4.5, 3.25, 0],
			"scale": [1.5, 1.5, 1.5]
		},
		"head": {
			"translation": [0, 27.75, -13],
			"scale": [4, 4, 4]
		},
		"fixed": {
			"rotation": [90, -45, 90],
			"translation": [-5.75, 2.75, -2.25],
			"scale": [1.5, 1.5, 1.5]
		}
	},
	"groups": [
		0,
		1,
		2,
		3,
		4,
		{
			"name": "scope",
			"origin": [8, 8, 8],
			"color": 0,
			"children": [5, 6, 7, 8, 9, 10]
		}
	]
}