{
	"credit": "Made with Blockbench",
	"texture_size": [128, 128],
	"textures": {
		"0": "krmc:krmc_mobs/deinocheirus",
		"particle": "krmc:krmc_mobs/deinocheirus"
	},
	"elements": [
		{
			"name": "claw",
			"from": [2.7584, 2.08893, 9.12488],
			"to": [9.5084, 7.15142, 9.12488],
			"shade": false,
			"rotation": {"angle": 0, "axis": "x", "origin": [10.89786, 4.56734, 18.12512]},
			"faces": {
				"north": {"uv": [0.25, 16, 0, 15.4375], "rotation": 90, "texture": "#0"},
				"east": {"uv": [0, 0.25, 0, 0], "texture": "#0"},
				"south": {"uv": [0.25, 15.4375, 0, 16], "rotation": 90, "texture": "#0"},
				"west": {"uv": [0, 0.25, 0, 0], "texture": "#0"},
				"up": {"uv": [0, 0, 0.375, 0], "texture": "#0"},
				"down": {"uv": [0, 0, 0.375, 0], "texture": "#0"}
			}
		},
		{
			"name": "claw",
			"from": [7.33534, 1.75483, 6.87512],
			"to": [12.39786, 13.00483, 6.87512],
			"shade": false,
			"rotation": {"angle": 0, "axis": "x", "origin": [9.69786, 2.09234, 18.12512]},
			"faces": {
				"north": {"uv": [0.25, 16, 0, 15.4375], "texture": "#0"},
				"east": {"uv": [0, 0.5625, 0, 0], "texture": "#0"},
				"south": {"uv": [0, 16, 0.25, 15.4375], "texture": "#0"},
				"west": {"uv": [0, 0.5625, 0, 0], "texture": "#0"},
				"up": {"uv": [0, 0, 0.25, 0], "texture": "#0"},
				"down": {"uv": [0, 0, 0.25, 0], "texture": "#0"}
			}
		},
		{
			"name": "claw",
			"from": [-1.17278, -0.21932, 8],
			"to": [10.07722, 4.84317, 8],
			"shade": false,
			"rotation": {"angle": -45, "axis": "z", "origin": [10.89786, 2.09234, 18.12512]},
			"faces": {
				"north": {"uv": [0.25, 16, 0, 15.4375], "rotation": 90, "texture": "#0"},
				"east": {"uv": [0, 0.25, 0, 0], "texture": "#0"},
				"south": {"uv": [0.25, 15.4375, 0, 16], "rotation": 90, "texture": "#0"},
				"west": {"uv": [0, 0.25, 0, 0], "texture": "#0"},
				"up": {"uv": [0, 0, 0.5625, 0], "texture": "#0"},
				"down": {"uv": [0, 0, 0.5625, 0], "texture": "#0"}
			}
		}
	],
	"display": {
		"thirdperson_righthand": {
			"translation": [0, 3, 1],
			"scale": [0.55, 0.55, 0.55]
		},
		"thirdperson_lefthand": {
			"translation": [0, 3, 1],
			"scale": [-0.55, 0.55, 0.55]
		},
		"firstperson_righthand": {
			"rotation": [0, -90, 25],
			"translation": [1.13, 3.2, 1.13],
			"scale": [0.68, 0.68, 0.68]
		},
		"firstperson_lefthand": {
			"rotation": [0, -90, 25],
			"translation": [1.13, 3.2, 1.13],
			"scale": [0.68, 0.68, 0.68]
		},
		"ground": {
			"translation": [0, 2, 0],
			"scale": [0.5, 0.5, 0.5]
		},
		"gui": {
			"translation": [1, 1, 0],
			"scale": [1.5, 1.5, 1.5]
		},
		"head": {
			"rotation": [0, 180, 0],
			"translation": [0, 13, 7]
		},
		"fixed": {
			"rotation": [0, 180, 0],
			"translation": [-1.5, 2, -1.25],
			"scale": [2, 2, 2]
		}
	},
	"groups": [
		{
			"name": "claw",
			"origin": [6.30214, 9.50766, 3.72512],
			"color": 0,
			"children": [0, 1, 2]
		}
	]
}