{
	"credit": "Made with Blockbench",
	"texture_size": [32, 32],
	"textures": {
		"1": "krmc:krmc_mobs/dogora_tentacles",
		"particle": "krmc:krmc_mobs/dogora_tentacles"
	},
	"elements": [
		{
			"name": "1",
			"from": [1.25, 2.75, 8],
			"to": [11.75, 17, 8],
			"rotation": {"angle": 0, "axis": "y", "origin": [10.25, 5, 8]},
			"faces": {
				"north": {"uv": [8.33333, 0, 0, 16], "texture": "#1"},
				"east": {"uv": [0, 0, 0, 6], "texture": "#1"},
				"south": {"uv": [0, 0, 8.33333, 16], "texture": "#1"},
				"west": {"uv": [0, 0, 0, 6], "texture": "#1"},
				"up": {"uv": [0, 0, 3, 0], "texture": "#1"},
				"down": {"uv": [0, 0, 3, 0], "texture": "#1"}
			}
		},
		{
			"name": "1",
			"from": [4.25, -1, 8.5625],
			"to": [14.75, 13.25, 8.5625],
			"rotation": {"angle": 0, "axis": "y", "origin": [13.25, 1.25, 8.5625]},
			"faces": {
				"north": {"uv": [8.33333, 0, 0, 16], "texture": "#1"},
				"east": {"uv": [0, 0, 0, 6], "texture": "#1"},
				"south": {"uv": [0, 0, 8.33333, 16], "texture": "#1"},
				"west": {"uv": [0, 0, 0, 6], "texture": "#1"},
				"up": {"uv": [0, 0, 3, 0], "texture": "#1"},
				"down": {"uv": [0, 0, 3, 0], "texture": "#1"}
			}
		}
	],
	"display": {
		"thirdperson_righthand": {
			"translation": [0, 3, 1],
			"scale": [0.55, 0.55, 0.55]
		},
		"thirdperson_lefthand": {
			"translation": [0, 3, 1],
			"scale": [0.55, 0.55, 0.55]
		},
		"firstperson_righthand": {
			"rotation": [0, -90, 25],
			"translation": [1.13, 4.2, 0.13],
			"scale": [0.68, 0.68, 0.68]
		},
		"firstperson_lefthand": {
			"rotation": [0, -90, 25],
			"translation": [1.13, 4.2, 0.13],
			"scale": [0.68, 0.68, 0.68]
		},
		"ground": {
			"translation": [0, 2, 0]
		},
		"gui": {
			"translation": [0, 1.5, 0],
			"scale": [1.5, 1.5, 1.5]
		},
		"head": {
			"rotation": [0, 180, 0],
			"translation": [0, 13, 7]
		}
	},
	"groups": [
		{
			"name": "tentacles",
			"origin": [15.5, -1, 8],
			"color": 0,
			"children": [0, 1]
		}
	]
}