{
	"credit": "Made with Blockbench",
	"texture_size": [64, 64],
	"textures": {
		"2": "krmc:krmc_mobs/haasts_eagle",
		"particle": "krmc:krmc_mobs/haasts_eagle"
	},
	"elements": [
		{
			"name": "front_talons",
			"from": [2.9375, 6.07289, 2.24827],
			"to": [13.0625, 6.07289, 5.62327],
			"rotation": {"angle": 0, "axis": "x", "origin": [8, -0.67711, 4.77952]},
			"faces": {
				"north": {"uv": [9.75, 3, 9, 3.25], "rotation": 180, "texture": "#2"},
				"east": {"uv": [9.75, 3, 9, 3.25], "rotation": 270, "texture": "#2"},
				"south": {"uv": [9.75, 3, 9, 3.25], "texture": "#2"},
				"west": {"uv": [9.75, 3, 9, 3.25], "rotation": 90, "texture": "#2"},
				"up": {"uv": [9.75, 3, 9, 3.25], "rotation": 180, "texture": "#2"},
				"down": {"uv": [9, 3, 9.75, 3.25], "texture": "#2"}
			}
		},
		{
			"name": "mid_talons",
			"from": [2.9375, -7.42711, 5.62327],
			"to": [13.0625, 6.07289, 5.62327],
			"rotation": {"angle": 0, "axis": "x", "origin": [8, -0.67711, 4.77952]},
			"faces": {
				"north": {"uv": [8.75, 7, 8, 6], "rotation": 180, "texture": "#2"},
				"east": {"uv": [1, 0, 0, 0], "rotation": 270, "texture": "#2"},
				"south": {"uv": [8.75, 6, 8, 7], "texture": "#2"},
				"west": {"uv": [1, 0, 0, 0], "rotation": 90, "texture": "#2"},
				"up": {"uv": [0.75, 0, 0, 0], "rotation": 180, "texture": "#2"},
				"down": {"uv": [0.75, 0, 0, 0], "texture": "#2"}
			}
		},
		{
			"name": "back_talons",
			"from": [6.3125, -7.42711, 2.24827],
			"to": [9.6875, -7.42711, 5.62327],
			"rotation": {"angle": 0, "axis": "x", "origin": [8, -0.67711, 4.77952]},
			"faces": {
				"north": {"uv": [9.25, 4.75, 9, 5], "rotation": 180, "texture": "#2"},
				"east": {"uv": [9.25, 4.75, 9, 5], "rotation": 270, "texture": "#2"},
				"south": {"uv": [9.25, 4.75, 9, 5], "texture": "#2"},
				"west": {"uv": [9.25, 4.75, 9, 5], "rotation": 90, "texture": "#2"},
				"up": {"uv": [9.25, 4.75, 9, 5], "rotation": 180, "texture": "#2"},
				"down": {"uv": [9.25, 4.75, 9, 5], "texture": "#2"}
			}
		}
	],
	"display": {
		"thirdperson_righthand": {
			"translation": [0, 3, 1],
			"scale": [0.55, 0.55, 0.55]
		},
		"thirdperson_lefthand": {
			"translation": [0, 3, 1],
			"scale": [0.55, 0.55, 0.55]
		},
		"firstperson_righthand": {
			"rotation": [0, -90, 25],
			"translation": [1.13, 3.2, 1.13],
			"scale": [0.68, 0.68, 0.68]
		},
		"firstperson_lefthand": {
			"rotation": [0, -90, 25],
			"translation": [1.13, 3.2, 1.13],
			"scale": [0.68, 0.68, 0.68]
		},
		"ground": {
			"translation": [0, 2, 0],
			"scale": [0.5, 0.5, 0.5]
		},
		"gui": {
			"rotation": [30, 225, 0],
			"translation": [-2, 8.25, 0]
		},
		"head": {
			"rotation": [0, 180, 0],
			"translation": [0, 13, 7]
		},
		"fixed": {
			"translation": [0, 7.75, 3]
		}
	},
	"groups": [
		{
			"name": "foot",
			"origin": [-2.06077, 7.05726, -1.02259],
			"color": 0,
			"children": [0, 1, 2]
		}
	]
}