{
	"credit": "Made with Blockbench",
	"texture_size": [32, 32],
	"textures": {
		"0": "krmc:krmc_items/hook",
		"particle": "krmc:krmc_items/hook"
	},
	"elements": [
		{
			"from": [7, 0, 10],
			"to": [11, 4, 12],
			"faces": {
				"north": {"uv": [3, 0, 5, 2], "texture": "#0"},
				"east": {"uv": [5, 2, 6, 4], "texture": "#0"},
				"south": {"uv": [3, 2, 5, 4], "texture": "#0"},
				"west": {"uv": [5, 4, 6, 6], "texture": "#0"},
				"up": {"uv": [2, 7, 0, 6], "texture": "#0"},
				"down": {"uv": [8, 2, 6, 3], "texture": "#0"}
			}
		},
		{
			"from": [6, -1, 12],
			"to": [12, 5, 14],
			"faces": {
				"north": {"uv": [0, 0, 3, 3], "texture": "#0"},
				"east": {"uv": [3, 4, 4, 7], "texture": "#0"},
				"south": {"uv": [0, 3, 3, 6], "texture": "#0"},
				"west": {"uv": [4, 4, 5, 7], "texture": "#0"},
				"up": {"uv": [8, 1, 5, 0], "texture": "#0"},
				"down": {"uv": [8, 1, 5, 2], "texture": "#0"}
			}
		},
		{
			"from": [8, 1, 7],
			"to": [9, 2, 10],
			"faces": {
				"north": {"uv": [7, 3, 7.5, 3.5], "texture": "#0"},
				"east": {"uv": [5.5, 6, 7.5, 6.5], "texture": "#0"},
				"south": {"uv": [7, 3.5, 7.5, 4], "texture": "#0"},
				"west": {"uv": [6, 5.5, 8, 6], "texture": "#0"},
				"up": {"uv": [7, 5, 6.5, 3], "texture": "#0"},
				"down": {"uv": [6, 6.5, 5.5, 8.5], "texture": "#0"}
			}
		},
		{
			"from": [8, 1, 6],
			"to": [9, 4, 7],
			"faces": {
				"north": {"uv": [6, 6.5, 6.5, 8], "texture": "#0"},
				"east": {"uv": [6.5, 6.5, 7, 8], "texture": "#0"},
				"south": {"uv": [0, 7, 0.5, 8.5], "texture": "#0"},
				"west": {"uv": [0.5, 7, 1, 8.5], "texture": "#0"},
				"up": {"uv": [7.5, 4.5, 7, 4], "texture": "#0"},
				"down": {"uv": [5, 7, 4.5, 7.5], "texture": "#0"}
			}
		},
		{
			"from": [8, 3, 4],
			"to": [9, 4, 6],
			"faces": {
				"north": {"uv": [7, 4.5, 7.5, 5], "texture": "#0"},
				"east": {"uv": [6.5, 5, 8, 5.5], "texture": "#0"},
				"south": {"uv": [7, 6.5, 7.5, 7], "texture": "#0"},
				"west": {"uv": [3, 7, 4.5, 7.5], "texture": "#0"},
				"up": {"uv": [1.5, 8.5, 1, 7], "texture": "#0"},
				"down": {"uv": [2, 7, 1.5, 8.5], "texture": "#0"}
			}
		},
		{
			"from": [8, -1, 3],
			"to": [9, 4, 4],
			"faces": {
				"north": {"uv": [2, 6, 2.5, 8.5], "texture": "#0"},
				"east": {"uv": [2.5, 6, 3, 8.5], "texture": "#0"},
				"south": {"uv": [6, 3, 6.5, 5.5], "texture": "#0"},
				"west": {"uv": [5, 6, 5.5, 8.5], "texture": "#0"},
				"up": {"uv": [7.5, 7.5, 7, 7], "texture": "#0"},
				"down": {"uv": [3.5, 7.5, 3, 8], "texture": "#0"}
			}
		}
	],
	"display": {
		"thirdperson_righthand": {
			"translation": [-1, 4, -3.75]
		},
		"thirdperson_lefthand": {
			"translation": [1, 4, -3.75]
		},
		"firstperson_righthand": {
			"translation": [0, 9.25, 0]
		},
		"firstperson_lefthand": {
			"translation": [0, 9.25, 0]
		},
		"ground": {
			"rotation": [90, 0, 0],
			"translation": [0, 0, 6.5]
		},
		"gui": {
			"rotation": [0, 90, 0],
			"translation": [0, 5.25, 0]
		},
		"head": {
			"rotation": [90, 0, 0],
			"translation": [-1.75, 15.25, 9.5],
			"scale": [1.49609, 1.54102, 1.70313]
		},
		"fixed": {
			"rotation": [0, 90, 0],
			"translation": [-1.5, 6.5, 0],
			"scale": [1.57422, 1.5332, 1.57227]
		}
	}
}