{
	"credit": "Made with Blockbench",
	"texture_size": [32, 32],
	"textures": {
		"1": "block/smithing_table_front",
		"2": "krmc:krmc_mobs/jet_jaguar",
		"3": "block/smithing_table_side",
		"4": "block/crafting_table_top",
		"5": "block/smithing_table_bottom",
		"6": "block/smithing_table_top",
		"7": "krmc:krmc_items/kong_axe",
		"particle": "krmc:krmc_mobs/jet_jaguar_anguirus_spear",
		"1_3": "krmc:krmc_mobs/jet_jaguar_anguirus_spear",
		"2_1": "item/bone",
		"2_2": "block/mangrove_log",
		"2_3": "block/mangrove_log_top",
		"2_5": "krmc:krmc_mobs/godzilla_2019_heatray"
	},
	"elements": [
		{
			"name": "foot",
			"from": [4.7913, 0.12177, 6.75175],
			"to": [6.5481, 1.00017, 10.26535],
			"rotation": {"angle": 0, "axis": "y", "origin": [10.69675, 11.94388, 7.63675]},
			"faces": {
				"north": {"uv": [4.75, 1.5, 5.25, 1.75], "texture": "#2"},
				"east": {"uv": [8.25, 1.75, 9.25, 2], "texture": "#2"},
				"south": {"uv": [9, 6.25, 9.5, 6.5], "texture": "#2"},
				"west": {"uv": [8.25, 2, 9.25, 2.25], "texture": "#2"},
				"up": {"uv": [1.75, 4.5, 1.25, 3.5], "texture": "#2"},
				"down": {"uv": [5.25, 0, 4.75, 1], "texture": "#2"}
			}
		},
		{
			"name": "foot2",
			"from": [4.7913, 1.00017, 9.38695],
			"to": [6.5481, 2.75697, 11.14375],
			"rotation": {"angle": 0, "axis": "y", "origin": [10.69675, 11.94388, 7.63675]},
			"faces": {
				"north": {"uv": [4.75, 1, 5.25, 1.5], "texture": "#2"},
				"east": {"uv": [7, 1.75, 7.5, 2.25], "texture": "#2"},
				"south": {"uv": [0, 8.25, 0.5, 8.75], "texture": "#2"},
				"west": {"uv": [8, 8.25, 8.5, 8.75], "texture": "#2"},
				"up": {"uv": [9, 0.5, 8.5, 0], "texture": "#2"},
				"down": {"uv": [1, 8.5, 0.5, 9], "texture": "#2"}
			}
		},
		{
			"name": "leg_half_1",
			"from": [4.7913, 1.00017, 7.63015],
			"to": [6.5481, 8.90577, 9.38695],
			"rotation": {"angle": 0, "axis": "x", "origin": [10.69675, 11.94388, 7.63675]},
			"faces": {
				"north": {"uv": [4.5, 4.5, 5, 6.75], "texture": "#2"},
				"east": {"uv": [5, 3, 5.5, 5.25], "texture": "#2"},
				"south": {"uv": [0, 5.25, 0.5, 7.5], "texture": "#2"},
				"west": {"uv": [5.25, 0, 5.75, 2.25], "texture": "#2"},
				"up": {"uv": [9, 1, 8.5, 0.5], "texture": "#2"},
				"down": {"uv": [9, 1.25, 8.5, 1.75], "texture": "#2"}
			}
		},
		{
			"name": "leg_half_2",
			"from": [4.7913, 3.63537, 6.75175],
			"to": [6.5481, 5.39217, 7.63015],
			"rotation": {"angle": 0, "axis": "x", "origin": [10.69675, 11.94388, 7.63675]},
			"faces": {
				"north": {"uv": [8.5, 2.25, 9, 2.75], "texture": "#2"},
				"east": {"uv": [6.75, 9, 7, 9.5], "texture": "#2"},
				"south": {"uv": [8.5, 2.75, 9, 3.25], "texture": "#2"},
				"west": {"uv": [7, 9, 7.25, 9.5], "texture": "#2"},
				"up": {"uv": [9.5, 8.5, 9, 8.25], "texture": "#2"},
				"down": {"uv": [9.5, 8.5, 9, 8.75], "texture": "#2"}
			}
		},
		{
			"name": "foot",
			"from": [10.9401, 0.12177, 6.75175],
			"to": [12.6969, 1.00017, 10.26535],
			"rotation": {"angle": 0, "axis": "y", "origin": [10.69675, 11.94388, 7.63675]},
			"faces": {
				"north": {"uv": [0, 9.25, 0.5, 9.5], "texture": "#2"},
				"east": {"uv": [8.5, 3.25, 9.5, 3.5], "texture": "#2"},
				"south": {"uv": [9.25, 1.75, 9.75, 2], "texture": "#2"},
				"west": {"uv": [4.5, 8.5, 5.5, 8.75], "texture": "#2"},
				"up": {"uv": [1.25, 8.5, 0.75, 7.5], "texture": "#2"},
				"down": {"uv": [8, 2.5, 7.5, 3.5], "texture": "#2"}
			}
		},
		{
			"name": "foot2",
			"from": [10.9401, 1.00017, 9.38695],
			"to": [12.6969, 2.75697, 11.14375],
			"rotation": {"angle": 0, "axis": "y", "origin": [10.69675, 11.94388, 7.63675]},
			"faces": {
				"north": {"uv": [5.5, 8.5, 6, 9], "texture": "#2"},
				"east": {"uv": [6, 8.5, 6.5, 9], "texture": "#2"},
				"south": {"uv": [8.5, 6, 9, 6.5], "texture": "#2"},
				"west": {"uv": [6.5, 8.5, 7, 9], "texture": "#2"},
				"up": {"uv": [7.5, 9, 7, 8.5], "texture": "#2"},
				"down": {"uv": [9, 8.25, 8.5, 8.75], "texture": "#2"}
			}
		},
		{
			"name": "leg_half_1",
			"from": [10.9401, 1.00017, 7.63015],
			"to": [12.6969, 8.90577, 9.38695],
			"rotation": {"angle": 0, "axis": "y", "origin": [10.69675, 11.94388, 7.63675]},
			"faces": {
				"north": {"uv": [5.5, 2.25, 6, 4.5], "texture": "#2"},
				"east": {"uv": [5.75, 0, 6.25, 2.25], "texture": "#2"},
				"south": {"uv": [1.25, 5.75, 1.75, 8], "texture": "#2"},
				"west": {"uv": [1.75, 5.75, 2.25, 8], "texture": "#2"},
				"up": {"uv": [0.5, 9.25, 0, 8.75], "texture": "#2"},
				"down": {"uv": [3.25, 8.75, 2.75, 9.25], "texture": "#2"}
			}
		},
		{
			"name": "leg_half_2",
			"from": [10.9401, 3.63537, 6.75175],
			"to": [12.6969, 5.39217, 7.63015],
			"rotation": {"angle": 0, "axis": "y", "origin": [10.69675, 11.94388, 7.63675]},
			"faces": {
				"north": {"uv": [3.25, 8.75, 3.75, 9.25], "texture": "#2"},
				"east": {"uv": [2.75, 9.25, 3, 9.75], "texture": "#2"},
				"south": {"uv": [3.75, 8.75, 4.25, 9.25], "texture": "#2"},
				"west": {"uv": [3, 9.25, 3.25, 9.75], "texture": "#2"},
				"up": {"uv": [9.75, 2.25, 9.25, 2], "texture": "#2"},
				"down": {"uv": [3.75, 9.25, 3.25, 9.5], "texture": "#2"}
			}
		},
		{
			"name": "hand_main",
			"from": [3.1823, 8.66231, 0.83575],
			"to": [4.9391, 10.41911, 2.59255],
			"rotation": {"angle": -45, "axis": "z", "origin": [10.69675, 11.94388, 7.63675]},
			"faces": {
				"north": {"uv": [8.75, 4.75, 9.25, 5.25], "texture": "#2"},
				"east": {"uv": [8.75, 5.25, 9.25, 5.75], "texture": "#2"},
				"south": {"uv": [8.75, 6.5, 9.25, 7], "texture": "#2"},
				"west": {"uv": [8.75, 7, 9.25, 7.5], "texture": "#2"},
				"up": {"uv": [8, 9.25, 7.5, 8.75], "texture": "#2"},
				"down": {"uv": [9.25, 7.5, 8.75, 8], "texture": "#2"}
			}
		},
		{
			"name": "finger1_and_2",
			"from": [4.9391, 9.54071, 0.83575],
			"to": [5.8175, 10.41911, 2.59255],
			"rotation": {"angle": -45, "axis": "z", "origin": [10.69675, 11.94388, 7.63675]},
			"faces": {
				"north": {"uv": [7.75, 6.5, 8, 6.75], "texture": "#2"},
				"east": {"uv": [9.25, 3.5, 9.75, 3.75], "texture": "#2"},
				"south": {"uv": [0.5, 8.25, 0.75, 8.5], "texture": "#2"},
				"west": {"uv": [3.75, 9.25, 4.25, 9.5], "texture": "#2"},
				"up": {"uv": [9.5, 4.25, 9.25, 3.75], "texture": "#2"},
				"down": {"uv": [4.5, 9.25, 4.25, 9.75], "texture": "#2"}
			}
		},
		{
			"name": "finger3",
			"from": [4.9391, 8.66231, 1.71415],
			"to": [5.8175, 9.54071, 2.59255],
			"rotation": {"angle": -45, "axis": "z", "origin": [10.69675, 11.94388, 7.63675]},
			"faces": {
				"north": {"uv": [8.25, 2.25, 8.5, 2.5], "texture": "#2"},
				"east": {"uv": [6, 9.25, 6.25, 9.5], "texture": "#2"},
				"south": {"uv": [6.25, 9.25, 6.5, 9.5], "texture": "#2"},
				"west": {"uv": [9.25, 6.5, 9.5, 6.75], "texture": "#2"},
				"up": {"uv": [9.5, 7, 9.25, 6.75], "texture": "#2"},
				"down": {"uv": [9.5, 7, 9.25, 7.25], "texture": "#2"}
			}
		},
		{
			"name": "arm1",
			"from": [4.1529, 13.89777, 5.75575],
			"to": [5.9097, 15.65457, 9.26935],
			"rotation": {"angle": 0, "axis": "x", "origin": [10.69675, 11.94388, 7.63675]},
			"faces": {
				"north": {"uv": [4.75, 8.75, 4.25, 9.25], "rotation": 180, "texture": "#2"},
				"east": {"uv": [5, 7.5, 5.5, 8.5], "rotation": 270, "texture": "#2"},
				"south": {"uv": [9.25, 4.25, 8.75, 3.75], "texture": "#2"},
				"west": {"uv": [6, 7.5, 6.5, 8.5], "rotation": 90, "texture": "#2"},
				"up": {"uv": [4.5, 7.5, 5, 8.5], "rotation": 180, "texture": "#2"},
				"down": {"uv": [5.5, 7.5, 6, 8.5], "texture": "#2"}
			}
		},
		{
			"name": "arm2",
			"from": [3.7953, 13.82097, 2.43415],
			"to": [5.5521, 15.57777, 5.94775],
			"rotation": {"angle": 0, "axis": "x", "origin": [10.69675, 11.94388, 7.63675]},
			"faces": {
				"north": {"uv": [5.25, 8.75, 4.75, 9.25], "rotation": 180, "texture": "#2"},
				"east": {"uv": [7.5, 6.75, 8, 7.75], "rotation": 270, "texture": "#2"},
				"south": {"uv": [9.25, 4.75, 8.75, 4.25], "texture": "#2"},
				"west": {"uv": [3, 7.75, 3.5, 8.75], "rotation": 90, "texture": "#2"},
				"up": {"uv": [6.5, 7.5, 7, 8.5], "rotation": 180, "texture": "#2"},
				"down": {"uv": [7, 7.5, 7.5, 8.5], "texture": "#2"}
			}
		},
		{
			"name": "hand_main",
			"from": [13.69294, 11.42378, 0.83575],
			"to": [15.44974, 13.18058, 2.59255],
			"rotation": {"angle": 45, "axis": "z", "origin": [10.69675, 11.94388, 7.63675]},
			"faces": {
				"north": {"uv": [9.25, 4.75, 8.75, 5.25], "texture": "#2"},
				"east": {"uv": [9.25, 7, 8.75, 7.5], "texture": "#2"},
				"south": {"uv": [9.25, 6.5, 8.75, 7], "texture": "#2"},
				"west": {"uv": [9.25, 5.25, 8.75, 5.75], "texture": "#2"},
				"up": {"uv": [7.5, 9.25, 8, 8.75], "texture": "#2"},
				"down": {"uv": [8.75, 7.5, 9.25, 8], "texture": "#2"}
			}
		},
		{
			"name": "finger1_and_2",
			"from": [12.81454, 12.30218, 0.83575],
			"to": [13.69294, 13.18058, 2.59255],
			"rotation": {"angle": 45, "axis": "z", "origin": [10.69675, 11.94388, 7.63675]},
			"faces": {
				"north": {"uv": [8, 6.5, 7.75, 6.75], "texture": "#2"},
				"east": {"uv": [4.25, 9.25, 3.75, 9.5], "texture": "#2"},
				"south": {"uv": [0.75, 8.25, 0.5, 8.5], "texture": "#2"},
				"west": {"uv": [9.75, 3.5, 9.25, 3.75], "texture": "#2"},
				"up": {"uv": [9.25, 4.25, 9.5, 3.75], "texture": "#2"},
				"down": {"uv": [4.25, 9.25, 4.5, 9.75], "texture": "#2"}
			}
		},
		{
			"name": "finger3",
			"from": [12.81454, 11.42378, 1.71415],
			"to": [13.69294, 12.30218, 2.59255],
			"rotation": {"angle": 45, "axis": "z", "origin": [10.69675, 11.94388, 7.63675]},
			"faces": {
				"north": {"uv": [8.5, 2.25, 8.25, 2.5], "texture": "#2"},
				"east": {"uv": [9.5, 6.5, 9.25, 6.75], "texture": "#2"},
				"south": {"uv": [6.5, 9.25, 6.25, 9.5], "texture": "#2"},
				"west": {"uv": [6.25, 9.25, 6, 9.5], "texture": "#2"},
				"up": {"uv": [9.25, 7, 9.5, 6.75], "texture": "#2"},
				"down": {"uv": [9.25, 7, 9.5, 7.25], "texture": "#2"}
			}
		},
		{
			"name": "arm1",
			"from": [11.5785, 13.89777, 5.75575],
			"to": [13.3353, 15.65457, 9.26935],
			"rotation": {"angle": 0, "axis": "x", "origin": [10.69675, 11.94388, 7.63675]},
			"faces": {
				"north": {"uv": [4.25, 8.75, 4.75, 9.25], "rotation": 180, "texture": "#2"},
				"east": {"uv": [6.5, 7.5, 6, 8.5], "rotation": 270, "texture": "#2"},
				"south": {"uv": [8.75, 4.25, 9.25, 3.75], "texture": "#2"},
				"west": {"uv": [5.5, 7.5, 5, 8.5], "rotation": 90, "texture": "#2"},
				"up": {"uv": [5, 7.5, 4.5, 8.5], "rotation": 180, "texture": "#2"},
				"down": {"uv": [6, 7.5, 5.5, 8.5], "texture": "#2"}
			}
		},
		{
			"name": "arm2",
			"from": [11.6961, 13.82097, 2.43415],
			"to": [13.4529, 15.57777, 5.94775],
			"rotation": {"angle": 0, "axis": "x", "origin": [10.69675, 11.94388, 7.63675]},
			"faces": {
				"north": {"uv": [4.75, 8.75, 5.25, 9.25], "rotation": 180, "texture": "#2"},
				"east": {"uv": [3, 8.75, 3.5, 7.75], "rotation": 90, "texture": "#2"},
				"south": {"uv": [8.75, 4.75, 9.25, 4.25], "texture": "#2"},
				"west": {"uv": [7.5, 7.75, 8, 6.75], "rotation": 270, "texture": "#2"},
				"up": {"uv": [7, 7.5, 6.5, 8.5], "rotation": 180, "texture": "#2"},
				"down": {"uv": [7.5, 7.5, 7, 8.5], "texture": "#2"}
			}
		},
		{
			"name": "head",
			"from": [5.8641, 17.11857, 5.62855],
			"to": [11.6241, 24.79857, 11.38855],
			"rotation": {"angle": 0, "axis": "y", "origin": [10.69675, 11.94388, 7.63675]},
			"faces": {
				"north": {"uv": [10, 13.5, 12, 16], "texture": "#2"},
				"east": {"uv": [8, 13.5, 10, 16], "texture": "#2"},
				"south": {"uv": [14, 13.5, 16, 16], "texture": "#2"},
				"west": {"uv": [12, 13.5, 14, 16], "texture": "#2"},
				"up": {"uv": [12, 13.5, 10, 11.5], "texture": "#2"},
				"down": {"uv": [14, 11.5, 12, 13.5], "texture": "#2"}
			}
		},
		{
			"name": "leg1_base",
			"from": [4.5717, 8.02737, 7.63015],
			"to": [5.6697, 10.66257, 10.26535],
			"rotation": {"angle": 0, "axis": "y", "origin": [10.69675, 11.94388, 7.63675]},
			"faces": {
				"north": {"uv": [4.75, 3, 5, 3.75], "texture": "#2"},
				"east": {"uv": [6.25, 1, 7, 1.75], "texture": "#2"},
				"south": {"uv": [4.75, 3.75, 5, 4.5], "texture": "#2"},
				"west": {"uv": [3, 6.25, 3.75, 7], "texture": "#2"},
				"up": {"uv": [5.5, 3, 5.25, 2.25], "texture": "#2"},
				"down": {"uv": [5.75, 4.5, 5.5, 5.25], "texture": "#2"}
			}
		},
		{
			"name": "leg2_base",
			"from": [11.8185, 8.02737, 7.63015],
			"to": [12.9165, 10.66257, 10.26535],
			"rotation": {"angle": 0, "axis": "y", "origin": [10.69675, 11.94388, 7.63675]},
			"faces": {
				"north": {"uv": [2.75, 8, 3, 8.75], "texture": "#2"},
				"east": {"uv": [3.75, 6.25, 4.5, 7], "texture": "#2"},
				"south": {"uv": [5.25, 8.75, 5.5, 9.5], "texture": "#2"},
				"west": {"uv": [6.5, 4.5, 7.25, 5.25], "texture": "#2"},
				"up": {"uv": [2.75, 9.75, 2.5, 9], "texture": "#2"},
				"down": {"uv": [5.75, 9, 5.5, 9.75], "texture": "#2"}
			}
		},
		{
			"name": "leg_base_base",
			"from": [5.6697, 8.90577, 8.50855],
			"to": [11.8185, 10.66257, 9.38695],
			"rotation": {"angle": 0, "axis": "y", "origin": [10.69675, 11.94388, 7.63675]},
			"faces": {
				"north": {"uv": [6.25, 0, 8, 0.5], "texture": "#2"},
				"east": {"uv": [7.25, 9, 7.5, 9.5], "texture": "#2"},
				"south": {"uv": [6.25, 0.5, 8, 1], "texture": "#2"},
				"west": {"uv": [9, 8.75, 9.25, 9.25], "texture": "#2"},
				"up": {"uv": [9.25, 3.75, 7.5, 3.5], "texture": "#2"},
				"down": {"uv": [9.5, 1, 7.75, 1.25], "texture": "#2"}
			}
		},
		{
			"name": "hip",
			"from": [7.4265, 8.02737, 7.63015],
			"to": [10.0617, 10.66257, 10.26535],
			"rotation": {"angle": 0, "axis": "y", "origin": [10.69675, 11.94388, 7.63675]},
			"faces": {
				"north": {"uv": [6.5, 5.25, 7.25, 6], "texture": "#2"},
				"east": {"uv": [0.5, 6.75, 1.25, 7.5], "texture": "#2"},
				"south": {"uv": [4.5, 6.75, 5.25, 7.5], "texture": "#2"},
				"west": {"uv": [5.25, 6.75, 6, 7.5], "texture": "#2"},
				"up": {"uv": [6.75, 7.5, 6, 6.75], "texture": "#2"},
				"down": {"uv": [7.5, 6.75, 6.75, 7.5], "texture": "#2"}
			}
		},
		{
			"name": "main_body",
			"from": [5.6697, 10.66257, 6.75175],
			"to": [11.8185, 16.81137, 11.14375],
			"rotation": {"angle": 0, "axis": "y", "origin": [10.69675, 11.94388, 7.63675]},
			"faces": {
				"north": {"uv": [0, 0, 1.75, 1.75], "texture": "#2"},
				"east": {"uv": [0, 3.5, 1.25, 5.25], "texture": "#2"},
				"south": {"uv": [0, 1.75, 1.75, 3.5], "texture": "#2"},
				"west": {"uv": [3.5, 0, 4.75, 1.75], "texture": "#2"},
				"up": {"uv": [5.25, 3, 3.5, 1.75], "texture": "#2"},
				"down": {"uv": [3, 4.5, 1.25, 5.75], "texture": "#2"}
			}
		},
		{
			"name": "main_body",
			"from": [5.6697, 10.66257, -1.04825],
			"to": [11.9097, 16.90257, 5.19175],
			"rotation": {"angle": 0, "axis": "y", "origin": [10.69675, 11.94388, 7.63675]},
			"faces": {
				"north": {"uv": [0, 0, 16, 16], "texture": "#3"},
				"east": {"uv": [0, 0, 16, 16], "texture": "#1"},
				"south": {"uv": [0, 0, 16, 16], "texture": "#3"},
				"west": {"uv": [0, 0, 16, 16], "texture": "#1"},
				"up": {"uv": [0, 0, 16, 16], "texture": "#6"},
				"down": {"uv": [0, 0, 16, 16], "texture": "#5"}
			}
		},
		{
			"name": "main_body1",
			"from": [7.4265, 10.66257, 5.87335],
			"to": [10.0617, 15.93297, 11.14375],
			"rotation": {"angle": 0, "axis": "y", "origin": [10.69675, 11.94388, 7.63675]},
			"faces": {
				"north": {"uv": [0.5, 5.25, 1.25, 6.75], "texture": "#2"},
				"east": {"uv": [1.75, 0, 3.5, 1.5], "texture": "#2"},
				"south": {"uv": [5, 5.25, 5.75, 6.75], "texture": "#2"},
				"west": {"uv": [1.75, 1.5, 3.5, 3], "texture": "#2"},
				"up": {"uv": [3.75, 6.25, 3, 4.5], "texture": "#2"},
				"down": {"uv": [4.5, 4.5, 3.75, 6.25], "texture": "#2"}
			}
		},
		{
			"name": "main_body2",
			"from": [11.8185, 15.05457, 7.63015],
			"to": [13.5753, 16.81137, 10.26535],
			"rotation": {"angle": 0, "axis": "y", "origin": [10.69675, 11.94388, 7.63675]},
			"faces": {
				"north": {"uv": [7.75, 6, 8.5, 6.5], "texture": "#2"},
				"east": {"uv": [8, 3.75, 8.75, 4.25], "texture": "#2"},
				"south": {"uv": [8, 4.25, 8.75, 4.75], "texture": "#2"},
				"west": {"uv": [8, 4.75, 8.75, 5.25], "texture": "#2"},
				"up": {"uv": [7.75, 1.75, 7, 1], "texture": "#2"},
				"down": {"uv": [3.75, 7, 3, 7.75], "texture": "#2"}
			}
		},
		{
			"name": "main_body3",
			"from": [3.9129, 15.05457, 7.63015],
			"to": [5.6697, 16.81137, 10.26535],
			"rotation": {"angle": 0, "axis": "y", "origin": [10.69675, 11.94388, 7.63675]},
			"faces": {
				"north": {"uv": [8, 5.25, 8.75, 5.75], "texture": "#2"},
				"east": {"uv": [8, 6.5, 8.75, 7], "texture": "#2"},
				"south": {"uv": [8, 7, 8.75, 7.5], "texture": "#2"},
				"west": {"uv": [8, 7.5, 8.75, 8], "texture": "#2"},
				"up": {"uv": [4.5, 7.75, 3.75, 7], "texture": "#2"},
				"down": {"uv": [7.75, 6, 7, 6.75], "texture": "#2"}
			}
		},
		{
			"name": "neck",
			"from": [6.5481, 16.81137, 7.63015],
			"to": [10.9401, 17.68977, 10.26535],
			"rotation": {"angle": 0, "axis": "y", "origin": [10.69675, 11.94388, 7.63675]},
			"faces": {
				"north": {"uv": [8, 5.75, 9.25, 6], "texture": "#2"},
				"east": {"uv": [5.75, 9, 6.5, 9.25], "texture": "#2"},
				"south": {"uv": [8, 8, 9.25, 8.25], "texture": "#2"},
				"west": {"uv": [9, 6, 9.75, 6.25], "texture": "#2"},
				"up": {"uv": [7.25, 4.5, 6, 3.75], "texture": "#2"},
				"down": {"uv": [7, 6, 5.75, 6.75], "texture": "#2"}
			}
		},
		{
			"name": "main_main",
			"from": [6.5481, 11.26257, 9.34375],
			"to": [11.3481, 16.06257, 14.14375],
			"rotation": {"angle": 0, "axis": "y", "origin": [10.69675, 11.94388, 7.63675]},
			"faces": {
				"north": {"uv": [0, 0, 16, 16], "texture": "#4"},
				"east": {"uv": [0, 0, 16, 16], "texture": "#4"},
				"south": {"uv": [0, 0, 16, 16], "texture": "#4"},
				"west": {"uv": [0, 0, 16, 16], "texture": "#4"},
				"up": {"uv": [0, 0, 16, 16], "texture": "#4"},
				"down": {"uv": [0, 0, 16, 16], "texture": "#4"}
			}
		},
		{
			"name": "main_main",
			"from": [3.37414, 12.93636, 13.55935],
			"to": [9.37414, 18.93636, 13.55935],
			"rotation": {"angle": -22.5, "axis": "z", "origin": [10.69675, 11.94388, 7.63675]},
			"faces": {
				"north": {"uv": [16, 0, 0, 16], "rotation": 90, "texture": "#7"},
				"east": {"uv": [0, 0, 16, 16], "rotation": 270, "texture": "#7"},
				"south": {"uv": [0, 0, 16, 16], "rotation": 270, "texture": "#7"},
				"west": {"uv": [0, 0, 16, 16], "rotation": 270, "texture": "#7"},
				"up": {"uv": [0, 0, 16, 16], "rotation": 270, "texture": "#7"},
				"down": {"uv": [0, 0, 16, 16], "rotation": 270, "texture": "#7"}
			}
		},
		{
			"name": "spear1",
			"from": [10.04782, 3.31281, 12.34855],
			"to": [11.00782, 16.75281, 13.30855],
			"rotation": {"angle": -45, "axis": "z", "origin": [12.69675, 11.94388, 7.63675]},
			"faces": {
				"north": {"uv": [1, 4, 0.5, 11.5], "texture": "#1_3"},
				"east": {"uv": [1, 4, 0.5, 11.5], "texture": "#1_3"},
				"south": {"uv": [1, 4, 0.5, 11.5], "texture": "#1_3"},
				"west": {"uv": [1, 4, 0.5, 11.5], "texture": "#1_3"},
				"up": {"uv": [4, 6.5, 3.5, 7], "rotation": 270, "texture": "#1_3"},
				"down": {"uv": [7, 4, 6.5, 3.5], "rotation": 90, "texture": "#1_3"}
			}
		},
		{
			"name": "spear2",
			"from": [10.04782, 1.39281, 12.34855],
			"to": [11.00782, 3.31281, 13.30855],
			"rotation": {"angle": -45, "axis": "z", "origin": [12.69675, 11.94388, 7.63675]},
			"faces": {
				"north": {"uv": [4, 5.5, 3, 6.5], "texture": "#1_3"},
				"east": {"uv": [6.5, 2, 6, 3], "texture": "#1_3"},
				"south": {"uv": [4, 5.5, 3, 6.5], "texture": "#1_3"},
				"west": {"uv": [7, 1.5, 6.5, 2.5], "texture": "#1_3"},
				"up": {"uv": [7, 2.5, 6.5, 3.5], "rotation": 270, "texture": "#1_3"},
				"down": {"uv": [3.5, 7.5, 3, 6.5], "rotation": 90, "texture": "#1_3"}
			}
		},
		{
			"name": "spear1",
			"from": [6.24468, 16.75281, 12.34855],
			"to": [12.00468, 20.59281, 13.30855],
			"rotation": {"angle": -45, "axis": "z", "origin": [10.8136, 11.94388, 7.63675]},
			"faces": {
				"north": {"uv": [3, 0, 0, 2], "texture": "#1_3"},
				"east": {"uv": [4.5, 5.5, 4, 7.5], "texture": "#1_3"},
				"south": {"uv": [0, 0, 3, 2], "texture": "#1_3"},
				"west": {"uv": [6, 4, 5.5, 6], "texture": "#1_3"},
				"up": {"uv": [5.5, 4, 5, 7], "rotation": 270, "texture": "#1_3"},
				"down": {"uv": [6, 3, 5.5, 0], "rotation": 90, "texture": "#1_3"}
			}
		},
		{
			"name": "spear1",
			"from": [7.20468, 24.43281, 12.34855],
			"to": [10.08468, 27.31281, 13.30855],
			"rotation": {"angle": -45, "axis": "z", "origin": [10.8136, 11.94388, 7.63675]},
			"faces": {
				"north": {"uv": [3.5, 4, 2, 5.5], "texture": "#1_3"},
				"east": {"uv": [6.5, 4, 6, 5.5], "texture": "#1_3"},
				"south": {"uv": [2, 4, 3.5, 5.5], "texture": "#1_3"},
				"west": {"uv": [6, 6, 5.5, 7.5], "texture": "#1_3"},
				"up": {"uv": [6.5, 5.5, 6, 7], "rotation": 270, "texture": "#1_3"},
				"down": {"uv": [7, 1.5, 6.5, 0], "rotation": 90, "texture": "#1_3"}
			}
		},
		{
			"name": "spear1",
			"from": [7.20468, 20.59281, 12.34855],
			"to": [12.00468, 24.43281, 13.30855],
			"rotation": {"angle": -45, "axis": "z", "origin": [10.8136, 11.94388, 7.63675]},
			"faces": {
				"north": {"uv": [5.5, 0, 3, 2], "texture": "#1_3"},
				"east": {"uv": [5, 5.5, 4.5, 7.5], "texture": "#1_3"},
				"south": {"uv": [3, 0, 5.5, 2], "texture": "#1_3"},
				"west": {"uv": [6.5, 0, 6, 2], "texture": "#1_3"},
				"up": {"uv": [2.5, 5.5, 2, 8], "rotation": 270, "texture": "#1_3"},
				"down": {"uv": [3, 8, 2.5, 5.5], "rotation": 90, "texture": "#1_3"}
			}
		},
		{
			"name": "stick",
			"from": [4.44491, 13.20838, 11.76755],
			"to": [12.21551, 14.87698, 13.43615],
			"rotation": {"angle": -22.5, "axis": "z", "origin": [10.69675, 11.94388, 7.63675]},
			"faces": {
				"north": {"uv": [5, 16, 10, 0], "rotation": 90, "texture": "#2_2"},
				"east": {"uv": [11, 5, 5, 11], "texture": "#2_3"},
				"south": {"uv": [0, 16, 5, 0], "rotation": 90, "texture": "#2_2"},
				"west": {"uv": [11, 5, 5, 11], "texture": "#2_3"},
				"up": {"uv": [10, 16, 15, 0], "rotation": 90, "texture": "#2_2"},
				"down": {"uv": [11, 16, 16, 0], "rotation": 270, "texture": "#2_2"}
			}
		},
		{
			"name": "bone",
			"from": [12.23527, 10.67175, 12.60185],
			"to": [15.58867, 13.46895, 12.60185],
			"rotation": {"angle": 22.5, "axis": "z", "origin": [10.69675, 11.94388, 7.63675]},
			"faces": {
				"north": {"uv": [1, 9, 7, 15], "texture": "#2_1"},
				"east": {"uv": [0, 0, 0, 0.75], "texture": "#2_1"},
				"south": {"uv": [7, 9, 1, 15], "texture": "#2_1"},
				"west": {"uv": [0, 0, 0, 0.75], "texture": "#2_1"},
				"up": {"uv": [0, 0.875, 0, 0], "rotation": 90, "texture": "#2_1"},
				"down": {"uv": [0, 0.875, 0, 0], "rotation": 270, "texture": "#2_1"}
			}
		},
		{
			"name": "1",
			"from": [2.48572, 16.56044, 12.59795],
			"to": [10.43938, 21.62186, 12.59795],
			"rotation": {"angle": 45, "axis": "z", "origin": [10.69675, 11.94388, 7.63675]},
			"faces": {
				"north": {"uv": [0.2, 6.5, 1.6, 7.4], "rotation": 180, "texture": "#2_5"},
				"east": {"uv": [0, 0, 0, 0.75], "rotation": 180, "texture": "#2_5"},
				"south": {"uv": [1.6, 6.5, 0.2, 7.4], "rotation": 180, "texture": "#2_5"},
				"west": {"uv": [0, 0, 0, 0.75], "rotation": 180, "texture": "#2_5"},
				"up": {"uv": [0, 0.875, 0, 0], "rotation": 90, "texture": "#2_5"},
				"down": {"uv": [0, 0.875, 0, 0], "rotation": 270, "texture": "#2_5"}
			}
		},
		{
			"name": "2",
			"from": [10.43938, 17.2835, 12.59795],
			"to": [14.05468, 20.8988, 12.59795],
			"rotation": {"angle": 45, "axis": "z", "origin": [10.69675, 11.94388, 7.63675]},
			"faces": {
				"north": {"uv": [1.6, 6.5, 0.5, 7.4], "rotation": 180, "texture": "#2_5"},
				"east": {"uv": [0, 0, 0, 0.75], "rotation": 180, "texture": "#2_5"},
				"south": {"uv": [0.5, 6.5, 1.6, 7.4], "rotation": 180, "texture": "#2_5"},
				"west": {"uv": [0, 0, 0, 0.75], "rotation": 180, "texture": "#2_5"},
				"up": {"uv": [0, 0.875, 0, 0], "rotation": 90, "texture": "#2_5"},
				"down": {"uv": [0, 0.875, 0, 0], "rotation": 270, "texture": "#2_5"}
			}
		}
	],
	"display": {
		"thirdperson_righthand": {
			"rotation": [75, 45, 0],
			"translation": [0, 2.5, 0],
			"scale": [0.375, 0.375, 0.375]
		},
		"thirdperson_lefthand": {
			"rotation": [75, 45, 0],
			"translation": [0, 2.5, 0],
			"scale": [-0.375, 0.375, 0.375]
		},
		"firstperson_righthand": {
			"rotation": [0, 45, 0],
			"scale": [0.4, 0.4, 0.4]
		},
		"firstperson_lefthand": {
			"rotation": [0, 225, 0],
			"scale": [-0.4, 0.4, 0.4]
		},
		"ground": {
			"rotation": [-8.46, -1.89, 24.92],
			"translation": [0, -2.25, 0],
			"scale": [0.625, 0.625, 0.625]
		},
		"gui": {
			"rotation": [30, 225, 0],
			"translation": [0, -2.75, 0],
			"scale": [0.75, 0.75, 0.75]
		},
		"head": {
			"translation": [-1.5, -27.15, 0],
			"scale": [2, 2, 2]
		},
		"fixed": {
			"rotation": [30, 225, 0],
			"translation": [0, -2.75, 0],
			"scale": [0.75, 0.75, 0.75]
		}
	},
	"groups": [
		{
			"name": "leg1",
			"origin": [8, 8, 8],
			"color": 0,
			"children": [0, 1, 2, 3]
		},
		{
			"name": "leg2",
			"origin": [8, 8, 8],
			"color": 0,
			"children": [4, 5, 6, 7]
		},
		{
			"name": "arm1",
			"origin": [8, 8, 8],
			"color": 3,
			"children": [
				{
					"name": "hand",
					"origin": [8, 8, 8],
					"color": 3,
					"children": [8, 9, 10]
				},
				11,
				12
			]
		},
		{
			"name": "arm2",
			"origin": [8, 8, 8],
			"color": 3,
			"children": [
				{
					"name": "hand",
					"origin": [8, 8, 8],
					"color": 3,
					"children": [13, 14, 15]
				},
				16,
				17
			]
		},
		{
			"name": "head",
			"origin": [8, 8, 8],
			"color": 4,
			"children": [
				18,
				{
					"name": "head",
					"origin": [8, 8, 8],
					"color": 4,
					"children": []
				}
			]
		},
		{
			"name": "body",
			"origin": [8, 8, 8],
			"color": 0,
			"children": [
				19,
				20,
				21,
				22,
				23,
				24,
				25,
				26,
				27,
				28,
				{
					"name": "backpack",
					"origin": [8, 8, 8],
					"color": 0,
					"children": [29, 30]
				}
			]
		},
		{
			"name": "jet_jaguar_anguirus_spear",
			"origin": [8, 8, 8],
			"color": 0,
			"children": [
				{
					"name": "spear",
					"origin": [8, 8, 8],
					"color": 0,
					"children": [
						31,
						32,
						{
							"name": "spearhorn",
							"origin": [0, 0, 0],
							"color": 0,
							"children": [33, 34, 35]
						}
					]
				}
			]
		},
		{
			"name": "kong_axe_2",
			"origin": [8, 8, 8],
			"color": 0,
			"children": [
				{
					"name": "axe",
					"origin": [8, 8, 8],
					"color": 0,
					"children": [
						36,
						37,
						{
							"name": "group",
							"origin": [17.02, 10.27697, -2.05496],
							"color": 0,
							"children": []
						},
						{
							"name": "plate",
							"origin": [23.5, 8.5, 5.5],
							"color": 0,
							"children": [38, 39]
						}
					]
				}
			]
		}
	]
}