{
	"credit": "Made with Blockbench",
	"texture_size": [32, 32],
	"textures": {
		"0": "krmc:krmc_items/katana",
		"particle": "krmc:krmc_items/katana"
	},
	"elements": [
		{
			"from": [7, 4.5, 15],
			"to": [8, 5.5, 16],
			"faces": {
				"north": {"uv": [8.5, 1.5, 9, 2], "texture": "#0"},
				"east": {"uv": [8.5, 2, 9, 2.5], "texture": "#0"},
				"south": {"uv": [5.5, 8.5, 6, 9], "texture": "#0"},
				"west": {"uv": [6, 8.5, 6.5, 9], "texture": "#0"},
				"up": {"uv": [9, 6.5, 8.5, 6], "texture": "#0"},
				"down": {"uv": [9, 6.5, 8.5, 7], "texture": "#0"}
			}
		},
		{
			"from": [6, 3.5, 10],
			"to": [9, 6.5, 15],
			"faces": {
				"north": {"uv": [5, 7, 6.5, 8], "texture": "#0"},
				"east": {"uv": [1.5, 7, 4, 8], "texture": "#0"},
				"south": {"uv": [7, 6, 8.5, 7], "texture": "#0"},
				"west": {"uv": [7, 2.5, 9.5, 3.5], "texture": "#0"},
				"up": {"uv": [1.5, 9.5, 0, 7], "texture": "#0"},
				"down": {"uv": [8.5, 0, 7, 2.5], "texture": "#0"}
			}
		},
		{
			"from": [7.5, 4, -4],
			"to": [7.5, 11, 10],
			"faces": {
				"north": {"uv": [0, 0, 0, 3.5], "texture": "#0"},
				"east": {"uv": [7, 3.5, 0, 7], "texture": "#0"},
				"south": {"uv": [0, 0, 0, 3.5], "texture": "#0"},
				"west": {"uv": [0, 3.5, 7, 7], "texture": "#0"},
				"up": {"uv": [0, 7, 0, 0], "texture": "#0"},
				"down": {"uv": [0, 0, 0, 7], "texture": "#0"}
			}
		}
	],
	"display": {
		"thirdperson_righthand": {
			"rotation": [93.5, 0, 0],
			"translation": [0.5, 3, 4]
		},
		"thirdperson_lefthand": {
			"rotation": [93.5, 0, 0],
			"translation": [-0.5, 3, 4]
		},
		"firstperson_righthand": {
			"rotation": [76.25, 0, 0],
			"translation": [0, 2, 0]
		},
		"firstperson_lefthand": {
			"rotation": [76.5, 0, 0],
			"translation": [0, 2, 0]
		},
		"gui": {
			"rotation": [69.15, 38.09, -76.76],
			"translation": [1.25, 0.5, -0.5]
		},
		"fixed": {
			"rotation": [90, 57.5, -90],
			"translation": [2.5, 3.5, -3.5],
			"scale": [1, 1.49609, 1.73047]
		}
	}
}