{
	"credit": "Made with Blockbench",
	"texture_size": [32, 32],
	"textures": {
		"1": "krmc:krmc_items/killercroc",
		"particle": "krmc:krmc_items/killercroc"
	},
	"elements": [
		{
			"name": "snout2",
			"from": [6.8, -2, -1.6],
			"to": [9.2, 0.4, 3.2],
			"rotation": {"angle": -22.5, "axis": "x", "origin": [8, 2.025, 2.375]},
			"faces": {
				"north": {"uv": [14.5, 6, 16, 7.5], "texture": "#1"},
				"east": {"uv": [3, 14.5, 6, 16], "texture": "#1"},
				"south": {"uv": [14.5, 16, 14.5, 16], "texture": "#1"},
				"west": {"uv": [0, 14.5, 3, 16], "texture": "#1"},
				"up": {"uv": [16, 6, 14.5, 3], "texture": "#1"},
				"down": {"uv": [16, 0, 14.5, 3], "texture": "#1"}
			}
		},
		{
			"name": "snout1",
			"from": [6.2, -2, 3.2],
			"to": [9.8, 0.4, 8],
			"rotation": {"angle": -22.5, "axis": "x", "origin": [8, 2.025, 2.375]},
			"faces": {
				"north": {"uv": [6, 14.5, 8.5, 16], "texture": "#1"},
				"east": {"uv": [11.5, 14.5, 14.5, 16], "texture": "#1"},
				"south": {"uv": [16, 9, 16, 9], "texture": "#1"},
				"west": {"uv": [8.5, 14.5, 11.5, 16], "texture": "#1"},
				"up": {"uv": [16, 14.5, 13.5, 12], "texture": "#1"},
				"down": {"uv": [16, 9, 14, 12], "texture": "#1"}
			}
		},
		{
			"name": "left",
			"from": [7.1, 0.4, -1.3],
			"to": [7.7, 0.7, -0.4],
			"rotation": {"angle": -22.5, "axis": "x", "origin": [8, 2.025, 2.375]},
			"faces": {
				"north": {"uv": [9, 2.5, 9.5, 3], "texture": "#1"},
				"east": {"uv": [6.5, 10.5, 7, 11], "texture": "#1"},
				"south": {"uv": [10, 12.5, 10.5, 13], "texture": "#1"},
				"west": {"uv": [5, 13, 5.5, 13.5], "texture": "#1"},
				"up": {"uv": [13.5, 10.5, 13, 10], "texture": "#1"},
				"down": {"uv": [13.5, 10.5, 13, 11], "texture": "#1"}
			}
		},
		{
			"name": "right",
			"from": [8.3, 0.4, -1.3],
			"to": [8.9, 0.7, -0.4],
			"rotation": {"angle": -22.5, "axis": "x", "origin": [8, 2.025, 2.375]},
			"faces": {
				"north": {"uv": [11, 13, 11.5, 13.5], "texture": "#1"},
				"east": {"uv": [13, 11, 13.5, 11.5], "texture": "#1"},
				"south": {"uv": [11.5, 13, 12, 13.5], "texture": "#1"},
				"west": {"uv": [12, 13, 12.5, 13.5], "texture": "#1"},
				"up": {"uv": [13, 13.5, 12.5, 13], "texture": "#1"},
				"down": {"uv": [13.5, 12.5, 13, 13], "texture": "#1"}
			}
		},
		{
			"name": "right",
			"from": [8.6, 0.4, 4.4],
			"to": [9.5, 1.3, 6.2],
			"rotation": {"angle": -22.5, "axis": "x", "origin": [8, 2.025, 2.375]},
			"faces": {
				"north": {"uv": [13.5, 0, 14, 0.5], "texture": "#1"},
				"east": {"uv": [1, 12.5, 2, 13], "texture": "#1"},
				"south": {"uv": [0.5, 13.5, 1, 14], "texture": "#1"},
				"west": {"uv": [12.5, 1.5, 13.5, 2], "texture": "#1"},
				"up": {"uv": [2.5, 13.5, 2, 12.5], "texture": "#1"},
				"down": {"uv": [3, 12.5, 2.5, 13.5], "texture": "#1"}
			}
		},
		{
			"name": "left",
			"from": [6.5, 0.4, 4.4],
			"to": [7.4, 1.3, 6.2],
			"rotation": {"angle": -22.5, "axis": "x", "origin": [8, 2.025, 2.375]},
			"faces": {
				"north": {"uv": [13, 13, 13.5, 13.5], "texture": "#1"},
				"east": {"uv": [5.5, 7.5, 6.5, 8], "texture": "#1"},
				"south": {"uv": [0, 13.5, 0.5, 14], "texture": "#1"},
				"west": {"uv": [9.5, 5, 10.5, 5.5], "texture": "#1"},
				"up": {"uv": [11, 13, 10.5, 12], "texture": "#1"},
				"down": {"uv": [11.5, 12, 11, 13], "texture": "#1"}
			}
		},
		{
			"name": "torso",
			"from": [5.5, -1, 8],
			"to": [10.5, 3, 13],
			"faces": {
				"north": {"uv": [2.5, 0, 5, 2], "texture": "#1"},
				"east": {"uv": [2.5, 2, 5, 4], "texture": "#1"},
				"south": {"uv": [2.5, 4, 5, 6], "texture": "#1"},
				"west": {"uv": [0, 5, 2.5, 7], "texture": "#1"},
				"up": {"uv": [2.5, 2.5, 0, 0], "texture": "#1"},
				"down": {"uv": [2.5, 2.5, 0, 5], "texture": "#1"}
			}
		},
		{
			"name": "spikes1",
			"from": [7, -1, 13],
			"to": [9, 2, 14],
			"faces": {
				"north": {"uv": [4, 6, 5, 7.5], "texture": "#1"},
				"east": {"uv": [1, 9.5, 1.5, 11], "texture": "#1"},
				"south": {"uv": [1.5, 7, 2.5, 8.5], "texture": "#1"},
				"west": {"uv": [4, 11.5, 4.5, 13], "texture": "#1"},
				"up": {"uv": [13.5, 2.5, 12.5, 2], "texture": "#1"},
				"down": {"uv": [4, 12.5, 3, 13], "texture": "#1"}
			}
		},
		{
			"name": "spikes2",
			"from": [7, 2, 9],
			"to": [9, 4, 14],
			"faces": {
				"north": {"uv": [10.5, 1.5, 11.5, 2.5], "texture": "#1"},
				"east": {"uv": [8, 7, 10.5, 8], "texture": "#1"},
				"south": {"uv": [11, 8, 12, 9], "texture": "#1"},
				"west": {"uv": [9.5, 2.5, 12, 3.5], "texture": "#1"},
				"up": {"uv": [4, 11, 3, 8.5], "texture": "#1"},
				"down": {"uv": [1, 9.5, 0, 12], "texture": "#1"}
			}
		},
		{
			"name": "1",
			"from": [3.5, -3, 9],
			"to": [6.5, 2, 12],
			"rotation": {"angle": -22.5, "axis": "z", "origin": [4.5, 1, 10.5]},
			"faces": {
				"north": {"uv": [5, 0, 6.5, 2.5], "texture": "#1"},
				"east": {"uv": [5, 2.5, 6.5, 5], "texture": "#1"},
				"south": {"uv": [5, 5, 6.5, 7.5], "texture": "#1"},
				"west": {"uv": [2.5, 6, 4, 8.5], "texture": "#1"},
				"up": {"uv": [11, 5, 9.5, 3.5], "texture": "#1"},
				"down": {"uv": [8.5, 9.5, 7, 11], "texture": "#1"}
			}
		},
		{
			"name": "2",
			"from": [1.88791, -3.57716, 5.75],
			"to": [4.88791, -0.57716, 10.75],
			"rotation": {"angle": -22.5, "axis": "x", "origin": [4.38791, -0.57716, 10.5]},
			"faces": {
				"north": {"uv": [9.5, 8, 11, 9.5], "texture": "#1"},
				"east": {"uv": [6.5, 0, 9, 1.5], "texture": "#1"},
				"south": {"uv": [8.5, 9.5, 10, 11], "texture": "#1"},
				"west": {"uv": [6.5, 1.5, 9, 3], "texture": "#1"},
				"up": {"uv": [8, 5.5, 6.5, 3], "texture": "#1"},
				"down": {"uv": [8, 5.5, 6.5, 8], "texture": "#1"}
			}
		},
		{
			"name": "main",
			"from": [2, -5, 5],
			"to": [3.5, -2.5, 7.25],
			"faces": {
				"north": {"uv": [5.5, 10.5, 6.5, 12], "texture": "#1"},
				"east": {"uv": [10.5, 6.5, 11.5, 8], "texture": "#1"},
				"south": {"uv": [1, 11, 2, 12.5], "texture": "#1"},
				"west": {"uv": [2, 11, 3, 12.5], "texture": "#1"},
				"up": {"uv": [9.5, 12, 8.5, 11], "texture": "#1"},
				"down": {"uv": [10.5, 11, 9.5, 12], "texture": "#1"}
			}
		},
		{
			"name": "main",
			"from": [2.25, -2.5, 5],
			"to": [4.75, -1.75, 5.75],
			"faces": {
				"north": {"uv": [11, 9, 12.5, 9.5], "texture": "#1"},
				"east": {"uv": [13.5, 0.5, 14, 1], "texture": "#1"},
				"south": {"uv": [11.5, 6.5, 13, 7], "texture": "#1"},
				"west": {"uv": [1, 13.5, 1.5, 14], "texture": "#1"},
				"up": {"uv": [13, 7.5, 11.5, 7], "texture": "#1"},
				"down": {"uv": [13, 7.5, 11.5, 8], "texture": "#1"}
			}
		},
		{
			"name": "claw",
			"from": [4.25, -3, 5.375],
			"to": [5.25, -1.75, 5.375],
			"faces": {
				"north": {"uv": [13.5, 1, 14, 1.5], "texture": "#1"},
				"east": {"uv": [13.5, 1, 14, 1.5], "texture": "#1"},
				"south": {"uv": [13.5, 1, 14, 1.5], "texture": "#1"},
				"west": {"uv": [13.5, 1, 14, 1.5], "texture": "#1"},
				"up": {"uv": [13.5, 1, 14, 1.5], "texture": "#1"},
				"down": {"uv": [13.5, 1, 14, 1.5], "texture": "#1"}
			}
		},
		{
			"name": "main",
			"from": [2.5, -3.625, 4.5],
			"to": [4.5, -2.875, 5.5],
			"rotation": {"angle": 45, "axis": "y", "origin": [2.875, -2.25, 5.375]},
			"faces": {
				"north": {"uv": [6.5, 12.5, 7.5, 13], "texture": "#1"},
				"east": {"uv": [13.5, 1.5, 14, 2], "texture": "#1"},
				"south": {"uv": [7.5, 12.5, 8.5, 13], "texture": "#1"},
				"west": {"uv": [2, 13.5, 2.5, 14], "texture": "#1"},
				"up": {"uv": [10, 13, 9, 12.5], "texture": "#1"},
				"down": {"uv": [13.5, 9, 12.5, 9.5], "texture": "#1"}
			}
		},
		{
			"name": "main2",
			"from": [4.5, -3.625, 4.5],
			"to": [5.25, -2.875, 7.25],
			"rotation": {"angle": 45, "axis": "y", "origin": [2.875, -2.25, 5.375]},
			"faces": {
				"north": {"uv": [13.5, 2, 14, 2.5], "texture": "#1"},
				"east": {"uv": [11.5, 9.5, 13, 10], "texture": "#1"},
				"south": {"uv": [2.5, 13.5, 3, 14], "texture": "#1"},
				"west": {"uv": [11.5, 10, 13, 10.5], "texture": "#1"},
				"up": {"uv": [5, 13, 4.5, 11.5], "texture": "#1"},
				"down": {"uv": [5.5, 11.5, 5, 13], "texture": "#1"}
			}
		},
		{
			"name": "claw",
			"from": [3.75, -3.25, 6.625],
			"to": [5, -3.25, 7.625],
			"rotation": {"angle": 45, "axis": "y", "origin": [2.875, -2.25, 5.375]},
			"faces": {
				"north": {"uv": [13.5, 1, 14, 1.5], "texture": "#1"},
				"east": {"uv": [13.5, 1, 14, 1.5], "texture": "#1"},
				"south": {"uv": [13.5, 1, 14, 1.5], "texture": "#1"},
				"west": {"uv": [13.5, 1, 14, 1.5], "texture": "#1"},
				"up": {"uv": [13.5, 1, 14, 1.5], "texture": "#1"},
				"down": {"uv": [13.5, 1, 14, 1.5], "texture": "#1"}
			}
		},
		{
			"name": "main",
			"from": [2.5, -4.625, 4.5],
			"to": [4.5, -3.875, 5.5],
			"rotation": {"angle": 45, "axis": "y", "origin": [2.875, -2.25, 5.375]},
			"faces": {
				"north": {"uv": [12, 12.5, 13, 13], "texture": "#1"},
				"east": {"uv": [13.5, 3, 14, 3.5], "texture": "#1"},
				"south": {"uv": [1, 13, 2, 13.5], "texture": "#1"},
				"west": {"uv": [3.5, 13.5, 4, 14], "texture": "#1"},
				"up": {"uv": [4, 13.5, 3, 13], "texture": "#1"},
				"down": {"uv": [5, 13, 4, 13.5], "texture": "#1"}
			}
		},
		{
			"name": "main2",
			"from": [4.5, -4.625, 4.5],
			"to": [5.25, -3.875, 7.25],
			"rotation": {"angle": 45, "axis": "y", "origin": [2.875, -2.25, 5.375]},
			"faces": {
				"north": {"uv": [13.5, 3.5, 14, 4], "texture": "#1"},
				"east": {"uv": [11.5, 10.5, 13, 11], "texture": "#1"},
				"south": {"uv": [4, 13.5, 4.5, 14], "texture": "#1"},
				"west": {"uv": [11.5, 11, 13, 11.5], "texture": "#1"},
				"up": {"uv": [12, 13, 11.5, 11.5], "texture": "#1"},
				"down": {"uv": [0.5, 12, 0, 13.5], "texture": "#1"}
			}
		},
		{
			"name": "claw",
			"from": [3.75, -4.25, 6.625],
			"to": [5, -4.25, 7.625],
			"rotation": {"angle": 45, "axis": "y", "origin": [2.875, -2.25, 5.375]},
			"faces": {
				"north": {"uv": [13.5, 1, 14, 1.5], "texture": "#1"},
				"east": {"uv": [13.5, 1, 14, 1.5], "texture": "#1"},
				"south": {"uv": [13.5, 1, 14, 1.5], "texture": "#1"},
				"west": {"uv": [13.5, 1, 14, 1.5], "texture": "#1"},
				"up": {"uv": [13.5, 1, 14, 1.5], "texture": "#1"},
				"down": {"uv": [13.5, 1, 14, 1.5], "texture": "#1"}
			}
		},
		{
			"name": "main",
			"from": [2.25, -5.75, 5],
			"to": [4.75, -5, 5.75],
			"rotation": {"angle": 0, "axis": "y", "origin": [0, 16, 0]},
			"faces": {
				"north": {"uv": [12, 0, 13.5, 0.5], "texture": "#1"},
				"east": {"uv": [13.5, 4.5, 14, 5], "texture": "#1"},
				"south": {"uv": [12, 0.5, 13.5, 1], "texture": "#1"},
				"west": {"uv": [5, 13.5, 5.5, 14], "texture": "#1"},
				"up": {"uv": [13.5, 1.5, 12, 1], "texture": "#1"},
				"down": {"uv": [13.5, 2.5, 12, 3], "texture": "#1"}
			}
		},
		{
			"name": "claw",
			"from": [4.25, -5.75, 5.375],
			"to": [5.25, -4.5, 5.375],
			"rotation": {"angle": 0, "axis": "y", "origin": [0, 16, 0]},
			"faces": {
				"north": {"uv": [13.5, 1, 14, 1.5], "texture": "#1"},
				"east": {"uv": [13.5, 1, 14, 1.5], "texture": "#1"},
				"south": {"uv": [13.5, 1, 14, 1.5], "texture": "#1"},
				"west": {"uv": [13.5, 1, 14, 1.5], "texture": "#1"},
				"up": {"uv": [13.5, 1, 14, 1.5], "texture": "#1"},
				"down": {"uv": [13.5, 1, 14, 1.5], "texture": "#1"}
			}
		},
		{
			"name": "1",
			"from": [9.5, -3, 9],
			"to": [12.5, 2, 12],
			"rotation": {"angle": 22.5, "axis": "z", "origin": [11.5, 1, 10.5]},
			"faces": {
				"north": {"uv": [0, 7, 1.5, 9.5], "texture": "#1"},
				"east": {"uv": [4, 7.5, 5.5, 10], "texture": "#1"},
				"south": {"uv": [8, 3, 9.5, 5.5], "texture": "#1"},
				"west": {"uv": [5.5, 8, 7, 10.5], "texture": "#1"},
				"up": {"uv": [5.5, 11.5, 4, 10], "texture": "#1"},
				"down": {"uv": [11.5, 9.5, 10, 11], "texture": "#1"}
			}
		},
		{
			"name": "2",
			"from": [11.11209, -3.57716, 5.75],
			"to": [14.11209, -0.57716, 10.75],
			"rotation": {"angle": -22.5, "axis": "x", "origin": [11.61209, -0.57716, 10.5]},
			"faces": {
				"north": {"uv": [10.5, 0, 12, 1.5], "texture": "#1"},
				"east": {"uv": [8, 5.5, 10.5, 7], "texture": "#1"},
				"south": {"uv": [10.5, 5, 12, 6.5], "texture": "#1"},
				"west": {"uv": [7, 8, 9.5, 9.5], "texture": "#1"},
				"up": {"uv": [3, 11, 1.5, 8.5], "texture": "#1"},
				"down": {"uv": [10.5, 0, 9, 2.5], "texture": "#1"}
			}
		},
		{
			"name": "main",
			"from": [12.5, -5, 5],
			"to": [14, -2.5, 7.25],
			"rotation": {"angle": 0, "axis": "y", "origin": [16, 0, 0]},
			"faces": {
				"north": {"uv": [3, 11, 4, 12.5], "texture": "#1"},
				"east": {"uv": [11, 3.5, 12, 5], "texture": "#1"},
				"south": {"uv": [6.5, 11, 7.5, 12.5], "texture": "#1"},
				"west": {"uv": [7.5, 11, 8.5, 12.5], "texture": "#1"},
				"up": {"uv": [11.5, 12, 10.5, 11], "texture": "#1"},
				"down": {"uv": [12.5, 1.5, 11.5, 2.5], "texture": "#1"}
			}
		},
		{
			"name": "main",
			"from": [11.25, -2.5, 5],
			"to": [13.75, -1.75, 5.75],
			"rotation": {"angle": 0, "axis": "y", "origin": [16, 0, 0]},
			"faces": {
				"north": {"uv": [12, 3, 13.5, 3.5], "texture": "#1"},
				"east": {"uv": [13.5, 5.5, 14, 6], "texture": "#1"},
				"south": {"uv": [12, 3.5, 13.5, 4], "texture": "#1"},
				"west": {"uv": [6, 13.5, 6.5, 14], "texture": "#1"},
				"up": {"uv": [13.5, 4.5, 12, 4], "texture": "#1"},
				"down": {"uv": [13.5, 4.5, 12, 5], "texture": "#1"}
			}
		},
		{
			"name": "claw",
			"from": [10.75, -3, 5.375],
			"to": [11.75, -1.75, 5.375],
			"rotation": {"angle": 0, "axis": "y", "origin": [16, 0, 0]},
			"faces": {
				"north": {"uv": [13.5, 1, 14, 1.5], "texture": "#1"},
				"east": {"uv": [13.5, 1, 14, 1.5], "texture": "#1"},
				"south": {"uv": [13.5, 1, 14, 1.5], "texture": "#1"},
				"west": {"uv": [13.5, 1, 14, 1.5], "texture": "#1"},
				"up": {"uv": [13.5, 1, 14, 1.5], "texture": "#1"},
				"down": {"uv": [13.5, 1, 14, 1.5], "texture": "#1"}
			}
		},
		{
			"name": "main",
			"from": [11.5, -3.625, 4.5],
			"to": [13.5, -2.875, 5.5],
			"rotation": {"angle": -45, "axis": "y", "origin": [13.125, -2.25, 5.375]},
			"faces": {
				"north": {"uv": [6.5, 13, 7.5, 13.5], "texture": "#1"},
				"east": {"uv": [7, 13.5, 7.5, 14], "texture": "#1"},
				"south": {"uv": [13, 6.5, 14, 7], "texture": "#1"},
				"west": {"uv": [7.5, 13.5, 8, 14], "texture": "#1"},
				"up": {"uv": [14, 7.5, 13, 7], "texture": "#1"},
				"down": {"uv": [8.5, 13, 7.5, 13.5], "texture": "#1"}
			}
		},
		{
			"name": "main2",
			"from": [10.75, -3.625, 4.5],
			"to": [11.5, -2.875, 7.25],
			"rotation": {"angle": -45, "axis": "y", "origin": [13.125, -2.25, 5.375]},
			"faces": {
				"north": {"uv": [8, 13.5, 8.5, 14], "texture": "#1"},
				"east": {"uv": [12, 5, 13.5, 5.5], "texture": "#1"},
				"south": {"uv": [13.5, 8, 14, 8.5], "texture": "#1"},
				"west": {"uv": [12, 5.5, 13.5, 6], "texture": "#1"},
				"up": {"uv": [1, 13.5, 0.5, 12], "texture": "#1"},
				"down": {"uv": [6, 12, 5.5, 13.5], "texture": "#1"}
			}
		},
		{
			"name": "claw",
			"from": [11, -3.25, 6.625],
			"to": [12.25, -3.25, 7.625],
			"rotation": {"angle": -45, "axis": "y", "origin": [13.125, -2.25, 5.375]},
			"faces": {
				"north": {"uv": [13.5, 1, 14, 1.5], "texture": "#1"},
				"east": {"uv": [13.5, 1, 14, 1.5], "texture": "#1"},
				"south": {"uv": [13.5, 1, 14, 1.5], "texture": "#1"},
				"west": {"uv": [13.5, 1, 14, 1.5], "texture": "#1"},
				"up": {"uv": [13.5, 1, 14, 1.5], "texture": "#1"},
				"down": {"uv": [13.5, 1, 14, 1.5], "texture": "#1"}
			}
		},
		{
			"name": "main",
			"from": [11.5, -4.625, 4.5],
			"to": [13.5, -3.875, 5.5],
			"rotation": {"angle": -45, "axis": "y", "origin": [13.125, -2.25, 5.375]},
			"faces": {
				"north": {"uv": [13, 7.5, 14, 8], "texture": "#1"},
				"east": {"uv": [9, 13.5, 9.5, 14], "texture": "#1"},
				"south": {"uv": [9, 13, 10, 13.5], "texture": "#1"},
				"west": {"uv": [13.5, 9, 14, 9.5], "texture": "#1"},
				"up": {"uv": [14, 10, 13, 9.5], "texture": "#1"},
				"down": {"uv": [11, 13, 10, 13.5], "texture": "#1"}
			}
		},
		{
			"name": "main2",
			"from": [10.75, -4.625, 4.5],
			"to": [11.5, -3.875, 7.25],
			"rotation": {"angle": -45, "axis": "y", "origin": [13.125, -2.25, 5.375]},
			"faces": {
				"north": {"uv": [9.5, 13.5, 10, 14], "texture": "#1"},
				"east": {"uv": [12, 6, 13.5, 6.5], "texture": "#1"},
				"south": {"uv": [10, 13.5, 10.5, 14], "texture": "#1"},
				"west": {"uv": [12, 8, 13.5, 8.5], "texture": "#1"},
				"up": {"uv": [6.5, 13.5, 6, 12], "texture": "#1"},
				"down": {"uv": [9, 12, 8.5, 13.5], "texture": "#1"}
			}
		},
		{
			"name": "claw",
			"from": [11, -4.25, 6.625],
			"to": [12.25, -4.25, 7.625],
			"rotation": {"angle": -45, "axis": "y", "origin": [13.125, -2.25, 5.375]},
			"faces": {
				"north": {"uv": [13.5, 1, 14, 1.5], "texture": "#1"},
				"east": {"uv": [13.5, 1, 14, 1.5], "texture": "#1"},
				"south": {"uv": [13.5, 1, 14, 1.5], "texture": "#1"},
				"west": {"uv": [13.5, 1, 14, 1.5], "texture": "#1"},
				"up": {"uv": [13.5, 1, 14, 1.5], "texture": "#1"},
				"down": {"uv": [13.5, 1, 14, 1.5], "texture": "#1"}
			}
		},
		{
			"name": "main",
			"from": [11.25, -5.75, 5],
			"to": [13.75, -5, 5.75],
			"rotation": {"angle": 0, "axis": "y", "origin": [16, 16, 0]},
			"faces": {
				"north": {"uv": [12, 8.5, 13.5, 9], "texture": "#1"},
				"east": {"uv": [13.5, 10.5, 14, 11], "texture": "#1"},
				"south": {"uv": [9, 12, 10.5, 12.5], "texture": "#1"},
				"west": {"uv": [11, 13.5, 11.5, 14], "texture": "#1"},
				"up": {"uv": [13.5, 12, 12, 11.5], "texture": "#1"},
				"down": {"uv": [13.5, 12, 12, 12.5], "texture": "#1"}
			}
		},
		{
			"name": "claw",
			"from": [10.75, -5.75, 5.375],
			"to": [11.75, -4.5, 5.375],
			"rotation": {"angle": 0, "axis": "y", "origin": [16, 16, 0]},
			"faces": {
				"north": {"uv": [13.5, 1, 14, 1.5], "texture": "#1"},
				"east": {"uv": [13.5, 1, 14, 1.5], "texture": "#1"},
				"south": {"uv": [13.5, 1, 14, 1.5], "texture": "#1"},
				"west": {"uv": [13.5, 1, 14, 1.5], "texture": "#1"},
				"up": {"uv": [13.5, 1, 14, 1.5], "texture": "#1"},
				"down": {"uv": [13.5, 1, 14, 1.5], "texture": "#1"}
			}
		}
	],
	"display": {
		"head": {
			"translation": [0, 29, -9],
			"scale": [4, 4, 4]
		}
	},
	"groups": [
		{
			"name": "root",
			"origin": [8, 8, 8],
			"color": 0,
			"children": [
				{
					"name": "face",
					"origin": [0, 0, 0],
					"color": 0,
					"children": [
						{
							"name": "snout",
							"origin": [8, 2.025, 2.375],
							"color": 0,
							"children": [0, 1]
						},
						{
							"name": "nostrils",
							"origin": [0, 0, 0],
							"color": 0,
							"children": [2, 3]
						},
						{
							"name": "eyes",
							"origin": [0, 0, 0],
							"color": 0,
							"children": [4, 5]
						}
					]
				},
				6,
				7,
				8,
				{
					"name": "arms",
					"origin": [8, 8, 8],
					"color": 0,
					"children": [
						{
							"name": "left",
							"origin": [8, 8, 8],
							"color": 0,
							"children": [
								9,
								10,
								{
									"name": "hand",
									"origin": [8, 8, 8],
									"color": 0,
									"children": [
										11,
										{
											"name": "fingers",
											"origin": [0, 0, 0],
											"color": 0,
											"children": [
												{
													"name": "1",
													"origin": [0, 0, 0],
													"color": 0,
													"children": [12, 13]
												},
												{
													"name": "2",
													"origin": [0, 0, 0],
													"color": 0,
													"children": [14, 15, 16]
												},
												{
													"name": "3",
													"origin": [0, 0, 0],
													"color": 0,
													"children": [17, 18, 19]
												},
												{
													"name": "4",
													"origin": [0, 0, 0],
													"color": 0,
													"children": [20, 21]
												}
											]
										}
									]
								}
							]
						},
						{
							"name": "right",
							"origin": [8, 8, 8],
							"color": 0,
							"children": [
								22,
								23,
								{
									"name": "hand",
									"origin": [8, 8, 8],
									"color": 0,
									"children": [
										24,
										{
											"name": "fingers",
											"origin": [0, 0, 0],
											"color": 0,
											"children": [
												{
													"name": "1",
													"origin": [0, 0, 0],
													"color": 0,
													"children": [25, 26]
												},
												{
													"name": "2",
													"origin": [0, 0, 0],
													"color": 0,
													"children": [27, 28, 29]
												},
												{
													"name": "3",
													"origin": [0, 0, 0],
													"color": 0,
													"children": [30, 31, 32]
												},
												{
													"name": "4",
													"origin": [0, 0, 0],
													"color": 0,
													"children": [33, 34]
												}
											]
										}
									]
								}
							]
						}
					]
				}
			]
		}
	]
}