{
	"credit": "Made with Blockbench",
	"texture_size": [128, 128],
	"textures": {
		"1": "item/bone",
		"2": "block/mangrove_log",
		"3": "block/mangrove_log_top",
		"5": "krmc:krmc_mobs/godzilla_2019_heatray"
	},
	"elements": [
		{
			"name": "stick",
			"from": [2.85222, 8.69001, 4.03518],
			"to": [17.24222, 11.78001, 7.12518],
			"rotation": {"angle": -45, "axis": "z", "origin": [7.98, 9.41211, 5.58018]},
			"faces": {
				"north": {"uv": [5, 16, 10, 0], "rotation": 90, "texture": "#2"},
				"east": {"uv": [11, 5, 5, 11], "texture": "#3"},
				"south": {"uv": [0, 16, 5, 0], "rotation": 90, "texture": "#2"},
				"west": {"uv": [11, 5, 5, 11], "texture": "#3"},
				"up": {"uv": [10, 16, 15, 0], "rotation": 90, "texture": "#2"},
				"down": {"uv": [11, 16, 16, 0], "rotation": 270, "texture": "#2"}
			}
		},
		{
			"name": "bone",
			"from": [13.22332, 0.32928, 5.58018],
			"to": [19.43332, 5.50928, 5.58018],
			"rotation": {"angle": 0, "axis": "x", "origin": [7.98, 9.41211, 5.58018]},
			"faces": {
				"north": {"uv": [1, 9, 7, 15], "texture": "#1"},
				"east": {"uv": [0, 0, 0, 0.75], "texture": "#1"},
				"south": {"uv": [7, 9, 1, 15], "texture": "#1"},
				"west": {"uv": [0, 0, 0, 0.75], "texture": "#1"},
				"up": {"uv": [0, 0.875, 0, 0], "rotation": 90, "texture": "#1"},
				"down": {"uv": [0, 0.875, 0, 0], "rotation": 270, "texture": "#1"}
			}
		},
		{
			"name": "1",
			"from": [-9.47686, 10.11724, 5.57296],
			"to": [5.25214, 19.49024, 5.57296],
			"rotation": {"angle": 22.5, "axis": "z", "origin": [5.24364, 13.80374, 5.57296]},
			"faces": {
				"north": {"uv": [0.2, 6.5, 1.6, 7.4], "rotation": 180, "texture": "#5"},
				"east": {"uv": [0, 0, 0, 0.75], "rotation": 180, "texture": "#5"},
				"south": {"uv": [1.6, 6.5, 0.2, 7.4], "rotation": 180, "texture": "#5"},
				"west": {"uv": [0, 0, 0, 0.75], "rotation": 180, "texture": "#5"},
				"up": {"uv": [0, 0.875, 0, 0], "rotation": 90, "texture": "#5"},
				"down": {"uv": [0, 0.875, 0, 0], "rotation": 270, "texture": "#5"}
			}
		},
		{
			"name": "2",
			"from": [5.25214, 11.45624, 5.57296],
			"to": [11.94714, 18.15124, 5.57296],
			"rotation": {"angle": 22.5, "axis": "z", "origin": [5.24364, 13.80374, 5.57296]},
			"faces": {
				"north": {"uv": [1.6, 6.5, 0.5, 7.4], "rotation": 180, "texture": "#5"},
				"east": {"uv": [0, 0, 0, 0.75], "rotation": 180, "texture": "#5"},
				"south": {"uv": [0.5, 6.5, 1.6, 7.4], "rotation": 180, "texture": "#5"},
				"west": {"uv": [0, 0, 0, 0.75], "rotation": 180, "texture": "#5"},
				"up": {"uv": [0, 0.875, 0, 0], "rotation": 90, "texture": "#5"},
				"down": {"uv": [0, 0.875, 0, 0], "rotation": 270, "texture": "#5"}
			}
		}
	],
	"display": {
		"thirdperson_righthand": {
			"rotation": [47.75, -90, 0],
			"translation": [-3, 4, 0],
			"scale": [1.25, 1.25, 1.25]
		},
		"thirdperson_lefthand": {
			"rotation": [47.75, -90, 0],
			"translation": [-3, 4, 0],
			"scale": [-1.25, 1.25, 1.25]
		},
		"firstperson_righthand": {
			"rotation": [50, -90, 0],
			"translation": [1.25, 4, -9.25],
			"scale": [1.25, 1.25, 1.25]
		},
		"firstperson_lefthand": {
			"rotation": [50, -90, 0],
			"translation": [1.25, 4, -9.25],
			"scale": [-1.25, 1.25, 1.25]
		},
		"ground": {
			"rotation": [-8.46, -1.89, 24.92],
			"translation": [0, -2.25, 0],
			"scale": [1.25, 1.25, 1.25]
		},
		"gui": {
			"rotation": [0, 0, -90],
			"translation": [2, 0, 0],
			"scale": [1.25, 1.25, 1.25]
		},
		"head": {
			"translation": [0, -50.3125, 4.75],
			"scale": [3, 3, 3]
		},
		"fixed": {
			"rotation": [0, 0, -90],
			"translation": [2, 0, 0],
			"scale": [1.25, -1.25, 1.25]
		}
	},
	"groups": [
		{
			"name": "axe",
			"origin": [8, 8, 8],
			"color": 0,
			"children": [
				0,
				1,
				{
					"name": "group",
					"origin": [17.02, 10.27697, -2.05496],
					"color": 0,
					"children": []
				},
				{
					"name": "plate",
					"origin": [23.5, 8.5, 5.5],
					"color": 0,
					"children": [2, 3]
				}
			]
		}
	]
}