{
	"credit": "Made with Blockbench",
	"textures": {
		"0": "block/carved_pumpkin",
		"1": "krmc:krmc_mobs/mammoth_bull",
		"3": "block/pumpkin_top",
		"particle": "krmc:krmc_mobs/megaloceros",
		"2_1": "block/pumpkin_side"
	},
	"elements": [
		{
			"name": "head",
			"from": [5.166, 1.64927, 3.38961],
			"to": [10.834, 5.65327, 8.84961],
			"rotation": {"angle": 0, "axis": "x", "origin": [8, -1.67873, 8.32961]},
			"faces": {
				"north": {"uv": [5.25, 3.5, 5.875, 4], "texture": "#1"},
				"east": {"uv": [7.5, 7.5, 8.125, 8], "texture": "#1"},
				"south": {"uv": [7.625, 3.75, 8.25, 4.25], "texture": "#1"},
				"west": {"uv": [7.625, 4.25, 8.25, 4.75], "texture": "#1"},
				"up": {"uv": [5.625, 7.75, 5, 7.125], "texture": "#1"},
				"down": {"uv": [7.75, 6.25, 7.125, 6.875], "texture": "#1"}
			}
		},
		{
			"name": "head",
			"from": [7.516, -0.35073, -0.11039],
			"to": [8.484, 3.64927, 8.59961],
			"rotation": {"angle": 0, "axis": "x", "origin": [8.1, 0.32127, 6.07961]},
			"faces": {
				"north": {"uv": [5.25, 3.5, 5.875, 4], "texture": "#1"},
				"east": {"uv": [7.5, 7.5, 8.125, 8], "texture": "#1"},
				"south": {"uv": [7.625, 3.75, 8.25, 4.25], "texture": "#1"},
				"west": {"uv": [7.625, 4.25, 8.25, 4.75], "texture": "#1"},
				"up": {"uv": [5.625, 7.75, 5, 7.125], "texture": "#1"},
				"down": {"uv": [7.75, 6.25, 7.125, 6.875], "texture": "#1"}
			}
		},
		{
			"name": "ear_left",
			"from": [3.45, -0.34509, 3.8959],
			"to": [7.694, 3.77291, 5.1419],
			"rotation": {"angle": 0, "axis": "y", "origin": [6.882, 1.83891, 2.8339]},
			"faces": {
				"north": {"uv": [4.5, 7.75, 5, 8.25], "texture": "#1"},
				"east": {"uv": [0.625, 5.75, 0.875, 6.25], "texture": "#1"},
				"south": {"uv": [5, 7.75, 5.5, 8.25], "texture": "#1"},
				"west": {"uv": [2.25, 7.25, 2.5, 7.75], "texture": "#1"},
				"up": {"uv": [5.75, 1.25, 5.25, 1], "texture": "#1"},
				"down": {"uv": [8.75, 0.375, 8.25, 0.625], "texture": "#1"}
			}
		},
		{
			"name": "ear_right",
			"from": [8.306, -0.34509, 3.8959],
			"to": [12.55, 3.77291, 5.1419],
			"rotation": {"angle": 0, "axis": "y", "origin": [9.118, 1.83891, 2.8339]},
			"faces": {
				"north": {"uv": [5, 7.75, 4.5, 8.25], "texture": "#1"},
				"east": {"uv": [2.5, 7.25, 2.25, 7.75], "texture": "#1"},
				"south": {"uv": [5.5, 7.75, 5, 8.25], "texture": "#1"},
				"west": {"uv": [0.875, 5.75, 0.625, 6.25], "texture": "#1"},
				"up": {"uv": [5.25, 1.25, 5.75, 1], "texture": "#1"},
				"down": {"uv": [8.25, 0.375, 8.75, 0.625], "texture": "#1"}
			}
		},
		{
			"name": "1",
			"from": [3.412, -3.3275, 0.4475],
			"to": [4.66, 1.0405, 1.6955],
			"rotation": {"angle": -22.5, "axis": "z", "origin": [4.036, 0.4165, 1.0715]},
			"faces": {
				"north": {"uv": [3.5, 7.75, 3.75, 8.75], "texture": "#1"},
				"east": {"uv": [3.75, 7.75, 4, 8.75], "texture": "#1"},
				"south": {"uv": [4, 7.75, 4.25, 8.75], "texture": "#1"},
				"west": {"uv": [4.25, 7.75, 4.5, 8.75], "texture": "#1"},
				"up": {"uv": [8.5, 4.75, 8.25, 4.5], "texture": "#1"},
				"down": {"uv": [5, 8.25, 4.75, 8.5], "texture": "#1"}
			}
		},
		{
			"name": "2",
			"from": [2.476, -3.3275, -2.6725],
			"to": [3.412, -1.7675, 0.4475],
			"rotation": {"angle": -22.5, "axis": "x", "origin": [4.036, 0.4165, 1.0715]},
			"faces": {
				"north": {"uv": [8.25, 4.125, 8.5, 4.5], "texture": "#1"},
				"east": {"uv": [7.625, 5.5, 8.375, 5.875], "texture": "#1"},
				"south": {"uv": [4.5, 8.25, 4.75, 8.625], "texture": "#1"},
				"west": {"uv": [7.625, 5.875, 8.375, 6.25], "texture": "#1"},
				"up": {"uv": [6, 8.875, 5.75, 8.125], "texture": "#1"},
				"down": {"uv": [0.25, 8.25, 0, 9], "texture": "#1"}
			}
		},
		{
			"name": "3",
			"from": [2.554, -4.05659, -3.9118],
			"to": [3.334, -2.80859, -0.4798],
			"rotation": {"angle": 0, "axis": "y", "origin": [4.036, -3.2235, -1.0085]},
			"faces": {
				"north": {"uv": [5, 8.25, 5.25, 8.5], "texture": "#1"},
				"east": {"uv": [8, 3, 8.875, 3.25], "texture": "#1"},
				"south": {"uv": [5.25, 8.25, 5.5, 8.5], "texture": "#1"},
				"west": {"uv": [8, 3.25, 8.875, 3.5], "texture": "#1"},
				"up": {"uv": [2, 8.75, 1.75, 7.875], "texture": "#1"},
				"down": {"uv": [2.25, 7.875, 2, 8.75], "texture": "#1"}
			}
		},
		{
			"name": "4",
			"from": [2.619, -3.92659, -6.9018],
			"to": [3.269, -2.67859, -3.4698],
			"rotation": {"angle": 22.5, "axis": "x", "origin": [4.036, -3.2235, -3.8685]},
			"faces": {
				"north": {"uv": [0.5, 6.75, 0.625, 7], "texture": "#1"},
				"east": {"uv": [6.625, 8, 7.5, 8.25], "texture": "#1"},
				"south": {"uv": [0.5, 7, 0.625, 7.25], "texture": "#1"},
				"west": {"uv": [8, 6.75, 8.875, 7], "texture": "#1"},
				"up": {"uv": [8.375, 2.5, 8.25, 1.625], "texture": "#1"},
				"down": {"uv": [2.375, 8.25, 2.25, 9.125], "texture": "#1"}
			}
		},
		{
			"name": "1",
			"from": [11.34, -3.3275, 0.4475],
			"to": [12.588, 1.0405, 1.6955],
			"rotation": {"angle": 22.5, "axis": "z", "origin": [11.964, 0.4165, 1.0715]},
			"faces": {
				"north": {"uv": [3.75, 7.75, 3.5, 8.75], "texture": "#1"},
				"east": {"uv": [4.5, 7.75, 4.25, 8.75], "texture": "#1"},
				"south": {"uv": [4.25, 7.75, 4, 8.75], "texture": "#1"},
				"west": {"uv": [4, 7.75, 3.75, 8.75], "texture": "#1"},
				"up": {"uv": [8.25, 4.75, 8.5, 4.5], "texture": "#1"},
				"down": {"uv": [4.75, 8.25, 5, 8.5], "texture": "#1"}
			}
		},
		{
			"name": "2",
			"from": [12.588, -3.3275, -2.6725],
			"to": [13.524, -1.7675, 0.4475],
			"rotation": {"angle": -22.5, "axis": "x", "origin": [11.964, 0.4165, 1.0715]},
			"faces": {
				"north": {"uv": [8.5, 4.125, 8.25, 4.5], "texture": "#1"},
				"east": {"uv": [8.375, 5.875, 7.625, 6.25], "texture": "#1"},
				"south": {"uv": [4.75, 8.25, 4.5, 8.625], "texture": "#1"},
				"west": {"uv": [8.375, 5.5, 7.625, 5.875], "texture": "#1"},
				"up": {"uv": [5.75, 8.875, 6, 8.125], "texture": "#1"},
				"down": {"uv": [0, 8.25, 0.25, 9], "texture": "#1"}
			}
		},
		{
			"name": "3",
			"from": [12.666, -4.05659, -3.9118],
			"to": [13.446, -2.80859, -0.4798],
			"rotation": {"angle": 0, "axis": "y", "origin": [11.964, -3.2235, -1.0085]},
			"faces": {
				"north": {"uv": [5.25, 8.25, 5, 8.5], "texture": "#1"},
				"east": {"uv": [8.875, 3.25, 8, 3.5], "texture": "#1"},
				"south": {"uv": [5.5, 8.25, 5.25, 8.5], "texture": "#1"},
				"west": {"uv": [8.875, 3, 8, 3.25], "texture": "#1"},
				"up": {"uv": [1.75, 8.75, 2, 7.875], "texture": "#1"},
				"down": {"uv": [2, 7.875, 2.25, 8.75], "texture": "#1"}
			}
		},
		{
			"name": "4",
			"from": [12.731, -3.92659, -6.9018],
			"to": [13.381, -2.67859, -3.4698],
			"rotation": {"angle": 22.5, "axis": "x", "origin": [11.964, -3.2235, -3.8685]},
			"faces": {
				"north": {"uv": [0.625, 6.75, 0.5, 7], "texture": "#1"},
				"east": {"uv": [8.875, 6.75, 8, 7], "texture": "#1"},
				"south": {"uv": [0.625, 7, 0.5, 7.25], "texture": "#1"},
				"west": {"uv": [7.5, 8, 6.625, 8.25], "texture": "#1"},
				"up": {"uv": [8.25, 2.5, 8.375, 1.625], "texture": "#1"},
				"down": {"uv": [2.25, 8.25, 2.375, 9.125], "texture": "#1"}
			}
		},
		{
			"from": [4, -0.5, 0.4375],
			"to": [12, 3.5, 8.4375],
			"rotation": {"angle": 0, "axis": "y", "origin": [8, 1.5, 4.4375]},
			"faces": {
				"north": {"uv": [0, 0, 16, 8], "texture": "#0"},
				"east": {"uv": [0, 0, 16, 8], "texture": "#2_1"},
				"south": {"uv": [0, 0, 16, 8], "texture": "#2_1"},
				"west": {"uv": [0, 0, 16, 8], "texture": "#2_1"},
				"up": {"uv": [0, 0, 16, 16], "texture": "#3"},
				"down": {"uv": [0, 0, 16, 8], "texture": "#2_1"}
			}
		}
	],
	"display": {
		"thirdperson_righthand": {
			"rotation": [75, 45, 0],
			"translation": [0, 2.5, 0],
			"scale": [0.375, 0.375, 0.375]
		},
		"thirdperson_lefthand": {
			"rotation": [75, 45, 0],
			"translation": [0, 2.5, 0],
			"scale": [0.375, 0.375, 0.375]
		},
		"firstperson_righthand": {
			"rotation": [0, 45, 0],
			"scale": [0.4, 0.4, 0.4]
		},
		"firstperson_lefthand": {
			"rotation": [0, 225, 0],
			"scale": [0.4, 0.4, 0.4]
		},
		"ground": {
			"translation": [0, 2, 0],
			"scale": [0.5, 0.5, 0.5]
		},
		"gui": {
			"rotation": [30, 225, 0],
			"translation": [-2.25, 6.25, 0]
		},
		"head": {
			"translation": [0, 17.75, 6.75],
			"scale": [1.9, 2.3, 1.9]
		},
		"fixed": {
			"translation": [0, 10.5, -0.75],
			"scale": [2, 2, 2]
		}
	},
	"groups": [
		0,
		{
			"name": "head",
			"origin": [8, 8, 8],
			"color": 0,
			"children": [
				{
					"name": "trunk",
					"origin": [8, 8, 8],
					"color": 0,
					"children": []
				},
				1,
				2,
				3,
				{
					"name": "brows",
					"origin": [12.2, 20.2778, 1.3499],
					"color": 0,
					"children": []
				}
			]
		},
		{
			"name": "2",
			"origin": [8, 8, 8],
			"color": 0,
			"children": [4, 5, 6, 7, 8, 9, 10, 11]
		},
		12
	]
}