{
	"credit": "Made with Blockbench",
	"textures": {
		"0": "block/carved_pumpkin",
		"1": "block/pumpkin_side",
		"3": "block/pumpkin_top",
		"4": "block/iron_block",
		"particle": "krmc:krmc_mobs/megaloceros",
		"1_0": "krmc:krmc_mobs/megaloceros"
	},
	"elements": [
		{
			"from": [7.5, -0.3, 0.1875],
			"to": [8.5, 3.75, 8.9375],
			"rotation": {"angle": 0, "axis": "y", "origin": [8, 1.85, 4.4375]},
			"faces": {
				"north": {"uv": [12, 0, 16, 8], "texture": "#4"},
				"east": {"uv": [0, 0, 16, 8], "texture": "#4"},
				"south": {"uv": [0, 0, 4, 8], "texture": "#4"},
				"west": {"uv": [0, 0, 16, 8], "texture": "#4"},
				"up": {"uv": [0, 0, 16, 4], "rotation": 270, "texture": "#4"},
				"down": {"uv": [0, 0, 16, 8], "rotation": 90, "texture": "#4"}
			}
		},
		{
			"from": [4, -0.5, 0.4375],
			"to": [12, 3.5, 8.4375],
			"rotation": {"angle": 0, "axis": "y", "origin": [8, 1.5, 4.4375]},
			"faces": {
				"north": {"uv": [0, 0, 16, 8], "texture": "#0"},
				"east": {"uv": [0, 0, 16, 8], "texture": "#1"},
				"south": {"uv": [0, 0, 16, 8], "texture": "#1"},
				"west": {"uv": [0, 0, 16, 8], "texture": "#1"},
				"up": {"uv": [0, 0, 16, 16], "texture": "#3"},
				"down": {"uv": [0, 0, 16, 8], "texture": "#1"}
			}
		},
		{
			"from": [3.5, -0.3, 3.4375],
			"to": [12.5, 4, 5.4375],
			"rotation": {"angle": 0, "axis": "y", "origin": [8, 1.5, 4.4375]},
			"faces": {
				"north": {"uv": [0, 0, 16, 8], "texture": "#4"},
				"east": {"uv": [12, 0, 16, 8], "texture": "#4"},
				"south": {"uv": [0, 0, 16, 8], "texture": "#4"},
				"west": {"uv": [0, 0, 4, 8], "texture": "#4"},
				"up": {"uv": [0, 0, 16, 4], "texture": "#4"},
				"down": {"uv": [0, 0, 16, 8], "texture": "#4"}
			}
		},
		{
			"name": "Antlers",
			"from": [-4.41349, 1.5, 4.00766],
			"to": [7.58651, 11, 4.00766],
			"rotation": {"angle": 22.5, "axis": "y", "origin": [7, 6.25, 6.25]},
			"faces": {
				"north": {"uv": [0, 0, 3, 2.5], "texture": "#1_0"},
				"east": {"uv": [0, 0, 0, 2.5], "texture": "#1_0"},
				"south": {"uv": [3, 0, 0, 2.5], "texture": "#1_0"},
				"west": {"uv": [0, 0, 0, 2.5], "texture": "#1_0"},
				"up": {"uv": [3, 0, 0, 0], "texture": "#1_0"},
				"down": {"uv": [3, 0, 0, 0], "texture": "#1_0"}
			}
		},
		{
			"name": "Antlers",
			"from": [8.41349, 1.5, 4.00766],
			"to": [20.41349, 11, 4.00766],
			"rotation": {"angle": -22.5, "axis": "y", "origin": [9, 6.25, 6.25]},
			"faces": {
				"north": {"uv": [3, 0, 0, 2.5], "texture": "#1_0"},
				"east": {"uv": [0, 0, 0, 2.5], "texture": "#1_0"},
				"south": {"uv": [0, 0, 3, 2.5], "texture": "#1_0"},
				"west": {"uv": [0, 0, 0, 2.5], "texture": "#1_0"},
				"up": {"uv": [3, 0, 0, 0], "texture": "#1_0"},
				"down": {"uv": [3, 0, 0, 0], "texture": "#1_0"}
			}
		}
	],
	"display": {
		"thirdperson_righthand": {
			"rotation": [75, 45, 0],
			"translation": [0, 2.5, 0],
			"scale": [0.375, 0.375, 0.375]
		},
		"thirdperson_lefthand": {
			"rotation": [75, 45, 0],
			"translation": [0, 2.5, 0],
			"scale": [0.375, 0.375, 0.375]
		},
		"firstperson_righthand": {
			"rotation": [0, 45, 0],
			"scale": [0.4, 0.4, 0.4]
		},
		"firstperson_lefthand": {
			"rotation": [0, 225, 0],
			"scale": [0.4, 0.4, 0.4]
		},
		"ground": {
			"translation": [0, 2, 0],
			"scale": [0.5, 0.5, 0.5]
		},
		"gui": {
			"rotation": [30, 225, 0],
			"translation": [-2.25, 6.25, 0]
		},
		"head": {
			"translation": [0, 17.75, 6.75],
			"scale": [1.9, 2.3, 1.9]
		},
		"fixed": {
			"translation": [0, 10.5, -0.75],
			"scale": [2, 2, 2]
		}
	},
	"groups": [
		0,
		1,
		2,
		{
			"name": "megaloceros_antlers",
			"origin": [8, 8, 8],
			"color": 0,
			"children": [
				{
					"name": "Antlers",
					"origin": [15, 1.42915, 20.85721],
					"color": 0,
					"children": [3, 4]
				}
			]
		}
	]
}