{
	"credit": "Made with Blockbench",
	"texture_size": [64, 64],
	"textures": {
		"1": "krmc:krmc_mobs/mothra_leo_new",
		"particle": "krmc:krmc_mobs/mothra_leo_new"
	},
	"elements": [
		{
			"name": "base",
			"from": [6.125, 7.4375, 5.4375],
			"to": [9.875, 11.1875, 8.875],
			"rotation": {"angle": -22.5, "axis": "x", "origin": [8, 9.46875, 7]},
			"faces": {
				"north": {"uv": [2.5, 7, 3.5, 8], "texture": "#1"},
				"east": {"uv": [7, 7, 7.875, 8], "texture": "#1"},
				"south": {"uv": [3.5, 7, 4.5, 8], "texture": "#1"},
				"west": {"uv": [7.75, 0, 8.625, 1], "texture": "#1"},
				"up": {"uv": [8.75, 1.875, 7.75, 1], "texture": "#1"},
				"down": {"uv": [8.75, 2, 7.75, 2.875], "texture": "#1"}
			}
		},
		{
			"name": "base2",
			"from": [6.4375, 7.75, 7.3125],
			"to": [9.5625, 10.875, 10.4375],
			"rotation": {"angle": 22.5, "axis": "x", "origin": [8, 9.625, 9.5]},
			"faces": {
				"north": {"uv": [4.5, 8, 5.25, 8.75], "texture": "#1"},
				"east": {"uv": [5.25, 8, 6, 8.75], "texture": "#1"},
				"south": {"uv": [6, 8, 6.75, 8.75], "texture": "#1"},
				"west": {"uv": [8, 6.5, 8.75, 7.25], "texture": "#1"},
				"up": {"uv": [7.5, 8.75, 6.75, 8], "texture": "#1"},
				"down": {"uv": [8.75, 7.25, 8, 8], "texture": "#1"}
			}
		},
		{
			"name": "tipe_base",
			"from": [6.75, 8.0625, 10.4375],
			"to": [9.25, 10.5625, 11.6875],
			"rotation": {"angle": 22.5, "axis": "x", "origin": [8, 9.625, 9.5]},
			"faces": {
				"north": {"uv": [8.75, 2, 9.375, 2.625], "texture": "#1"},
				"east": {"uv": [9.25, 6.25, 9.625, 6.875], "texture": "#1"},
				"south": {"uv": [2.5, 8.75, 3.125, 9.375], "texture": "#1"},
				"west": {"uv": [9.25, 8.5, 9.625, 9.125], "texture": "#1"},
				"up": {"uv": [9.875, 7.375, 9.25, 7], "texture": "#1"},
				"down": {"uv": [9.875, 9.25, 9.25, 9.625], "texture": "#1"}
			}
		},
		{
			"name": "tip",
			"from": [7.375, 8.11335, 11.13647],
			"to": [8.625, 9.36335, 12.38648],
			"rotation": {"angle": 0, "axis": "x", "origin": [8, 8.73835, 10.82397]},
			"faces": {
				"north": {"uv": [6.75, 9.75, 7.125, 10.125], "texture": "#1"},
				"east": {"uv": [7.25, 9.75, 7.625, 10.125], "texture": "#1"},
				"south": {"uv": [7.75, 9.75, 8.125, 10.125], "texture": "#1"},
				"west": {"uv": [8.25, 9.75, 8.625, 10.125], "texture": "#1"},
				"up": {"uv": [10.125, 8.875, 9.75, 8.5], "texture": "#1"},
				"down": {"uv": [9.125, 9.75, 8.75, 10.125], "texture": "#1"}
			}
		}
	],
	"display": {
		"thirdperson_righthand": {
			"translation": [0, -3.75, -0.75],
			"scale": [1.25, 1.25, -1.25]
		},
		"thirdperson_lefthand": {
			"translation": [0, -3.75, -0.75],
			"scale": [1.25, 1.25, -1.25]
		},
		"firstperson_righthand": {
			"rotation": [-157.31, -28.46, -159.33],
			"scale": [3, 3, 3]
		},
		"firstperson_lefthand": {
			"rotation": [-175.34, 4.68, -164.83],
			"scale": [3, 3, 3]
		},
		"ground": {
			"translation": [0, -4, 0],
			"scale": [2, 2, 2]
		},
		"gui": {
			"rotation": [30, 225, 0],
			"translation": [0, -2.25, 0],
			"scale": [3, 3, -3]
		},
		"head": {
			"rotation": [-54.75, 0, 0],
			"translation": [0, 9.75, 7.75],
			"scale": [4, 4, 4]
		},
		"fixed": {
			"rotation": [-30, 134, 0],
			"translation": [0, -2, 0],
			"scale": [3, 3, 3]
		}
	},
	"groups": [
		{
			"name": "root",
			"origin": [-0.5, 5, 0],
			"color": 0,
			"children": [
				{
					"name": "body",
					"origin": [8, 8, 8],
					"color": 0,
					"children": [
						{
							"name": "stinger",
							"origin": [0, 0, -0.5],
							"color": 0,
							"children": [0, 1, 2, 3]
						},
						{
							"name": "uppertorso",
							"origin": [8, 2, 8.25],
							"color": 0,
							"children": []
						},
						{
							"name": "head",
							"origin": [8, 8, 8],
							"color": 0,
							"children": []
						}
					]
				},
				{
					"name": "legs",
					"origin": [-0.5, 5, 0],
					"color": 0,
					"children": [
						{
							"name": "lowerpair",
							"origin": [0, 0, 0],
							"color": 0,
							"children": [
								{
									"name": "left",
									"origin": [0, 0, 0],
									"color": 0,
									"children": [
										{
											"name": "foot",
											"origin": [1, 1, 1],
											"color": 0,
											"children": []
										}
									]
								},
								{
									"name": "right",
									"origin": [0, 0, 0],
									"color": 0,
									"children": [
										{
											"name": "foot",
											"origin": [1, 1, 1],
											"color": 0,
											"children": []
										}
									]
								}
							]
						},
						{
							"name": "upperpair",
							"origin": [-0.5, 5, 0],
							"color": 0,
							"children": [
								{
									"name": "middle",
									"origin": [0, 0, 0],
									"color": 0,
									"children": [
										{
											"name": "left",
											"origin": [0, 0, 0],
											"color": 0,
											"children": []
										},
										{
											"name": "right",
											"origin": [0, 0, 0],
											"color": 0,
											"children": []
										}
									]
								},
								{
									"name": "main",
									"origin": [0, 0, 0],
									"color": 0,
									"children": [
										{
											"name": "left",
											"origin": [0, 0, 0],
											"color": 0,
											"children": []
										},
										{
											"name": "right",
											"origin": [0, 0, 0],
											"color": 0,
											"children": []
										}
									]
								}
							]
						}
					]
				},
				{
					"name": "wings",
					"origin": [-0.5, 5, 0],
					"color": 0,
					"children": [
						{
							"name": "frame1",
							"origin": [-0.5, 5, 0],
							"color": 0,
							"children": [
								{
									"name": "pair2",
									"origin": [0, 0, 0],
									"color": 0,
									"children": []
								},
								{
									"name": "pair1",
									"origin": [0, 0, 0],
									"color": 0,
									"children": []
								}
							]
						},
						{
							"name": "frame2",
							"origin": [-0.5, 5, 0],
							"color": 0,
							"children": [
								{
									"name": "pair2",
									"origin": [0, 0, 0],
									"color": 0,
									"children": []
								},
								{
									"name": "pair1",
									"origin": [0, 0, 0],
									"color": 0,
									"children": []
								}
							]
						}
					]
				}
			]
		}
	]
}