{
	"credit": "Made with Blockbench",
	"textures": {
		"0": "block/turtle_egg",
		"1": "block/spruce_log",
		"2": "block/spruce_log_top",
		"particle": "block/turtle_egg"
	},
	"elements": [
		{
			"from": [8, 1, 7.8],
			"to": [10.4, 5.4, 10.2],
			"rotation": {"angle": 0, "axis": "y", "origin": [4.8, 0, 4.8]},
			"faces": {
				"north": {"uv": [0, 11, 8, 15], "rotation": 90, "texture": "#0"},
				"east": {"uv": [0, 11, 8, 15], "rotation": 90, "texture": "#0"},
				"south": {"uv": [0, 11, 8, 15], "rotation": 90, "texture": "#0"},
				"west": {"uv": [0, 11, 8, 15], "rotation": 90, "texture": "#0"},
				"up": {"uv": [0, 0, 4, 4], "texture": "#0"},
				"down": {"uv": [0, 0, 4, 4], "texture": "#0"}
			}
		},
		{
			"from": [5, 0.8, 7.84],
			"to": [6.92, 4.32, 9.76],
			"rotation": {"angle": 0, "axis": "y", "origin": [5.44, 0, 5.44]},
			"faces": {
				"north": {"uv": [0, 11, 8, 15], "rotation": 90, "texture": "#0"},
				"east": {"uv": [0, 11, 8, 15], "rotation": 90, "texture": "#0"},
				"south": {"uv": [0, 11, 8, 15], "rotation": 90, "texture": "#0"},
				"west": {"uv": [0, 11, 8, 15], "rotation": 90, "texture": "#0"},
				"up": {"uv": [0, 0, 4, 4], "texture": "#0"},
				"down": {"uv": [0, 0, 4, 4], "texture": "#0"}
			}
		},
		{
			"from": [5, 0.9, 5.12],
			"to": [7.16, 4.86, 7.28],
			"rotation": {"angle": 0, "axis": "y", "origin": [5.12, 0, 5.12]},
			"faces": {
				"north": {"uv": [0, 11, 8, 15], "rotation": 90, "texture": "#0"},
				"east": {"uv": [0, 11, 8, 15], "rotation": 90, "texture": "#0"},
				"south": {"uv": [0, 11, 8, 15], "rotation": 90, "texture": "#0"},
				"west": {"uv": [0, 11, 8, 15], "rotation": 90, "texture": "#0"},
				"up": {"uv": [0, 0, 4, 4], "texture": "#0"},
				"down": {"uv": [0, 0, 4, 4], "texture": "#0"}
			}
		},
		{
			"from": [8, 0.75, 5.6],
			"to": [9.8, 4.05, 7.4],
			"rotation": {"angle": 0, "axis": "y", "origin": [5.6, 0, 5.6]},
			"faces": {
				"north": {"uv": [0, 11, 8, 15], "rotation": 90, "texture": "#0"},
				"east": {"uv": [0, 11, 8, 15], "rotation": 90, "texture": "#0"},
				"south": {"uv": [0, 11, 8, 15], "rotation": 90, "texture": "#0"},
				"west": {"uv": [0, 11, 8, 15], "rotation": 90, "texture": "#0"},
				"up": {"uv": [0, 0, 4, 4], "texture": "#0"},
				"down": {"uv": [0, 0, 4, 4], "texture": "#0"}
			}
		},
		{
			"from": [4, -6, 4],
			"to": [12, 2, 12],
			"faces": {
				"north": {"uv": [0, 0, 8, 8], "texture": "#1"},
				"east": {"uv": [0, 0, 8, 8], "texture": "#1"},
				"south": {"uv": [0, 0, 8, 8], "texture": "#1"},
				"west": {"uv": [0, 0, 8, 8], "texture": "#1"},
				"up": {"uv": [0, 0, 16, 16], "texture": "#2"},
				"down": {"uv": [0, 0, 16, 16], "texture": "#2"}
			}
		}
	],
	"display": {
		"thirdperson_righthand": {
			"translation": [0, 12, 0]
		},
		"thirdperson_lefthand": {
			"translation": [0, 12, 0]
		},
		"firstperson_righthand": {
			"translation": [0, 12, 0]
		},
		"firstperson_lefthand": {
			"translation": [0, 12, 0]
		},
		"ground": {
			"translation": [0, 11.75, 0]
		},
		"gui": {
			"rotation": [48, 48.5, 0],
			"translation": [0, 6.5, 0]
		},
		"head": {
			"translation": [0, 11, 0],
			"scale": [4, 4, 4]
		},
		"fixed": {
			"translation": [0, 72, 17],
			"scale": [4, 4, 4]
		}
	}
}