{
	"credit": "Made with Blockbench",
	"textures": {
		"2": "block/iron_block",
		"4": "block/redstone_block",
		"5": "krmc:krmc_items/od",
		"particle": "block/iron_bars"
	},
	"elements": [
		{
			"from": [5.7, 5.95, -0.75],
			"to": [10.3, 10.05, 2.25],
			"rotation": {"angle": 0, "axis": "y", "origin": [6.5, 6.5, -0.75]},
			"faces": {
				"north": {"uv": [0, 0, 16, 16], "texture": "#2"},
				"east": {"uv": [0, 0, 16, 16], "texture": "#2"},
				"south": {"uv": [0, 0, 16, 16], "texture": "#2"},
				"west": {"uv": [0, 0, 16, 16], "texture": "#2"},
				"up": {"uv": [0, 0, 16, 16], "texture": "#2"},
				"down": {"uv": [0, 0, 16, 16], "texture": "#2"}
			}
		},
		{
			"from": [5.7, 5.95, 13.75],
			"to": [10.3, 10.05, 16.75],
			"rotation": {"angle": 0, "axis": "y", "origin": [6.5, 6.5, 16.75]},
			"faces": {
				"north": {"uv": [16, 0, 0, 16], "texture": "#2"},
				"east": {"uv": [16, 0, 0, 16], "texture": "#2"},
				"south": {"uv": [16, 0, 0, 16], "texture": "#2"},
				"west": {"uv": [16, 0, 0, 16], "texture": "#2"},
				"up": {"uv": [0, 16, 16, 0], "texture": "#2"},
				"down": {"uv": [0, 16, 16, 0], "texture": "#2"}
			}
		},
		{
			"from": [7.2, 7.2, -2],
			"to": [8.8, 8.8, -0.5],
			"rotation": {"angle": 0, "axis": "y", "origin": [6.5, 6.25, -3.5]},
			"faces": {
				"north": {"uv": [0, 0, 16, 16], "texture": "#4"},
				"east": {"uv": [0, 0, 16, 16], "texture": "#4"},
				"south": {"uv": [0, 0, 16, 16], "texture": "#4"},
				"west": {"uv": [0, 0, 16, 16], "texture": "#4"},
				"up": {"uv": [0, 0, 16, 16], "texture": "#4"},
				"down": {"uv": [0, 0, 16, 16], "texture": "#4"}
			}
		},
		{
			"from": [6.7, 6.7, 16.5],
			"to": [9.3, 9.3, 19],
			"rotation": {"angle": 0, "axis": "y", "origin": [6.5, 6.25, 19.5]},
			"faces": {
				"north": {"uv": [16, 0, 0, 16], "texture": "#2"},
				"east": {"uv": [16, 0, 0, 16], "texture": "#2"},
				"south": {"uv": [16, 0, 0, 16], "texture": "#2"},
				"west": {"uv": [16, 0, 0, 16], "texture": "#2"},
				"up": {"uv": [0, 16, 16, 0], "texture": "#2"},
				"down": {"uv": [0, 16, 16, 0], "texture": "#2"}
			}
		},
		{
			"from": [10.25, 6, 2],
			"to": [10.25, 10, 14],
			"rotation": {"angle": 0, "axis": "y", "origin": [7.25, 6.5, 6.5]},
			"faces": {
				"north": {"uv": [0, 0, 16, 6], "texture": "#5"},
				"east": {"uv": [0, 0, 16, 6], "texture": "#5"},
				"south": {"uv": [0, 0, 16, 6], "texture": "#5"},
				"west": {"uv": [0, 0, 16, 6], "texture": "#5"},
				"up": {"uv": [0, 0, 16, 6], "texture": "#5"},
				"down": {"uv": [0, 0, 16, 6], "texture": "#5"}
			}
		},
		{
			"from": [5.75, 6, 2],
			"to": [5.75, 10, 14],
			"rotation": {"angle": 0, "axis": "y", "origin": [8.75, 6.5, 6.5]},
			"faces": {
				"north": {"uv": [0, 0, 0, 4], "texture": "#5"},
				"east": {"uv": [0, 0, 16, 6], "texture": "#5"},
				"south": {"uv": [0, 0, 0, 4], "texture": "#5"},
				"west": {"uv": [0, 0, 16, 6], "texture": "#5"},
				"up": {"uv": [0, 4, 0, 0], "texture": "#5"},
				"down": {"uv": [0, 0, 0, 4], "texture": "#5"}
			}
		},
		{
			"from": [5.75, 10, 2],
			"to": [10.25, 10, 14],
			"rotation": {"angle": 0, "axis": "z", "origin": [9.5, 6.5, 6.5]},
			"faces": {
				"north": {"uv": [0, 0, 16, 6], "rotation": 90, "texture": "#5"},
				"east": {"uv": [0, 0, 16, 6], "rotation": 90, "texture": "#5"},
				"south": {"uv": [0, 0, 16, 6], "rotation": 90, "texture": "#5"},
				"west": {"uv": [0, 0, 16, 6], "rotation": 90, "texture": "#5"},
				"up": {"uv": [0, 0, 16, 6], "rotation": 90, "texture": "#5"},
				"down": {"uv": [0, 0, 16, 6], "rotation": 90, "texture": "#5"}
			}
		},
		{
			"from": [5.75, 6, 2],
			"to": [10.25, 6, 14],
			"rotation": {"angle": 0, "axis": "y", "origin": [9.5, 9.5, 6.5]},
			"faces": {
				"north": {"uv": [0, 0, 16, 6], "rotation": 90, "texture": "#5"},
				"east": {"uv": [0, 0, 16, 6], "rotation": 90, "texture": "#5"},
				"south": {"uv": [0, 0, 16, 6], "rotation": 90, "texture": "#5"},
				"west": {"uv": [0, 0, 16, 6], "rotation": 90, "texture": "#5"},
				"up": {"uv": [0, 0, 16, 6], "rotation": 90, "texture": "#5"},
				"down": {"uv": [0, 0, 16, 6], "rotation": 90, "texture": "#5"}
			}
		}
	],
	"display": {
		"thirdperson_righthand": {
			"rotation": [90, 90, 0],
			"translation": [0, 1.5, 2.25],
			"scale": [0.75, 0.75, 0.75]
		},
		"thirdperson_lefthand": {
			"rotation": [90, 90, 0],
			"translation": [0, 1.5, 2.25],
			"scale": [0.75, 0.75, 0.75]
		},
		"firstperson_righthand": {
			"rotation": [0, 45, 0],
			"translation": [-3, 3.75, -2.75],
			"scale": [0.75, 0.75, 0.75]
		},
		"firstperson_lefthand": {
			"rotation": [0, 45, 0],
			"translation": [-3, 3.75, -2.75],
			"scale": [0.75, 0.75, 0.75]
		},
		"ground": {
			"translation": [0, -2.25, 0],
			"scale": [0.75, 0.75, 0.75]
		},
		"gui": {
			"rotation": [30, 225, 0]
		},
		"head": {
			"rotation": [90, 0, 0],
			"translation": [0, -7.75, 0],
			"scale": [2, 2, 2]
		},
		"fixed": {
			"rotation": [0, -90, 0],
			"translation": [-0.25, 0, -1.5]
		}
	}
}