{
	"credit": "Made with Blockbench",
	"textures": {
		"1": "block/redstone_block",
		"2": "block/cyan_concrete",
		"3": "block/blue_concrete",
		"4": "block/yellow_concrete",
		"6": "block/iron_block",
		"13": "painting/skeleton",
		"particle": "block/redstone_block"
	},
	"elements": [
		{
			"from": [0, 0, -8],
			"to": [16, 2, 8],
			"rotation": {"angle": 0, "axis": "y", "origin": [0, 0, -8]},
			"faces": {
				"north": {"uv": [0, 0, 16, 2], "texture": "#2"},
				"east": {"uv": [0, 0, 16, 2], "texture": "#2"},
				"south": {"uv": [0, 0, 16, 2], "texture": "#2"},
				"west": {"uv": [0, 0, 16, 2], "texture": "#2"},
				"up": {"uv": [0, 0, 16, 16], "texture": "#2"},
				"down": {"uv": [0, 0, 12, 16], "texture": "#2"}
			}
		},
		{
			"from": [0, 0, 8],
			"to": [16, 2, 24],
			"rotation": {"angle": 0, "axis": "y", "origin": [0, 0, 8]},
			"faces": {
				"north": {"uv": [0, 0, 16, 2], "texture": "#2"},
				"east": {"uv": [0, 0, 16, 2], "texture": "#2"},
				"south": {"uv": [0, 0, 16, 2], "texture": "#2"},
				"west": {"uv": [0, 0, 16, 2], "texture": "#2"},
				"up": {"uv": [0, 0, 16, 16], "texture": "#2"},
				"down": {"uv": [0, 0, 12, 16], "texture": "#2"}
			}
		},
		{
			"from": [8, 1, -5.5],
			"to": [10, 3, -3.5],
			"rotation": {"angle": 0, "axis": "y", "origin": [9.25, 2.25, -4.25]},
			"faces": {
				"north": {"uv": [0, 0, 16, 16], "texture": "#1"},
				"east": {"uv": [0, 0, 16, 16], "texture": "#1"},
				"south": {"uv": [0, 0, 16, 16], "texture": "#1"},
				"west": {"uv": [0, 0, 16, 16], "texture": "#1"},
				"up": {"uv": [0, 0, 16, 16], "texture": "#1"},
				"down": {"uv": [0, 0, 16, 16], "texture": "#1"}
			}
		},
		{
			"from": [3.75, 1, -5.5],
			"to": [5.75, 3, -3.5],
			"rotation": {"angle": 0, "axis": "y", "origin": [5, 2.25, -4.25]},
			"faces": {
				"north": {"uv": [0, 0, 16, 16], "texture": "#1"},
				"east": {"uv": [0, 0, 16, 16], "texture": "#1"},
				"south": {"uv": [0, 0, 16, 16], "texture": "#1"},
				"west": {"uv": [0, 0, 16, 16], "texture": "#1"},
				"up": {"uv": [0, 0, 16, 16], "texture": "#1"},
				"down": {"uv": [0, 0, 16, 16], "texture": "#1"}
			}
		},
		{
			"from": [6, 1, -3.25],
			"to": [8, 3, -1.25],
			"rotation": {"angle": 0, "axis": "y", "origin": [7.25, 2.25, -2]},
			"faces": {
				"north": {"uv": [0, 0, 16, 16], "texture": "#1"},
				"east": {"uv": [0, 0, 16, 16], "texture": "#1"},
				"south": {"uv": [0, 0, 16, 16], "texture": "#1"},
				"west": {"uv": [0, 0, 16, 16], "texture": "#1"},
				"up": {"uv": [0, 0, 16, 16], "texture": "#1"},
				"down": {"uv": [0, 0, 16, 16], "texture": "#1"}
			}
		},
		{
			"from": [4, 1, 18.25],
			"to": [6, 3, 20.25],
			"rotation": {"angle": 0, "axis": "y", "origin": [5.25, 2.25, 19]},
			"faces": {
				"north": {"uv": [16, 0, 0, 16], "texture": "#4"},
				"east": {"uv": [16, 0, 0, 16], "texture": "#4"},
				"south": {"uv": [16, 0, 0, 16], "texture": "#4"},
				"west": {"uv": [16, 0, 0, 16], "texture": "#4"},
				"up": {"uv": [0, 16, 16, 0], "texture": "#4"},
				"down": {"uv": [0, 16, 16, 0], "texture": "#4"}
			}
		},
		{
			"from": [6.5, 1, 20.75],
			"to": [8.5, 3, 22.75],
			"rotation": {"angle": 0, "axis": "y", "origin": [7.75, 2.25, 21.5]},
			"faces": {
				"north": {"uv": [16, 0, 0, 16], "texture": "#3"},
				"east": {"uv": [16, 0, 0, 16], "texture": "#3"},
				"south": {"uv": [16, 0, 0, 16], "texture": "#3"},
				"west": {"uv": [16, 0, 0, 16], "texture": "#3"},
				"up": {"uv": [0, 16, 16, 0], "texture": "#3"},
				"down": {"uv": [0, 16, 16, 0], "texture": "#3"}
			}
		},
		{
			"from": [13.5, 1, 21.75],
			"to": [15.5, 3, 22.75],
			"rotation": {"angle": 45, "axis": "y", "origin": [14.5, 2, 22.25]},
			"faces": {
				"north": {"uv": [16, 0, 0, 16], "texture": "#6"},
				"east": {"uv": [16, 0, 0, 16], "texture": "#6"},
				"south": {"uv": [16, 0, 0, 16], "texture": "#6"},
				"west": {"uv": [16, 0, 0, 16], "texture": "#6"},
				"up": {"uv": [0, 16, 16, 0], "texture": "#6"},
				"down": {"uv": [0, 16, 16, 0], "texture": "#6"}
			}
		},
		{
			"from": [14, 1, 21.25],
			"to": [15, 3, 23.25],
			"rotation": {"angle": 45, "axis": "y", "origin": [14.5, 2, 22.25]},
			"faces": {
				"north": {"uv": [16, 0, 0, 16], "texture": "#6"},
				"east": {"uv": [16, 0, 0, 16], "texture": "#6"},
				"south": {"uv": [16, 0, 0, 16], "texture": "#6"},
				"west": {"uv": [16, 0, 0, 16], "texture": "#6"},
				"up": {"uv": [0, 16, 16, 0], "rotation": 270, "texture": "#6"},
				"down": {"uv": [0, 16, 16, 0], "rotation": 90, "texture": "#6"}
			}
		},
		{
			"from": [0.5, 1, 21.75],
			"to": [2.5, 3, 22.75],
			"rotation": {"angle": -45, "axis": "y", "origin": [1.5, 2, 22.25]},
			"faces": {
				"north": {"uv": [0, 0, 16, 16], "texture": "#6"},
				"east": {"uv": [0, 0, 16, 16], "texture": "#6"},
				"south": {"uv": [0, 0, 16, 16], "texture": "#6"},
				"west": {"uv": [0, 0, 16, 16], "texture": "#6"},
				"up": {"uv": [16, 16, 0, 0], "texture": "#6"},
				"down": {"uv": [16, 16, 0, 0], "texture": "#6"}
			}
		},
		{
			"from": [1, 1, 21.25],
			"to": [2, 3, 23.25],
			"rotation": {"angle": -45, "axis": "y", "origin": [1.5, 2, 22.25]},
			"faces": {
				"north": {"uv": [0, 0, 16, 16], "texture": "#6"},
				"east": {"uv": [0, 0, 16, 16], "texture": "#6"},
				"south": {"uv": [0, 0, 16, 16], "texture": "#6"},
				"west": {"uv": [0, 0, 16, 16], "texture": "#6"},
				"up": {"uv": [0, 0, 16, 16], "rotation": 270, "texture": "#6"},
				"down": {"uv": [0, 0, 16, 16], "rotation": 90, "texture": "#6"}
			}
		},
		{
			"from": [13.5, 1, -6.75],
			"to": [15.5, 3, -5.75],
			"rotation": {"angle": -45, "axis": "y", "origin": [14.5, 2, -6.25]},
			"faces": {
				"north": {"uv": [0, 0, 16, 16], "texture": "#6"},
				"east": {"uv": [0, 0, 16, 16], "texture": "#6"},
				"south": {"uv": [0, 0, 16, 16], "texture": "#6"},
				"west": {"uv": [0, 0, 16, 16], "texture": "#6"},
				"up": {"uv": [0, 0, 16, 16], "texture": "#6"},
				"down": {"uv": [0, 0, 16, 16], "texture": "#6"}
			}
		},
		{
			"from": [14, 1, -7.25],
			"to": [15, 3, -5.25],
			"rotation": {"angle": -45, "axis": "y", "origin": [14.5, 2, -6.25]},
			"faces": {
				"north": {"uv": [0, 0, 16, 16], "texture": "#6"},
				"east": {"uv": [0, 0, 16, 16], "texture": "#6"},
				"south": {"uv": [0, 0, 16, 16], "texture": "#6"},
				"west": {"uv": [0, 0, 16, 16], "texture": "#6"},
				"up": {"uv": [16, 16, 0, 0], "rotation": 270, "texture": "#6"},
				"down": {"uv": [16, 16, 0, 0], "rotation": 90, "texture": "#6"}
			}
		},
		{
			"from": [0.5, 1, -6.75],
			"to": [2.5, 3, -5.75],
			"rotation": {"angle": 45, "axis": "y", "origin": [1.5, 2, -6.25]},
			"faces": {
				"north": {"uv": [16, 0, 0, 16], "texture": "#6"},
				"east": {"uv": [16, 0, 0, 16], "texture": "#6"},
				"south": {"uv": [16, 0, 0, 16], "texture": "#6"},
				"west": {"uv": [16, 0, 0, 16], "texture": "#6"},
				"up": {"uv": [16, 0, 0, 16], "texture": "#6"},
				"down": {"uv": [16, 0, 0, 16], "texture": "#6"}
			}
		},
		{
			"from": [1, 1, -7.25],
			"to": [2, 3, -5.25],
			"rotation": {"angle": 45, "axis": "y", "origin": [1.5, 2, -6.25]},
			"faces": {
				"north": {"uv": [16, 0, 0, 16], "texture": "#6"},
				"east": {"uv": [16, 0, 0, 16], "texture": "#6"},
				"south": {"uv": [16, 0, 0, 16], "texture": "#6"},
				"west": {"uv": [16, 0, 0, 16], "texture": "#6"},
				"up": {"uv": [16, 0, 0, 16], "rotation": 270, "texture": "#6"},
				"down": {"uv": [16, 0, 0, 16], "rotation": 90, "texture": "#6"}
			}
		},
		{
			"from": [6, 1, -7.75],
			"to": [8, 3, -5.75],
			"rotation": {"angle": 0, "axis": "y", "origin": [7.25, 2.25, -6.5]},
			"faces": {
				"north": {"uv": [0, 0, 16, 16], "texture": "#1"},
				"east": {"uv": [0, 0, 16, 16], "texture": "#1"},
				"south": {"uv": [0, 0, 16, 16], "texture": "#1"},
				"west": {"uv": [0, 0, 16, 16], "texture": "#1"},
				"up": {"uv": [0, 0, 16, 16], "texture": "#1"},
				"down": {"uv": [0, 0, 16, 16], "texture": "#1"}
			}
		},
		{
			"from": [4, 2.1, -1],
			"to": [15, 2.1, 17],
			"rotation": {"angle": 0, "axis": "y", "origin": [-1, 0, 0]},
			"faces": {
				"north": {"uv": [0, 0, 10, 16], "texture": "#13"},
				"east": {"uv": [0, 0, 10, 16], "texture": "#13"},
				"south": {"uv": [0, 0, 10, 16], "texture": "#13"},
				"west": {"uv": [0, 0, 10, 16], "texture": "#13"},
				"up": {"uv": [0, 0, 16, 16], "rotation": 90, "texture": "#13"},
				"down": {"uv": [0, 0, 16, 16], "rotation": 90, "texture": "#13"}
			}
		}
	],
	"display": {
		"thirdperson_righthand": {
			"rotation": [90, 90, 0],
			"translation": [0, 1.25, 2.25],
			"scale": [0.25, 0.25, 0.25]
		},
		"thirdperson_lefthand": {
			"rotation": [90, 90, 0],
			"translation": [0, 1.25, 2.25],
			"scale": [0.25, 0.25, 0.25]
		},
		"firstperson_righthand": {
			"rotation": [90, 90, 0],
			"translation": [0, 2.75, 2.25],
			"scale": [0.25, 0.25, 0.25]
		},
		"firstperson_lefthand": {
			"rotation": [90, 90, 0],
			"translation": [0, 2.75, 2.25],
			"scale": [0.25, 0.25, 0.25]
		},
		"ground": {
			"translation": [0, 3, 0],
			"scale": [0.25, 0.25, 0.25]
		},
		"gui": {
			"rotation": [50, 111.5, 0],
			"translation": [0, 2.25, -3.5],
			"scale": [0.5, 0.5, 0.5]
		},
		"head": {
			"rotation": [0, 180, 0],
			"translation": [0, 13, 7]
		},
		"fixed": {
			"rotation": [-90, 90, 0],
			"translation": [0, 0, -3.5],
			"scale": [0.5, 0.5, 0.5]
		}
	},
	"groups": [
		0,
		1,
		2,
		3,
		4,
		5,
		6,
		{
			"name": "bolts",
			"origin": [14.75, 2.25, 22.5],
			"color": 0,
			"children": [
				{
					"name": "1",
					"origin": [14.75, 2.25, 22.5],
					"color": 0,
					"children": [7, 8]
				},
				{
					"name": "2",
					"origin": [14.75, 2.25, 22.5],
					"color": 0,
					"children": [9, 10]
				},
				{
					"name": "3",
					"origin": [14.75, 2.25, 22.5],
					"color": 0,
					"children": [11, 12]
				},
				{
					"name": "4",
					"origin": [14.75, 2.25, 22.5],
					"color": 0,
					"children": [13, 14]
				}
			]
		},
		15,
		16
	]
}