{
	"credit": "Made with Blockbench",
	"texture_size": [80, 80],
	"textures": {
		"1": "block/crafting_table_front",
		"2": "krmc:krmc_mobs/giraffatitan",
		"3": "block/crafting_table_side",
		"4": "block/crafting_table_top",
		"5": "block/oak_planks",
		"particle": "krmc:krmc_mobs/giraffatitan"
	},
	"elements": [
		{
			"name": "tail",
			"from": [5.93243, 6.6163, 17.50083],
			"to": [10.06757, 11.95275, 22.43684],
			"rotation": {"angle": 0, "axis": "y", "origin": [-3.02702, -4.17426, -30.00016]},
			"faces": {
				"north": {"uv": [12.8, 4.8, 13.6, 5.9], "texture": "#2"},
				"east": {"uv": [5.4, 11.4, 6.4, 12.5], "texture": "#2"},
				"south": {"uv": [12.8, 8.2, 13.6, 9.3], "texture": "#2"},
				"west": {"uv": [6.4, 11.4, 7.4, 12.5], "texture": "#2"},
				"up": {"uv": [1.6, 14, 0.8, 13], "texture": "#2"},
				"down": {"uv": [13.8, 0.8, 13, 1.8], "texture": "#2"}
			}
		},
		{
			"name": "tail",
			"from": [6.22118, 7.95324, 22.43684],
			"to": [9.77882, 11.51087, 29.90623],
			"rotation": {"angle": 0, "axis": "y", "origin": [-3.42745, -4.17426, -30.00016]},
			"faces": {
				"north": {"uv": [5.4, 14, 6.1, 14.7], "texture": "#2"},
				"east": {"uv": [11.6, 11, 13.1, 11.7], "texture": "#2"},
				"south": {"uv": [14, 10.2, 14.7, 10.9], "texture": "#2"},
				"west": {"uv": [11.8, 0, 13.3, 0.7], "texture": "#2"},
				"up": {"uv": [8.1, 12.9, 7.4, 11.4], "texture": "#2"},
				"down": {"uv": [3.7, 11.8, 3, 13.3], "texture": "#2"}
			}
		},
		{
			"name": "tail",
			"from": [5.24325, 6.20279, 11.98732],
			"to": [10.75675, 12.22843, 17.50083],
			"rotation": {"angle": 0, "axis": "y", "origin": [-3.02702, -4.17426, -30.00016]},
			"faces": {
				"north": {"uv": [3, 10.6, 4.1, 11.8], "texture": "#2"},
				"east": {"uv": [4.2, 10.6, 5.3, 11.8], "texture": "#2"},
				"south": {"uv": [10.8, 6.2, 11.9, 7.4], "texture": "#2"},
				"west": {"uv": [10.8, 7.4, 11.9, 8.6], "texture": "#2"},
				"up": {"uv": [11.9, 9.7, 10.8, 8.6], "texture": "#2"},
				"down": {"uv": [11.9, 9.8, 10.8, 10.9], "texture": "#2"}
			}
		},
		{
			"name": "head",
			"from": [6.70063, 28.67355, -12.74763],
			"to": [9.29938, 31.99648, -7.54551],
			"rotation": {"angle": 22.5, "axis": "x", "origin": [8, 30.59489, -10.0022]},
			"faces": {
				"north": {"uv": [9, 14.6, 9.5, 15.3], "texture": "#2"},
				"east": {"uv": [13.8, 1.8, 14.8, 2.5], "texture": "#2"},
				"south": {"uv": [14.6, 9.4, 15.1, 10.1], "texture": "#2"},
				"west": {"uv": [13.8, 2.6, 14.8, 3.3], "texture": "#2"},
				"up": {"uv": [1.9, 15, 1.4, 14], "texture": "#2"},
				"down": {"uv": [5.3, 14, 4.8, 15], "texture": "#2"}
			}
		},
		{
			"name": "head",
			"from": [6.68088, 26.25382, -14.69219],
			"to": [9.31913, 29.96484, -12.04147],
			"rotation": {"angle": 0, "axis": "y", "origin": [8, 13.07451, -1.65062]},
			"faces": {
				"north": {"uv": [12.2, 14, 12.9, 14.7], "texture": "#2"},
				"east": {"uv": [9.6, 14.6, 10.1, 15.3], "texture": "#2"},
				"south": {"uv": [13, 14, 13.7, 14.7], "texture": "#2"},
				"west": {"uv": [10.2, 14.6, 10.7, 15.3], "texture": "#2"},
				"up": {"uv": [15.3, 13.1, 14.6, 12.6], "texture": "#2"},
				"down": {"uv": [15.5, 1.4, 14.8, 1.9], "texture": "#2"}
			}
		},
		{
			"name": "eyes",
			"from": [6.18088, 26.25382, -12.04147],
			"to": [9.81913, 30.6254, -7.27016],
			"rotation": {"angle": 0, "axis": "y", "origin": [8, 13.07451, -1.65062]},
			"faces": {
				"north": {"uv": [13.8, 7, 14.5, 7.9], "texture": "#2"},
				"east": {"uv": [3.8, 12.8, 4.8, 13.7], "texture": "#2"},
				"south": {"uv": [8.2, 13.8, 8.9, 14.7], "texture": "#2"},
				"west": {"uv": [12.8, 3.8, 13.8, 4.7], "texture": "#2"},
				"up": {"uv": [3.9, 14.8, 3.2, 13.8], "texture": "#2"},
				"down": {"uv": [14.5, 3.4, 13.8, 4.4], "texture": "#2"}
			}
		},
		{
			"name": "neck",
			"from": [4.10188, 8.93938, -4.95873],
			"to": [11.89813, 18.58802, 2.83752],
			"rotation": {"angle": -22.5, "axis": "x", "origin": [8, 13.07451, -1.65062]},
			"faces": {
				"north": {"uv": [0, 6.8, 1.6, 8.7], "texture": "#2"},
				"east": {"uv": [3.2, 6.8, 1.6, 8.7], "texture": "#2"},
				"south": {"uv": [3.2, 6.8, 4.8, 8.7], "texture": "#2"},
				"west": {"uv": [8.4, 4, 6.8, 5.9], "texture": "#2"},
				"up": {"uv": [10, 4.8, 8.4, 3.2], "texture": "#2"},
				"down": {"uv": [10, 4.8, 8.4, 6.4], "texture": "#2"}
			}
		},
		{
			"name": "neck",
			"from": [4.96812, 18.58802, -4.26954],
			"to": [11.03188, 26.85828, 1.79421],
			"rotation": {"angle": -22.5, "axis": "x", "origin": [8.17325, 13.07451, -1.65062]},
			"faces": {
				"north": {"uv": [4.8, 8.8, 6, 10.5], "texture": "#2"},
				"east": {"uv": [6, 9.6, 7.2, 11.3], "texture": "#2"},
				"south": {"uv": [9.6, 6.4, 10.8, 8.1], "texture": "#2"},
				"west": {"uv": [7.2, 9.6, 8.4, 11.3], "texture": "#2"},
				"up": {"uv": [11.2, 3.6, 10, 2.4], "texture": "#2"},
				"down": {"uv": [11.2, 3.6, 10, 4.8], "texture": "#2"}
			}
		},
		{
			"name": "neck",
			"from": [5.42429, 24.32244, 1.68363],
			"to": [10.57571, 29.09374, 6.83505],
			"rotation": {"angle": -45, "axis": "x", "origin": [7.76317, 13.07451, -1.65062]},
			"faces": {
				"north": {"uv": [1, 12, 2, 13], "texture": "#2"},
				"east": {"uv": [12, 1.8, 13, 2.8], "texture": "#2"},
				"south": {"uv": [2, 12, 3, 13], "texture": "#2"},
				"west": {"uv": [12, 2.8, 13, 3.8], "texture": "#2"},
				"up": {"uv": [13, 7.2, 12, 6.2], "texture": "#2"},
				"down": {"uv": [13, 7.2, 12, 8.2], "texture": "#2"}
			}
		},
		{
			"name": "leg",
			"from": [-1.51351, -1.41751, -0.811],
			"to": [1.93243, 4.096, 2.63495],
			"rotation": {"angle": 0, "axis": "y", "origin": [-7.02702, -4.17426, -27.00016]},
			"faces": {
				"north": {"uv": [13, 7, 13.7, 8.1], "texture": "#2"},
				"east": {"uv": [7.4, 13, 8.1, 14.1], "texture": "#2"},
				"south": {"uv": [13, 12.8, 13.7, 13.9], "texture": "#2"},
				"west": {"uv": [13.2, 10.6, 13.9, 11.7], "texture": "#2"},
				"up": {"uv": [0.7, 14.9, 0, 14.2], "texture": "#2"},
				"down": {"uv": [7.9, 14.2, 7.2, 14.9], "texture": "#2"}
			}
		},
		{
			"name": "leg",
			"from": [-1.8581, 4.096, -2.18937],
			"to": [2.27703, 10.98789, 3.32413],
			"rotation": {"angle": 0, "axis": "y", "origin": [-7.02702, -4.17426, -27.00016]},
			"faces": {
				"north": {"uv": [11, 0, 11.8, 1.4], "texture": "#2"},
				"east": {"uv": [8.4, 6.4, 9.5, 7.8], "texture": "#2"},
				"south": {"uv": [11, 4.8, 11.8, 6.2], "texture": "#2"},
				"west": {"uv": [9.6, 8.2, 10.7, 9.6], "texture": "#2"},
				"up": {"uv": [13.6, 10.5, 12.8, 9.4], "texture": "#2"},
				"down": {"uv": [12.2, 12.8, 11.4, 13.9], "texture": "#2"}
			}
		},
		{
			"name": "leg",
			"from": [-1.51351, -4.17426, -0.811],
			"to": [1.93243, -1.41751, 0.56738],
			"rotation": {"angle": 0, "axis": "y", "origin": [-7.02702, -4.17426, -27.00016]},
			"faces": {
				"north": {"uv": [14.4, 8.8, 15.1, 9.4], "texture": "#2"},
				"east": {"uv": [6, 8.8, 6.3, 9.4], "texture": "#2"},
				"south": {"uv": [14.4, 14.4, 15.1, 15], "texture": "#2"},
				"west": {"uv": [11.2, 4.2, 11.5, 4.8], "texture": "#2"},
				"up": {"uv": [3.5, 15.1, 2.8, 14.8], "texture": "#2"},
				"down": {"uv": [15.5, 2.8, 14.8, 3.1], "texture": "#2"}
			}
		},
		{
			"name": "leg",
			"from": [-1.51351, -4.17426, 0.56738],
			"to": [-0.13513, -1.41751, 2.63495],
			"rotation": {"angle": 0, "axis": "y", "origin": [-7.02702, -4.17426, -27.00016]},
			"faces": {
				"north": {"uv": [2, 14, 2.3, 14.6], "texture": "#2"},
				"east": {"uv": [6.4, 4, 6.8, 4.6], "texture": "#2"},
				"south": {"uv": [10.8, 14.6, 11.1, 15.2], "texture": "#2"},
				"west": {"uv": [6.4, 6.8, 6.8, 7.4], "texture": "#2"},
				"up": {"uv": [13.1, 11, 12.8, 10.6], "texture": "#2"},
				"down": {"uv": [2.7, 13, 2.4, 13.4], "texture": "#2"}
			}
		},
		{
			"name": "leg",
			"from": [1.915, -4.17426, -0.68978],
			"to": [2.89294, -2.65001, 0.6886],
			"rotation": {"angle": 0, "axis": "y", "origin": [1.24325, -2.79588, -1.15559]},
			"faces": {
				"north": {"uv": [9.2, 7.8, 9.4, 8], "texture": "#2"},
				"east": {"uv": [6.4, 4.6, 6.7, 4.8], "texture": "#2"},
				"south": {"uv": [6, 9.4, 6.2, 9.6], "texture": "#2"},
				"west": {"uv": [8, 3.8, 8.3, 4], "texture": "#2"},
				"up": {"uv": [10, 2.7, 9.8, 2.4], "texture": "#2"},
				"down": {"uv": [10, 2.8, 9.8, 3.1], "texture": "#2"}
			}
		},
		{
			"name": "leg",
			"from": [0.48649, -3.82967, 8.47382],
			"to": [3.93243, 2.71762, 11.91976],
			"rotation": {"angle": 0, "axis": "y", "origin": [-5.02702, -4.17426, -28.00016]},
			"faces": {
				"north": {"uv": [12, 8.2, 12.7, 9.5], "texture": "#2"},
				"east": {"uv": [12, 9.6, 12.7, 10.9], "texture": "#2"},
				"south": {"uv": [8.2, 12.4, 8.9, 13.7], "texture": "#2"},
				"west": {"uv": [9, 12.4, 9.7, 13.7], "texture": "#2"},
				"up": {"uv": [15.1, 0.7, 14.4, 0], "texture": "#2"},
				"down": {"uv": [15.1, 4.4, 14.4, 5.1], "texture": "#2"}
			}
		},
		{
			"name": "leg",
			"from": [0.1419, 2.71762, 7.78463],
			"to": [4.27703, 9.60951, 12.60895],
			"rotation": {"angle": 0, "axis": "y", "origin": [-5.02702, -4.17426, -28.00016]},
			"faces": {
				"north": {"uv": [8.4, 11, 9.2, 12.4], "texture": "#2"},
				"east": {"uv": [10, 4.8, 11, 6.2], "texture": "#2"},
				"south": {"uv": [9.2, 11, 10, 12.4], "texture": "#2"},
				"west": {"uv": [0, 10.6, 1, 12], "texture": "#2"},
				"up": {"uv": [2.4, 14, 1.6, 13], "texture": "#2"},
				"down": {"uv": [13.8, 1.8, 13, 2.8], "texture": "#2"}
			}
		},
		{
			"name": "leg",
			"from": [-0.44513, -4.17426, 7.44003],
			"to": [3.58784, -2.79588, 11.12841],
			"rotation": {"angle": 0, "axis": "y", "origin": [-5.02702, -4.17426, -28.00016]},
			"faces": {
				"north": {"uv": [12, 3.8, 12.8, 4.1], "texture": "#2"},
				"east": {"uv": [3.6, 14.8, 4.3, 15.1], "texture": "#2"},
				"south": {"uv": [14.6, 13.2, 15.4, 13.5], "texture": "#2"},
				"west": {"uv": [5.4, 14.8, 6.1, 15.1], "texture": "#2"},
				"up": {"uv": [9.8, 14.5, 9, 13.8], "texture": "#2"},
				"down": {"uv": [10.6, 13.8, 9.8, 14.5], "texture": "#2"}
			}
		},
		{
			"name": "leg",
			"from": [14.06757, -1.41751, -0.811],
			"to": [17.51351, 4.096, 2.63495],
			"rotation": {"angle": 0, "axis": "y", "origin": [23.02702, -4.17426, -27.00016]},
			"faces": {
				"north": {"uv": [2.4, 13.4, 3.1, 14.5], "texture": "#2"},
				"east": {"uv": [13.6, 4.8, 14.3, 5.9], "texture": "#2"},
				"south": {"uv": [6.4, 13.6, 7.1, 14.7], "texture": "#2"},
				"west": {"uv": [13.6, 8.2, 14.3, 9.3], "texture": "#2"},
				"up": {"uv": [15.1, 5.9, 14.4, 5.2], "texture": "#2"},
				"down": {"uv": [15.1, 8, 14.4, 8.7], "texture": "#2"}
			}
		},
		{
			"name": "leg",
			"from": [13.72297, 4.096, -2.18937],
			"to": [17.8581, 10.98789, 3.32413],
			"rotation": {"angle": 0, "axis": "y", "origin": [23.02702, -4.17426, -27.00016]},
			"faces": {
				"north": {"uv": [10, 11, 10.8, 12.4], "texture": "#2"},
				"east": {"uv": [8.4, 9.6, 9.5, 11], "texture": "#2"},
				"south": {"uv": [10.8, 11, 11.6, 12.4], "texture": "#2"},
				"west": {"uv": [9.6, 9.6, 10.7, 11], "texture": "#2"},
				"up": {"uv": [13, 13.9, 12.2, 12.8], "texture": "#2"},
				"down": {"uv": [0.8, 13, 0, 14.1], "texture": "#2"}
			}
		},
		{
			"name": "leg",
			"from": [14.06757, -4.17426, -0.811],
			"to": [17.51351, -1.41751, 0.56738],
			"rotation": {"angle": 0, "axis": "y", "origin": [23.02702, -4.17426, -27.00016]},
			"faces": {
				"north": {"uv": [14.6, 0.8, 15.3, 1.4], "texture": "#2"},
				"east": {"uv": [13.8, 14.6, 14.1, 15.2], "texture": "#2"},
				"south": {"uv": [2, 14.6, 2.7, 15.2], "texture": "#2"},
				"west": {"uv": [4.4, 14.8, 4.7, 15.4], "texture": "#2"},
				"up": {"uv": [6.9, 15.1, 6.2, 14.8], "texture": "#2"},
				"down": {"uv": [8.7, 14.8, 8, 15.1], "texture": "#2"}
			}
		},
		{
			"name": "leg",
			"from": [16.13513, -4.17426, 0.56738],
			"to": [17.51351, -1.41751, 2.63495],
			"rotation": {"angle": 0, "axis": "y", "origin": [23.02702, -4.17426, -27.00016]},
			"faces": {
				"north": {"uv": [14.8, 11, 15.1, 11.6], "texture": "#2"},
				"east": {"uv": [6.4, 7.4, 6.8, 8], "texture": "#2"},
				"south": {"uv": [11.2, 14.8, 11.5, 15.4], "texture": "#2"},
				"west": {"uv": [8, 3.2, 8.4, 3.8], "texture": "#2"},
				"up": {"uv": [3.5, 13.8, 3.2, 13.4], "texture": "#2"},
				"down": {"uv": [13.9, 10.2, 13.6, 10.6], "texture": "#2"}
			}
		},
		{
			"name": "leg",
			"from": [13.1071, -4.17426, -0.68978],
			"to": [14.08504, -2.65001, 0.6886],
			"rotation": {"angle": 0, "axis": "y", "origin": [14.75675, -2.79588, -1.15559]},
			"faces": {
				"north": {"uv": [6.2, 9.4, 6.4, 9.6], "texture": "#2"},
				"east": {"uv": [8.4, 7.8, 8.7, 8], "texture": "#2"},
				"south": {"uv": [9.4, 7.8, 9.6, 8], "texture": "#2"},
				"west": {"uv": [8.8, 7.8, 9.1, 8], "texture": "#2"},
				"up": {"uv": [11.2, 1.7, 11, 1.4], "texture": "#2"},
				"down": {"uv": [11.2, 1.8, 11, 2.1], "texture": "#2"}
			}
		},
		{
			"name": "leg",
			"from": [12.06757, -3.82967, 8.47382],
			"to": [15.51351, 2.71762, 11.91976],
			"rotation": {"angle": 0, "axis": "y", "origin": [21.02702, -4.17426, -28.00016]},
			"faces": {
				"north": {"uv": [9.8, 12.4, 10.5, 13.7], "texture": "#2"},
				"east": {"uv": [10.6, 12.4, 11.3, 13.7], "texture": "#2"},
				"south": {"uv": [4.8, 12.6, 5.5, 13.9], "texture": "#2"},
				"west": {"uv": [5.6, 12.6, 6.3, 13.9], "texture": "#2"},
				"up": {"uv": [15.1, 12.5, 14.4, 11.8], "texture": "#2"},
				"down": {"uv": [15.1, 13.6, 14.4, 14.3], "texture": "#2"}
			}
		},
		{
			"name": "leg",
			"from": [11.72297, 2.71762, 7.78463],
			"to": [15.8581, 9.60951, 12.60895],
			"rotation": {"angle": 0, "axis": "y", "origin": [21.02702, -4.17426, -28.00016]},
			"faces": {
				"north": {"uv": [11.2, 1.4, 12, 2.8], "texture": "#2"},
				"east": {"uv": [1, 10.6, 2, 12], "texture": "#2"},
				"south": {"uv": [11.2, 2.8, 12, 4.2], "texture": "#2"},
				"west": {"uv": [2, 10.6, 3, 12], "texture": "#2"},
				"up": {"uv": [13.8, 3.8, 13, 2.8], "texture": "#2"},
				"down": {"uv": [13.8, 6, 13, 7], "texture": "#2"}
			}
		},
		{
			"name": "leg",
			"from": [12.41216, -4.17426, 7.44003],
			"to": [16.44513, -2.79588, 11.12841],
			"rotation": {"angle": 0, "axis": "y", "origin": [21.02702, -4.17426, -28.00016]},
			"faces": {
				"north": {"uv": [14.8, 2, 15.6, 2.3], "texture": "#2"},
				"east": {"uv": [14.8, 10.2, 15.5, 10.5], "texture": "#2"},
				"south": {"uv": [14.8, 2.4, 15.6, 2.7], "texture": "#2"},
				"west": {"uv": [14.8, 10.6, 15.5, 10.9], "texture": "#2"},
				"up": {"uv": [11.4, 14.5, 10.6, 13.8], "texture": "#2"},
				"down": {"uv": [14.6, 12.8, 13.8, 13.5], "texture": "#2"}
			}
		},
		{
			"name": "body",
			"from": [0.5, 3.17981, -3.00912],
			"to": [15.5, 18.17981, 11.99088],
			"rotation": {"angle": 0, "axis": "y", "origin": [-9.83783, -7.26139, -53.75024]},
			"faces": {
				"north": {"uv": [16, 0, 0, 16], "texture": "#1"},
				"east": {"uv": [16, 0, 0, 16], "texture": "#3"},
				"south": {"uv": [16, 0, 0, 16], "texture": "#1"},
				"west": {"uv": [16, 0, 0, 16], "texture": "#3"},
				"up": {"uv": [16, 16, 0, 0], "texture": "#4"},
				"down": {"uv": [16, 16, 0, 0], "texture": "#5"}
			}
		}
	],
	"display": {
		"thirdperson_righthand": {
			"rotation": [75, 45, 0],
			"translation": [0, 2.5, 0],
			"scale": [0.375, 0.375, 0.375]
		},
		"thirdperson_lefthand": {
			"rotation": [75, 45, 0],
			"translation": [0, 2.5, 0],
			"scale": [0.375, 0.375, 0.375]
		},
		"firstperson_righthand": {
			"rotation": [0, 45, 0],
			"scale": [0.4, 0.4, 0.4]
		},
		"firstperson_lefthand": {
			"rotation": [0, 225, 0],
			"scale": [0.4, 0.4, -0.4]
		},
		"ground": {
			"translation": [0, 3, 0],
			"scale": [0.25, 0.25, 0.25]
		},
		"gui": {
			"rotation": [30, 225, 0],
			"translation": [-1.5, -0.75, 0],
			"scale": [0.625, 0.625, 0.625]
		},
		"head": {
			"translation": [-1.5, -20.65, 6],
			"scale": [2, 2, 2]
		},
		"fixed": {
			"translation": [0, 48, 33.5],
			"scale": [4, 4, 4]
		}
	},
	"groups": [
		{
			"name": "body",
			"origin": [8, 3.00674, 8.30294],
			"color": 0,
			"children": [
				{
					"name": "tail",
					"origin": [8, 3.00674, 8.30294],
					"color": 0,
					"children": [0, 1, 2]
				},
				{
					"name": "head_male",
					"origin": [8, 3.00674, 8.30294],
					"color": 0,
					"children": [
						{
							"name": "skull",
							"origin": [8, 3.00674, 8.30294],
							"color": 0,
							"children": [3, 4, 5]
						},
						6,
						7,
						8
					]
				},
				{
					"name": "legs",
					"origin": [8, 3.00674, 8.30294],
					"color": 0,
					"children": [
						{
							"name": "1",
							"origin": [8, 3.00674, 8.30294],
							"color": 0,
							"children": [9, 10, 11, 12, 13]
						},
						{
							"name": "2",
							"origin": [8, 3.00674, 8.30294],
							"color": 0,
							"children": [14, 15, 16]
						},
						{
							"name": "3",
							"origin": [8, 3.00674, 8.30294],
							"color": 0,
							"children": [17, 18, 19, 20, 21]
						},
						{
							"name": "4",
							"origin": [8, 3.00674, 8.30294],
							"color": 0,
							"children": [22, 23, 24]
						}
					]
				},
				25
			]
		}
	]
}