{
	"credit": "Made with Blockbench",
	"texture_size": [128, 128],
	"textures": {
		"0": "krmc:krmc_mobs/deinocheirus",
		"particle": "krmc:krmc_mobs/haasts_eagle",
		"2_2": "krmc:krmc_mobs/haasts_eagle",
		"1_0": "krmc:krmc_items/lead_knot"
	},
	"elements": [
		{
			"name": "claw",
			"from": [5.31268, -0.87044, -2.14549],
			"to": [5.31268, 6.7233, 9.47951],
			"shade": false,
			"rotation": {"angle": 0, "axis": "x", "origin": [7, 4.99617, 7.21691]},
			"faces": {
				"north": {"uv": [0, 0.25, 0, 0], "texture": "#0"},
				"east": {"uv": [0.25, 16, 0, 15.4375], "rotation": 90, "texture": "#0"},
				"south": {"uv": [0, 0.25, 0, 0], "texture": "#0"},
				"west": {"uv": [0.25, 15.4375, 0, 16], "rotation": 90, "texture": "#0"},
				"up": {"uv": [0, 0, 0.375, 0], "rotation": 90, "texture": "#0"},
				"down": {"uv": [0, 0, 0.375, 0], "rotation": 270, "texture": "#0"}
			}
		},
		{
			"name": "claw",
			"from": [10.68732, -0.75082, -5.04033],
			"to": [10.68732, 6.84296, 11.83467],
			"shade": false,
			"rotation": {"angle": 0, "axis": "x", "origin": [9, 0.24617, 5.46691]},
			"faces": {
				"north": {"uv": [0, 0, 0.25, 0], "rotation": 270, "texture": "#0"},
				"east": {"uv": [0.25, 16, 0, 15.4375], "rotation": 90, "texture": "#0"},
				"south": {"uv": [0, 0, 0.25, 0], "rotation": 270, "texture": "#0"},
				"west": {"uv": [0, 16, 0.25, 15.4375], "rotation": 270, "texture": "#0"},
				"up": {"uv": [0, 0.5625, 0, 0], "texture": "#0"},
				"down": {"uv": [0, 0.5625, 0, 0], "rotation": 180, "texture": "#0"}
			}
		},
		{
			"name": "claw",
			"from": [8, -0.79237, -4.92071],
			"to": [8, 6.80136, 11.95429],
			"shade": false,
			"rotation": {"angle": 0, "axis": "z", "origin": [8, 3.74617, 5.96691]},
			"faces": {
				"north": {"uv": [0, 0.25, 0, 0], "texture": "#0"},
				"east": {"uv": [0.25, 16, 0, 15.4375], "rotation": 90, "texture": "#0"},
				"south": {"uv": [0, 0.25, 0, 0], "texture": "#0"},
				"west": {"uv": [0.25, 15.4375, 0, 16], "rotation": 90, "texture": "#0"},
				"up": {"uv": [0, 0, 0.5625, 0], "rotation": 90, "texture": "#0"},
				"down": {"uv": [0, 0, 0.5625, 0], "rotation": 270, "texture": "#0"}
			}
		},
		{
			"from": [4, -3.8, 4.3],
			"to": [12, 4.2, 14.7],
			"rotation": {"angle": 0, "axis": "z", "origin": [7.6, 3, 13.5]},
			"faces": {
				"north": {"uv": [3, 0, 6, 3], "rotation": 270, "texture": "#1_0"},
				"east": {"uv": [0, 3, 3, 7], "rotation": 90, "texture": "#1_0"},
				"south": {"uv": [6, 0, 9, 3], "rotation": 270, "texture": "#1_0"},
				"west": {"uv": [6, 3, 9, 7], "rotation": 270, "texture": "#1_0"},
				"up": {"uv": [9, 3, 12, 7], "texture": "#1_0"},
				"down": {"uv": [3, 3, 6, 7], "rotation": 180, "texture": "#1_0"}
			}
		},
		{
			"from": [4, -3.8, 14.7],
			"to": [12, 4.2, 25.1],
			"rotation": {"angle": 0, "axis": "y", "origin": [7.6, 3, 23.9]},
			"faces": {
				"north": {"uv": [3, 0, 6, 3], "rotation": 270, "texture": "#1_0"},
				"east": {"uv": [0, 3, 3, 7], "rotation": 90, "texture": "#1_0"},
				"south": {"uv": [6, 0, 9, 3], "rotation": 270, "texture": "#1_0"},
				"west": {"uv": [6, 3, 9, 7], "rotation": 270, "texture": "#1_0"},
				"up": {"uv": [9, 3, 12, 7], "texture": "#1_0"},
				"down": {"uv": [3, 3, 6, 7], "rotation": 180, "texture": "#1_0"}
			}
		},
		{
			"name": "front_talons",
			"from": [4.96875, 8.32289, 8.71702],
			"to": [8.34375, 8.32289, 18.84202],
			"rotation": {"angle": 45, "axis": "z", "origin": [7.5, 1.32289, 13.77952]},
			"faces": {
				"north": {"uv": [9.75, 3, 9, 3.25], "rotation": 270, "texture": "#2_2"},
				"east": {"uv": [9.75, 3, 9, 3.25], "texture": "#2_2"},
				"south": {"uv": [9.75, 3, 9, 3.25], "rotation": 90, "texture": "#2_2"},
				"west": {"uv": [9.75, 3, 9, 3.25], "rotation": 180, "texture": "#2_2"},
				"up": {"uv": [9.75, 3, 9, 3.25], "rotation": 90, "texture": "#2_2"},
				"down": {"uv": [9, 3, 9.75, 3.25], "rotation": 90, "texture": "#2_2"}
			}
		},
		{
			"name": "mid_talons",
			"from": [8.34375, -3.42711, 8.71702],
			"to": [8.34375, 8.32289, 18.84202],
			"rotation": {"angle": 45, "axis": "z", "origin": [7.5, 1.32289, 13.77952]},
			"faces": {
				"north": {"uv": [1, 0, 0, 0], "rotation": 270, "texture": "#2_2"},
				"east": {"uv": [8.75, 6, 8, 7], "texture": "#2_2"},
				"south": {"uv": [1, 0, 0, 0], "rotation": 90, "texture": "#2_2"},
				"west": {"uv": [8.75, 7, 8, 6], "rotation": 180, "texture": "#2_2"},
				"up": {"uv": [0.75, 0, 0, 0], "rotation": 90, "texture": "#2_2"},
				"down": {"uv": [0.75, 0, 0, 0], "rotation": 90, "texture": "#2_2"}
			}
		},
		{
			"name": "front_talons",
			"from": [7.65625, 8.32289, 8.71702],
			"to": [11.03125, 8.32289, 18.84202],
			"rotation": {"angle": -45, "axis": "z", "origin": [8.5, 1.32289, 13.77952]},
			"faces": {
				"north": {"uv": [9.75, 3.25, 9, 3], "rotation": 270, "texture": "#2_2"},
				"east": {"uv": [9, 3, 9.75, 3.25], "rotation": 180, "texture": "#2_2"},
				"south": {"uv": [9.75, 3.25, 9, 3], "rotation": 90, "texture": "#2_2"},
				"west": {"uv": [9, 3, 9.75, 3.25], "texture": "#2_2"},
				"up": {"uv": [9.75, 3.25, 9, 3], "rotation": 90, "texture": "#2_2"},
				"down": {"uv": [9, 3.25, 9.75, 3], "rotation": 90, "texture": "#2_2"}
			}
		},
		{
			"name": "mid_talons",
			"from": [7.65625, -3.42711, 8.71702],
			"to": [7.65625, 8.32289, 18.84202],
			"rotation": {"angle": -45, "axis": "z", "origin": [8.5, 1.32289, 13.77952]},
			"faces": {
				"north": {"uv": [1, 0, 0, 0], "rotation": 270, "texture": "#2_2"},
				"east": {"uv": [8, 7, 8.75, 6], "rotation": 180, "texture": "#2_2"},
				"south": {"uv": [1, 0, 0, 0], "rotation": 90, "texture": "#2_2"},
				"west": {"uv": [8, 6, 8.75, 7], "texture": "#2_2"},
				"up": {"uv": [0.75, 0, 0, 0], "rotation": 90, "texture": "#2_2"},
				"down": {"uv": [0.75, 0, 0, 0], "rotation": 90, "texture": "#2_2"}
			}
		}
	],
	"display": {
		"thirdperson_righthand": {
			"rotation": [0, 0, -90],
			"translation": [4.25, -2, 2.75],
			"scale": [0.55, 0.55, 0.55]
		},
		"thirdperson_lefthand": {
			"rotation": [0, 0, -90],
			"translation": [4.25, -2, 2.75],
			"scale": [0.55, 0.55, 0.55]
		},
		"firstperson_righthand": {
			"rotation": [0, 0, -45],
			"translation": [3.25, 4.25, 1.25],
			"scale": [0.55, 0.55, 0.55]
		},
		"firstperson_lefthand": {
			"rotation": [0, 0, -45],
			"translation": [3.25, 4.25, 1.25],
			"scale": [0.55, 0.55, 0.55]
		},
		"ground": {
			"translation": [0, 2, 0],
			"scale": [0.5, 0.5, 0.5]
		},
		"gui": {
			"rotation": [30, 225, 0],
			"translation": [4, 4.75, 0]
		},
		"head": {
			"rotation": [0, 180, 0],
			"translation": [0, 13, 7]
		},
		"fixed": {
			"translation": [0, 7.75, -13]
		}
	},
	"groups": [
		{
			"name": "claw",
			"origin": [11.30756, 9.50766, 3.72512],
			"color": 0,
			"children": [0, 1, 2]
		},
		3,
		4,
		{
			"name": "talons1",
			"origin": [-2.06077, 7.05726, -1.02259],
			"color": 0,
			"children": [5, 6]
		},
		{
			"name": "talons2",
			"origin": [-2.06077, 7.05726, -1.02259],
			"color": 0,
			"children": [7, 8]
		}
	]
}