{
	"credit": "Made with Blockbench",
	"texture_size": [38, 38],
	"textures": {
		"0": "krmc:krmc_items/rules",
		"particle": "krmc:krmc_items/rules"
	},
	"elements": [
		{
			"from": [0, 1, -3.5],
			"to": [16, 1, 19.5],
			"faces": {
				"up": {"uv": [16, 16, 0, 0], "texture": "#0"},
				"down": {"uv": [0, 0, 16, 16], "texture": "#0"}
			}
		}
	],
	"display": {
		"thirdperson_righthand": {
			"rotation": [75, 45, 0],
			"translation": [0, 2.5, 0],
			"scale": [0.375, 0.375, 0.375]
		},
		"thirdperson_lefthand": {
			"rotation": [75, 45, 0],
			"translation": [0, 2.5, 0],
			"scale": [0.375, 0.375, 0.375]
		},
		"firstperson_righthand": {
			"rotation": [90, -180, 0],
			"translation": [-9.5, 8.25, 3.25],
			"scale": [0.75, 0.75, 0.75]
		},
		"firstperson_lefthand": {
			"rotation": [90, -180, 0],
			"translation": [-9.5, 8.25, 3.25],
			"scale": [0.75, 0.75, 0.75]
		},
		"ground": {
			"translation": [0, 2, 0],
			"scale": [0.5, 0.5, 0.5]
		},
		"gui": {
			"rotation": [100, -180, 0],
			"translation": [0.75, -1, 0],
			"scale": [0.5, 0.5, 0.5]
		},
		"head": {
			"rotation": [-90, 0, 0],
			"translation": [0, 17.5, -7.75]
		},
		"fixed": {
			"rotation": [90, -180, 0],
			"translation": [-2.5, 6.5, 26],
			"scale": [4, 4, 4]
		}
	}
}