{
	"credit": "Made with Blockbench",
	"textures": {
		"0": "block/redstone_block",
		"1": "block/oxidized_copper",
		"2": "block/iron_block",
		"3": "block/gray_wool",
		"4": "block/smooth_stone",
		"5": "block/deepslate_bricks",
		"6": "block/tinted_glass",
		"7": "block/coal_block",
		"8": "item/fire_charge",
		"9": "block/gold_block",
		"particle": "block/redstone_block"
	},
	"elements": [
		{
			"from": [4.7225, 8.42083, 7.04406],
			"to": [11.2775, 18.69033, 14.14531],
			"rotation": {"angle": 0, "axis": "y", "origin": [8, 8, 8]},
			"faces": {
				"north": {"uv": [0, 0, 16, 16], "texture": "#1"},
				"east": {"uv": [0, 0, 16, 16], "texture": "#1"},
				"south": {"uv": [0, 0, 16, 16], "texture": "#1"},
				"west": {"uv": [0, 0, 16, 16], "texture": "#1"},
				"up": {"uv": [16, 16, 0, 0], "rotation": 90, "texture": "#1"},
				"down": {"uv": [16, 16, 0, 0], "rotation": 270, "texture": "#1"}
			}
		},
		{
			"from": [8.71982, 9.51333, 9.30468],
			"to": [20.75, 16.06833, 16.51518],
			"rotation": {"angle": -22.5, "axis": "y", "origin": [8, 8, 8]},
			"faces": {
				"north": {"uv": [0, 0, 16, 16], "texture": "#1"},
				"east": {"uv": [0, 0, 16, 16], "texture": "#1"},
				"south": {"uv": [0, 0, 16, 16], "texture": "#1"},
				"west": {"uv": [0, 0, 16, 16], "texture": "#1"},
				"up": {"uv": [16, 16, 0, 0], "texture": "#1"},
				"down": {"uv": [16, 16, 0, 0], "texture": "#1"}
			}
		},
		{
			"from": [20.71982, 9.51333, 9.30468],
			"to": [32, 16.06833, 16.51518],
			"rotation": {"angle": -22.5, "axis": "y", "origin": [8, 8, 8]},
			"faces": {
				"north": {"uv": [0, 0, 16, 16], "texture": "#1"},
				"east": {"uv": [0, 0, 16, 16], "texture": "#1"},
				"south": {"uv": [0, 0, 16, 16], "texture": "#1"},
				"west": {"uv": [0, 0, 16, 16], "texture": "#1"},
				"up": {"uv": [16, 16, 0, 0], "texture": "#1"},
				"down": {"uv": [16, 16, 0, 0], "texture": "#1"}
			}
		},
		{
			"from": [14.18232, 9.31333, 8.75843],
			"to": [23.46857, 16.17758, 10.50643],
			"rotation": {"angle": -22.5, "axis": "y", "origin": [8, 8, 8]},
			"faces": {
				"north": {"uv": [0, 0, 16, 16], "texture": "#9"},
				"east": {"uv": [0, 0, 16, 16], "texture": "#9"},
				"south": {"uv": [0, 0, 16, 16], "texture": "#9"},
				"west": {"uv": [0, 0, 16, 16], "texture": "#9"},
				"up": {"uv": [16, 16, 0, 0], "texture": "#9"},
				"down": {"uv": [16, 16, 0, 0], "texture": "#9"}
			}
		},
		{
			"from": [-7.46857, 9.31333, 8.75843],
			"to": [1.81768, 16.17758, 10.50643],
			"rotation": {"angle": 22.5, "axis": "y", "origin": [8, 8, 8]},
			"faces": {
				"north": {"uv": [16, 0, 0, 16], "texture": "#9"},
				"east": {"uv": [16, 0, 0, 16], "texture": "#9"},
				"south": {"uv": [16, 0, 0, 16], "texture": "#9"},
				"west": {"uv": [16, 0, 0, 16], "texture": "#9"},
				"up": {"uv": [0, 16, 16, 0], "texture": "#9"},
				"down": {"uv": [0, 16, 16, 0], "texture": "#9"}
			}
		},
		{
			"from": [-1.8824, 2.99067, 15.89331],
			"to": [-0.5714, 9.54567, 17.20431],
			"rotation": {"angle": 0, "axis": "y", "origin": [8, 8, 8]},
			"faces": {
				"north": {"uv": [8, 0, 0, 16], "rotation": 180, "texture": "#5"},
				"east": {"uv": [8, 0, 0, 16], "rotation": 180, "texture": "#5"},
				"south": {"uv": [8, 0, 0, 16], "rotation": 180, "texture": "#5"},
				"west": {"uv": [8, 0, 0, 16], "rotation": 180, "texture": "#5"},
				"up": {"uv": [8, 0, 0, 8], "rotation": 90, "texture": "#5"},
				"down": {"uv": [8, 0, 0, 8], "rotation": 270, "texture": "#5"}
			}
		},
		{
			"from": [-3.03425, 0.69642, 16.00256],
			"to": [0.68025, 2.00742, 17.31356],
			"rotation": {"angle": 0, "axis": "y", "origin": [8, 8, 8]},
			"faces": {
				"north": {"uv": [8, 0, 0, 16], "rotation": 180, "texture": "#2"},
				"east": {"uv": [8, 0, 0, 16], "rotation": 180, "texture": "#2"},
				"south": {"uv": [8, 0, 0, 16], "rotation": 180, "texture": "#2"},
				"west": {"uv": [8, 0, 0, 16], "rotation": 180, "texture": "#2"},
				"up": {"uv": [8, 0, 0, 8], "rotation": 90, "texture": "#2"},
				"down": {"uv": [8, 0, 0, 8], "rotation": 270, "texture": "#2"}
			}
		},
		{
			"from": [-2.81575, -0.28683, 15.01931],
			"to": [0.46175, 2.99067, 18.29681],
			"rotation": {"angle": 0, "axis": "y", "origin": [8, 8, 8]},
			"faces": {
				"north": {"uv": [8, 0, 0, 16], "rotation": 180, "texture": "#3"},
				"east": {"uv": [8, 0, 0, 16], "rotation": 180, "texture": "#3"},
				"south": {"uv": [8, 0, 0, 16], "rotation": 180, "texture": "#3"},
				"west": {"uv": [8, 0, 0, 16], "rotation": 180, "texture": "#3"},
				"up": {"uv": [8, 0, 0, 8], "rotation": 90, "texture": "#3"},
				"down": {"uv": [8, 0, 0, 8], "rotation": 270, "texture": "#3"}
			}
		},
		{
			"from": [16.5714, 2.99067, 15.89331],
			"to": [17.8824, 9.54567, 17.20431],
			"rotation": {"angle": 0, "axis": "z", "origin": [8, 8, 8]},
			"faces": {
				"north": {"uv": [0, 0, 8, 16], "rotation": 180, "texture": "#5"},
				"east": {"uv": [0, 0, 8, 16], "rotation": 180, "texture": "#5"},
				"south": {"uv": [0, 0, 8, 16], "rotation": 180, "texture": "#5"},
				"west": {"uv": [0, 0, 8, 16], "rotation": 180, "texture": "#5"},
				"up": {"uv": [8, 8, 0, 0], "rotation": 90, "texture": "#5"},
				"down": {"uv": [8, 8, 0, 0], "rotation": 270, "texture": "#5"}
			}
		},
		{
			"from": [15.31975, 0.69642, 16.00256],
			"to": [19.03425, 2.00742, 17.31356],
			"rotation": {"angle": 0, "axis": "z", "origin": [8, 8, 8]},
			"faces": {
				"north": {"uv": [0, 0, 8, 16], "rotation": 180, "texture": "#2"},
				"east": {"uv": [0, 0, 8, 16], "rotation": 180, "texture": "#2"},
				"south": {"uv": [0, 0, 8, 16], "rotation": 180, "texture": "#2"},
				"west": {"uv": [0, 0, 8, 16], "rotation": 180, "texture": "#2"},
				"up": {"uv": [8, 8, 0, 0], "rotation": 90, "texture": "#2"},
				"down": {"uv": [8, 8, 0, 0], "rotation": 270, "texture": "#2"}
			}
		},
		{
			"from": [15.53825, -0.28683, 15.01931],
			"to": [18.81575, 2.99067, 18.29681],
			"rotation": {"angle": 0, "axis": "z", "origin": [8, 8, 8]},
			"faces": {
				"north": {"uv": [0, 0, 8, 16], "rotation": 180, "texture": "#3"},
				"east": {"uv": [0, 0, 8, 16], "rotation": 180, "texture": "#3"},
				"south": {"uv": [0, 0, 8, 16], "rotation": 180, "texture": "#3"},
				"west": {"uv": [0, 0, 8, 16], "rotation": 180, "texture": "#3"},
				"up": {"uv": [8, 8, 0, 0], "rotation": 90, "texture": "#3"},
				"down": {"uv": [8, 8, 0, 0], "rotation": 270, "texture": "#3"}
			}
		},
		{
			"from": [-16, 9.51333, 9.30468],
			"to": [-4.71982, 16.06833, 16.51518],
			"rotation": {"angle": 22.5, "axis": "y", "origin": [8, 8, 8]},
			"faces": {
				"north": {"uv": [16, 0, 0, 16], "texture": "#1"},
				"east": {"uv": [16, 0, 0, 16], "texture": "#1"},
				"south": {"uv": [16, 0, 0, 16], "texture": "#1"},
				"west": {"uv": [16, 0, 0, 16], "texture": "#1"},
				"up": {"uv": [0, 16, 16, 0], "texture": "#1"},
				"down": {"uv": [0, 16, 16, 0], "texture": "#1"}
			}
		},
		{
			"from": [-4.75, 9.51333, 9.30468],
			"to": [7.28018, 16.06833, 16.51518],
			"rotation": {"angle": 22.5, "axis": "y", "origin": [8, 8, 8]},
			"faces": {
				"north": {"uv": [16, 0, 0, 16], "texture": "#1"},
				"east": {"uv": [16, 0, 0, 16], "texture": "#1"},
				"south": {"uv": [16, 0, 0, 16], "texture": "#1"},
				"west": {"uv": [16, 0, 0, 16], "texture": "#1"},
				"up": {"uv": [0, 16, 16, 0], "texture": "#1"},
				"down": {"uv": [0, 16, 16, 0], "texture": "#1"}
			}
		},
		{
			"from": [9.59382, 9.51333, 4.71618],
			"to": [14.07307, 16.06833, 9.30468],
			"rotation": {"angle": -22.5, "axis": "y", "origin": [8, 8, 8]},
			"faces": {
				"north": {"uv": [0, 0, 16, 16], "texture": "#1"},
				"east": {"uv": [0, 0, 16, 16], "texture": "#1"},
				"south": {"uv": [0, 0, 16, 16], "texture": "#1"},
				"west": {"uv": [0, 0, 16, 16], "texture": "#1"},
				"up": {"uv": [16, 16, 0, 0], "texture": "#1"},
				"down": {"uv": [16, 16, 0, 0], "texture": "#1"}
			}
		},
		{
			"from": [1.92693, 9.51333, 4.71618],
			"to": [6.40618, 16.06833, 9.30468],
			"rotation": {"angle": 22.5, "axis": "y", "origin": [8, 8, 8]},
			"faces": {
				"north": {"uv": [0, 0, 16, 16], "texture": "#1"},
				"east": {"uv": [16, 0, 0, 16], "texture": "#1"},
				"south": {"uv": [16, 0, 0, 16], "texture": "#1"},
				"west": {"uv": [16, 0, 0, 16], "texture": "#1"},
				"up": {"uv": [0, 16, 16, 0], "texture": "#1"},
				"down": {"uv": [0, 16, 16, 0], "texture": "#1"}
			}
		},
		{
			"from": [11.82787, 13.77408, 5.98782],
			"to": [14.01287, 15.95908, 7.29882],
			"rotation": {"angle": 0, "axis": "y", "origin": [8, 8, 8]},
			"faces": {
				"north": {"uv": [0, 0, 16, 16], "texture": "#7"},
				"east": {"uv": [0, 0, 16, 16], "texture": "#7"},
				"south": {"uv": [0, 0, 16, 16], "texture": "#7"},
				"west": {"uv": [0, 0, 16, 16], "texture": "#7"},
				"up": {"uv": [16, 16, 0, 0], "texture": "#7"},
				"down": {"uv": [16, 16, 0, 0], "texture": "#7"}
			}
		},
		{
			"from": [1.98713, 13.77408, 5.98782],
			"to": [4.17213, 15.95908, 7.29882],
			"rotation": {"angle": 0, "axis": "y", "origin": [8, 8, 8]},
			"faces": {
				"north": {"uv": [16, 0, 0, 16], "texture": "#7"},
				"east": {"uv": [16, 0, 0, 16], "texture": "#7"},
				"south": {"uv": [16, 0, 0, 16], "texture": "#7"},
				"west": {"uv": [16, 0, 0, 16], "texture": "#7"},
				"up": {"uv": [0, 16, 16, 0], "texture": "#7"},
				"down": {"uv": [0, 16, 16, 0], "texture": "#7"}
			}
		},
		{
			"from": [1.98713, 13.77408, 5.75766],
			"to": [4.17213, 15.95908, 5.75766],
			"rotation": {"angle": -22.5, "axis": "y", "origin": [3.07963, 14.86658, 5.75766]},
			"faces": {
				"north": {"uv": [16, 0, 0, 16], "texture": "#8"},
				"east": {"uv": [16, 0, 0, 16], "texture": "#8"},
				"south": {"uv": [16, 0, 0, 16], "texture": "#8"},
				"west": {"uv": [16, 0, 0, 16], "texture": "#8"},
				"up": {"uv": [0, 16, 16, 0], "texture": "#8"},
				"down": {"uv": [0, 16, 16, 0], "texture": "#8"}
			}
		},
		{
			"from": [11.82787, 13.77408, 5.75766],
			"to": [14.01287, 15.95908, 5.75766],
			"rotation": {"angle": 22.5, "axis": "y", "origin": [12.92037, 14.86658, 5.75766]},
			"faces": {
				"north": {"uv": [0, 0, 16, 16], "texture": "#8"},
				"east": {"uv": [0, 0, 16, 16], "texture": "#8"},
				"south": {"uv": [0, 0, 16, 16], "texture": "#8"},
				"west": {"uv": [0, 0, 16, 16], "texture": "#8"},
				"up": {"uv": [16, 16, 0, 0], "texture": "#8"},
				"down": {"uv": [16, 16, 0, 0], "texture": "#8"}
			}
		},
		{
			"from": [8.26317, 10.38733, -9.56343],
			"to": [13.50717, 13.00933, -4.97493],
			"rotation": {"angle": 22.5, "axis": "y", "origin": [8, 8, 8]},
			"faces": {
				"north": {"uv": [16, 0, 0, 16], "texture": "#1"},
				"east": {"uv": [16, 0, 0, 16], "texture": "#1"},
				"south": {"uv": [16, 0, 0, 16], "texture": "#1"},
				"west": {"uv": [16, 0, 0, 16], "texture": "#1"},
				"up": {"uv": [0, 16, 16, 0], "texture": "#1"},
				"down": {"uv": [0, 16, 16, 0], "texture": "#1"}
			}
		},
		{
			"from": [2.49283, 10.38733, -9.56343],
			"to": [7.73683, 13.00933, -4.97493],
			"rotation": {"angle": -22.5, "axis": "y", "origin": [8, 8, 8]},
			"faces": {
				"north": {"uv": [0, 0, 16, 16], "texture": "#1"},
				"east": {"uv": [0, 0, 16, 16], "texture": "#1"},
				"south": {"uv": [0, 0, 16, 16], "texture": "#1"},
				"west": {"uv": [0, 0, 16, 16], "texture": "#1"},
				"up": {"uv": [16, 16, 0, 0], "texture": "#1"},
				"down": {"uv": [16, 16, 0, 0], "texture": "#1"}
			}
		},
		{
			"from": [9.93502, 9.95033, 17.84884],
			"to": [26.63352, 14.97583, 24.40384],
			"rotation": {"angle": 0, "axis": "y", "origin": [8, 8, 8]},
			"faces": {
				"north": {"uv": [0, 0, 16, 16], "texture": "#1"},
				"east": {"uv": [0, 0, 16, 16], "texture": "#1"},
				"south": {"uv": [0, 0, 16, 16], "texture": "#1"},
				"west": {"uv": [0, 0, 16, 16], "texture": "#1"},
				"up": {"uv": [16, 16, 0, 0], "texture": "#1"},
				"down": {"uv": [16, 16, 0, 0], "texture": "#1"}
			}
		},
		{
			"from": [-10.63352, 9.95033, 17.84884],
			"to": [6.06498, 14.97583, 24.40384],
			"rotation": {"angle": 0, "axis": "y", "origin": [8, 8, 8]},
			"faces": {
				"north": {"uv": [16, 0, 0, 16], "texture": "#1"},
				"east": {"uv": [16, 0, 0, 16], "texture": "#1"},
				"south": {"uv": [16, 0, 0, 16], "texture": "#1"},
				"west": {"uv": [16, 0, 0, 16], "texture": "#1"},
				"up": {"uv": [0, 16, 16, 0], "texture": "#1"},
				"down": {"uv": [0, 16, 16, 0], "texture": "#1"}
			}
		},
		{
			"from": [16.27152, 6.07034, 17.46486],
			"to": [18.45652, 18.96184, 24.45686],
			"rotation": {"angle": 0, "axis": "z", "origin": [8, 8, 8]},
			"faces": {
				"north": {"uv": [0, 0, 16, 16], "rotation": 90, "texture": "#1"},
				"east": {"uv": [0, 0, 16, 16], "rotation": 90, "texture": "#1"},
				"south": {"uv": [0, 0, 16, 16], "rotation": 270, "texture": "#1"},
				"west": {"uv": [0, 0, 16, 16], "rotation": 90, "texture": "#1"},
				"up": {"uv": [16, 16, 0, 0], "rotation": 90, "texture": "#1"},
				"down": {"uv": [16, 16, 0, 0], "rotation": 90, "texture": "#1"}
			}
		},
		{
			"from": [-2.45652, 6.07034, 17.46486],
			"to": [-0.27152, 18.96184, 24.45686],
			"rotation": {"angle": 0, "axis": "y", "origin": [8, 8, 8]},
			"faces": {
				"north": {"uv": [0, 16, 16, 0], "rotation": 90, "texture": "#1"},
				"east": {"uv": [0, 16, 16, 0], "rotation": 90, "texture": "#1"},
				"south": {"uv": [0, 16, 16, 0], "rotation": 270, "texture": "#1"},
				"west": {"uv": [0, 16, 16, 0], "rotation": 90, "texture": "#1"},
				"up": {"uv": [16, 0, 0, 16], "rotation": 90, "texture": "#1"},
				"down": {"uv": [16, 0, 0, 16], "rotation": 90, "texture": "#1"}
			}
		},
		{
			"from": [4.7225, 8.42083, -0.05719],
			"to": [11.2775, 15.52208, 7.04406],
			"rotation": {"angle": 0, "axis": "y", "origin": [8, 8, 8]},
			"faces": {
				"north": {"uv": [0, 0, 16, 16], "texture": "#1"},
				"east": {"uv": [0, 0, 16, 16], "texture": "#1"},
				"south": {"uv": [0, 0, 16, 16], "texture": "#1"},
				"west": {"uv": [0, 0, 16, 16], "texture": "#1"},
				"up": {"uv": [16, 16, 0, 0], "rotation": 90, "texture": "#1"},
				"down": {"uv": [16, 16, 0, 0], "rotation": 270, "texture": "#1"}
			}
		},
		{
			"from": [4.71158, 9.95033, 1.36306],
			"to": [11.28843, 14.32033, 5.73306],
			"rotation": {"angle": 0, "axis": "y", "origin": [8, 8, 8]},
			"faces": {
				"north": {"uv": [0, 0, 16, 16], "texture": "#0"},
				"east": {"uv": [0, 0, 16, 16], "texture": "#0"},
				"south": {"uv": [0, 0, 16, 16], "texture": "#0"},
				"west": {"uv": [0, 0, 16, 16], "texture": "#0"},
				"up": {"uv": [16, 16, 0, 0], "rotation": 90, "texture": "#0"},
				"down": {"uv": [16, 16, 0, 0], "rotation": 270, "texture": "#0"}
			}
		},
		{
			"from": [-13.48267, 9.5024, 10.56083],
			"to": [-9.11267, 16.07925, 14.93083],
			"rotation": {"angle": 22.5, "axis": "y", "origin": [8, 8, 8]},
			"faces": {
				"north": {"uv": [0, 0, 16, 16], "rotation": 270, "texture": "#0"},
				"east": {"uv": [0, 0, 16, 16], "texture": "#0"},
				"south": {"uv": [0, 0, 16, 16], "rotation": 90, "texture": "#0"},
				"west": {"uv": [0, 0, 16, 16], "rotation": 180, "texture": "#0"},
				"up": {"uv": [16, 16, 0, 0], "rotation": 270, "texture": "#0"},
				"down": {"uv": [16, 16, 0, 0], "rotation": 270, "texture": "#0"}
			}
		},
		{
			"from": [25.11267, 9.5024, 10.56083],
			"to": [29.48267, 16.07925, 14.93083],
			"rotation": {"angle": -22.5, "axis": "y", "origin": [8, 8, 8]},
			"faces": {
				"north": {"uv": [0, 16, 16, 0], "rotation": 270, "texture": "#0"},
				"east": {"uv": [16, 0, 0, 16], "rotation": 180, "texture": "#0"},
				"south": {"uv": [0, 16, 16, 0], "rotation": 90, "texture": "#0"},
				"west": {"uv": [16, 0, 0, 16], "texture": "#0"},
				"up": {"uv": [16, 0, 0, 16], "rotation": 270, "texture": "#0"},
				"down": {"uv": [16, 0, 0, 16], "rotation": 270, "texture": "#0"}
			}
		},
		{
			"from": [5.9095, 15.08508, 1.87981],
			"to": [10.0905, 18.14408, 7.04406],
			"rotation": {"angle": 0, "axis": "y", "origin": [8, 8, 8]},
			"faces": {
				"north": {"uv": [0, 0, 16, 16], "texture": "#6"},
				"east": {"uv": [0, 0, 16, 16], "texture": "#6"},
				"south": {"uv": [0, 0, 16, 16], "texture": "#6"},
				"west": {"uv": [0, 0, 16, 16], "texture": "#6"},
				"up": {"uv": [16, 16, 0, 0], "rotation": 90, "texture": "#6"},
				"down": {"uv": [16, 16, 0, 0], "rotation": 270, "texture": "#6"}
			}
		},
		{
			"from": [5.815, 9.29483, -7.15844],
			"to": [10.185, 16.17758, -0.05719],
			"rotation": {"angle": 0, "axis": "y", "origin": [8, 8, 8]},
			"faces": {
				"north": {"uv": [0, 0, 16, 16], "texture": "#1"},
				"east": {"uv": [0, 0, 16, 16], "texture": "#1"},
				"south": {"uv": [0, 0, 16, 16], "texture": "#1"},
				"west": {"uv": [0, 0, 16, 16], "texture": "#1"},
				"up": {"uv": [16, 16, 0, 0], "rotation": 90, "texture": "#1"},
				"down": {"uv": [16, 16, 0, 0], "rotation": 270, "texture": "#1"}
			}
		},
		{
			"from": [6.36125, 10.38733, -14.25969],
			"to": [9.63875, 14.75733, -7.15844],
			"rotation": {"angle": 0, "axis": "y", "origin": [8, 8, 8]},
			"faces": {
				"north": {"uv": [0, 0, 16, 16], "texture": "#1"},
				"east": {"uv": [0, 0, 16, 16], "texture": "#1"},
				"south": {"uv": [0, 0, 16, 16], "texture": "#1"},
				"west": {"uv": [0, 0, 16, 16], "texture": "#1"},
				"up": {"uv": [16, 16, 0, 0], "rotation": 90, "texture": "#1"},
				"down": {"uv": [16, 16, 0, 0], "rotation": 270, "texture": "#1"}
			}
		},
		{
			"from": [5.815, 8.85783, 14.14531],
			"to": [10.185, 17.59783, 19.06156],
			"rotation": {"angle": 0, "axis": "y", "origin": [8, 8, 8]},
			"faces": {
				"north": {"uv": [0, 0, 16, 16], "texture": "#1"},
				"east": {"uv": [0, 0, 16, 16], "texture": "#1"},
				"south": {"uv": [0, 0, 16, 16], "texture": "#1"},
				"west": {"uv": [0, 0, 16, 16], "texture": "#1"},
				"up": {"uv": [16, 16, 0, 0], "rotation": 90, "texture": "#1"},
				"down": {"uv": [16, 16, 0, 0], "rotation": 270, "texture": "#1"}
			}
		},
		{
			"from": [6.0335, 9.95033, 18.40606],
			"to": [9.9665, 16.28683, 24.08706],
			"rotation": {"angle": 0, "axis": "y", "origin": [8, 8, 8]},
			"faces": {
				"north": {"uv": [0, 0, 16, 16], "texture": "#1"},
				"east": {"uv": [0, 0, 16, 16], "texture": "#1"},
				"south": {"uv": [0, 0, 16, 16], "texture": "#1"},
				"west": {"uv": [0, 0, 16, 16], "texture": "#1"},
				"up": {"uv": [16, 16, 0, 0], "rotation": 90, "texture": "#1"},
				"down": {"uv": [16, 16, 0, 0], "rotation": 270, "texture": "#1"}
			}
		},
		{
			"from": [6.0335, 10.60583, 23.86856],
			"to": [9.9665, 14.97583, 28.23856],
			"rotation": {"angle": 0, "axis": "y", "origin": [8, 8, 8]},
			"faces": {
				"north": {"uv": [0, 0, 16, 16], "texture": "#4"},
				"east": {"uv": [0, 0, 16, 16], "texture": "#4"},
				"south": {"uv": [0, 0, 16, 16], "texture": "#4"},
				"west": {"uv": [0, 0, 16, 16], "texture": "#4"},
				"up": {"uv": [16, 16, 0, 0], "rotation": 90, "texture": "#4"},
				"down": {"uv": [16, 16, 0, 0], "rotation": 270, "texture": "#4"}
			}
		},
		{
			"from": [10.68223, 13.32178, 26.05356],
			"to": [11.99323, 18.78428, 27.36456],
			"rotation": {"angle": 45, "axis": "z", "origin": [8, 8, 8]},
			"faces": {
				"north": {"uv": [0, 0, 8, 16], "texture": "#5"},
				"east": {"uv": [0, 0, 8, 16], "texture": "#5"},
				"south": {"uv": [0, 0, 8, 16], "texture": "#5"},
				"west": {"uv": [0, 0, 8, 16], "texture": "#5"},
				"up": {"uv": [8, 8, 0, 0], "rotation": 90, "texture": "#5"},
				"down": {"uv": [8, 8, 0, 0], "rotation": 270, "texture": "#5"}
			}
		},
		{
			"from": [0.60335, 12.08543, 26.05356],
			"to": [6.06585, 13.39643, 27.36456],
			"rotation": {"angle": 0, "axis": "x", "origin": [8, 8, 8]},
			"faces": {
				"north": {"uv": [0, 0, 8, 16], "rotation": 90, "texture": "#5"},
				"east": {"uv": [0, 0, 8, 8], "texture": "#5"},
				"south": {"uv": [0, 0, 8, 16], "rotation": 270, "texture": "#5"},
				"west": {"uv": [0, 0, 8, 8], "rotation": 180, "texture": "#5"},
				"up": {"uv": [8, 16, 0, 0], "rotation": 90, "texture": "#5"},
				"down": {"uv": [8, 16, 0, 0], "rotation": 90, "texture": "#5"}
			}
		},
		{
			"from": [3.99097, 10.68223, 26.05356],
			"to": [9.45347, 11.99323, 27.36456],
			"rotation": {"angle": 45, "axis": "z", "origin": [8, 8, 8]},
			"faces": {
				"north": {"uv": [0, 0, 8, 16], "rotation": 90, "texture": "#5"},
				"east": {"uv": [0, 0, 8, 8], "texture": "#5"},
				"south": {"uv": [0, 0, 8, 16], "rotation": 270, "texture": "#5"},
				"west": {"uv": [0, 0, 8, 8], "rotation": 180, "texture": "#5"},
				"up": {"uv": [8, 16, 0, 0], "rotation": 90, "texture": "#5"},
				"down": {"uv": [8, 16, 0, 0], "rotation": 90, "texture": "#5"}
			}
		},
		{
			"from": [7.3944, 5.39417, 26.05356],
			"to": [8.7054, 10.85667, 27.36456],
			"rotation": {"angle": 0, "axis": "x", "origin": [8, 8, 8]},
			"faces": {
				"north": {"uv": [0, 0, 8, 16], "rotation": 180, "texture": "#5"},
				"east": {"uv": [0, 0, 8, 16], "rotation": 180, "texture": "#5"},
				"south": {"uv": [0, 0, 8, 16], "rotation": 180, "texture": "#5"},
				"west": {"uv": [0, 0, 8, 16], "rotation": 180, "texture": "#5"},
				"up": {"uv": [8, 8, 0, 0], "rotation": 90, "texture": "#5"},
				"down": {"uv": [8, 8, 0, 0], "rotation": 270, "texture": "#5"}
			}
		},
		{
			"from": [7.3944, 1.02417, 1.47231],
			"to": [8.7054, 8.67167, 2.78331],
			"rotation": {"angle": 0, "axis": "y", "origin": [8, 8, 8]},
			"faces": {
				"north": {"uv": [0, 0, 8, 16], "rotation": 180, "texture": "#5"},
				"east": {"uv": [0, 0, 8, 16], "rotation": 180, "texture": "#5"},
				"south": {"uv": [0, 0, 8, 16], "rotation": 180, "texture": "#5"},
				"west": {"uv": [0, 0, 8, 16], "rotation": 180, "texture": "#5"},
				"up": {"uv": [8, 8, 0, 0], "rotation": 90, "texture": "#5"},
				"down": {"uv": [8, 8, 0, 0], "rotation": 270, "texture": "#5"}
			}
		},
		{
			"from": [6.14275, -1.27008, 1.58156],
			"to": [9.85725, 0.04092, 2.89256],
			"rotation": {"angle": 0, "axis": "y", "origin": [8, 8, 8]},
			"faces": {
				"north": {"uv": [0, 0, 8, 16], "rotation": 180, "texture": "#2"},
				"east": {"uv": [0, 0, 8, 16], "rotation": 180, "texture": "#2"},
				"south": {"uv": [0, 0, 8, 16], "rotation": 180, "texture": "#2"},
				"west": {"uv": [0, 0, 8, 16], "rotation": 180, "texture": "#2"},
				"up": {"uv": [8, 8, 0, 0], "rotation": 90, "texture": "#2"},
				"down": {"uv": [8, 8, 0, 0], "rotation": 270, "texture": "#2"}
			}
		},
		{
			"from": [6.36125, -2.25333, 0.59831],
			"to": [9.63875, 1.02417, 3.87581],
			"rotation": {"angle": 0, "axis": "y", "origin": [8, 8, 8]},
			"faces": {
				"north": {"uv": [0, 0, 8, 16], "rotation": 180, "texture": "#3"},
				"east": {"uv": [0, 0, 8, 16], "rotation": 180, "texture": "#3"},
				"south": {"uv": [0, 0, 8, 16], "rotation": 180, "texture": "#3"},
				"west": {"uv": [0, 0, 8, 16], "rotation": 180, "texture": "#3"},
				"up": {"uv": [8, 8, 0, 0], "rotation": 90, "texture": "#3"},
				"down": {"uv": [8, 8, 0, 0], "rotation": 270, "texture": "#3"}
			}
		},
		{
			"from": [10.78202, 3.99097, 26.05356],
			"to": [12.09302, 9.45347, 27.36456],
			"rotation": {"angle": 45, "axis": "z", "origin": [8, 8, 8]},
			"faces": {
				"north": {"uv": [0, 0, 8, 16], "rotation": 180, "texture": "#5"},
				"east": {"uv": [0, 0, 8, 16], "rotation": 180, "texture": "#5"},
				"south": {"uv": [0, 0, 8, 16], "rotation": 180, "texture": "#5"},
				"west": {"uv": [0, 0, 8, 16], "rotation": 180, "texture": "#5"},
				"up": {"uv": [8, 8, 0, 0], "rotation": 90, "texture": "#5"},
				"down": {"uv": [8, 8, 0, 0], "rotation": 270, "texture": "#5"}
			}
		},
		{
			"from": [9.93415, 12.18522, 26.05356],
			"to": [15.39665, 13.49622, 27.36456],
			"rotation": {"angle": 0, "axis": "x", "origin": [8, 8, 8]},
			"faces": {
				"north": {"uv": [0, 0, 8, 16], "rotation": 270, "texture": "#5"},
				"east": {"uv": [0, 0, 8, 8], "texture": "#5"},
				"south": {"uv": [0, 0, 8, 16], "rotation": 90, "texture": "#5"},
				"west": {"uv": [0, 0, 8, 8], "rotation": 180, "texture": "#5"},
				"up": {"uv": [8, 16, 0, 0], "rotation": 270, "texture": "#5"},
				"down": {"uv": [8, 16, 0, 0], "rotation": 270, "texture": "#5"}
			}
		},
		{
			"from": [13.32178, 10.78202, 26.05356],
			"to": [18.78428, 12.09302, 27.36456],
			"rotation": {"angle": 45, "axis": "z", "origin": [8, 8, 8]},
			"faces": {
				"north": {"uv": [0, 0, 8, 16], "rotation": 270, "texture": "#5"},
				"east": {"uv": [0, 0, 8, 8], "texture": "#5"},
				"south": {"uv": [0, 0, 8, 16], "rotation": 90, "texture": "#5"},
				"west": {"uv": [0, 0, 8, 8], "rotation": 180, "texture": "#5"},
				"up": {"uv": [8, 16, 0, 0], "rotation": 270, "texture": "#5"},
				"down": {"uv": [8, 16, 0, 0], "rotation": 270, "texture": "#5"}
			}
		},
		{
			"from": [7.3445, 10.60583, 26.05356],
			"to": [8.6555, 19.34583, 27.36456],
			"rotation": {"angle": 0, "axis": "y", "origin": [8, 8, 8]},
			"faces": {
				"north": {"uv": [0, 0, 8, 16], "texture": "#5"},
				"east": {"uv": [0, 0, 8, 16], "texture": "#5"},
				"south": {"uv": [0, 0, 8, 16], "texture": "#5"},
				"west": {"uv": [0, 0, 8, 16], "texture": "#5"},
				"up": {"uv": [8, 8, 0, 0], "rotation": 90, "texture": "#5"},
				"down": {"uv": [8, 8, 0, 0], "rotation": 270, "texture": "#5"}
			}
		}
	],
	"display": {
		"thirdperson_righthand": {
			"translation": [0, 3, 1],
			"scale": [0.55, 0.55, 0.55]
		},
		"thirdperson_lefthand": {
			"translation": [0, 3, 1],
			"scale": [0.55, 0.55, 0.55]
		},
		"firstperson_righthand": {
			"rotation": [0, 45, 0],
			"scale": [0.4, 0.4, 0.4]
		},
		"firstperson_lefthand": {
			"rotation": [0, 225, 0],
			"scale": [0.4, 0.4, 0.4]
		},
		"gui": {
			"rotation": [30, 225, 0],
			"scale": [0.625, 0.625, 0.625]
		},
		"head": {
			"rotation": [12, 0, 0],
			"translation": [0, -49.25, 9.75],
			"scale": [4, 4, 4]
		},
		"fixed": {
			"rotation": [12, 0, 0],
			"translation": [0, 52.25, 20.5],
			"scale": [4, 4, 4]
		}
	},
	"groups": [
		0,
		1,
		2,
		3,
		4,
		{
			"name": "wheel",
			"origin": [-0.4125, 1, 8],
			"color": 0,
			"children": [5, 6, 7]
		},
		{
			"name": "wheel",
			"origin": [-0.4125, 1, 8],
			"color": 0,
			"children": [8, 9, 10]
		},
		11,
		12,
		13,
		14,
		15,
		16,
		17,
		18,
		19,
		20,
		21,
		22,
		23,
		24,
		25,
		26,
		27,
		28,
		29,
		30,
		31,
		32,
		33,
		34,
		35,
		36,
		37,
		38,
		{
			"name": "wheel",
			"origin": [-0.4125, 1, 8],
			"color": 0,
			"children": [39, 40, 41]
		},
		42,
		43,
		44,
		45
	]
}