{
	"credit": "Made with Blockbench",
	"textures": {
		"0": "krmc:krmc_items/lead_knot",
		"1": "block/bamboo_fence",
		"2": "krmc:krmc_items/spinosaurus_tooth",
		"particle": "krmc:krmc_items/lead_knot"
	},
	"elements": [
		{
			"from": [2.74869, 8.05003, 6.5],
			"to": [5.74869, 11.95003, 9.5],
			"rotation": {"angle": -22.5, "axis": "z", "origin": [3.0801, 11.1332, 8.15]},
			"faces": {
				"north": {"uv": [3, 3, 0, 7], "texture": "#0"},
				"east": {"uv": [6, 3, 3, 7], "texture": "#0"},
				"south": {"uv": [9, 3, 6, 7], "texture": "#0"},
				"west": {"uv": [12, 3, 9, 7], "texture": "#0"},
				"up": {"uv": [6, 0, 3, 3], "texture": "#0"},
				"down": {"uv": [9, 0, 6, 3], "texture": "#0"}
			}
		},
		{
			"from": [-1.82947, 10.81941, 8],
			"to": [10.17053, 22.81941, 8],
			"rotation": {"angle": 0, "axis": "z", "origin": [3.0801, 11.1332, 7.85]},
			"faces": {
				"north": {"uv": [0, 0, 16, 16], "texture": "#2"},
				"east": {"uv": [6, 3, 3, 7], "texture": "#2"},
				"south": {"uv": [16, 0, 0, 16], "texture": "#2"},
				"west": {"uv": [12, 3, 9, 7], "texture": "#2"},
				"up": {"uv": [16, 0, 0, 16], "texture": "#2"},
				"down": {"uv": [9, 0, 6, 3], "texture": "#2"}
			}
		},
		{
			"from": [3.34869, 0.06253, 7.1],
			"to": [5.14869, 10.86253, 8.9],
			"rotation": {"angle": -22.5, "axis": "z", "origin": [3.0801, 11.1332, 8.15]},
			"faces": {
				"north": {"uv": [4, 0, 0, 16], "texture": "#1"},
				"east": {"uv": [4, 0, 0, 16], "texture": "#1"},
				"south": {"uv": [4, 0, 0, 16], "texture": "#1"},
				"west": {"uv": [4, 0, 0, 16], "texture": "#1"},
				"up": {"uv": [8, 0, 4, 4], "texture": "#1"},
				"down": {"uv": [8, 0, 4, 4], "texture": "#1"}
			}
		}
	],
	"display": {
		"thirdperson_righthand": {
			"rotation": [-31, -90, 0],
			"translation": [0, 1.5, 2.5],
			"scale": [0.75, 0.75, 0.75]
		},
		"thirdperson_lefthand": {
			"rotation": [-31, 90, 0],
			"translation": [0, 1.5, 2.5],
			"scale": [0.75, 0.75, 0.75]
		},
		"firstperson_righthand": {
			"rotation": [0, -90, 25],
			"translation": [1.13, 3.2, 0.13],
			"scale": [0.68, 0.68, 0.68]
		},
		"firstperson_lefthand": {
			"rotation": [0, 90, -25],
			"translation": [1.13, 3.2, 0.13],
			"scale": [0.68, 0.68, 0.68]
		},
		"ground": {
			"translation": [5.75, 2, 0],
			"scale": [0.75, 0.75, 0.75]
		},
		"gui": {
			"rotation": [0, 0, -22.5],
			"translation": [2, -3.75, 0],
			"scale": [0.8, 0.8, 0.8]
		},
		"fixed": {
			"rotation": [0, 180, -22.5],
			"translation": [-4.5, -4.75, 0]
		}
	}
}