{
	"credit": "Made with Blockbench",
	"texture_size": [128, 128],
	"textures": {
		"2": "krmc:krmc_mobs/kraken_new_camo"
	},
	"elements": [
		{
			"name": "base",
			"from": [9, 3, 9],
			"to": [12, 6, 19],
			"rotation": {"angle": 22.5, "axis": "y", "origin": [8, 3, 19]},
			"faces": {
				"north": {"uv": [8.125, 2.25, 8.5, 2.625], "texture": "#2"},
				"east": {"uv": [5.875, 4.25, 7.125, 4.625], "texture": "#2"},
				"south": {"uv": [8.125, 2.625, 8.5, 3], "texture": "#2"},
				"west": {"uv": [5.875, 4.625, 7.125, 5], "texture": "#2"},
				"up": {"uv": [2, 7.125, 1.625, 5.875], "texture": "#2"},
				"down": {"uv": [3.75, 5.875, 3.375, 7.125], "texture": "#2"}
			}
		},
		{
			"name": "middle",
			"from": [6, 3, 0],
			"to": [9, 6, 10],
			"rotation": {"angle": 22.5, "axis": "x", "origin": [11, 5, 9]},
			"faces": {
				"north": {"uv": [1, 8.125, 1.375, 8.5], "texture": "#2"},
				"east": {"uv": [5.75, 5, 7, 5.375], "texture": "#2"},
				"south": {"uv": [8.125, 1.875, 8.5, 2.25], "texture": "#2"},
				"west": {"uv": [5.75, 5.375, 7, 5.75], "texture": "#2"},
				"up": {"uv": [4.5, 6.75, 4.125, 5.5], "texture": "#2"},
				"down": {"uv": [6.125, 5.75, 5.75, 7], "texture": "#2"}
			}
		},
		{
			"name": "end",
			"from": [7, 7, -9],
			"to": [9, 9, 1],
			"rotation": {"angle": 0, "axis": "y", "origin": [11, 5, -1]},
			"faces": {
				"north": {"uv": [8.5, 2.25, 8.75, 2.5], "texture": "#2"},
				"east": {"uv": [7.375, 3.375, 8.625, 3.625], "texture": "#2"},
				"south": {"uv": [8.5, 2.5, 8.75, 2.75], "texture": "#2"},
				"west": {"uv": [7.375, 3.625, 8.625, 3.875], "texture": "#2"},
				"up": {"uv": [5.5, 8.75, 5.25, 7.5], "texture": "#2"},
				"down": {"uv": [0.25, 7.625, 0, 8.875], "texture": "#2"}
			}
		}
	],
	"display": {
		"thirdperson_righthand": {
			"rotation": [69.26, 13.25, -0.3],
			"translation": [-0.5, 7, 1],
			"scale": [-1, 1, 1]
		},
		"thirdperson_lefthand": {
			"rotation": [69.26, 13.25, -0.3],
			"translation": [-0.5, 7, 1]
		},
		"firstperson_righthand": {
			"rotation": [50.75, 0, 0],
			"translation": [-0.25, 6.75, -2.25],
			"scale": [-1, -1, 1]
		},
		"firstperson_lefthand": {
			"rotation": [50.75, 0, 0],
			"translation": [-0.25, 6.75, -2.25],
			"scale": [1, -1, 1]
		},
		"ground": {
			"rotation": [-19.01, 3.11, -18.47],
			"translation": [0, 3.25, 3],
			"scale": [1.5, 1.5, 1.5]
		},
		"gui": {
			"rotation": [64.04, -52.32, 68.96],
			"translation": [-1, 1.25, 0],
			"scale": [1.5, 1.5, 1.5]
		},
		"fixed": {
			"rotation": [90, 55, -90],
			"translation": [0, 4, -2],
			"scale": [2, 2, 2]
		}
	},
	"groups": [
		{
			"name": "main",
			"origin": [0, 0, 0],
			"color": 0,
			"children": [
				{
					"name": "legs",
					"origin": [0, 0, 0],
					"color": 0,
					"children": [
						{
							"name": "left",
							"origin": [0, 0, 0],
							"color": 0,
							"children": []
						},
						{
							"name": "right",
							"origin": [0, 0, 0],
							"color": 0,
							"children": []
						}
					]
				}
			]
		},
		{
			"name": "tentacles",
			"origin": [8, 8, 8],
			"color": 0,
			"children": [
				{
					"name": "top1",
					"origin": [8, 8, 8],
					"color": 0,
					"children": [0, 1, 2]
				},
				{
					"name": "top2",
					"origin": [8, 8, 8],
					"color": 0,
					"children": []
				},
				{
					"name": "top3",
					"origin": [8, 8, 8],
					"color": 0,
					"children": []
				},
				{
					"name": "middle1",
					"origin": [8, 8, 8],
					"color": 0,
					"children": []
				},
				{
					"name": "middle2",
					"origin": [8, 8, 8],
					"color": 0,
					"children": []
				},
				{
					"name": "bottom1",
					"origin": [8, 8, 8],
					"color": 0,
					"children": []
				},
				{
					"name": "bottom2",
					"origin": [8, 8, 8],
					"color": 0,
					"children": []
				},
				{
					"name": "bottom3",
					"origin": [8, 8, 8],
					"color": 0,
					"children": []
				}
			]
		}
	]
}