{
	"credit": "Made with Blockbench",
	"texture_size": [38, 38],
	"textures": {
		"1": "krmc:krmc_items/title"
	},
	"elements": [
		{
			"from": [-10, 1, -4],
			"to": [26, 1, 22],
			"faces": {
				"up": {"uv": [16, 16, 0, 0], "texture": "#1"},
				"down": {"uv": [0, 0, 16, 16], "texture": "#1"}
			}
		}
	],
	"display": {
		"thirdperson_righthand": {
			"translation": [0, 14, 0]
		},
		"thirdperson_lefthand": {
			"translation": [0, 8.25, 0]
		},
		"firstperson_righthand": {
			"rotation": [90, -180, 0],
			"translation": [-9.5, 7.5, 3.25]
		},
		"firstperson_lefthand": {
			"rotation": [90, -180, 0],
			"translation": [-9.5, 7.5, 3.25]
		},
		"ground": {
			"rotation": [-90, 0, 0],
			"translation": [2, 8.25, -5.25]
		},
		"gui": {
			"rotation": [100, -180, 0],
			"translation": [0.75, -1.5, 0]
		},
		"head": {
			"rotation": [-90, 0, 0],
			"translation": [0, 17.5, -7.75]
		},
		"fixed": {
			"rotation": [90, -180, 0],
			"translation": [-2.5, 6.5, 26],
			"scale": [4, 4, 4]
		}
	}
}