{
	"credit": "Made with Blockbench",
	"texture_size": [32, 32],
	"textures": {
		"2": "krmc:krmc_items/customtorch"
	},
	"elements": [
		{
			"from": [8, 11, 4],
			"to": [8, 19, 10],
			"faces": {
				"north": {"uv": [0, 0, 0, 4], "texture": "#2"},
				"east": {"uv": [3, 0, 0, 4], "texture": "#2"},
				"south": {"uv": [0, 0, 0, 4], "texture": "#2"},
				"west": {"uv": [0, 0, 3, 4], "texture": "#2"},
				"up": {"uv": [0, 3, 0, 0], "texture": "#2"},
				"down": {"uv": [0, 0, 0, 3], "texture": "#2"}
			}
		},
		{
			"from": [5, 11, 7],
			"to": [11, 19, 7],
			"faces": {
				"north": {"uv": [3, 0, 0, 4], "texture": "#2"},
				"east": {"uv": [0, 0, 0, 4], "texture": "#2"},
				"south": {"uv": [0, 0, 3, 4], "texture": "#2"},
				"west": {"uv": [0, 0, 0, 4], "texture": "#2"},
				"up": {"uv": [3, 0, 0, 0], "texture": "#2"},
				"down": {"uv": [3, 0, 0, 0], "texture": "#2"}
			}
		},
		{
			"name": "stick",
			"from": [7, 0, 6],
			"to": [9, 9, 8],
			"faces": {
				"north": {"uv": [6, 0, 7, 4.5], "texture": "#2"},
				"east": {"uv": [6, 4.5, 7, 9], "texture": "#2"},
				"south": {"uv": [7, 0, 8, 4.5], "texture": "#2"},
				"west": {"uv": [7, 4.5, 8, 9], "texture": "#2"},
				"up": {"uv": [9, 4.5, 8, 3.5], "texture": "#2"},
				"down": {"uv": [5.5, 8, 4.5, 9], "texture": "#2"}
			}
		},
		{
			"name": "tip",
			"from": [6.5, 9, 5.5],
			"to": [9.5, 11, 8.5],
			"faces": {
				"north": {"uv": [1.5, 8, 3, 9], "texture": "#2"},
				"east": {"uv": [8, 1.5, 9.5, 2.5], "texture": "#2"},
				"south": {"uv": [8, 2.5, 9.5, 3.5], "texture": "#2"},
				"west": {"uv": [3, 8, 4.5, 9], "texture": "#2"},
				"up": {"uv": [1.5, 9.5, 0, 8], "texture": "#2"},
				"down": {"uv": [9.5, 0, 8, 1.5], "texture": "#2"}
			}
		}
	],
	"display": {
		"thirdperson_righthand": {
			"translation": [0, 3.25, 1.5],
			"scale": [1.5, 1.5, 1.5]
		},
		"thirdperson_lefthand": {
			"translation": [0, 3.25, 1.5],
			"scale": [1.5, 1.5, 1.5]
		},
		"firstperson_righthand": {
			"translation": [0, 4, 0]
		},
		"firstperson_lefthand": {
			"translation": [0, 4, 0]
		},
		"ground": {
			"rotation": [39.58, 19.8, 55.22],
			"translation": [1, 0, 1],
			"scale": [1.5, 1.5, 1.5]
		},
		"gui": {
			"rotation": [24.24, 39.19, -35.49],
			"translation": [1.5, -0.25, 0],
			"scale": [1.5, 1.5, 1.5]
		},
		"fixed": {
			"rotation": [-37.25, 0, 0.5],
			"translation": [0, -1, -3.75],
			"scale": [1.5, 1.5, 1.5]
		}
	},
	"groups": [
		{
			"name": "root",
			"origin": [8, 8, 8],
			"color": 0,
			"children": [
				{
					"name": "flame",
					"origin": [8, 8, 8],
					"color": 0,
					"children": [0, 1]
				},
				2,
				3
			]
		}
	]
}