{
	"credit": "Made with Blockbench",
	"textures": {
		"0": "block/carved_pumpkin",
		"1": "block/pumpkin_side",
		"3": "block/pumpkin_top",
		"2_1": "krmc:krmc_mobs/triceratops",
		"particle": "krmc:krmc_mobs/animations/triceratops"
	},
	"elements": [
		{
			"name": "horn_right",
			"from": [9.45, 1.2, -3.9],
			"to": [11.1, 2.85, 4.8],
			"rotation": {"angle": 22.5, "axis": "x", "origin": [8, 3.4, 8.1]},
			"faces": {
				"north": {"uv": [5.5, 9.75, 5.875, 10.125], "texture": "#2_1"},
				"east": {"uv": [12.75, 12.25, 14.625, 12.625], "texture": "#2_1"},
				"south": {"uv": [10.25, 2.75, 10.625, 3.125], "texture": "#2_1"},
				"west": {"uv": [13, 5.25, 14.875, 5.625], "texture": "#2_1"},
				"up": {"uv": [8.875, 14.875, 8.5, 13], "texture": "#2_1"},
				"down": {"uv": [9.375, 13, 9, 14.875], "texture": "#2_1"}
			}
		},
		{
			"name": "horn_left",
			"from": [4.9, 1.2, -3.9],
			"to": [6.55, 2.85, 4.8],
			"rotation": {"angle": 22.5, "axis": "x", "origin": [8, 3.4, 8.1]},
			"faces": {
				"north": {"uv": [0.75, 10.5, 1.125, 10.875], "texture": "#2_1"},
				"east": {"uv": [13, 9.75, 14.875, 10.125], "texture": "#2_1"},
				"south": {"uv": [1.75, 12, 2.125, 12.375], "texture": "#2_1"},
				"west": {"uv": [13, 10.25, 14.875, 10.625], "texture": "#2_1"},
				"up": {"uv": [10.875, 14.875, 10.5, 13], "texture": "#2_1"},
				"down": {"uv": [11.375, 13, 11, 14.875], "texture": "#2_1"}
			}
		},
		{
			"name": "horn_nose",
			"from": [7.55, -2.95, 0.05],
			"to": [8.45, -1.8, 2.35],
			"rotation": {"angle": 22.5, "axis": "x", "origin": [7.95, 3.65, 8.1]},
			"faces": {
				"north": {"uv": [12.25, 11, 12.625, 11.375], "texture": "#2_1"},
				"east": {"uv": [8.5, 6.5, 9.375, 6.875], "texture": "#2_1"},
				"south": {"uv": [13.5, 11.75, 13.875, 12.125], "texture": "#2_1"},
				"west": {"uv": [12, 3.75, 12.875, 4.125], "texture": "#2_1"},
				"up": {"uv": [10.375, 14.375, 10, 13.5], "texture": "#2_1"},
				"down": {"uv": [13.875, 10.75, 13.5, 11.625], "texture": "#2_1"}
			}
		},
		{
			"from": [7.5, -0.3, 0.1875],
			"to": [8.5, 3.75, 8.9375],
			"rotation": {"angle": 0, "axis": "y", "origin": [8, 1.85, 4.4375]},
			"faces": {
				"north": {"uv": [4.75, 11.75, 5.25, 14.25], "texture": "#2_1"},
				"east": {"uv": [4.75, 11.75, 5.25, 14.25], "texture": "#2_1"},
				"south": {"uv": [4.75, 11.75, 5.25, 14.25], "texture": "#2_1"},
				"west": {"uv": [4.75, 11.75, 5.25, 14.25], "texture": "#2_1"},
				"up": {"uv": [4.75, 11.75, 5.25, 14.25], "texture": "#2_1"},
				"down": {"uv": [4.75, 11.75, 5.25, 14.25], "texture": "#2_1"}
			}
		},
		{
			"from": [4, -0.5, 0.4375],
			"to": [12, 3.5, 8.4375],
			"rotation": {"angle": 0, "axis": "y", "origin": [8, 1.5, 4.4375]},
			"faces": {
				"north": {"uv": [0, 0, 16, 8], "texture": "#0"},
				"east": {"uv": [0, 0, 16, 8], "texture": "#1"},
				"south": {"uv": [0, 0, 16, 8], "texture": "#1"},
				"west": {"uv": [0, 0, 16, 8], "texture": "#1"},
				"up": {"uv": [0, 0, 16, 16], "texture": "#3"},
				"down": {"uv": [0, 0, 16, 8], "texture": "#1"}
			}
		},
		{
			"name": "frill",
			"from": [3.5, 0, 2.95],
			"to": [12.5, 8.8, 5.45],
			"rotation": {"angle": 22.5, "axis": "x", "origin": [8, -0.45, 4.45]},
			"faces": {
				"north": {"uv": [2, 4.5, 5.25, 7], "texture": "#2_1"},
				"east": {"uv": [9, 10.5, 9.5, 13], "texture": "#2_1"},
				"south": {"uv": [5.25, 4.5, 8.5, 7], "texture": "#2_1"},
				"west": {"uv": [4.75, 11.75, 5.25, 14.25], "texture": "#2_1"},
				"up": {"uv": [13.25, 6.25, 10, 5.75], "texture": "#2_1"},
				"down": {"uv": [13.5, 2.25, 10.25, 2.75], "texture": "#2_1"}
			}
		}
	],
	"display": {
		"thirdperson_righthand": {
			"rotation": [75, 45, 0],
			"translation": [0, 2.5, 0],
			"scale": [0.375, 0.375, 0.375]
		},
		"thirdperson_lefthand": {
			"rotation": [75, 45, 0],
			"translation": [0, 2.5, 0],
			"scale": [0.375, 0.375, 0.375]
		},
		"firstperson_righthand": {
			"rotation": [0, 45, 0],
			"scale": [0.4, 0.4, 0.4]
		},
		"firstperson_lefthand": {
			"rotation": [0, 225, 0],
			"scale": [0.4, 0.4, 0.4]
		},
		"ground": {
			"translation": [0, 2, 0],
			"scale": [0.5, 0.5, 0.5]
		},
		"gui": {
			"rotation": [30, 225, 0],
			"translation": [-2.25, 6.25, 0]
		},
		"head": {
			"translation": [0, 17.75, 6.75],
			"scale": [1.9, 2.3, 1.9]
		},
		"fixed": {
			"translation": [0, 8.5, -2],
			"scale": [2, 2, 2]
		}
	},
	"groups": [
		{
			"name": "horns",
			"origin": [8, 8, 8],
			"color": 1,
			"children": [0, 1, 2]
		},
		3,
		4,
		5
	]
}