{
	"credit": "Made with Blockbench",
	"textures": {
		"0": "krmc:krmc_items/lead_knot",
		"1": "block/bamboo_fence",
		"2": "krmc:krmc_items/tyrannosaurus_tooth",
		"3": "block/bone_block_side",
		"4": "block/bone_block_top",
		"5": "krmc:krmc_items/handle",
		"particle": "krmc:krmc_items/lead_knot"
	},
	"elements": [
		{
			"from": [7.04342, -5.75716, 6.705],
			"to": [9.54342, -2.55716, 9.205],
			"rotation": {"angle": -45, "axis": "z", "origin": [9, 11, 7.25]},
			"faces": {
				"north": {"uv": [0, 3, 3, 7], "texture": "#0"},
				"east": {"uv": [9, 3, 12, 7], "texture": "#0"},
				"south": {"uv": [6, 3, 9, 7], "texture": "#0"},
				"west": {"uv": [3, 3, 6, 7], "texture": "#0"},
				"up": {"uv": [3, 0, 6, 3], "texture": "#0"},
				"down": {"uv": [6, 0, 9, 3], "texture": "#0"}
			}
		},
		{
			"from": [6.79342, 5.24284, 5.955],
			"to": [10.79342, 10.44284, 9.955],
			"rotation": {"angle": -45, "axis": "z", "origin": [9, 11, 8]},
			"faces": {
				"north": {"uv": [0, 3, 3, 7], "texture": "#0"},
				"east": {"uv": [9, 3, 12, 7], "texture": "#0"},
				"south": {"uv": [6, 3, 9, 7], "texture": "#0"},
				"west": {"uv": [3, 3, 6, 7], "texture": "#0"},
				"up": {"uv": [3, 0, 6, 3], "texture": "#0"},
				"down": {"uv": [6, 0, 9, 3], "texture": "#0"}
			}
		},
		{
			"from": [7.54342, 10.19259, 6.705],
			"to": [10.04342, 12.69259, 9.205],
			"rotation": {"angle": -45, "axis": "z", "origin": [9, 11, 8]},
			"faces": {
				"north": {"uv": [0, 0, 16, 16], "texture": "#3"},
				"east": {"uv": [0, 0, 16, 16], "texture": "#3"},
				"south": {"uv": [0, 0, 16, 16], "texture": "#3"},
				"west": {"uv": [0, 0, 16, 16], "texture": "#3"},
				"up": {"uv": [0, 0, 16, 16], "texture": "#4"},
				"down": {"uv": [0, 0, 16, 16], "texture": "#4"}
			}
		},
		{
			"from": [7.54342, 12.69259, 6.705],
			"to": [10.04342, 15.19259, 9.205],
			"rotation": {"angle": -45, "axis": "z", "origin": [9, 11, 8]},
			"faces": {
				"north": {"uv": [0, 0, 16, 16], "texture": "#3"},
				"east": {"uv": [0, 0, 16, 16], "texture": "#3"},
				"south": {"uv": [0, 0, 16, 16], "texture": "#3"},
				"west": {"uv": [0, 0, 16, 16], "texture": "#3"},
				"up": {"uv": [0, 0, 16, 16], "texture": "#4"},
				"down": {"uv": [0, 0, 16, 16], "texture": "#4"}
			}
		},
		{
			"from": [7.54342, 15.19259, 6.705],
			"to": [10.04342, 16.69259, 9.205],
			"rotation": {"angle": -45, "axis": "z", "origin": [9, 11, 8]},
			"faces": {
				"north": {"uv": [0, 0, 16, 16], "texture": "#3"},
				"east": {"uv": [0, 0, 16, 16], "texture": "#3"},
				"south": {"uv": [0, 0, 16, 16], "texture": "#3"},
				"west": {"uv": [0, 0, 16, 16], "texture": "#3"},
				"up": {"uv": [0, 0, 16, 16], "texture": "#4"},
				"down": {"uv": [0, 0, 16, 16], "texture": "#4"}
			}
		},
		{
			"from": [8.04342, 16.69259, 6.955],
			"to": [10.04342, 19.69259, 8.955],
			"rotation": {"angle": -45, "axis": "z", "origin": [9, 11, 8]},
			"faces": {
				"north": {"uv": [0, 0, 16, 16], "texture": "#3"},
				"east": {"uv": [0, 0, 16, 16], "texture": "#3"},
				"south": {"uv": [0, 0, 16, 16], "texture": "#3"},
				"west": {"uv": [0, 0, 16, 16], "texture": "#3"},
				"up": {"uv": [0, 0, 16, 16], "texture": "#4"},
				"down": {"uv": [0, 0, 16, 16], "texture": "#4"}
			}
		},
		{
			"from": [8.54342, 19.69259, 7.205],
			"to": [10.04342, 22.44259, 8.705],
			"rotation": {"angle": -45, "axis": "z", "origin": [9, 11, 8]},
			"faces": {
				"north": {"uv": [0, 0, 16, 16], "texture": "#3"},
				"east": {"uv": [0, 0, 16, 16], "texture": "#3"},
				"south": {"uv": [0, 0, 16, 16], "texture": "#3"},
				"west": {"uv": [0, 0, 16, 16], "texture": "#3"},
				"up": {"uv": [0, 0, 16, 16], "texture": "#4"},
				"down": {"uv": [0, 0, 16, 16], "texture": "#4"}
			}
		},
		{
			"from": [9.04342, 22.44259, 7.455],
			"to": [10.04342, 25.19259, 8.455],
			"rotation": {"angle": -45, "axis": "z", "origin": [9, 11, 8]},
			"faces": {
				"north": {"uv": [0, 0, 16, 16], "texture": "#3"},
				"east": {"uv": [0, 0, 16, 16], "texture": "#3"},
				"south": {"uv": [0, 0, 16, 16], "texture": "#3"},
				"west": {"uv": [0, 0, 16, 16], "texture": "#3"},
				"up": {"uv": [0, 0, 16, 16], "texture": "#4"},
				"down": {"uv": [0, 0, 16, 16], "texture": "#4"}
			}
		},
		{
			"from": [7.55549, 6.76708, 8.025],
			"to": [13.95549, 13.16708, 8.025],
			"rotation": {"angle": -22.5, "axis": "z", "origin": [9, 11, 8]},
			"faces": {
				"north": {"uv": [16, 0, 0, 16], "rotation": 270, "texture": "#2"},
				"east": {"uv": [0, 0, 16, 16], "rotation": 90, "texture": "#2"},
				"south": {"uv": [0, 0, 16, 16], "rotation": 90, "texture": "#2"},
				"west": {"uv": [6, 0, 9, 3], "rotation": 90, "texture": "#2"},
				"up": {"uv": [3, 3, 6, 7], "rotation": 90, "texture": "#2"},
				"down": {"uv": [9, 3, 12, 7], "rotation": 90, "texture": "#2"}
			}
		},
		{
			"from": [8.31715, 5.51751, 8.035],
			"to": [14.71715, 11.91751, 8.035],
			"rotation": {"angle": -45, "axis": "z", "origin": [9, 11, 8]},
			"faces": {
				"north": {"uv": [16, 0, 0, 16], "rotation": 270, "texture": "#2"},
				"east": {"uv": [0, 0, 16, 16], "rotation": 90, "texture": "#2"},
				"south": {"uv": [0, 0, 16, 16], "rotation": 90, "texture": "#2"},
				"west": {"uv": [6, 0, 9, 3], "rotation": 90, "texture": "#2"},
				"up": {"uv": [3, 3, 6, 7], "rotation": 90, "texture": "#2"},
				"down": {"uv": [9, 3, 12, 7], "rotation": 90, "texture": "#2"}
			}
		},
		{
			"from": [9.31121, 21.55716, 8.015],
			"to": [14.11121, 26.35716, 8.015],
			"rotation": {"angle": -45, "axis": "z", "origin": [9, 11, 8]},
			"faces": {
				"north": {"uv": [16, 0, 0, 16], "rotation": 270, "texture": "#2"},
				"east": {"uv": [0, 0, 16, 16], "rotation": 90, "texture": "#2"},
				"south": {"uv": [0, 0, 16, 16], "rotation": 90, "texture": "#2"},
				"west": {"uv": [6, 0, 9, 3], "rotation": 90, "texture": "#2"},
				"up": {"uv": [3, 3, 6, 7], "rotation": 90, "texture": "#2"},
				"down": {"uv": [9, 3, 12, 7], "rotation": 90, "texture": "#2"}
			}
		},
		{
			"from": [9.31121, 19.55716, 8.015],
			"to": [13.11121, 23.35716, 8.015],
			"rotation": {"angle": -45, "axis": "z", "origin": [9, 11, 8]},
			"faces": {
				"north": {"uv": [16, 0, 0, 16], "rotation": 270, "texture": "#2"},
				"east": {"uv": [0, 0, 16, 16], "rotation": 90, "texture": "#2"},
				"south": {"uv": [0, 0, 16, 16], "rotation": 90, "texture": "#2"},
				"west": {"uv": [6, 0, 9, 3], "rotation": 90, "texture": "#2"},
				"up": {"uv": [3, 3, 6, 7], "rotation": 90, "texture": "#2"},
				"down": {"uv": [9, 3, 12, 7], "rotation": 90, "texture": "#2"}
			}
		},
		{
			"from": [9.31121, 18.55716, 8.015],
			"to": [12.11121, 21.35716, 8.015],
			"rotation": {"angle": -45, "axis": "z", "origin": [9, 11, 8]},
			"faces": {
				"north": {"uv": [16, 0, 0, 16], "rotation": 270, "texture": "#2"},
				"east": {"uv": [0, 0, 16, 16], "rotation": 90, "texture": "#2"},
				"south": {"uv": [0, 0, 16, 16], "rotation": 90, "texture": "#2"},
				"west": {"uv": [6, 0, 9, 3], "rotation": 90, "texture": "#2"},
				"up": {"uv": [3, 3, 6, 7], "rotation": 90, "texture": "#2"},
				"down": {"uv": [9, 3, 12, 7], "rotation": 90, "texture": "#2"}
			}
		},
		{
			"from": [3.07736, 4.4889, 8.045],
			"to": [9.47736, 10.8889, 8.045],
			"rotation": {"angle": 22.5, "axis": "z", "origin": [9, 11, 8]},
			"faces": {
				"north": {"uv": [16, 0, 0, 16], "rotation": 180, "texture": "#2"},
				"east": {"uv": [3, 3, 6, 7], "rotation": 180, "texture": "#2"},
				"south": {"uv": [0, 0, 16, 16], "rotation": 180, "texture": "#2"},
				"west": {"uv": [9, 3, 12, 7], "rotation": 180, "texture": "#2"},
				"up": {"uv": [6, 0, 9, 3], "rotation": 180, "texture": "#2"},
				"down": {"uv": [0, 0, 16, 16], "rotation": 180, "texture": "#2"}
			}
		},
		{
			"from": [0.5703, -5.84546, 8.045],
			"to": [6.9703, 9.55454, 8.045],
			"rotation": {"angle": -45, "axis": "z", "origin": [3.7703, 3.35454, 8.045]},
			"faces": {
				"north": {"uv": [0, 0, 8, 16], "texture": "#5"},
				"east": {"uv": [3, 3, 6, 7], "texture": "#5"},
				"south": {"uv": [8, 0, 0, 16], "texture": "#5"},
				"west": {"uv": [9, 3, 12, 7], "texture": "#5"},
				"up": {"uv": [0, 0, 16, 16], "rotation": 180, "texture": "#5"},
				"down": {"uv": [6, 0, 9, 3], "rotation": 180, "texture": "#5"}
			}
		},
		{
			"from": [7.09342, -9.15716, 6.755],
			"to": [9.49342, 5.24284, 9.155],
			"rotation": {"angle": -45, "axis": "z", "origin": [9, 11, 8]},
			"faces": {
				"north": {"uv": [0, 0, 4, 16], "texture": "#1"},
				"east": {"uv": [0, 0, 4, 16], "texture": "#1"},
				"south": {"uv": [0, 0, 4, 16], "texture": "#1"},
				"west": {"uv": [0, 0, 4, 16], "texture": "#1"},
				"up": {"uv": [4, 0, 8, 4], "texture": "#1"},
				"down": {"uv": [4, 0, 8, 4], "texture": "#1"}
			}
		}
	],
	"display": {
		"thirdperson_righthand": {
			"rotation": [0, -90, 55],
			"translation": [0, 5.25, 0.25],
			"scale": [0.85, 0.85, 0.85]
		},
		"thirdperson_lefthand": {
			"rotation": [0, 90, -55],
			"translation": [0, 5.25, 0.25],
			"scale": [0.85, 0.85, 0.85]
		},
		"firstperson_righthand": {
			"rotation": [0, -90, 25],
			"translation": [1.13, 3.2, -1.37],
			"scale": [0.68, 0.68, 0.68]
		},
		"firstperson_lefthand": {
			"rotation": [0, 90, -25],
			"translation": [1.13, 3.2, -1.37],
			"scale": [0.68, 0.68, 0.68]
		},
		"ground": {
			"translation": [0, 2, 0],
			"scale": [0.5, 0.5, 0.5]
		},
		"gui": {
			"translation": [0, -2, 0]
		},
		"fixed": {
			"rotation": [0, 180, 0],
			"translation": [0, 0, -0.5],
			"scale": [1.25, 1.25, 1.25]
		}
	}
}