{
	"credit": "Made with Blockbench",
	"textures": {
		"0": "item/bone",
		"1": "block/bone_block_side",
		"2": "block/bone_block_top",
		"particle": "krmc:krmc_mobs/shimo",
		"1_2": "krmc:krmc_mobs/shimo"
	},
	"elements": [
		{
			"name": "crystal",
			"from": [13.17823, 14.88962, 2.80969],
			"to": [18.67823, 19.38962, 2.80969],
			"rotation": {"angle": -22.5, "axis": "z", "origin": [8, 8.81069, 2.80969]},
			"faces": {
				"north": {"uv": [3.75, 3.5, 5, 5.625], "rotation": 270, "texture": "#1_2"},
				"east": {"uv": [3.75, 3.5, 5, 5.625], "rotation": 180, "texture": "#1_2"},
				"south": {"uv": [5, 3.5, 3.75, 5.625], "rotation": 90, "texture": "#1_2"},
				"west": {"uv": [3.75, 3.5, 5, 5.625], "texture": "#1_2"},
				"up": {"uv": [3.75, 3.5, 5, 5.625], "rotation": 90, "texture": "#1_2"},
				"down": {"uv": [3.75, 3.5, 5, 5.625], "rotation": 90, "texture": "#1_2"}
			}
		},
		{
			"name": "bone",
			"from": [4.82013, 18.80293, 1.80969],
			"to": [6.82013, 20.80293, 3.80969],
			"rotation": {"angle": -45, "axis": "z", "origin": [8, 8.81069, 2.80969]},
			"faces": {
				"north": {"uv": [0, 0, 16, 16], "rotation": 90, "texture": "#1"},
				"east": {"uv": [0, 0, 16, 16], "texture": "#2"},
				"south": {"uv": [0, 0, 16, 16], "rotation": 90, "texture": "#1"},
				"west": {"uv": [0, 0, 16, 16], "texture": "#2"},
				"up": {"uv": [0, 0, 16, 16], "rotation": 90, "texture": "#1"},
				"down": {"uv": [0, 0, 16, 16], "rotation": 270, "texture": "#1"}
			}
		},
		{
			"name": "bone",
			"from": [11.52419, 17.02122, 2.80969],
			"to": [15.52419, 20.77122, 2.80969],
			"rotation": {"angle": 0, "axis": "x", "origin": [8, 8.81069, 2.80969]},
			"faces": {
				"north": {"uv": [16, 16, 0, 0], "texture": "#0"},
				"east": {"uv": [0, 0, 16, 16], "rotation": 180, "texture": "#0"},
				"south": {"uv": [0, 0, 16, 16], "rotation": 90, "texture": "#0"},
				"west": {"uv": [0, 0, 16, 16], "texture": "#0"},
				"up": {"uv": [0, 0, 16, 16], "rotation": 270, "texture": "#0"},
				"down": {"uv": [0, 0, 16, 16], "rotation": 270, "texture": "#0"}
			}
		},
		{
			"name": "bone",
			"from": [16.61953, 10.50009, 1.80969],
			"to": [18.61953, 12.50009, 3.80969],
			"rotation": {"angle": 22.5, "axis": "z", "origin": [8, 8.81069, 2.80969]},
			"faces": {
				"north": {"uv": [0, 0, 16, 16], "texture": "#1"},
				"east": {"uv": [0, 0, 16, 16], "rotation": 180, "texture": "#1"},
				"south": {"uv": [0, 0, 16, 16], "rotation": 180, "texture": "#1"},
				"west": {"uv": [0, 0, 16, 16], "texture": "#1"},
				"up": {"uv": [0, 0, 16, 16], "rotation": 90, "texture": "#2"},
				"down": {"uv": [0, 0, 16, 16], "rotation": 90, "texture": "#2"}
			}
		},
		{
			"name": "bone",
			"from": [10.19324, 16.41086, 2.80969],
			"to": [14.19324, 20.16086, 2.80969],
			"rotation": {"angle": -22.5, "axis": "z", "origin": [8, 8.81069, 2.80969]},
			"faces": {
				"north": {"uv": [16, 16, 0, 0], "texture": "#0"},
				"east": {"uv": [0, 0, 16, 16], "rotation": 180, "texture": "#0"},
				"south": {"uv": [0, 0, 16, 16], "rotation": 90, "texture": "#0"},
				"west": {"uv": [0, 0, 16, 16], "texture": "#0"},
				"up": {"uv": [0, 0, 16, 16], "rotation": 270, "texture": "#0"},
				"down": {"uv": [0, 0, 16, 16], "rotation": 270, "texture": "#0"}
			}
		},
		{
			"name": "bone",
			"from": [6.05913, 19.70582, 1.80969],
			"to": [8.05913, 21.70582, 3.80969],
			"rotation": {"angle": -22.5, "axis": "z", "origin": [8, 8.81069, 2.80969]},
			"faces": {
				"north": {"uv": [0, 0, 16, 16], "rotation": 90, "texture": "#1"},
				"east": {"uv": [0, 0, 16, 16], "texture": "#2"},
				"south": {"uv": [0, 0, 16, 16], "rotation": 90, "texture": "#1"},
				"west": {"uv": [0, 0, 16, 16], "texture": "#2"},
				"up": {"uv": [0, 0, 16, 16], "rotation": 90, "texture": "#1"},
				"down": {"uv": [0, 0, 16, 16], "rotation": 270, "texture": "#1"}
			}
		},
		{
			"name": "bone",
			"from": [13.03873, 16.78356, 2.80969],
			"to": [17.03873, 20.53356, 2.80969],
			"rotation": {"angle": 22.5, "axis": "z", "origin": [8, 8.81069, 2.80969]},
			"faces": {
				"north": {"uv": [16, 16, 0, 0], "texture": "#0"},
				"east": {"uv": [0, 0, 16, 16], "rotation": 180, "texture": "#0"},
				"south": {"uv": [0, 0, 16, 16], "rotation": 90, "texture": "#0"},
				"west": {"uv": [0, 0, 16, 16], "texture": "#0"},
				"up": {"uv": [0, 0, 16, 16], "rotation": 270, "texture": "#0"},
				"down": {"uv": [0, 0, 16, 16], "rotation": 270, "texture": "#0"}
			}
		},
		{
			"name": "bone",
			"from": [12.16503, 18.75009, 1.80969],
			"to": [14.16503, 20.75009, 3.80969],
			"rotation": {"angle": 22.5, "axis": "z", "origin": [8, 8.81069, 2.80969]},
			"faces": {
				"north": {"uv": [0, 0, 16, 16], "rotation": 90, "texture": "#1"},
				"east": {"uv": [0, 0, 16, 16], "texture": "#2"},
				"south": {"uv": [0, 0, 16, 16], "rotation": 90, "texture": "#1"},
				"west": {"uv": [0, 0, 16, 16], "texture": "#2"},
				"up": {"uv": [0, 0, 16, 16], "rotation": 90, "texture": "#1"},
				"down": {"uv": [0, 0, 16, 16], "rotation": 270, "texture": "#1"}
			}
		},
		{
			"name": "bone",
			"from": [1.27046, 17.49113, 2.80969],
			"to": [5.02046, 21.49113, 2.80969],
			"rotation": {"angle": -22.5, "axis": "z", "origin": [8, 8.81069, 2.80969]},
			"faces": {
				"north": {"uv": [16, 16, 0, 0], "rotation": 90, "texture": "#0"},
				"east": {"uv": [0, 0, 16, 16], "rotation": 180, "texture": "#0"},
				"south": {"uv": [0, 0, 16, 16], "texture": "#0"},
				"west": {"uv": [0, 0, 16, 16], "rotation": 180, "texture": "#0"},
				"up": {"uv": [0, 0, 16, 16], "rotation": 90, "texture": "#0"},
				"down": {"uv": [0, 0, 16, 16], "rotation": 270, "texture": "#0"}
			}
		},
		{
			"name": "bone",
			"from": [5.18961, 18.35707, 1.80969],
			"to": [7.18961, 20.35707, 3.80969],
			"rotation": {"angle": 0, "axis": "x", "origin": [8, 8.81069, 2.80969]},
			"faces": {
				"north": {"uv": [0, 0, 16, 16], "rotation": 180, "texture": "#1"},
				"east": {"uv": [0, 0, 16, 16], "rotation": 180, "texture": "#1"},
				"south": {"uv": [0, 0, 16, 16], "texture": "#1"},
				"west": {"uv": [0, 0, 16, 16], "texture": "#1"},
				"up": {"uv": [0, 0, 16, 16], "rotation": 270, "texture": "#2"},
				"down": {"uv": [0, 0, 16, 16], "rotation": 270, "texture": "#2"}
			}
		},
		{
			"name": "bone",
			"from": [-2.03046, 12.34152, 2.80969],
			"to": [1.96954, 16.09152, 2.80969],
			"rotation": {"angle": -45, "axis": "z", "origin": [8, 8.81069, 2.80969]},
			"faces": {
				"north": {"uv": [16, 16, 0, 0], "rotation": 180, "texture": "#0"},
				"east": {"uv": [0, 0, 16, 16], "rotation": 180, "texture": "#0"},
				"south": {"uv": [0, 0, 16, 16], "rotation": 270, "texture": "#0"},
				"west": {"uv": [0, 0, 16, 16], "texture": "#0"},
				"up": {"uv": [0, 0, 16, 16], "rotation": 90, "texture": "#0"},
				"down": {"uv": [0, 0, 16, 16], "rotation": 90, "texture": "#0"}
			}
		},
		{
			"name": "bone",
			"from": [8.16503, 8.29558, 1.80969],
			"to": [10.16503, 10.29558, 3.80969],
			"rotation": {"angle": 22.5, "axis": "z", "origin": [8, 8.81069, 2.80969]},
			"faces": {
				"north": {"uv": [0, 0, 16, 16], "rotation": 180, "texture": "#1"},
				"east": {"uv": [0, 0, 16, 16], "rotation": 180, "texture": "#1"},
				"south": {"uv": [0, 0, 16, 16], "texture": "#1"},
				"west": {"uv": [0, 0, 16, 16], "texture": "#1"},
				"up": {"uv": [0, 0, 16, 16], "rotation": 270, "texture": "#2"},
				"down": {"uv": [0, 0, 16, 16], "rotation": 270, "texture": "#2"}
			}
		},
		{
			"name": "bone",
			"from": [7.18803, 7.33091, 2.80969],
			"to": [11.18803, 11.08091, 2.80969],
			"rotation": {"angle": -22.5, "axis": "z", "origin": [8, 8.81069, 2.80969]},
			"faces": {
				"north": {"uv": [16, 16, 0, 0], "rotation": 180, "texture": "#0"},
				"east": {"uv": [0, 0, 16, 16], "rotation": 180, "texture": "#0"},
				"south": {"uv": [0, 0, 16, 16], "rotation": 270, "texture": "#0"},
				"west": {"uv": [0, 0, 16, 16], "texture": "#0"},
				"up": {"uv": [0, 0, 16, 16], "rotation": 90, "texture": "#0"},
				"down": {"uv": [0, 0, 16, 16], "rotation": 90, "texture": "#0"}
			}
		},
		{
			"name": "bone",
			"from": [8.16503, 11.79558, 1.80969],
			"to": [10.16503, 13.79558, 3.80969],
			"rotation": {"angle": 22.5, "axis": "z", "origin": [8, 8.81069, 2.80969]},
			"faces": {
				"north": {"uv": [0, 0, 16, 16], "rotation": 180, "texture": "#1"},
				"east": {"uv": [0, 0, 16, 16], "rotation": 180, "texture": "#1"},
				"south": {"uv": [0, 0, 16, 16], "texture": "#1"},
				"west": {"uv": [0, 0, 16, 16], "texture": "#1"},
				"up": {"uv": [0, 0, 16, 16], "rotation": 270, "texture": "#2"},
				"down": {"uv": [0, 0, 16, 16], "rotation": 270, "texture": "#2"}
			}
		},
		{
			"name": "bone",
			"from": [4.71316, 9.80578, 2.80969],
			"to": [8.71316, 13.55578, 2.80969],
			"rotation": {"angle": -22.5, "axis": "z", "origin": [8, 8.81069, 2.80969]},
			"faces": {
				"north": {"uv": [16, 16, 0, 0], "rotation": 180, "texture": "#0"},
				"east": {"uv": [0, 0, 16, 16], "rotation": 180, "texture": "#0"},
				"south": {"uv": [0, 0, 16, 16], "rotation": 270, "texture": "#0"},
				"west": {"uv": [0, 0, 16, 16], "texture": "#0"},
				"up": {"uv": [0, 0, 16, 16], "rotation": 90, "texture": "#0"},
				"down": {"uv": [0, 0, 16, 16], "rotation": 90, "texture": "#0"}
			}
		},
		{
			"name": "bone",
			"from": [8.16503, 15.04558, 1.80969],
			"to": [10.16503, 17.04558, 3.80969],
			"rotation": {"angle": 22.5, "axis": "z", "origin": [8, 8.81069, 2.80969]},
			"faces": {
				"north": {"uv": [0, 0, 16, 16], "rotation": 180, "texture": "#1"},
				"east": {"uv": [0, 0, 16, 16], "rotation": 180, "texture": "#1"},
				"south": {"uv": [0, 0, 16, 16], "texture": "#1"},
				"west": {"uv": [0, 0, 16, 16], "texture": "#1"},
				"up": {"uv": [0, 0, 16, 16], "rotation": 270, "texture": "#2"},
				"down": {"uv": [0, 0, 16, 16], "rotation": 270, "texture": "#2"}
			}
		},
		{
			"name": "bone",
			"from": [2.41506, 12.10388, 2.80969],
			"to": [6.41506, 15.85388, 2.80969],
			"rotation": {"angle": -22.5, "axis": "z", "origin": [8, 8.81069, 2.80969]},
			"faces": {
				"north": {"uv": [16, 16, 0, 0], "rotation": 180, "texture": "#0"},
				"east": {"uv": [0, 0, 16, 16], "rotation": 180, "texture": "#0"},
				"south": {"uv": [0, 0, 16, 16], "rotation": 270, "texture": "#0"},
				"west": {"uv": [0, 0, 16, 16], "texture": "#0"},
				"up": {"uv": [0, 0, 16, 16], "rotation": 90, "texture": "#0"},
				"down": {"uv": [0, 0, 16, 16], "rotation": 90, "texture": "#0"}
			}
		},
		{
			"name": "bone",
			"from": [9.62499, 6.63951, 1.80969],
			"to": [11.62499, 8.63951, 3.80969],
			"rotation": {"angle": -22.5, "axis": "z", "origin": [8, 8.81069, 2.80969]},
			"faces": {
				"north": {"uv": [0, 0, 16, 16], "rotation": 180, "texture": "#1"},
				"east": {"uv": [0, 0, 16, 16], "rotation": 180, "texture": "#1"},
				"south": {"uv": [0, 0, 16, 16], "texture": "#1"},
				"west": {"uv": [0, 0, 16, 16], "texture": "#1"},
				"up": {"uv": [0, 0, 16, 16], "rotation": 270, "texture": "#2"},
				"down": {"uv": [0, 0, 16, 16], "rotation": 270, "texture": "#2"}
			}
		},
		{
			"name": "bone",
			"from": [6.38156, 3.41928, 2.80969],
			"to": [10.13156, 7.41928, 2.80969],
			"rotation": {"angle": 22.5, "axis": "z", "origin": [8, 8.81069, 2.80969]},
			"faces": {
				"north": {"uv": [16, 16, 0, 0], "rotation": 90, "texture": "#0"},
				"east": {"uv": [0, 0, 16, 16], "rotation": 180, "texture": "#0"},
				"south": {"uv": [0, 0, 16, 16], "texture": "#0"},
				"west": {"uv": [0, 0, 16, 16], "rotation": 180, "texture": "#0"},
				"up": {"uv": [0, 0, 16, 16], "rotation": 90, "texture": "#0"},
				"down": {"uv": [0, 0, 16, 16], "rotation": 270, "texture": "#0"}
			}
		},
		{
			"name": "bone",
			"from": [10.87053, 4.45825, 1.80969],
			"to": [12.87053, 6.45825, 3.80969],
			"rotation": {"angle": -45, "axis": "z", "origin": [8, 8.81069, 2.80969]},
			"faces": {
				"north": {"uv": [0, 0, 16, 16], "rotation": 180, "texture": "#1"},
				"east": {"uv": [0, 0, 16, 16], "rotation": 180, "texture": "#1"},
				"south": {"uv": [0, 0, 16, 16], "texture": "#1"},
				"west": {"uv": [0, 0, 16, 16], "texture": "#1"},
				"up": {"uv": [0, 0, 16, 16], "rotation": 270, "texture": "#2"},
				"down": {"uv": [0, 0, 16, 16], "rotation": 270, "texture": "#2"}
			}
		},
		{
			"name": "bone",
			"from": [5.7199, 0.99617, 2.80969],
			"to": [9.4699, 4.99617, 2.80969],
			"rotation": {"angle": 0, "axis": "x", "origin": [8, 8.81069, 2.80969]},
			"faces": {
				"north": {"uv": [16, 16, 0, 0], "rotation": 90, "texture": "#0"},
				"east": {"uv": [0, 0, 16, 16], "rotation": 180, "texture": "#0"},
				"south": {"uv": [0, 0, 16, 16], "texture": "#0"},
				"west": {"uv": [0, 0, 16, 16], "rotation": 180, "texture": "#0"},
				"up": {"uv": [0, 0, 16, 16], "rotation": 90, "texture": "#0"},
				"down": {"uv": [0, 0, 16, 16], "rotation": 270, "texture": "#0"}
			}
		},
		{
			"name": "bone",
			"from": [4.73173, 1.17893, 1.80969],
			"to": [6.73173, 3.17893, 3.80969],
			"rotation": {"angle": 0, "axis": "x", "origin": [8, 8.81069, 2.80969]},
			"faces": {
				"north": {"uv": [0, 0, 16, 16], "rotation": 90, "texture": "#1"},
				"east": {"uv": [0, 0, 16, 16], "texture": "#2"},
				"south": {"uv": [0, 0, 16, 16], "rotation": 90, "texture": "#1"},
				"west": {"uv": [0, 0, 16, 16], "texture": "#2"},
				"up": {"uv": [0, 0, 16, 16], "rotation": 90, "texture": "#1"},
				"down": {"uv": [0, 0, 16, 16], "rotation": 270, "texture": "#1"}
			}
		},
		{
			"name": "bone",
			"from": [8.43901, -0.18969, 2.80969],
			"to": [12.18901, 3.81031, 2.80969],
			"rotation": {"angle": -45, "axis": "z", "origin": [8, 8.81069, 2.80969]},
			"faces": {
				"north": {"uv": [16, 16, 0, 0], "rotation": 90, "texture": "#0"},
				"east": {"uv": [0, 0, 16, 16], "rotation": 180, "texture": "#0"},
				"south": {"uv": [0, 0, 16, 16], "texture": "#0"},
				"west": {"uv": [0, 0, 16, 16], "rotation": 180, "texture": "#0"},
				"up": {"uv": [0, 0, 16, 16], "rotation": 90, "texture": "#0"},
				"down": {"uv": [0, 0, 16, 16], "rotation": 270, "texture": "#0"}
			}
		},
		{
			"name": "bone",
			"from": [-0.31698, 3.34053, 1.80969],
			"to": [1.68302, 5.34053, 3.80969],
			"rotation": {"angle": 22.5, "axis": "z", "origin": [8, 8.81069, 2.80969]},
			"faces": {
				"north": {"uv": [0, 0, 16, 16], "rotation": 90, "texture": "#1"},
				"east": {"uv": [0, 0, 16, 16], "texture": "#2"},
				"south": {"uv": [0, 0, 16, 16], "rotation": 90, "texture": "#1"},
				"west": {"uv": [0, 0, 16, 16], "texture": "#2"},
				"up": {"uv": [0, 0, 16, 16], "rotation": 90, "texture": "#1"},
				"down": {"uv": [0, 0, 16, 16], "rotation": 270, "texture": "#1"}
			}
		},
		{
			"name": "bone",
			"from": [3.34055, -2.23119, 2.80969],
			"to": [7.09055, 1.76881, 2.80969],
			"rotation": {"angle": -22.5, "axis": "z", "origin": [8, 8.81069, 2.80969]},
			"faces": {
				"north": {"uv": [16, 16, 0, 0], "rotation": 90, "texture": "#0"},
				"east": {"uv": [0, 0, 16, 16], "rotation": 180, "texture": "#0"},
				"south": {"uv": [0, 0, 16, 16], "texture": "#0"},
				"west": {"uv": [0, 0, 16, 16], "rotation": 180, "texture": "#0"},
				"up": {"uv": [0, 0, 16, 16], "rotation": 90, "texture": "#0"},
				"down": {"uv": [0, 0, 16, 16], "rotation": 270, "texture": "#0"}
			}
		},
		{
			"name": "bone",
			"from": [-4.78093, 7.20953, 1.80969],
			"to": [-2.78093, 9.20953, 3.80969],
			"rotation": {"angle": 45, "axis": "z", "origin": [8, 8.81069, 2.80969]},
			"faces": {
				"north": {"uv": [0, 0, 16, 16], "rotation": 90, "texture": "#1"},
				"east": {"uv": [0, 0, 16, 16], "texture": "#2"},
				"south": {"uv": [0, 0, 16, 16], "rotation": 90, "texture": "#1"},
				"west": {"uv": [0, 0, 16, 16], "texture": "#2"},
				"up": {"uv": [0, 0, 16, 16], "rotation": 90, "texture": "#1"},
				"down": {"uv": [0, 0, 16, 16], "rotation": 270, "texture": "#1"}
			}
		},
		{
			"name": "bone",
			"from": [-2.55174, -2.65188, 2.80969],
			"to": [1.19826, 1.34812, 2.80969],
			"rotation": {"angle": 0, "axis": "x", "origin": [8, 8.81069, 2.80969]},
			"faces": {
				"north": {"uv": [16, 16, 0, 0], "rotation": 90, "texture": "#0"},
				"east": {"uv": [0, 0, 16, 16], "rotation": 180, "texture": "#0"},
				"south": {"uv": [0, 0, 16, 16], "texture": "#0"},
				"west": {"uv": [0, 0, 16, 16], "rotation": 180, "texture": "#0"},
				"up": {"uv": [0, 0, 16, 16], "rotation": 90, "texture": "#0"},
				"down": {"uv": [0, 0, 16, 16], "rotation": 270, "texture": "#0"}
			}
		},
		{
			"name": "bone",
			"from": [1.95767, -6.33009, 1.80969],
			"to": [3.95767, -4.33009, 3.80969],
			"rotation": {"angle": -22.5, "axis": "z", "origin": [8, 8.81069, 2.80969]},
			"faces": {
				"north": {"uv": [0, 0, 16, 16], "rotation": 180, "texture": "#1"},
				"east": {"uv": [0, 0, 16, 16], "rotation": 180, "texture": "#1"},
				"south": {"uv": [0, 0, 16, 16], "texture": "#1"},
				"west": {"uv": [0, 0, 16, 16], "texture": "#1"},
				"up": {"uv": [0, 0, 16, 16], "rotation": 270, "texture": "#2"},
				"down": {"uv": [0, 0, 16, 16], "rotation": 270, "texture": "#2"}
			}
		},
		{
			"name": "bone",
			"from": [-8.21096, -0.32999, 2.80969],
			"to": [-4.46096, 3.67001, 2.80969],
			"rotation": {"angle": 22.5, "axis": "z", "origin": [8, 8.81069, 2.80969]},
			"faces": {
				"north": {"uv": [16, 16, 0, 0], "rotation": 90, "texture": "#0"},
				"east": {"uv": [0, 0, 16, 16], "rotation": 180, "texture": "#0"},
				"south": {"uv": [0, 0, 16, 16], "texture": "#0"},
				"west": {"uv": [0, 0, 16, 16], "rotation": 180, "texture": "#0"},
				"up": {"uv": [0, 0, 16, 16], "rotation": 90, "texture": "#0"},
				"down": {"uv": [0, 0, 16, 16], "rotation": 270, "texture": "#0"}
			}
		}
	],
	"display": {
		"thirdperson_righthand": {
			"rotation": [39, 90, 0],
			"translation": [5.25, 11.1, -0.95]
		},
		"thirdperson_lefthand": {
			"rotation": [39, 90, 0],
			"translation": [5.25, 11.1, -0.95],
			"scale": [-1, 1, 1]
		},
		"firstperson_righthand": {
			"rotation": [45, 90, -25],
			"translation": [13.25, 3.85, -9.2]
		},
		"firstperson_lefthand": {
			"rotation": [-45, -90, -50],
			"translation": [3.5, 3.85, -7.45]
		},
		"ground": {
			"translation": [0, 3, 0]
		},
		"gui": {
			"translation": [1.5, 0, 0]
		},
		"head": {
			"translation": [0, -56, 14.5],
			"scale": [2.75, 2.75, 2.75]
		},
		"fixed": {
			"rotation": [0, 180, 0],
			"translation": [0, 0, -6.25]
		}
	},
	"groups": [
		0,
		{
			"name": "bone2",
			"origin": [8, 8, 8],
			"color": 0,
			"children": [1, 2]
		},
		{
			"name": "bone1",
			"origin": [8, 8, 8],
			"color": 0,
			"children": [3, 4]
		},
		{
			"name": "bone1",
			"origin": [8, 8, 8],
			"color": 0,
			"children": [5, 6]
		},
		{
			"name": "bone1",
			"origin": [8, 8, 8],
			"color": 0,
			"children": [7, 8]
		},
		{
			"name": "bone1",
			"origin": [8, 8, 8],
			"color": 0,
			"children": [9, 10]
		},
		{
			"name": "bone1",
			"origin": [8, 8, 8],
			"color": 0,
			"children": [11, 12]
		},
		{
			"name": "bone1",
			"origin": [8, 8, 8],
			"color": 0,
			"children": [13, 14]
		},
		{
			"name": "bone1",
			"origin": [8, 8, 8],
			"color": 0,
			"children": [15, 16]
		},
		{
			"name": "bone1",
			"origin": [8, 8, 8],
			"color": 0,
			"children": [17, 18]
		},
		{
			"name": "bone1",
			"origin": [8, 8, 8],
			"color": 0,
			"children": [19, 20]
		},
		{
			"name": "bone1",
			"origin": [8, 8, 8],
			"color": 0,
			"children": [21, 22]
		},
		{
			"name": "bone1",
			"origin": [8, 8, 8],
			"color": 0,
			"children": [23, 24]
		},
		{
			"name": "bone1",
			"origin": [8, 8, 8],
			"color": 0,
			"children": [25, 26]
		},
		{
			"name": "bone1",
			"origin": [8, 8, 8],
			"color": 0,
			"children": [27, 28]
		}
	]
}