{"textures":{"0":"modelengine:entity/nm_pim_the_pig_texture","particle":"#0"},"elements":[{"from":[4.0,7.25,2.0],"to":[12.0,13.25,8.0],"faces":{"east":{"uv":[3.0,4.5,4.5,6.0],"tintindex":0,"rotation":0,"texture":"#0"},"south":{"uv":[3.75,0.0,5.75,1.5],"tintindex":0,"rotation":0,"texture":"#0"},"north":{"uv":[0.0,3.0,2.0,4.5],"tintindex":0,"rotation":0,"texture":"#0"},"west":{"uv":[4.5,4.5,6.0,6.0],"tintindex":0,"rotation":0,"texture":"#0"},"up":{"uv":[5.75,3.0,3.75,1.5],"tintindex":0,"rotation":0,"texture":"#0"},"down":{"uv":[5.75,3.0,3.75,4.5],"tintindex":0,"rotation":0,"texture":"#0"}}},{"from":[6.0,7.25,1.0],"to":[10.0,9.25,2.0],"faces":{"east":{"uv":[4.0,7.25,4.25,7.75],"tintindex":0,"rotation":0,"texture":"#0"},"south":{"uv":[7.0,5.0,8.0,5.5],"tintindex":0,"rotation":0,"texture":"#0"},"north":{"uv":[7.0,4.5,8.0,5.0],"tintindex":0,"rotation":0,"texture":"#0"},"west":{"uv":[4.25,7.25,4.5,7.75],"tintindex":0,"rotation":0,"texture":"#0"},"up":{"uv":[8.25,1.0,7.25,0.75],"tintindex":0,"rotation":0,"texture":"#0"},"down":{"uv":[8.25,1.0,7.25,1.25],"tintindex":0,"rotation":0,"texture":"#0"}}}],"display":{"head":{"rotation":[0.0,0.0,0.0]},"firstperson_righthand":{"rotation":[0.0,0.0,0.0]},"thirdperson_lefthand":{"rotation":[0.0,-0.0,-0.0]},"firstperson_lefthand":{"rotation":[0.0,-0.0,-0.0]},"fixed":{"rotation":[0.0,0.0,0.0]},"ground":{"rotation":[0.0,0.0,0.0]},"thirdperson_righthand":{"rotation":[0.0,0.0,0.0]},"gui":{"rotation":[-150.0,-45.0,180.0]}}}