{"textures":{"0":"modelengine:entity/nm_pim_the_pig_texture","particle":"#0"},"elements":[{"from":[7.0,3.5,7.0],"to":[9.0,8.5,9.0],"faces":{"east":{"uv":[1.25,6.0,1.75,7.25],"tintindex":0,"rotation":0,"texture":"#0"},"south":{"uv":[1.75,6.0,2.25,7.25],"tintindex":0,"rotation":0,"texture":"#0"},"north":{"uv":[0.75,6.0,1.25,7.25],"tintindex":0,"rotation":0,"texture":"#0"},"west":{"uv":[2.25,6.0,2.75,7.25],"tintindex":0,"rotation":0,"texture":"#0"},"up":{"uv":[6.75,7.5,6.25,7.0],"tintindex":0,"rotation":0,"texture":"#0"},"down":{"uv":[7.75,1.25,7.25,1.75],"tintindex":0,"rotation":0,"texture":"#0"}}}],"display":{"head":{"rotation":[0.0,0.0,0.0]},"firstperson_righthand":{"rotation":[0.0,0.0,0.0]},"thirdperson_lefthand":{"rotation":[0.0,-0.0,-0.0]},"firstperson_lefthand":{"rotation":[0.0,-0.0,-0.0]},"fixed":{"rotation":[0.0,0.0,0.0]},"ground":{"rotation":[0.0,0.0,0.0]},"thirdperson_righthand":{"rotation":[0.0,0.0,0.0]},"gui":{"rotation":[-150.0,-45.0,180.0]}}}