{"textures":{"0":"modelengine:entity/nm_pim_the_pig_texture","particle":"#0"},"elements":[{"from":[7.0,3.5,7.0],"to":[9.0,8.5,9.0],"faces":{"east":{"uv":[4.75,6.0,5.25,7.25],"tintindex":0,"rotation":0,"texture":"#0"},"south":{"uv":[5.25,6.0,5.75,7.25],"tintindex":0,"rotation":0,"texture":"#0"},"north":{"uv":[6.0,4.5,6.5,5.75],"tintindex":0,"rotation":0,"texture":"#0"},"west":{"uv":[5.75,6.0,6.25,7.25],"tintindex":0,"rotation":0,"texture":"#0"},"up":{"uv":[2.75,7.75,2.25,7.25],"tintindex":0,"rotation":0,"texture":"#0"},"down":{"uv":[7.75,2.25,7.25,2.75],"tintindex":0,"rotation":0,"texture":"#0"}}}],"display":{"head":{"rotation":[0.0,0.0,0.0]},"firstperson_righthand":{"rotation":[0.0,0.0,0.0]},"thirdperson_lefthand":{"rotation":[0.0,-0.0,-0.0]},"firstperson_lefthand":{"rotation":[0.0,-0.0,-0.0]},"fixed":{"rotation":[0.0,0.0,0.0]},"ground":{"rotation":[0.0,0.0,0.0]},"thirdperson_righthand":{"rotation":[0.0,0.0,0.0]},"gui":{"rotation":[-150.0,-45.0,180.0]}}}