{
	"credit": "Made with Blockbench",
	"texture_size": [64, 64],
	"textures": {
		"2": "krmc:krmc_mobs/purussaurus",
		"particle": "krmc:krmc_mobs/purussaurus"
	},
	"elements": [
		{
			"name": "body",
			"from": [4.02414, 0.70535, -6.44821],
			"to": [11.55318, 5.63964, 9.30825],
			"rotation": {"angle": -22.5, "axis": "z", "origin": [7.61632, 2.54341, 4.86905]},
			"faces": {
				"north": {"uv": [4, 3.75, 5.875, 5], "texture": "#2"},
				"east": {"uv": [0, 4, 4, 5.25], "texture": "#2"},
				"south": {"uv": [4, 5, 5.875, 6.25], "texture": "#2"},
				"west": {"uv": [4, 0, 8, 1.25], "texture": "#2"},
				"up": {"uv": [1.875, 4, 0, 0], "texture": "#2"},
				"down": {"uv": [3.875, 0, 2, 4], "texture": "#2"}
			}
		},
		{
			"name": "leg",
			"from": [9.33636, -2.36012, -4.02449],
			"to": [11.53232, 0.90923, -1.51481],
			"rotation": {"angle": 22.5, "axis": "z", "origin": [7.61632, 2.54341, 4.86905]},
			"faces": {
				"north": {"uv": [2.25, 10, 2.75, 10.875], "texture": "#2"},
				"east": {"uv": [9.25, 9.75, 9.875, 10.625], "texture": "#2"},
				"south": {"uv": [7.5, 10, 8, 10.875], "texture": "#2"},
				"west": {"uv": [0.75, 10, 1.375, 10.875], "texture": "#2"},
				"up": {"uv": [5, 9.875, 4.5, 9.25], "texture": "#2"},
				"down": {"uv": [4, 10.25, 3.5, 10.875], "texture": "#2"}
			}
		},
		{
			"name": "feet",
			"from": [9.33636, -2.36012, -5.02449],
			"to": [12.53232, -2.36012, -1.51481],
			"rotation": {"angle": 22.5, "axis": "z", "origin": [7.61632, 2.54341, 4.86905]},
			"faces": {
				"north": {"uv": [4.5, 9.25, 3.75, 10.125], "texture": "#2"},
				"east": {"uv": [4.5, 9.25, 3.75, 10.125], "texture": "#2"},
				"south": {"uv": [4.5, 9.25, 3.75, 10.125], "texture": "#2"},
				"west": {"uv": [4.5, 9.25, 3.75, 10.125], "texture": "#2"},
				"up": {"uv": [4.5, 9.25, 3.75, 10.125], "texture": "#2"},
				"down": {"uv": [4.5, 10.125, 3.75, 9.25], "texture": "#2"}
			}
		},
		{
			"name": "leg",
			"from": [9.24601, -2.37335, 2.70414],
			"to": [11.75568, 1.59117, 6.11382],
			"rotation": {"angle": 22.5, "axis": "z", "origin": [7.61632, 2.54341, 4.86905]},
			"faces": {
				"north": {"uv": [9.75, 1, 10.375, 2], "texture": "#2"},
				"east": {"uv": [6, 9, 6.875, 10], "texture": "#2"},
				"south": {"uv": [9.75, 5.75, 10.375, 6.75], "texture": "#2"},
				"west": {"uv": [7, 9, 7.875, 10], "texture": "#2"},
				"up": {"uv": [5.875, 10.875, 5.25, 10], "texture": "#2"},
				"down": {"uv": [6.625, 10, 6, 10.875], "texture": "#2"}
			}
		},
		{
			"name": "feet",
			"from": [9.24601, -2.37335, 1.70414],
			"to": [12.75568, -2.37335, 6.11382],
			"rotation": {"angle": 22.5, "axis": "z", "origin": [7.61632, 2.54341, 4.86905]},
			"faces": {
				"north": {"uv": [0, 0, 0.875, 0], "texture": "#2"},
				"east": {"uv": [0, 0, 1.125, 0], "texture": "#2"},
				"south": {"uv": [0, 0, 0.875, 0], "texture": "#2"},
				"west": {"uv": [0, 0, 1.125, 0], "texture": "#2"},
				"up": {"uv": [9.375, 5.125, 8.5, 4], "texture": "#2"},
				"down": {"uv": [9.375, 4, 8.5, 5.125], "texture": "#2"}
			}
		},
		{
			"name": "leg",
			"from": [3.21175, -1.26635, -4.02449],
			"to": [5.40771, 2.003, -1.51481],
			"rotation": {"angle": -45, "axis": "z", "origin": [7.61632, 2.54341, 4.86905]},
			"faces": {
				"north": {"uv": [10.25, 2, 10.75, 2.875], "texture": "#2"},
				"east": {"uv": [6.75, 10, 7.375, 10.875], "texture": "#2"},
				"south": {"uv": [10.25, 3, 10.75, 3.875], "texture": "#2"},
				"west": {"uv": [10, 9.75, 10.625, 10.625], "texture": "#2"},
				"up": {"uv": [4.5, 10.875, 4, 10.25], "texture": "#2"},
				"down": {"uv": [10.75, 8, 10.25, 8.625], "texture": "#2"}
			}
		},
		{
			"name": "feet",
			"from": [2.21175, -1.26635, -5.02449],
			"to": [5.40771, -1.26635, -1.51481],
			"rotation": {"angle": -45, "axis": "z", "origin": [7.61632, 2.54341, 4.86905]},
			"faces": {
				"north": {"uv": [4.5, 9.25, 3.75, 10.125], "texture": "#2"},
				"east": {"uv": [4.5, 9.25, 3.75, 10.125], "texture": "#2"},
				"south": {"uv": [4.5, 9.25, 3.75, 10.125], "texture": "#2"},
				"west": {"uv": [4.5, 9.25, 3.75, 10.125], "texture": "#2"},
				"up": {"uv": [3.75, 9.25, 4.5, 10.125], "texture": "#2"},
				"down": {"uv": [3.75, 10.125, 4.5, 9.25], "texture": "#2"}
			}
		},
		{
			"name": "leg",
			"from": [2.93201, -1.31724, 2.70414],
			"to": [5.44168, 2.64728, 6.11382],
			"rotation": {"angle": -45, "axis": "z", "origin": [7.61632, 2.54341, 4.86905]},
			"faces": {
				"north": {"uv": [9.5, 2.75, 10.125, 3.75], "texture": "#2"},
				"east": {"uv": [1, 9, 1.875, 10], "texture": "#2"},
				"south": {"uv": [9.5, 3.75, 10.125, 4.75], "texture": "#2"},
				"west": {"uv": [5, 9, 5.875, 10], "texture": "#2"},
				"up": {"uv": [2.125, 10.875, 1.5, 10], "texture": "#2"},
				"down": {"uv": [5.125, 10, 4.5, 10.875], "texture": "#2"}
			}
		},
		{
			"name": "feet",
			"from": [1.93201, -1.31724, 1.70414],
			"to": [5.44168, -1.31724, 6.11382],
			"rotation": {"angle": -45, "axis": "z", "origin": [7.61632, 2.54341, 4.86905]},
			"faces": {
				"north": {"uv": [0, 0, 0.875, 0], "texture": "#2"},
				"east": {"uv": [0, 0, 1.125, 0], "texture": "#2"},
				"south": {"uv": [0, 0, 0.875, 0], "texture": "#2"},
				"west": {"uv": [0, 0, 1.125, 0], "texture": "#2"},
				"up": {"uv": [8.5, 5.125, 9.375, 4], "texture": "#2"},
				"down": {"uv": [8.5, 4, 9.375, 5.125], "texture": "#2"}
			}
		},
		{
			"from": [5.83171, -0.22971, -9.01572],
			"to": [10.66284, 5.29157, -6.25508],
			"rotation": {"angle": 45, "axis": "z", "origin": [7.61632, 2.54341, 4.86905]},
			"faces": {
				"north": {"uv": [1.25, 7.75, 2.625, 9], "rotation": 270, "texture": "#2"},
				"east": {"uv": [9.625, 2, 8.25, 1.25], "rotation": 90, "texture": "#2"},
				"south": {"uv": [5.25, 7.75, 6.625, 9], "rotation": 90, "texture": "#2"},
				"west": {"uv": [9.625, 6, 8.25, 6.75], "rotation": 90, "texture": "#2"},
				"up": {"uv": [6.5, 2.5, 7.25, 3.75], "rotation": 90, "texture": "#2"},
				"down": {"uv": [5.25, 6.25, 6, 7.5], "rotation": 90, "texture": "#2"}
			}
		},
		{
			"name": "main",
			"from": [7.92839, 0.06607, -15.67085],
			"to": [10.57811, 4.99579, -9.01572],
			"rotation": {"angle": 45, "axis": "z", "origin": [7.61632, 2.54341, 4.86905]},
			"faces": {
				"north": {"uv": [8, 9, 9.25, 9.625], "rotation": 270, "texture": "#2"},
				"east": {"uv": [5.25, 7.875, 4, 6.25], "rotation": 90, "texture": "#2"},
				"south": {"uv": [9, 8, 10.25, 8.625], "rotation": 90, "texture": "#2"},
				"west": {"uv": [1.25, 6.5, 0, 8.125], "rotation": 90, "texture": "#2"},
				"up": {"uv": [8.5, 2, 10.125, 2.625], "rotation": 90, "texture": "#2"},
				"down": {"uv": [8.25, 6.75, 9.875, 7.375], "rotation": 90, "texture": "#2"}
			}
		},
		{
			"name": "main",
			"from": [10.36201, 0.44093, -10.92085],
			"to": [11.07451, 1.58093, -9.02085],
			"rotation": {"angle": 45, "axis": "z", "origin": [7.61632, 2.54341, 4.86905]},
			"faces": {
				"north": {"uv": [5.75, 7.5, 6, 7.625], "rotation": 270, "texture": "#2"},
				"east": {"uv": [3, 8.25, 2.75, 7.75], "rotation": 90, "texture": "#2"},
				"south": {"uv": [1, 8.75, 1.25, 8.875], "rotation": 90, "texture": "#2"},
				"west": {"uv": [5.25, 8, 5, 8.5], "rotation": 90, "texture": "#2"},
				"up": {"uv": [8.25, 7.5, 8.75, 7.625], "rotation": 90, "texture": "#2"},
				"down": {"uv": [5.25, 7.5, 5.75, 7.625], "rotation": 90, "texture": "#2"}
			}
		},
		{
			"name": "main",
			"from": [10.36201, 3.48093, -10.92085],
			"to": [11.07451, 4.62093, -9.02085],
			"rotation": {"angle": 45, "axis": "z", "origin": [7.61632, 2.54341, 4.86905]},
			"faces": {
				"north": {"uv": [8.75, 7.5, 9, 7.625], "rotation": 270, "texture": "#2"},
				"east": {"uv": [1.25, 8.75, 1, 8.25], "rotation": 90, "texture": "#2"},
				"south": {"uv": [9, 8.75, 9.25, 8.875], "rotation": 90, "texture": "#2"},
				"west": {"uv": [8.5, 2, 8.25, 2.5], "rotation": 90, "texture": "#2"},
				"up": {"uv": [0, 10.5, 0.5, 10.625], "rotation": 90, "texture": "#2"},
				"down": {"uv": [9.25, 1, 9.75, 1.125], "rotation": 90, "texture": "#2"}
			}
		},
		{
			"name": "teeth_right",
			"from": [6.97839, 0.06607, -15.57226],
			"to": [7.92839, 0.06607, -9.01572],
			"rotation": {"angle": 45, "axis": "z", "origin": [7.61632, 2.54341, 4.86905]},
			"faces": {
				"north": {"uv": [0, 0, 0, 0.25], "rotation": 270, "texture": "#2"},
				"east": {"uv": [0, 1.625, 0, 0], "rotation": 90, "texture": "#2"},
				"south": {"uv": [0, 0, 0, 0.25], "rotation": 90, "texture": "#2"},
				"west": {"uv": [0, 0, 0, 1.625], "rotation": 90, "texture": "#2"},
				"up": {"uv": [11.875, 4, 10.25, 4.25], "rotation": 90, "texture": "#2"},
				"down": {"uv": [10.25, 4, 11.875, 4.25], "rotation": 90, "texture": "#2"}
			}
		},
		{
			"name": "teeth_left",
			"from": [6.97839, 4.99579, -15.57226],
			"to": [7.92839, 4.99579, -9.01572],
			"rotation": {"angle": 45, "axis": "z", "origin": [7.61632, 2.54341, 4.86905]},
			"faces": {
				"north": {"uv": [0, 0, 0, 0.25], "rotation": 270, "texture": "#2"},
				"east": {"uv": [0, 1.625, 0, 0], "rotation": 90, "texture": "#2"},
				"south": {"uv": [0, 0, 0, 0.25], "rotation": 90, "texture": "#2"},
				"west": {"uv": [0, 0, 0, 1.625], "rotation": 90, "texture": "#2"},
				"up": {"uv": [11.875, 4, 10.25, 4.25], "rotation": 90, "texture": "#2"},
				"down": {"uv": [10.25, 4, 11.875, 4.25], "rotation": 90, "texture": "#2"}
			}
		},
		{
			"name": "teeth_front",
			"from": [6.97839, 0.06607, -15.57226],
			"to": [7.92839, 4.99579, -15.57226],
			"rotation": {"angle": 45, "axis": "z", "origin": [7.61632, 2.54341, 4.86905]},
			"faces": {
				"north": {"uv": [11.625, 1, 10.5, 1.25], "rotation": 270, "texture": "#2"},
				"east": {"uv": [1.25, 0, 0, 0], "rotation": 90, "texture": "#2"},
				"south": {"uv": [10.5, 1, 11.625, 1.25], "rotation": 90, "texture": "#2"},
				"west": {"uv": [1.25, 0, 0, 0], "rotation": 90, "texture": "#2"},
				"up": {"uv": [0, 0, 0, 0.25], "rotation": 90, "texture": "#2"},
				"down": {"uv": [0, 0, 0, 0.25], "rotation": 90, "texture": "#2"}
			}
		},
		{
			"name": "main",
			"from": [5.93185, 0.18931, -15.49831],
			"to": [7.92839, 4.87255, -8.84831],
			"rotation": {"angle": 45, "axis": "z", "origin": [7.61632, 2.54341, 4.86905]},
			"faces": {
				"north": {"uv": [9.5, 4.75, 10.625, 5.25], "rotation": 270, "texture": "#2"},
				"east": {"uv": [8.375, 4.125, 7.25, 2.5], "rotation": 90, "texture": "#2"},
				"south": {"uv": [8, 9.75, 9.125, 10.25], "rotation": 90, "texture": "#2"},
				"west": {"uv": [8.375, 4.25, 7.25, 5.875], "rotation": 90, "texture": "#2"},
				"up": {"uv": [9, 7.5, 10.625, 8], "rotation": 90, "texture": "#2"},
				"down": {"uv": [8.5, 5.25, 10.125, 5.75], "rotation": 90, "texture": "#2"}
			}
		},
		{
			"name": "teeth_right",
			"from": [7.92839, 0.18354, -15.39972],
			"to": [8.87839, 0.18354, -8.84318],
			"rotation": {"angle": 45, "axis": "z", "origin": [7.61632, 2.54341, 4.86905]},
			"faces": {
				"north": {"uv": [0, 0, 0, 0.25], "rotation": 270, "texture": "#2"},
				"east": {"uv": [0, 1.625, 0, 0], "rotation": 90, "texture": "#2"},
				"south": {"uv": [0, 0, 0, 0.25], "rotation": 90, "texture": "#2"},
				"west": {"uv": [0, 0, 0, 1.625], "rotation": 90, "texture": "#2"},
				"up": {"uv": [11.875, 4.25, 10.25, 4], "rotation": 90, "texture": "#2"},
				"down": {"uv": [10.25, 4.25, 11.875, 4], "rotation": 90, "texture": "#2"}
			}
		},
		{
			"name": "teeth_left",
			"from": [7.92839, 4.87258, -15.39972],
			"to": [8.87839, 4.87258, -8.84318],
			"rotation": {"angle": 45, "axis": "z", "origin": [7.61632, 2.54341, 4.86905]},
			"faces": {
				"north": {"uv": [0, 0, 0, 0.25], "rotation": 270, "texture": "#2"},
				"east": {"uv": [0, 1.625, 0, 0], "rotation": 90, "texture": "#2"},
				"south": {"uv": [0, 0, 0, 0.25], "rotation": 90, "texture": "#2"},
				"west": {"uv": [0, 0, 0, 1.625], "rotation": 90, "texture": "#2"},
				"up": {"uv": [11.875, 4.25, 10.25, 4], "rotation": 90, "texture": "#2"},
				"down": {"uv": [10.25, 4.25, 11.875, 4], "rotation": 90, "texture": "#2"}
			}
		},
		{
			"name": "fang_left",
			"from": [5.35562, 2.82694, -14.89972],
			"to": [5.35562, 4.82694, -13.89972],
			"rotation": {"angle": -22.5, "axis": "z", "origin": [7.61632, 2.54341, 4.86905]},
			"faces": {
				"north": {"uv": [0, 0, 0, 0.5], "texture": "#2"},
				"east": {"uv": [3.75, 8.75, 4, 9.25], "texture": "#2"},
				"south": {"uv": [0, 0, 0, 0.5], "texture": "#2"},
				"west": {"uv": [4, 8.75, 3.75, 9.25], "texture": "#2"},
				"up": {"uv": [0, 0.25, 0, 0], "texture": "#2"},
				"down": {"uv": [0, 0, 0, 0.25], "texture": "#2"}
			}
		},
		{
			"name": "fang_left",
			"from": [7.90941, 0.25964, -14.89972],
			"to": [9.90941, 0.25964, -13.89972],
			"rotation": {"angle": 22.5, "axis": "z", "origin": [7.61632, 2.54341, 4.86905]},
			"faces": {
				"north": {"uv": [0, 0, 0, 0.5], "rotation": 270, "texture": "#2"},
				"east": {"uv": [0, 0.25, 0, 0], "rotation": 90, "texture": "#2"},
				"south": {"uv": [0, 0, 0, 0.5], "rotation": 90, "texture": "#2"},
				"west": {"uv": [0, 0, 0, 0.25], "rotation": 90, "texture": "#2"},
				"up": {"uv": [4, 8.75, 3.75, 9.25], "rotation": 90, "texture": "#2"},
				"down": {"uv": [3.75, 8.75, 4, 9.25], "rotation": 90, "texture": "#2"}
			}
		},
		{
			"name": "teeth_front",
			"from": [7.92839, 0.17959, -15.39972],
			"to": [8.87839, 4.87258, -15.39972],
			"rotation": {"angle": 45, "axis": "z", "origin": [7.61632, 2.54341, 4.86905]},
			"faces": {
				"north": {"uv": [11.625, 1.25, 10.5, 1], "rotation": 270, "texture": "#2"},
				"east": {"uv": [1.125, 0, 0, 0], "rotation": 90, "texture": "#2"},
				"south": {"uv": [10.5, 1.25, 11.625, 1], "rotation": 90, "texture": "#2"},
				"west": {"uv": [1.125, 0, 0, 0], "rotation": 90, "texture": "#2"},
				"up": {"uv": [0, 0, 0, 0.25], "rotation": 90, "texture": "#2"},
				"down": {"uv": [0, 0, 0, 0.25], "rotation": 90, "texture": "#2"}
			}
		},
		{
			"name": "neck",
			"from": [10.51605, 3.78577, -8.94175],
			"to": [11.51605, 3.78577, -5.94175],
			"rotation": {"angle": 45, "axis": "z", "origin": [7.61632, 2.54341, 4.86905]},
			"faces": {
				"north": {"uv": [0, 0, 0, 0.375], "rotation": 270, "texture": "#2"},
				"east": {"uv": [0, 1.875, 0, 0], "rotation": 90, "texture": "#2"},
				"south": {"uv": [0, 0, 0, 0.375], "rotation": 90, "texture": "#2"},
				"west": {"uv": [0, 0, 0, 1.875], "rotation": 90, "texture": "#2"},
				"up": {"uv": [9.25, 9.25, 10.125, 9.625], "rotation": 90, "texture": "#2"},
				"down": {"uv": [10.125, 9.25, 9.25, 9.625], "rotation": 90, "texture": "#2"}
			}
		},
		{
			"name": "neck",
			"from": [10.51605, 1.27609, -8.94175],
			"to": [11.51605, 1.27609, -5.94175],
			"rotation": {"angle": 45, "axis": "z", "origin": [7.61632, 2.54341, 4.86905]},
			"faces": {
				"north": {"uv": [0, 0, 0, 0.375], "rotation": 270, "texture": "#2"},
				"east": {"uv": [0, 1.875, 0, 0], "rotation": 90, "texture": "#2"},
				"south": {"uv": [0, 0, 0, 0.375], "rotation": 90, "texture": "#2"},
				"west": {"uv": [0, 0, 0, 1.875], "rotation": 90, "texture": "#2"},
				"up": {"uv": [9.25, 9.25, 10.125, 9.625], "rotation": 90, "texture": "#2"},
				"down": {"uv": [10.125, 9.25, 9.25, 9.625], "rotation": 90, "texture": "#2"}
			}
		},
		{
			"name": "tail1",
			"from": [5.93323, 0.50968, 8.02124],
			"to": [10.95259, 5.62904, 15.55027],
			"rotation": {"angle": 0, "axis": "z", "origin": [7.61632, 2.54341, 4.86905]},
			"faces": {
				"north": {"uv": [6.75, 7.75, 8, 9], "texture": "#2"},
				"east": {"uv": [0, 5.25, 1.875, 6.5], "texture": "#2"},
				"south": {"uv": [8, 0, 9.25, 1.25], "texture": "#2"},
				"west": {"uv": [2, 5.25, 3.875, 6.5], "texture": "#2"},
				"up": {"uv": [7.25, 5.625, 6, 3.75], "texture": "#2"},
				"down": {"uv": [7.25, 5.75, 6, 7.625], "texture": "#2"}
			}
		},
		{
			"name": "tail2",
			"from": [6.67617, 0.6515, 15.25619],
			"to": [10.44067, 5.04343, 22.04507],
			"rotation": {"angle": 22.5, "axis": "z", "origin": [7.61632, 2.54341, 4.86905]},
			"faces": {
				"north": {"uv": [4, 8, 5, 9.125], "texture": "#2"},
				"east": {"uv": [1.25, 6.5, 3, 7.625], "texture": "#2"},
				"south": {"uv": [8, 7.75, 9, 8.875], "texture": "#2"},
				"west": {"uv": [6.5, 1.25, 8.25, 2.375], "texture": "#2"},
				"up": {"uv": [4, 8.25, 3, 6.5], "texture": "#2"},
				"down": {"uv": [8.25, 6, 7.25, 7.75], "texture": "#2"}
			}
		},
		{
			"name": "tail3",
			"from": [8.49507, 0.311, 20.57773],
			"to": [8.49507, 5.4481, 30.04299],
			"rotation": {"angle": 45, "axis": "z", "origin": [7.61632, 2.54341, 4.86905]},
			"faces": {
				"north": {"uv": [0, 0, 0, 1.25], "texture": "#2"},
				"east": {"uv": [4, 1.25, 6.375, 2.5], "texture": "#2"},
				"south": {"uv": [0, 0, 0, 1.25], "texture": "#2"},
				"west": {"uv": [6.375, 1.25, 4, 2.5], "texture": "#2"},
				"up": {"uv": [0, 2.375, 0, 0], "texture": "#2"},
				"down": {"uv": [0, 0, 0, 2.375], "texture": "#2"}
			}
		},
		{
			"name": "tail1",
			"from": [7.2071, 5.52904, 8.11691],
			"to": [7.2071, 6.78387, 15.64594],
			"rotation": {"angle": 0, "axis": "z", "origin": [7.61632, 2.54341, 4.86905]},
			"faces": {
				"north": {"uv": [0, 0, 0, 0.375], "texture": "#2"},
				"east": {"uv": [11.125, 9.25, 9.25, 9.625], "texture": "#2"},
				"south": {"uv": [0, 0, 0, 0.375], "texture": "#2"},
				"west": {"uv": [9.25, 9.25, 11.125, 9.625], "texture": "#2"},
				"up": {"uv": [0, 1.875, 0, 0], "texture": "#2"},
				"down": {"uv": [0, 0, 0, 1.875], "texture": "#2"}
			}
		},
		{
			"name": "tail1",
			"from": [9.71678, 5.52904, 8.11691],
			"to": [9.71678, 6.78387, 15.64594],
			"rotation": {"angle": 0, "axis": "z", "origin": [7.61632, 2.54341, 4.86905]},
			"faces": {
				"north": {"uv": [0, 0, 0, 0.375], "texture": "#2"},
				"east": {"uv": [11.125, 9.25, 9.25, 9.625], "texture": "#2"},
				"south": {"uv": [0, 0, 0, 0.375], "texture": "#2"},
				"west": {"uv": [9.25, 9.25, 11.125, 9.625], "texture": "#2"},
				"up": {"uv": [0, 1.875, 0, 0], "texture": "#2"},
				"down": {"uv": [0, 0, 0, 1.875], "texture": "#2"}
			}
		},
		{
			"name": "tail2",
			"from": [7.32369, 4.89525, 16.05193],
			"to": [7.32369, 6.15008, 21.58096],
			"rotation": {"angle": 22.5, "axis": "z", "origin": [7.61632, 2.54341, 4.86905]},
			"faces": {
				"north": {"uv": [0, 0, 0, 0.375], "texture": "#2"},
				"east": {"uv": [11.125, 9.25, 9.25, 9.625], "texture": "#2"},
				"south": {"uv": [0, 0, 0, 0.375], "texture": "#2"},
				"west": {"uv": [9.25, 9.25, 11.125, 9.625], "texture": "#2"},
				"up": {"uv": [0, 1.875, 0, 0], "texture": "#2"},
				"down": {"uv": [0, 0, 0, 1.875], "texture": "#2"}
			}
		},
		{
			"name": "tail2",
			"from": [9.96725, 5.01256, 15.75984],
			"to": [9.96725, 6.26739, 21.28887],
			"rotation": {"angle": 22.5, "axis": "z", "origin": [7.61632, 2.54341, 4.86905]},
			"faces": {
				"north": {"uv": [0, 0, 0, 0.375], "texture": "#2"},
				"east": {"uv": [11.125, 9.25, 9.25, 9.625], "texture": "#2"},
				"south": {"uv": [0, 0, 0, 0.375], "texture": "#2"},
				"west": {"uv": [9.25, 9.25, 11.125, 9.625], "texture": "#2"},
				"up": {"uv": [0, 1.875, 0, 0], "texture": "#2"},
				"down": {"uv": [0, 0, 0, 1.875], "texture": "#2"}
			}
		}
	],
	"display": {
		"thirdperson_righthand": {
			"rotation": [78, 45, 0],
			"translation": [0, 2.5, 0],
			"scale": [0.375, 0.375, 0.375]
		},
		"thirdperson_lefthand": {
			"rotation": [75, 45, 0],
			"translation": [0, 2.5, 0],
			"scale": [0.375, 0.375, 0.375]
		},
		"firstperson_righthand": {
			"rotation": [0, 45, 0],
			"scale": [0.4, 0.4, 0.4]
		},
		"firstperson_lefthand": {
			"rotation": [0, 225, 0],
			"scale": [0.4, 0.4, -0.4]
		},
		"ground": {
			"translation": [0, 2, 0],
			"scale": [0.5, 0.5, 0.5]
		},
		"gui": {
			"rotation": [30, 225, 0],
			"scale": [0.625, 0.625, 0.625]
		},
		"head": {
			"translation": [0, -54, 39],
			"scale": [4, 4, 4]
		},
		"fixed": {
			"translation": [0, 48, 46.25],
			"scale": [4, 4, 4]
		}
	},
	"groups": [
		{
			"name": "body",
			"origin": [8, 8, 8],
			"color": 0,
			"children": [0]
		},
		{
			"name": "legs",
			"origin": [8, 8, 8],
			"color": 0,
			"children": [
				{
					"name": "1",
					"origin": [8, 8, 8],
					"color": 1,
					"children": [1, 2]
				},
				{
					"name": "2",
					"origin": [8, 8, 8],
					"color": 3,
					"children": [3, 4]
				},
				{
					"name": "3",
					"origin": [8, 8, 8],
					"color": 1,
					"children": [5, 6]
				},
				{
					"name": "4",
					"origin": [8, 8, 8],
					"color": 3,
					"children": [7, 8]
				}
			]
		},
		{
			"name": "head",
			"origin": [8, 8, 8],
			"color": 0,
			"children": [
				{
					"name": "skull",
					"origin": [8, 8, 8],
					"color": 0,
					"children": [
						9,
						{
							"name": "upper_jaw",
							"origin": [8, 8, 8],
							"color": 0,
							"children": [
								10,
								11,
								12,
								{
									"name": "teeth",
									"origin": [0, 6, -2],
									"color": 2,
									"children": [13, 14, 15]
								}
							]
						},
						{
							"name": "lower_jaw",
							"origin": [8, 8, 8],
							"color": 0,
							"children": [
								16,
								{
									"name": "teeth",
									"origin": [0, 6, -2],
									"color": 0,
									"children": [
										{
											"name": "teeth",
											"origin": [0, 6, -2],
											"color": 2,
											"children": [17, 18, 19, 20, 21]
										}
									]
								}
							]
						}
					]
				},
				{
					"name": "neckspikes",
					"origin": [8, 8, 8],
					"color": 0,
					"children": [22, 23]
				}
			]
		},
		{
			"name": "tail",
			"origin": [8, 8, 8],
			"color": 0,
			"children": [
				24,
				25,
				{
					"name": "backspikes",
					"origin": [8, 8, 8],
					"color": 0,
					"children": [26, 27, 28, 29, 30]
				}
			]
		}
	]
}