{
	"credit": "Made with Blockbench",
	"texture_size": [64, 64],
	"textures": {
		"2": "krmc:krmc_mobs/purussaurus",
		"particle": "krmc:krmc_mobs/purussaurus"
	},
	"elements": [
		{
			"name": "body",
			"from": [4.23548, 0.59475, -6.44821],
			"to": [11.76452, 5.52904, 9.30825],
			"rotation": {"angle": 0, "axis": "y", "origin": [8, 3.01935, -3.24015]},
			"faces": {
				"north": {"uv": [4, 3.75, 5.875, 5], "texture": "#2"},
				"east": {"uv": [0, 4, 4, 5.25], "texture": "#2"},
				"south": {"uv": [4, 5, 5.875, 6.25], "texture": "#2"},
				"west": {"uv": [4, 0, 8, 1.25], "texture": "#2"},
				"up": {"uv": [1.875, 4, 0, 0], "texture": "#2"},
				"down": {"uv": [3.875, 0, 2, 4], "texture": "#2"}
			}
		},
		{
			"name": "leg",
			"from": [10.66654, 0.125, -4.02449],
			"to": [12.8625, 3.39435, -1.51481],
			"rotation": {"angle": 0, "axis": "x", "origin": [11.76452, 1.62984, -1.76578]},
			"faces": {
				"north": {"uv": [2.25, 10, 2.75, 10.875], "texture": "#2"},
				"east": {"uv": [9.25, 9.75, 9.875, 10.625], "texture": "#2"},
				"south": {"uv": [7.5, 10, 8, 10.875], "texture": "#2"},
				"west": {"uv": [0.75, 10, 1.375, 10.875], "texture": "#2"},
				"up": {"uv": [5, 9.875, 4.5, 9.25], "texture": "#2"},
				"down": {"uv": [4, 10.25, 3.5, 10.875], "texture": "#2"}
			}
		},
		{
			"name": "feet",
			"from": [10.66654, 0.125, -5.02449],
			"to": [13.8625, 0.125, -1.51481],
			"rotation": {"angle": 0, "axis": "y", "origin": [11.76452, 1.62984, -1.76578]},
			"faces": {
				"north": {"uv": [4.5, 9.25, 3.75, 10.125], "texture": "#2"},
				"east": {"uv": [4.5, 9.25, 3.75, 10.125], "texture": "#2"},
				"south": {"uv": [4.5, 9.25, 3.75, 10.125], "texture": "#2"},
				"west": {"uv": [4.5, 9.25, 3.75, 10.125], "texture": "#2"},
				"up": {"uv": [4.5, 9.25, 3.75, 10.125], "texture": "#2"},
				"down": {"uv": [4.5, 10.125, 3.75, 9.25], "texture": "#2"}
			}
		},
		{
			"name": "leg",
			"from": [10.50968, 0.125, 2.70414],
			"to": [13.01935, 4.08952, 6.11382],
			"rotation": {"angle": 0, "axis": "y", "origin": [11.76452, 0.50968, 5.52598]},
			"faces": {
				"north": {"uv": [9.75, 1, 10.375, 2], "texture": "#2"},
				"east": {"uv": [6, 9, 6.875, 10], "texture": "#2"},
				"south": {"uv": [9.75, 5.75, 10.375, 6.75], "texture": "#2"},
				"west": {"uv": [7, 9, 7.875, 10], "texture": "#2"},
				"up": {"uv": [5.875, 10.875, 5.25, 10], "texture": "#2"},
				"down": {"uv": [6.625, 10, 6, 10.875], "texture": "#2"}
			}
		},
		{
			"name": "feet",
			"from": [10.50968, 0.125, 1.70414],
			"to": [14.01935, 0.125, 6.11382],
			"rotation": {"angle": 0, "axis": "y", "origin": [11.76452, 0.50968, 5.52598]},
			"faces": {
				"north": {"uv": [0, 0, 0.875, 0], "texture": "#2"},
				"east": {"uv": [0, 0, 1.125, 0], "texture": "#2"},
				"south": {"uv": [0, 0, 0.875, 0], "texture": "#2"},
				"west": {"uv": [0, 0, 1.125, 0], "texture": "#2"},
				"up": {"uv": [9.375, 5.125, 8.5, 4], "texture": "#2"},
				"down": {"uv": [9.375, 4, 8.5, 5.125], "texture": "#2"}
			}
		},
		{
			"name": "leg",
			"from": [3.1375, 0.125, -4.02449],
			"to": [5.33346, 3.39435, -1.51481],
			"rotation": {"angle": 0, "axis": "y", "origin": [4.23548, 1.62984, -1.76578]},
			"faces": {
				"north": {"uv": [10.25, 2, 10.75, 2.875], "texture": "#2"},
				"east": {"uv": [6.75, 10, 7.375, 10.875], "texture": "#2"},
				"south": {"uv": [10.25, 3, 10.75, 3.875], "texture": "#2"},
				"west": {"uv": [10, 9.75, 10.625, 10.625], "texture": "#2"},
				"up": {"uv": [4.5, 10.875, 4, 10.25], "texture": "#2"},
				"down": {"uv": [10.75, 8, 10.25, 8.625], "texture": "#2"}
			}
		},
		{
			"name": "feet",
			"from": [2.1375, 0.125, -5.02449],
			"to": [5.33346, 0.125, -1.51481],
			"rotation": {"angle": 0, "axis": "y", "origin": [4.23548, 1.62984, -1.76578]},
			"faces": {
				"north": {"uv": [4.5, 9.25, 3.75, 10.125], "texture": "#2"},
				"east": {"uv": [4.5, 9.25, 3.75, 10.125], "texture": "#2"},
				"south": {"uv": [4.5, 9.25, 3.75, 10.125], "texture": "#2"},
				"west": {"uv": [4.5, 9.25, 3.75, 10.125], "texture": "#2"},
				"up": {"uv": [3.75, 9.25, 4.5, 10.125], "texture": "#2"},
				"down": {"uv": [3.75, 10.125, 4.5, 9.25], "texture": "#2"}
			}
		},
		{
			"name": "leg",
			"from": [2.98065, 0.125, 2.70414],
			"to": [5.49032, 4.08952, 6.11382],
			"rotation": {"angle": 0, "axis": "x", "origin": [4.23548, 0.50968, 5.52598]},
			"faces": {
				"north": {"uv": [9.5, 2.75, 10.125, 3.75], "texture": "#2"},
				"east": {"uv": [1, 9, 1.875, 10], "texture": "#2"},
				"south": {"uv": [9.5, 3.75, 10.125, 4.75], "texture": "#2"},
				"west": {"uv": [5, 9, 5.875, 10], "texture": "#2"},
				"up": {"uv": [2.125, 10.875, 1.5, 10], "texture": "#2"},
				"down": {"uv": [5.125, 10, 4.5, 10.875], "texture": "#2"}
			}
		},
		{
			"name": "feet",
			"from": [1.98065, 0.125, 1.70414],
			"to": [5.49032, 0.125, 6.11382],
			"rotation": {"angle": 0, "axis": "y", "origin": [4.23548, 0.50968, 5.52598]},
			"faces": {
				"north": {"uv": [0, 0, 0.875, 0], "texture": "#2"},
				"east": {"uv": [0, 0, 1.125, 0], "texture": "#2"},
				"south": {"uv": [0, 0, 0.875, 0], "texture": "#2"},
				"west": {"uv": [0, 0, 1.125, 0], "texture": "#2"},
				"up": {"uv": [8.5, 5.125, 9.375, 4], "texture": "#2"},
				"down": {"uv": [8.5, 4, 9.375, 5.125], "texture": "#2"}
			}
		},
		{
			"from": [5.23936, 0.5947, -9.01572],
			"to": [10.76064, 5.42583, -6.25508],
			"rotation": {"angle": 0, "axis": "y", "origin": [-3.04258, -5.59056, -8.53736]},
			"faces": {
				"north": {"uv": [1.25, 7.75, 2.625, 9], "texture": "#2"},
				"east": {"uv": [5.25, 6.25, 6, 7.5], "texture": "#2"},
				"south": {"uv": [5.25, 7.75, 6.625, 9], "texture": "#2"},
				"west": {"uv": [6.5, 2.5, 7.25, 3.75], "texture": "#2"},
				"up": {"uv": [9.625, 2, 8.25, 1.25], "texture": "#2"},
				"down": {"uv": [9.625, 6, 8.25, 6.75], "texture": "#2"}
			}
		},
		{
			"name": "main",
			"from": [5.53514, 2.69138, -15.67085],
			"to": [10.46486, 5.3411, -9.01572],
			"rotation": {"angle": 0, "axis": "x", "origin": [8, 2.95944, -9]},
			"faces": {
				"north": {"uv": [8, 9, 9.25, 9.625], "texture": "#2"},
				"east": {"uv": [8.25, 6.75, 9.875, 7.375], "texture": "#2"},
				"south": {"uv": [9, 8, 10.25, 8.625], "texture": "#2"},
				"west": {"uv": [8.5, 2, 10.125, 2.625], "texture": "#2"},
				"up": {"uv": [5.25, 7.875, 4, 6.25], "texture": "#2"},
				"down": {"uv": [1.25, 6.5, 0, 8.125], "texture": "#2"}
			}
		},
		{
			"name": "main",
			"from": [8.95, 5.125, -10.92085],
			"to": [10.09, 5.8375, -9.02085],
			"rotation": {"angle": 0, "axis": "x", "origin": [8, 2.95944, -9]},
			"faces": {
				"north": {"uv": [5.75, 7.5, 6, 7.625], "texture": "#2"},
				"east": {"uv": [5.25, 7.5, 5.75, 7.625], "texture": "#2"},
				"south": {"uv": [1, 8.75, 1.25, 8.875], "texture": "#2"},
				"west": {"uv": [8.25, 7.5, 8.75, 7.625], "texture": "#2"},
				"up": {"uv": [3, 8.25, 2.75, 7.75], "texture": "#2"},
				"down": {"uv": [5.25, 8, 5, 8.5], "texture": "#2"}
			}
		},
		{
			"name": "main",
			"from": [5.91, 5.125, -10.92085],
			"to": [7.05, 5.8375, -9.02085],
			"rotation": {"angle": 0, "axis": "x", "origin": [8, 2.95944, -9]},
			"faces": {
				"north": {"uv": [8.75, 7.5, 9, 7.625], "texture": "#2"},
				"east": {"uv": [9.25, 1, 9.75, 1.125], "texture": "#2"},
				"south": {"uv": [9, 8.75, 9.25, 8.875], "texture": "#2"},
				"west": {"uv": [0, 10.5, 0.5, 10.625], "texture": "#2"},
				"up": {"uv": [1.25, 8.75, 1, 8.25], "texture": "#2"},
				"down": {"uv": [8.5, 2, 8.25, 2.5], "texture": "#2"}
			}
		},
		{
			"name": "teeth_right",
			"from": [10.46486, 1.74138, -15.57226],
			"to": [10.46486, 2.69138, -9.01572],
			"rotation": {"angle": 0, "axis": "x", "origin": [8, 2.95944, -9]},
			"faces": {
				"north": {"uv": [0, 0, 0, 0.25], "texture": "#2"},
				"east": {"uv": [10.25, 4, 11.875, 4.25], "texture": "#2"},
				"south": {"uv": [0, 0, 0, 0.25], "texture": "#2"},
				"west": {"uv": [11.875, 4, 10.25, 4.25], "texture": "#2"},
				"up": {"uv": [0, 1.625, 0, 0], "texture": "#2"},
				"down": {"uv": [0, 0, 0, 1.625], "texture": "#2"}
			}
		},
		{
			"name": "teeth_left",
			"from": [5.53514, 1.74138, -15.57226],
			"to": [5.53514, 2.69138, -9.01572],
			"rotation": {"angle": 0, "axis": "x", "origin": [8, 2.95944, -9]},
			"faces": {
				"north": {"uv": [0, 0, 0, 0.25], "texture": "#2"},
				"east": {"uv": [10.25, 4, 11.875, 4.25], "texture": "#2"},
				"south": {"uv": [0, 0, 0, 0.25], "texture": "#2"},
				"west": {"uv": [11.875, 4, 10.25, 4.25], "texture": "#2"},
				"up": {"uv": [0, 1.625, 0, 0], "texture": "#2"},
				"down": {"uv": [0, 0, 0, 1.625], "texture": "#2"}
			}
		},
		{
			"name": "teeth_front",
			"from": [5.53514, 1.74138, -15.57226],
			"to": [10.46486, 2.69138, -15.57226],
			"rotation": {"angle": 0, "axis": "x", "origin": [8, 2.95944, -9]},
			"faces": {
				"north": {"uv": [11.625, 1, 10.5, 1.25], "texture": "#2"},
				"east": {"uv": [0, 0, 0, 0.25], "texture": "#2"},
				"south": {"uv": [10.5, 1, 11.625, 1.25], "texture": "#2"},
				"west": {"uv": [0, 0, 0, 0.25], "texture": "#2"},
				"up": {"uv": [1.25, 0, 0, 0], "texture": "#2"},
				"down": {"uv": [1.25, 0, 0, 0], "texture": "#2"}
			}
		},
		{
			"name": "main",
			"from": [5.65838, 0.69484, -15.49831],
			"to": [10.34162, 2.69138, -8.84831],
			"rotation": {"angle": 0, "axis": "x", "origin": [8, 2.69138, -9]},
			"faces": {
				"north": {"uv": [9.5, 4.75, 10.625, 5.25], "texture": "#2"},
				"east": {"uv": [8.5, 5.25, 10.125, 5.75], "texture": "#2"},
				"south": {"uv": [8, 9.75, 9.125, 10.25], "texture": "#2"},
				"west": {"uv": [9, 7.5, 10.625, 8], "texture": "#2"},
				"up": {"uv": [8.375, 4.125, 7.25, 2.5], "texture": "#2"},
				"down": {"uv": [8.375, 4.25, 7.25, 5.875], "texture": "#2"}
			}
		},
		{
			"name": "teeth_right",
			"from": [10.34739, 2.69138, -15.39972],
			"to": [10.34739, 3.64138, -8.84318],
			"rotation": {"angle": 0, "axis": "x", "origin": [8, 2.69138, -9]},
			"faces": {
				"north": {"uv": [0, 0, 0, 0.25], "texture": "#2"},
				"east": {"uv": [10.25, 4.25, 11.875, 4], "texture": "#2"},
				"south": {"uv": [0, 0, 0, 0.25], "texture": "#2"},
				"west": {"uv": [11.875, 4.25, 10.25, 4], "texture": "#2"},
				"up": {"uv": [0, 1.625, 0, 0], "texture": "#2"},
				"down": {"uv": [0, 0, 0, 1.625], "texture": "#2"}
			}
		},
		{
			"name": "teeth_left",
			"from": [5.65835, 2.69138, -15.39972],
			"to": [5.65835, 3.64138, -8.84318],
			"rotation": {"angle": 0, "axis": "x", "origin": [8, 2.69138, -9]},
			"faces": {
				"north": {"uv": [0, 0, 0, 0.25], "texture": "#2"},
				"east": {"uv": [10.25, 4.25, 11.875, 4], "texture": "#2"},
				"south": {"uv": [0, 0, 0, 0.25], "texture": "#2"},
				"west": {"uv": [11.875, 4.25, 10.25, 4], "texture": "#2"},
				"up": {"uv": [0, 1.625, 0, 0], "texture": "#2"},
				"down": {"uv": [0, 0, 0, 1.625], "texture": "#2"}
			}
		},
		{
			"name": "fang_left",
			"from": [5.60835, 2.69138, -14.89972],
			"to": [5.60835, 4.69138, -13.89972],
			"rotation": {"angle": 22.5, "axis": "z", "origin": [8, 2.69138, -9]},
			"faces": {
				"north": {"uv": [0, 0, 0, 0.5], "texture": "#2"},
				"east": {"uv": [3.75, 8.75, 4, 9.25], "texture": "#2"},
				"south": {"uv": [0, 0, 0, 0.5], "texture": "#2"},
				"west": {"uv": [4, 8.75, 3.75, 9.25], "texture": "#2"},
				"up": {"uv": [0, 0.25, 0, 0], "texture": "#2"},
				"down": {"uv": [0, 0, 0, 0.25], "texture": "#2"}
			}
		},
		{
			"name": "fang_left",
			"from": [10.39166, 2.69138, -14.89972],
			"to": [10.39166, 4.69138, -13.89972],
			"rotation": {"angle": -22.5, "axis": "z", "origin": [8, 2.69138, -9]},
			"faces": {
				"north": {"uv": [0, 0, 0, 0.5], "texture": "#2"},
				"east": {"uv": [3.75, 8.75, 4, 9.25], "texture": "#2"},
				"south": {"uv": [0, 0, 0, 0.5], "texture": "#2"},
				"west": {"uv": [4, 8.75, 3.75, 9.25], "texture": "#2"},
				"up": {"uv": [0, 0.25, 0, 0], "texture": "#2"},
				"down": {"uv": [0, 0, 0, 0.25], "texture": "#2"}
			}
		},
		{
			"name": "teeth_front",
			"from": [5.65835, 2.69138, -15.39972],
			"to": [10.35134, 3.64138, -15.39972],
			"rotation": {"angle": 0, "axis": "x", "origin": [8, 2.69138, -9]},
			"faces": {
				"north": {"uv": [11.625, 1.25, 10.5, 1], "texture": "#2"},
				"east": {"uv": [0, 0, 0, 0.25], "texture": "#2"},
				"south": {"uv": [10.5, 1.25, 11.625, 1], "texture": "#2"},
				"west": {"uv": [0, 0, 0, 0.25], "texture": "#2"},
				"up": {"uv": [1.125, 0, 0, 0], "texture": "#2"},
				"down": {"uv": [1.125, 0, 0, 0], "texture": "#2"}
			}
		},
		{
			"name": "neck",
			"from": [6.74516, 5.27904, -8.94175],
			"to": [6.74516, 6.27904, -5.94175],
			"rotation": {"angle": 0, "axis": "y", "origin": [8, 5.27904, -8.94175]},
			"faces": {
				"north": {"uv": [0, 0, 0, 0.375], "texture": "#2"},
				"east": {"uv": [10.125, 9.25, 9.25, 9.625], "texture": "#2"},
				"south": {"uv": [0, 0, 0, 0.375], "texture": "#2"},
				"west": {"uv": [9.25, 9.25, 10.125, 9.625], "texture": "#2"},
				"up": {"uv": [0, 1.875, 0, 0], "texture": "#2"},
				"down": {"uv": [0, 0, 0, 1.875], "texture": "#2"}
			}
		},
		{
			"name": "neck",
			"from": [9.25484, 5.27904, -8.94175],
			"to": [9.25484, 6.27904, -5.94175],
			"rotation": {"angle": 0, "axis": "y", "origin": [8, 5.27904, -8.94175]},
			"faces": {
				"north": {"uv": [0, 0, 0, 0.375], "texture": "#2"},
				"east": {"uv": [10.125, 9.25, 9.25, 9.625], "texture": "#2"},
				"south": {"uv": [0, 0, 0, 0.375], "texture": "#2"},
				"west": {"uv": [9.25, 9.25, 10.125, 9.625], "texture": "#2"},
				"up": {"uv": [0, 1.875, 0, 0], "texture": "#2"},
				"down": {"uv": [0, 0, 0, 1.875], "texture": "#2"}
			}
		},
		{
			"name": "tail1",
			"from": [5.49032, 0.50968, 9.30825],
			"to": [10.50968, 5.52904, 16.83728],
			"rotation": {"angle": 0, "axis": "x", "origin": [8, 5.52904, 9.30825]},
			"faces": {
				"north": {"uv": [6.75, 7.75, 8, 9], "texture": "#2"},
				"east": {"uv": [0, 5.25, 1.875, 6.5], "texture": "#2"},
				"south": {"uv": [8, 0, 9.25, 1.25], "texture": "#2"},
				"west": {"uv": [2, 5.25, 3.875, 6.5], "texture": "#2"},
				"up": {"uv": [7.25, 5.625, 6, 3.75], "texture": "#2"},
				"down": {"uv": [7.25, 5.75, 6, 7.625], "texture": "#2"}
			}
		},
		{
			"name": "tail2",
			"from": [6.11775, 0.7068, 16.54369],
			"to": [9.88225, 5.09873, 23.33257],
			"rotation": {"angle": 0, "axis": "x", "origin": [8, 8.02904, 11.80825]},
			"faces": {
				"north": {"uv": [4, 8, 5, 9.125], "texture": "#2"},
				"east": {"uv": [1.25, 6.5, 3, 7.625], "texture": "#2"},
				"south": {"uv": [8, 7.75, 9, 8.875], "texture": "#2"},
				"west": {"uv": [6.5, 1.25, 8.25, 2.375], "texture": "#2"},
				"up": {"uv": [4, 8.25, 3, 6.5], "texture": "#2"},
				"down": {"uv": [8.25, 6, 7.25, 7.75], "texture": "#2"}
			}
		},
		{
			"name": "tail3",
			"from": [8, 0.83391, 22.32773],
			"to": [8, 5.97101, 31.79299],
			"rotation": {"angle": 0, "axis": "x", "origin": [8, 5.42904, 13.05825]},
			"faces": {
				"north": {"uv": [0, 0, 0, 1.25], "texture": "#2"},
				"east": {"uv": [4, 1.25, 6.375, 2.5], "texture": "#2"},
				"south": {"uv": [0, 0, 0, 1.25], "texture": "#2"},
				"west": {"uv": [6.375, 1.25, 4, 2.5], "texture": "#2"},
				"up": {"uv": [0, 2.375, 0, 0], "texture": "#2"},
				"down": {"uv": [0, 0, 0, 2.375], "texture": "#2"}
			}
		},
		{
			"name": "tail1",
			"from": [6.74516, 5.52904, 9.30825],
			"to": [6.74516, 6.78387, 16.83728],
			"rotation": {"angle": 0, "axis": "x", "origin": [8, 5.52904, 9.30825]},
			"faces": {
				"north": {"uv": [0, 0, 0, 0.375], "texture": "#2"},
				"east": {"uv": [11.125, 9.25, 9.25, 9.625], "texture": "#2"},
				"south": {"uv": [0, 0, 0, 0.375], "texture": "#2"},
				"west": {"uv": [9.25, 9.25, 11.125, 9.625], "texture": "#2"},
				"up": {"uv": [0, 1.875, 0, 0], "texture": "#2"},
				"down": {"uv": [0, 0, 0, 1.875], "texture": "#2"}
			}
		},
		{
			"name": "tail1",
			"from": [9.25484, 5.52904, 9.30825],
			"to": [9.25484, 6.78387, 16.83728],
			"rotation": {"angle": 0, "axis": "x", "origin": [8, 5.52904, 9.30825]},
			"faces": {
				"north": {"uv": [0, 0, 0, 0.375], "texture": "#2"},
				"east": {"uv": [11.125, 9.25, 9.25, 9.625], "texture": "#2"},
				"south": {"uv": [0, 0, 0, 0.375], "texture": "#2"},
				"west": {"uv": [9.25, 9.25, 11.125, 9.625], "texture": "#2"},
				"up": {"uv": [0, 1.875, 0, 0], "texture": "#2"},
				"down": {"uv": [0, 0, 0, 1.875], "texture": "#2"}
			}
		},
		{
			"name": "tail2",
			"from": [6.74516, 5.02904, 17.30825],
			"to": [6.74516, 6.28387, 22.83728],
			"rotation": {"angle": 0, "axis": "y", "origin": [8, 5.02903, 17.30825]},
			"faces": {
				"north": {"uv": [0, 0, 0, 0.375], "texture": "#2"},
				"east": {"uv": [11.125, 9.25, 9.25, 9.625], "texture": "#2"},
				"south": {"uv": [0, 0, 0, 0.375], "texture": "#2"},
				"west": {"uv": [9.25, 9.25, 11.125, 9.625], "texture": "#2"},
				"up": {"uv": [0, 1.875, 0, 0], "texture": "#2"},
				"down": {"uv": [0, 0, 0, 1.875], "texture": "#2"}
			}
		},
		{
			"name": "tail2",
			"from": [9.25484, 5.02904, 17.30825],
			"to": [9.25484, 6.28387, 22.83728],
			"rotation": {"angle": 0, "axis": "y", "origin": [8, 5.02903, 17.30825]},
			"faces": {
				"north": {"uv": [0, 0, 0, 0.375], "texture": "#2"},
				"east": {"uv": [11.125, 9.25, 9.25, 9.625], "texture": "#2"},
				"south": {"uv": [0, 0, 0, 0.375], "texture": "#2"},
				"west": {"uv": [9.25, 9.25, 11.125, 9.625], "texture": "#2"},
				"up": {"uv": [0, 1.875, 0, 0], "texture": "#2"},
				"down": {"uv": [0, 0, 0, 1.875], "texture": "#2"}
			}
		}
	],
	"display": {
		"thirdperson_righthand": {
			"rotation": [78, 45, 0],
			"translation": [0, 2.5, 0],
			"scale": [0.375, 0.375, 0.375]
		},
		"thirdperson_lefthand": {
			"rotation": [75, 45, 0],
			"translation": [0, 2.5, 0],
			"scale": [0.375, 0.375, 0.375]
		},
		"firstperson_righthand": {
			"rotation": [0, 45, 0],
			"scale": [0.4, 0.4, 0.4]
		},
		"firstperson_lefthand": {
			"rotation": [0, 225, 0],
			"scale": [0.4, 0.4, -0.4]
		},
		"ground": {
			"translation": [0, 2, 0],
			"scale": [0.5, 0.5, 0.5]
		},
		"gui": {
			"rotation": [30, 225, 0],
			"scale": [0.625, 0.625, 0.625]
		},
		"head": {
			"translation": [0, -54, 39],
			"scale": [4, 4, 4]
		},
		"fixed": {
			"translation": [0, 48, 46.25],
			"scale": [4, 4, 4]
		}
	},
	"groups": [
		{
			"name": "body",
			"origin": [8, 8, 8],
			"color": 0,
			"children": [0]
		},
		{
			"name": "legs",
			"origin": [8, 8, 8],
			"color": 0,
			"children": [
				{
					"name": "1",
					"origin": [8, 8, 8],
					"color": 1,
					"children": [1, 2]
				},
				{
					"name": "2",
					"origin": [8, 8, 8],
					"color": 3,
					"children": [3, 4]
				},
				{
					"name": "3",
					"origin": [8, 8, 8],
					"color": 1,
					"children": [5, 6]
				},
				{
					"name": "4",
					"origin": [8, 8, 8],
					"color": 3,
					"children": [7, 8]
				}
			]
		},
		{
			"name": "head",
			"origin": [8, 8, 8],
			"color": 0,
			"children": [
				{
					"name": "skull",
					"origin": [8, 8, 8],
					"color": 0,
					"children": [
						9,
						{
							"name": "upper_jaw",
							"origin": [8, 8, 8],
							"color": 0,
							"children": [
								10,
								11,
								12,
								{
									"name": "teeth",
									"origin": [0, 6, -2],
									"color": 2,
									"children": [13, 14, 15]
								}
							]
						},
						{
							"name": "lower_jaw",
							"origin": [8, 8, 8],
							"color": 0,
							"children": [
								16,
								{
									"name": "teeth",
									"origin": [0, 6, -2],
									"color": 0,
									"children": [
										{
											"name": "teeth",
											"origin": [0, 6, -2],
											"color": 2,
											"children": [17, 18, 19, 20, 21]
										}
									]
								}
							]
						}
					]
				},
				{
					"name": "neckspikes",
					"origin": [8, 8, 8],
					"color": 0,
					"children": [22, 23]
				}
			]
		},
		{
			"name": "tail",
			"origin": [8, 8, 8],
			"color": 0,
			"children": [
				24,
				25,
				{
					"name": "backspikes",
					"origin": [8, 8, 8],
					"color": 0,
					"children": [26, 27, 28, 29, 30]
				}
			]
		}
	]
}