{
	"textures": {
		"0": "animated_java:blueprint/mushling/red_mushling",
		"particle": "minecraft:item/pufferfish"
	},
	"display": {
		"head": {
			"rotation": [0, 180, 0]
		}
	},
	"elements": [
		{
			"from": [4, 12.7, 4],
			"to": [12, 14.7, 12],
			"rotation": {
				"angle": 0,
				"axis": "y",
				"origin": [8.1, 12.7, 8]
			},
			"faces": {
				"north": {
					"uv": [2, 2, 4, 2.5],
					"texture": "#0"
				},
				"east": {
					"uv": [0, 2, 2, 2.5],
					"texture": "#0"
				},
				"south": {
					"uv": [6, 2, 8, 2.5],
					"texture": "#0"
				},
				"west": {
					"uv": [4, 2, 6, 2.5],
					"texture": "#0"
				},
				"up": {
					"uv": [4, 2, 2, 0],
					"texture": "#0"
				},
				"down": {
					"uv": [6, 0, 4, 2],
					"texture": "#0"
				}
			}
		},
		{
			"from": [5, 14.5, 5],
			"to": [11, 15.5, 11],
			"rotation": {
				"angle": 0,
				"axis": "y",
				"origin": [7.9, 14.7, 8]
			},
			"faces": {
				"north": {
					"uv": [1.5, 6.5, 3, 6.75],
					"texture": "#0"
				},
				"east": {
					"uv": [0, 6.5, 1.5, 6.75],
					"texture": "#0"
				},
				"south": {
					"uv": [4.5, 6.5, 6, 6.75],
					"texture": "#0"
				},
				"west": {
					"uv": [3, 6.5, 4.5, 6.75],
					"texture": "#0"
				},
				"up": {
					"uv": [3, 6.5, 1.5, 5],
					"texture": "#0"
				},
				"down": {
					"uv": [4.5, 5, 3, 6.5],
					"texture": "#0"
				}
			}
		},
		{
			"from": [6, 15.3, 6],
			"to": [10, 16.3, 10],
			"rotation": {
				"angle": 0,
				"axis": "y",
				"origin": [7.9, 15.7, 8]
			},
			"faces": {
				"north": {
					"uv": [7, 3.5, 8, 3.75],
					"texture": "#0"
				},
				"east": {
					"uv": [6, 3.5, 7, 3.75],
					"texture": "#0"
				},
				"south": {
					"uv": [9, 3.5, 10, 3.75],
					"texture": "#0"
				},
				"west": {
					"uv": [8, 3.5, 9, 3.75],
					"texture": "#0"
				},
				"up": {
					"uv": [8, 3.5, 7, 2.5],
					"texture": "#0"
				},
				"down": {
					"uv": [9, 2.5, 8, 3.5],
					"texture": "#0"
				}
			}
		}
	]
}