{
  "sources": [
    { "source": "entity", "prefix": "entity/", "type": "directory" },
    {
      "pattern": { "namespace": "minecraft", "path": "entity/fishing_hook" },
      "type": "filter"
    },
    {
      "type": "directory",
      "source": "enchantmentplus",
      "prefix": "enchantmentplus/"
    },
    {
      "type": "directory",
      "source": "simple_paxels",
      "prefix": "simple_paxels/"
    },
    {
			"type": "directory",
			"source": "blueprint",
			"prefix": "blueprint/"
		}
  ]
}
