{"textures":{"0":"modelengine:entity/nm_pim_the_pig_texture","particle":"#0"},"elements":[{"from":[5.191342,6.46194,7.525],"to":[9.191341,8.46194,8.475],"faces":{"east":{"uv":[2.0,4.0,2.25,4.5],"tintindex":0,"rotation":0,"texture":"#0"},"south":{"uv":[7.0,4.0,8.0,4.5],"tintindex":0,"rotation":0,"texture":"#0"},"north":{"uv":[7.0,3.5,8.0,4.0],"tintindex":0,"rotation":0,"texture":"#0"},"west":{"uv":[3.75,7.25,4.0,7.75],"tintindex":0,"rotation":0,"texture":"#0"},"up":{"uv":[8.25,0.75,7.25,0.5],"tintindex":0,"rotation":0,"texture":"#0"},"down":{"uv":[1.75,7.25,0.75,7.5],"tintindex":0,"rotation":0,"texture":"#0"}}}],"display":{"head":{"rotation":[0.0,0.0,0.0]},"firstperson_righthand":{"rotation":[0.0,0.0,0.0]},"thirdperson_lefthand":{"rotation":[0.0,-0.0,-0.0]},"firstperson_lefthand":{"rotation":[0.0,-0.0,-0.0]},"fixed":{"rotation":[0.0,0.0,0.0]},"ground":{"rotation":[0.0,0.0,0.0]},"thirdperson_righthand":{"rotation":[0.0,0.0,0.0]},"gui":{"rotation":[-150.0,-45.0,180.0]}}}