{"credit":"Made with Blockbench","texture_size":[32,32],"textures":{"1":"minecraft:furniture/qfurniture_fireflyjar","particle":"minecraft:furniture/qfurniture_fireflyjar"},"elements":[{"from":[5.696,0,5.888],"to":[10.304,6.144,10.496],"rotation":{"angle":0,"axis":"x","origin":[7.232,0,7.424]},"faces":{"north":{"uv":[0,0,2.5,3],"texture":"#1"},"east":{"uv":[2.5,0,5,3],"texture":"#1"},"south":{"uv":[0,3,2.5,6],"texture":"#1"},"west":{"uv":[2.5,3,5,6],"texture":"#1"},"up":{"uv":[7.5,2.5,5,0],"texture":"#1"},"down":{"uv":[7.5,2.5,5,5],"texture":"#1"}}},{"from":[6.464,6.144,6.656],"to":[9.536,7.68,9.728],"rotation":{"angle":0,"axis":"x","origin":[7.232,6.912,7.424]},"faces":{"north":{"uv":[6.5,7.5,8,8.5],"texture":"#1"},"east":{"uv":[7.5,6.5,9,7.5],"texture":"#1"},"south":{"uv":[2.5,8,4,9],"texture":"#1"},"west":{"uv":[8,7.5,9.5,8.5],"texture":"#1"},"up":{"uv":[9,3.5,7.5,2],"texture":"#1"},"down":{"uv":[9,3.5,7.5,5],"texture":"#1"}}},{"from":[5.696,7.68,5.888],"to":[10.304,9.216,10.496],"rotation":{"angle":0,"axis":"x","origin":[7.232,9.984,7.424]},"faces":{"north":{"uv":[2.5,6,5,7],"texture":"#1"},"east":{"uv":[2.5,7,5,8],"texture":"#1"},"south":{"uv":[7.5,0,10,1],"texture":"#1"},"west":{"uv":[7.5,1,10,2],"texture":"#1"},"up":{"uv":[7.5,7.5,5,5],"texture":"#1"},"down":{"uv":[2.5,6,0,8.5],"texture":"#1"}}},{"from":[6.464,8.448,6.656],"to":[9.536,9.984,9.728],"rotation":{"angle":0,"axis":"x","origin":[7.232,8.448,7.424]},"faces":{"north":{"uv":[0,8.5,1.5,9.5],"texture":"#1"},"east":{"uv":[6.5,8.5,8,9.5],"texture":"#1"},"south":{"uv":[8,8.5,9.5,9.5],"texture":"#1"},"west":{"uv":[1.5,9,3,10],"texture":"#1"},"up":{"uv":[6.5,9,5,7.5],"texture":"#1"},"down":{"uv":[9,5,7.5,6.5],"texture":"#1"}}},{"from":[8.25,2.08,8],"to":[10.25,3.08,8],"rotation":{"angle":22.5,"axis":"y","origin":[9.25,2.58,8]},"faces":{"north":{"uv":[1.5,8.5,2.5,9],"texture":"#1"},"east":{"uv":[0,0,0,0.5],"texture":"#1"},"south":{"uv":[4,8,5,8.5],"texture":"#1"},"west":{"uv":[0,0,0,0.5],"texture":"#1"},"up":{"uv":[0,1,0,0],"rotation":90,"texture":"#1"},"down":{"uv":[0,0,0,1],"rotation":270,"texture":"#1"}}},{"from":[6.604,3.83,8.96827],"to":[8.604,4.83,8.96827],"rotation":{"angle":22.5,"axis":"y","origin":[7.604,4.33,8.96827]},"faces":{"north":{"uv":[4,8,5,8.5],"texture":"#1"},"east":{"uv":[0,0,0,0.5],"texture":"#1"},"south":{"uv":[1.5,8.5,2.5,9],"texture":"#1"},"west":{"uv":[0,0,0,0.5],"texture":"#1"},"up":{"uv":[0,1,0,0],"rotation":270,"texture":"#1"},"down":{"uv":[0,0,0,1],"rotation":90,"texture":"#1"}}},{"from":[6.604,1.58,9.46827],"to":[8.604,2.58,9.46827],"rotation":{"angle":22.5,"axis":"z","origin":[7.604,2.08,9.46827]},"faces":{"north":{"uv":[1.5,8.5,2.5,9],"texture":"#1"},"east":{"uv":[0,0,0,0.5],"texture":"#1"},"south":{"uv":[4,8,5,8.5],"texture":"#1"},"west":{"uv":[0,0,0,0.5],"texture":"#1"},"up":{"uv":[0,1,0,0],"rotation":90,"texture":"#1"},"down":{"uv":[0,0,0,1],"rotation":270,"texture":"#1"}}},{"from":[6.854,2.58,7.21827],"to":[6.854,3.58,9.21827],"rotation":{"angle":45,"axis":"y","origin":[6.854,3.08,8.21827]},"faces":{"north":{"uv":[0,0,0,0.5],"texture":"#1"},"east":{"uv":[4,8,5,8.5],"texture":"#1"},"south":{"uv":[0,0,0,0.5],"texture":"#1"},"west":{"uv":[1.5,8.5,2.5,9],"texture":"#1"},"up":{"uv":[0,1,0,0],"texture":"#1"},"down":{"uv":[0,0,0,1],"texture":"#1"}}}],"display":{"thirdperson_righthand":{"translation":[0,2.5,-2.5]},"thirdperson_lefthand":{"translation":[0,2.5,-2.5]},"firstperson_righthand":{"rotation":[0,0,-6.25],"translation":[0,6,0.75]},"firstperson_lefthand":{"rotation":[0,0,-6.25],"translation":[0,6,0.75]},"ground":{"translation":[0,5,0]},"gui":{"rotation":[22.5,-67.5,0],"translation":[0,2.75,0],"scale":[0.8,0.8,0.8]},"head":{"translation":[0,15,0]},"fixed":{"rotation":[-90,0,0],"translation":[0,0,-11],"scale":[1.4,1.4,1.4]}},"groups":[{"name":"bottle","origin":[8,8,8],"color":0,"children":[0,1,2,3,{"name":"fireflies","origin":[-1.604,0.5,-1.67043],"color":0,"children":[4]},{"name":"fireflies2","origin":[-2,0.5,-0.95216],"color":0,"children":[5]},{"name":"fireflies3","origin":[-2,0.5,-0.95216],"color":0,"children":[6]},{"name":"fireflies4","origin":[-2,0.5,-0.95216],"color":0,"children":[7]}]}],"mcmodels":"8627f431a604028eea1f95970744b30c"}