{"credit":"Made with Blockbench","textures":{"1":"minecraft:furniture/qfurniture_fireflyjar","2":"minecraft:item/qfurniture_fireflyjar_string","particle":"minecraft:furniture/qfurniture_fireflyjar"},"elements":[{"from":[5.696,0,5.696],"to":[10.304,6.144,10.304],"rotation":{"angle":0,"axis":"y","origin":[7.232,0,7.232]},"faces":{"north":{"uv":[0,0,2.5,3],"texture":"#1"},"east":{"uv":[2.5,0,5,3],"texture":"#1"},"south":{"uv":[0,3,2.5,6],"texture":"#1"},"west":{"uv":[2.5,3,5,6],"texture":"#1"},"up":{"uv":[7.5,2.5,5,0],"texture":"#1"},"down":{"uv":[7.5,2.5,5,5],"texture":"#1"}}},{"from":[6.464,6.144,6.464],"to":[9.536,7.68,9.536],"rotation":{"angle":0,"axis":"y","origin":[7.232,6.912,7.232]},"faces":{"north":{"uv":[6.5,7.5,8,8.5],"texture":"#1"},"east":{"uv":[7.5,6.5,9,7.5],"texture":"#1"},"south":{"uv":[2.5,8,4,9],"texture":"#1"},"west":{"uv":[8,7.5,9.5,8.5],"texture":"#1"},"up":{"uv":[9,3.5,7.5,2],"texture":"#1"},"down":{"uv":[9,3.5,7.5,5],"texture":"#1"}}},{"from":[5.696,7.68,5.696],"to":[10.304,9.216,10.304],"rotation":{"angle":0,"axis":"y","origin":[7.232,9.984,7.232]},"faces":{"north":{"uv":[2.5,6,5,7],"texture":"#1"},"east":{"uv":[2.5,7,5,8],"texture":"#1"},"south":{"uv":[7.5,0,10,1],"texture":"#1"},"west":{"uv":[7.5,1,10,2],"texture":"#1"},"up":{"uv":[7.5,7.5,5,5],"texture":"#1"},"down":{"uv":[2.5,6,0,8.5],"texture":"#1"}}},{"from":[6.464,8.448,6.464],"to":[9.536,9.984,9.536],"rotation":{"angle":0,"axis":"y","origin":[7.232,8.448,7.232]},"faces":{"north":{"uv":[0,8.5,1.5,9.5],"texture":"#1"},"east":{"uv":[6.5,8.5,8,9.5],"texture":"#1"},"south":{"uv":[8,8.5,9.5,9.5],"texture":"#1"},"west":{"uv":[1.5,9,3,10],"texture":"#1"},"up":{"uv":[6.5,9,5,7.5],"texture":"#1"},"down":{"uv":[9,5,7.5,6.5],"texture":"#1"}}},{"from":[9.198,2.08,7.64087],"to":[9.198,3.08,9.64087],"rotation":{"angle":-45,"axis":"x","origin":[9.198,2.58,8.64087]},"faces":{"north":{"uv":[0,0,0,0.5],"texture":"#1"},"east":{"uv":[4,8,5,8.5],"texture":"#1"},"south":{"uv":[0,0,0,0.5],"texture":"#1"},"west":{"uv":[1.5,8.5,2.5,9],"texture":"#1"},"up":{"uv":[0,1,0,0],"texture":"#1"},"down":{"uv":[0,0,0,1],"texture":"#1"}}},{"from":[8.052,3.33,7.60914],"to":[8.052,4.33,9.60913],"rotation":{"angle":45,"axis":"y","origin":[8.052,3.83,8.60914]},"faces":{"north":{"uv":[0,0,0,0.5],"texture":"#1"},"east":{"uv":[4,8,5,8.5],"texture":"#1"},"south":{"uv":[0,0,0,0.5],"texture":"#1"},"west":{"uv":[1.5,8.5,2.5,9],"texture":"#1"},"up":{"uv":[0,1,0,0],"texture":"#1"},"down":{"uv":[0,0,0,1],"texture":"#1"}}},{"from":[8.302,1.58,6.85914],"to":[8.302,2.58,8.85914],"rotation":{"angle":22.5,"axis":"x","origin":[8.302,2.08,7.85914]},"faces":{"north":{"uv":[0,0,0,0.5],"texture":"#1"},"east":{"uv":[4,8,5,8.5],"texture":"#1"},"south":{"uv":[0,0,0,0.5],"texture":"#1"},"west":{"uv":[1.5,8.5,2.5,9],"texture":"#1"},"up":{"uv":[0,1,0,0],"texture":"#1"},"down":{"uv":[0,0,0,1],"texture":"#1"}}},{"from":[6.552,2.33,7.10914],"to":[6.552,3.33,9.10914],"rotation":{"angle":22.5,"axis":"x","origin":[6.552,2.83,8.10914]},"faces":{"north":{"uv":[0,0,0,0.5],"texture":"#1"},"east":{"uv":[4,8,5,8.5],"texture":"#1"},"south":{"uv":[0,0,0,0.5],"texture":"#1"},"west":{"uv":[1.5,8.5,2.5,9],"texture":"#1"},"up":{"uv":[0,1,0,0],"texture":"#1"},"down":{"uv":[0,0,0,1],"texture":"#1"}}},{"from":[7.5,10,7.5],"to":[8.5,16,8.5],"rotation":{"angle":0,"axis":"y","origin":[6.5,10,7.5]},"faces":{"north":{"uv":[0,0,1,6],"texture":"#2"},"east":{"uv":[1,0,2,6],"texture":"#2"},"south":{"uv":[2,0,3,6],"texture":"#2"},"west":{"uv":[3,0,4,6],"texture":"#2"},"up":{"uv":[5,1,4,0],"texture":"#2"},"down":{"uv":[5,1,4,2],"texture":"#2"}}}],"display":{"thirdperson_righthand":{"translation":[0,2.5,-2.5]},"thirdperson_lefthand":{"translation":[0,2.5,-2.5]},"firstperson_righthand":{"rotation":[0,0,-6.25],"translation":[0,6,0.75]},"firstperson_lefthand":{"rotation":[0,0,-6.25],"translation":[0,6,0.75]},"ground":{"translation":[0,5,0]},"gui":{"rotation":[22.5,-67.5,0],"translation":[0,2.75,0],"scale":[0.8,0.8,0.8]},"head":{"translation":[0,15,0]},"fixed":{"rotation":[-90,0,0],"translation":[0,0,-21.5],"scale":[1.4,1.4,1.4]}},"groups":[{"name":"bottle","origin":[7.948,8,7.89087],"color":0,"children":[0,1,2,3,{"name":"fireflies","origin":[-1.656,0.5,-1.77957],"color":0,"children":[4]},{"name":"fireflies2","origin":[-2.052,0.5,-1.0613],"color":0,"children":[5]},{"name":"fireflies3","origin":[-2.052,0.5,-1.0613],"color":0,"children":[6]},{"name":"fireflies4","origin":[-2.052,0.5,-1.0613],"color":0,"children":[7]},8]}],"mcmodels":"8627f431a604028eea1f95970744b30c"}