{"textures":{"0":"modelengine:entity/qmob_blobfish","particle":"#0"},"elements":[{"from":[2.0,5.109,2.0],"to":[14.0,5.119,6.0],"faces":{"east":{"uv":[4.0,3.0,5.0,3.25],"tintindex":0,"rotation":0,"texture":"#0"},"south":{"uv":[5.0,5.5,8.0,5.75],"tintindex":0,"rotation":0,"texture":"#0"},"north":{"uv":[5.5,2.75,8.5,3.0],"tintindex":0,"rotation":0,"texture":"#0"},"west":{"uv":[4.0,3.25,5.0,3.5],"tintindex":0,"rotation":0,"texture":"#0"},"up":{"uv":[3.0,1.0,0.0,0.0],"tintindex":0,"rotation":0,"texture":"#0"},"down":{"uv":[3.0,1.0,0.0,2.0],"tintindex":0,"rotation":0,"texture":"#0"}}},{"from":[4.0,5.099,1.0],"to":[12.0,11.099,7.0],"faces":{"east":{"uv":[4.0,1.5,5.5,3.0],"tintindex":0,"rotation":0,"texture":"#0"},"south":{"uv":[2.0,2.0,4.0,3.5],"tintindex":0,"rotation":0,"texture":"#0"},"north":{"uv":[0.0,2.0,2.0,3.5],"tintindex":0,"rotation":0,"texture":"#0"},"west":{"uv":[0.0,5.0,1.5,6.5],"tintindex":0,"rotation":0,"texture":"#0"},"up":{"uv":[5.0,1.5,3.0,0.0],"tintindex":0,"rotation":0,"texture":"#0"},"down":{"uv":[2.0,3.5,0.0,5.0],"tintindex":0,"rotation":0,"texture":"#0"}}}],"display":{"head":{"rotation":[0.0,0.0,0.0]},"firstperson_righthand":{"rotation":[0.0,0.0,0.0]},"thirdperson_lefthand":{"rotation":[0.0,-0.0,-0.0]},"firstperson_lefthand":{"rotation":[0.0,-0.0,-0.0]},"fixed":{"rotation":[0.0,0.0,0.0]},"ground":{"rotation":[0.0,0.0,0.0]},"thirdperson_righthand":{"rotation":[0.0,0.0,0.0]},"gui":{"rotation":[-150.0,-45.0,180.0]}}}