{
	"textures": {
		"0": "animated_java:blueprint/pufftail/pufftail_default",
		"particle": "minecraft:item/pufferfish"
	},
	"display": {
		"head": {
			"rotation": [0, 180, 0]
		}
	},
	"elements": [
		{
			"from": [23.69231, 6.8, 22.76923],
			"to": [24.61538, 16.03077, 32],
			"rotation": {
				"angle": 45,
				"axis": "z",
				"origin": [24.61538, 6.8, 23.69231]
			},
			"faces": {
				"north": {
					"uv": [12.375, 14.375, 12.5, 15.625],
					"texture": "#0"
				},
				"east": {
					"uv": [13, 1.25, 14.25, 2.5],
					"texture": "#0"
				},
				"south": {
					"uv": [12.5, 14.375, 12.625, 15.625],
					"texture": "#0"
				},
				"west": {
					"uv": [13, 10.25, 14.25, 11.5],
					"texture": "#0"
				},
				"up": {
					"uv": [0.125, 15.75, 0, 14.5],
					"texture": "#0"
				},
				"down": {
					"uv": [14.625, 0, 14.5, 1.25],
					"texture": "#0"
				}
			}
		}
	]
}