{
	"textures": {
		"0": "animated_java:blueprint/pufftail/pufftail_default",
		"particle": "minecraft:item/pufferfish"
	},
	"display": {
		"head": {
			"rotation": [0, 180, 0]
		}
	},
	"elements": [
		{
			"from": [0, 8, -10.66667],
			"to": [16, 28, 13.33333],
			"rotation": {
				"angle": 0,
				"axis": "y",
				"origin": [8, 8, 8]
			},
			"faces": {
				"north": {
					"uv": [0, 7.5, 3, 11.25],
					"texture": "#0"
				},
				"east": {
					"uv": [0, 0, 4.5, 3.75],
					"texture": "#0"
				},
				"south": {
					"uv": [7.5, 0, 10.5, 3.75],
					"texture": "#0"
				},
				"west": {
					"uv": [0, 3.75, 4.5, 7.5],
					"texture": "#0"
				},
				"up": {
					"uv": [7.5, 4.5, 4.5, 0],
					"texture": "#0"
				},
				"down": {
					"uv": [7.5, 4.5, 4.5, 9],
					"texture": "#0"
				}
			}
		}
	]
}