{
	"textures": {
		"0": "animated_java:blueprint/pufftail/pufftail_default",
		"particle": "minecraft:item/pufferfish"
	},
	"display": {
		"head": {
			"rotation": [0, 180, 0]
		}
	},
	"elements": [
		{
			"from": [-10.528, 6.08, -16],
			"to": [-9.568, 15.68, -6.4],
			"rotation": {
				"angle": -45,
				"axis": "z",
				"origin": [-9.568, 6.08, -15.04]
			},
			"faces": {
				"north": {
					"uv": [11.375, 14.375, 11.5, 15.625],
					"texture": "#0"
				},
				"east": {
					"uv": [1.75, 11.25, 3, 12.5],
					"texture": "#0"
				},
				"south": {
					"uv": [11.5, 14.375, 11.625, 15.625],
					"texture": "#0"
				},
				"west": {
					"uv": [12.75, 9, 14, 10.25],
					"texture": "#0"
				},
				"up": {
					"uv": [11.75, 15.625, 11.625, 14.375],
					"texture": "#0"
				},
				"down": {
					"uv": [11.875, 14.375, 11.75, 15.625],
					"texture": "#0"
				}
			}
		}
	]
}