{
	"textures": {
		"0": "animated_java:blueprint/pufftail/pufftail_default",
		"particle": "minecraft:item/pufferfish"
	},
	"display": {
		"head": {
			"rotation": [0, 180, 0]
		}
	},
	"elements": [
		{
			"from": [7.34426, 25.44262, -10.42623],
			"to": [8.65574, 32, -3.86885],
			"rotation": {
				"angle": -22.5,
				"axis": "x",
				"origin": [8, 25.44262, -9.77049]
			},
			"faces": {
				"north": {
					"uv": [4.25, 7.5, 4.5, 8.75],
					"texture": "#0"
				},
				"east": {
					"uv": [13, 11.5, 14.25, 12.75],
					"texture": "#0"
				},
				"south": {
					"uv": [6.875, 9, 7.125, 10.25],
					"texture": "#0"
				},
				"west": {
					"uv": [13, 12.75, 14.25, 14],
					"texture": "#0"
				},
				"up": {
					"uv": [7.375, 10.25, 7.125, 9],
					"texture": "#0"
				},
				"down": {
					"uv": [9.875, 14, 9.625, 15.25],
					"texture": "#0"
				}
			}
		}
	]
}