{
	"textures": {
		"0": "animated_java:blueprint/pufftail/pufftail_default",
		"particle": "minecraft:item/pufferfish"
	},
	"display": {
		"head": {
			"rotation": [0, 180, 0]
		}
	},
	"elements": [
		{
			"from": [7.36842, 25.68421, 13.93684],
			"to": [8.63158, 32, 20.25263],
			"rotation": {
				"angle": 0,
				"axis": "y",
				"origin": [8, 25.68421, 14.56842]
			},
			"faces": {
				"north": {
					"uv": [3.75, 14.25, 4, 15.5],
					"texture": "#0"
				},
				"east": {
					"uv": [7.875, 14, 9.125, 15.25],
					"texture": "#0"
				},
				"south": {
					"uv": [4, 14.25, 4.25, 15.5],
					"texture": "#0"
				},
				"west": {
					"uv": [14, 9, 15.25, 10.25],
					"texture": "#0"
				},
				"up": {
					"uv": [14.5, 11.5, 14.25, 10.25],
					"texture": "#0"
				},
				"down": {
					"uv": [14.5, 11.5, 14.25, 12.75],
					"texture": "#0"
				}
			}
		}
	]
}