{
	"credit": "Made with Blockbench",
	"texture_size": [48, 48],
	"textures": {
		"1": "krmc:krmc_mobs/asperdorsus",
		"3": "krmc:krmc_mobs/animations/asperdorsus"
	},
	"elements": [
		{
			"name": "segment_1",
			"from": [5.96432, 7.34101, 14.05083],
			"to": [10.03568, 11.71057, 18.12218],
			"rotation": {"angle": 0, "axis": "y", "origin": [8, 10.26834, 6.21166]},
			"faces": {
				"north": {"uv": [1, 6, 2, 7.125], "texture": "#1"},
				"east": {"uv": [2, 6, 3, 7.125], "texture": "#1"},
				"south": {"uv": [6.5, 5, 7.5, 6.125], "texture": "#1"},
				"west": {"uv": [5.5, 6.5, 6.5, 7.625], "texture": "#1"},
				"up": {"uv": [8, 5, 7, 4], "texture": "#1"},
				"down": {"uv": [8.25, 6.25, 7.25, 7.25], "texture": "#1"}
			}
		},
		{
			"name": "segment_2",
			"from": [6.47324, 8.33248, 16.50135],
			"to": [9.52676, 11.47349, 21.5322],
			"rotation": {"angle": 0, "axis": "x", "origin": [8, 10.26834, 6.21166]},
			"faces": {
				"north": {"uv": [8.75, 0, 9.5, 0.875], "texture": "#1"},
				"east": {"uv": [6.75, 0, 8, 0.875], "texture": "#1"},
				"south": {"uv": [8.75, 1, 9.5, 1.875], "texture": "#1"},
				"west": {"uv": [6.75, 1, 8, 1.875], "texture": "#1"},
				"up": {"uv": [3.75, 8.75, 3, 7.5], "texture": "#1"},
				"down": {"uv": [4.5, 7.5, 3.75, 8.75], "texture": "#1"}
			}
		},
		{
			"name": "segment_3",
			"from": [6.98216, 9.13827, 21.05942],
			"to": [9.01784, 11.29062, 26.20426],
			"rotation": {"angle": 0, "axis": "x", "origin": [8, 10.26834, 6.21166]},
			"faces": {
				"north": {"uv": [9.75, 6.5, 10.25, 7], "texture": "#1"},
				"east": {"uv": [0, 8.5, 1.375, 9], "texture": "#1"},
				"south": {"uv": [9.75, 7, 10.25, 7.5], "texture": "#1"},
				"west": {"uv": [1.5, 8.5, 2.875, 9], "texture": "#1"},
				"up": {"uv": [5, 9.875, 4.5, 8.5], "texture": "#1"},
				"down": {"uv": [5.5, 8.5, 5, 9.875], "texture": "#1"}
			}
		},
		{
			"name": "segment_4",
			"from": [7.28751, 9.66746, 25.81185],
			"to": [8.71249, 11.1741, 29.41323],
			"rotation": {"angle": 0, "axis": "x", "origin": [8, 17.08678, 24.83504]},
			"faces": {
				"north": {"uv": [8.625, 10, 8.25, 10.375], "rotation": 180, "texture": "#1"},
				"east": {"uv": [9.5, 9.5, 9.875, 10.5], "rotation": 270, "texture": "#1"},
				"south": {"uv": [6.125, 10.375, 5.75, 10], "texture": "#1"},
				"west": {"uv": [9.75, 3, 10.125, 4], "rotation": 90, "texture": "#1"},
				"up": {"uv": [9, 9.5, 9.375, 10.5], "rotation": 180, "texture": "#1"},
				"down": {"uv": [3, 9.75, 3.375, 10.75], "texture": "#1"}
			}
		},
		{
			"name": "segment_5",
			"from": [7.50126, 9.64556, 28.77768],
			"to": [8.49874, 10.70021, 30.8189],
			"rotation": {"angle": 22.5, "axis": "x", "origin": [8, 10.57689, 29.79829]},
			"faces": {
				"north": {"uv": [9, 5.5, 8.75, 5.75], "rotation": 180, "texture": "#1"},
				"east": {"uv": [8, 2.5, 8.25, 3], "rotation": 270, "texture": "#1"},
				"south": {"uv": [5.5, 7.75, 5.25, 7.5], "texture": "#1"},
				"west": {"uv": [8, 4.5, 8.25, 5], "rotation": 90, "texture": "#1"},
				"up": {"uv": [3.5, 5.5, 3.75, 6], "rotation": 180, "texture": "#1"},
				"down": {"uv": [8, 4, 8.25, 4.5], "texture": "#1"}
			}
		},
		{
			"name": "segment_6",
			"from": [7.55114, 9.46144, 30.14211],
			"to": [8.44886, 10.41063, 31.93123],
			"rotation": {"angle": 45, "axis": "x", "origin": [8, 9.63304, 30.22867]},
			"faces": {
				"north": {"uv": [7, 9, 7.25, 9.25], "texture": "#1"},
				"east": {"uv": [10, 9.75, 10.5, 10], "texture": "#1"},
				"south": {"uv": [9, 9.25, 9.25, 9.5], "texture": "#1"},
				"west": {"uv": [10, 10, 10.5, 10.25], "texture": "#1"},
				"up": {"uv": [5.75, 9, 5.5, 8.5], "texture": "#1"},
				"down": {"uv": [9, 2, 8.75, 2.5], "texture": "#1"}
			}
		},
		{
			"name": "segment_7",
			"from": [7.73068, 7.60847, 31.40912],
			"to": [8.26932, 8.68194, 31.97863],
			"rotation": {"angle": -22.5, "axis": "x", "origin": [8, 8.14521, 31.69388]},
			"faces": {
				"north": {"uv": [9, 2, 8.75, 2.5], "rotation": 180, "texture": "#1"},
				"east": {"uv": [10, 9.75, 10.5, 10], "rotation": 270, "texture": "#1"},
				"south": {"uv": [5.75, 9, 5.5, 8.5], "texture": "#1"},
				"west": {"uv": [10, 10, 10.5, 10.25], "rotation": 90, "texture": "#1"},
				"up": {"uv": [7, 9, 7.25, 9.25], "rotation": 180, "texture": "#1"},
				"down": {"uv": [9, 9.25, 9.25, 9.5], "texture": "#1"}
			}
		},
		{
			"name": "5",
			"from": [8, 7.56959, 18.04294],
			"to": [8, 8.38517, 18.66661],
			"rotation": {"angle": 0, "axis": "x", "origin": [8, 10.26834, 6.21166]},
			"faces": {
				"north": {"uv": [0, 1, 0, 0], "texture": "#1"},
				"east": {"uv": [8.25, 10.25, 7.75, 9.25], "texture": "#1"},
				"south": {"uv": [0, 1, 0, 0], "texture": "#1"},
				"west": {"uv": [7.75, 10.25, 8.25, 9.25], "texture": "#1"},
				"up": {"uv": [0, 0.5, 0, 0], "texture": "#1"},
				"down": {"uv": [0, 0, 0, 0.5], "texture": "#1"}
			}
		},
		{
			"name": "5",
			"from": [8, 7.76149, 18.76256],
			"to": [8, 8.48112, 19.38624],
			"rotation": {"angle": 0, "axis": "x", "origin": [8, 10.26834, 6.21166]},
			"faces": {
				"north": {"uv": [0, 1, 0, 0], "texture": "#1"},
				"east": {"uv": [8.25, 10.25, 7.75, 9.25], "texture": "#1"},
				"south": {"uv": [0, 1, 0, 0], "texture": "#1"},
				"west": {"uv": [7.75, 10.25, 8.25, 9.25], "texture": "#1"},
				"up": {"uv": [0, 0.5, 0, 0], "texture": "#1"},
				"down": {"uv": [0, 0, 0, 0.5], "texture": "#1"}
			}
		},
		{
			"name": "5",
			"from": [8, 7.80947, 19.48219],
			"to": [8, 8.52909, 20.10586],
			"rotation": {"angle": 0, "axis": "x", "origin": [8, 10.26834, 6.21166]},
			"faces": {
				"north": {"uv": [0, 1, 0, 0], "texture": "#1"},
				"east": {"uv": [8.25, 10.25, 7.75, 9.25], "texture": "#1"},
				"south": {"uv": [0, 1, 0, 0], "texture": "#1"},
				"west": {"uv": [7.75, 10.25, 8.25, 9.25], "texture": "#1"},
				"up": {"uv": [0, 0.5, 0, 0], "texture": "#1"},
				"down": {"uv": [0, 0, 0, 0.5], "texture": "#1"}
			}
		},
		{
			"name": "5",
			"from": [8, 6.5067, 17.02375],
			"to": [8, 7.32228, 17.64742],
			"rotation": {"angle": 0, "axis": "y", "origin": [8, 10.26834, 6.21166]},
			"faces": {
				"north": {"uv": [0, 1, 0, 0], "texture": "#1"},
				"east": {"uv": [8.25, 10.25, 7.75, 9.25], "texture": "#1"},
				"south": {"uv": [0, 1, 0, 0], "texture": "#1"},
				"west": {"uv": [7.75, 10.25, 8.25, 9.25], "texture": "#1"},
				"up": {"uv": [0, 0.5, 0, 0], "texture": "#1"},
				"down": {"uv": [0, 0, 0, 0.5], "texture": "#1"}
			}
		},
		{
			"name": "3",
			"from": [8, 5.83505, 15.5845],
			"to": [8, 7.32228, 16.9278],
			"rotation": {"angle": 0, "axis": "y", "origin": [8, 10.26834, 6.21166]},
			"faces": {
				"north": {"uv": [0, 1, 0, 0], "texture": "#1"},
				"east": {"uv": [8.25, 10.25, 7.75, 9.25], "texture": "#1"},
				"south": {"uv": [0, 1, 0, 0], "texture": "#1"},
				"west": {"uv": [7.75, 10.25, 8.25, 9.25], "texture": "#1"},
				"up": {"uv": [0, 0.5, 0, 0], "texture": "#1"},
				"down": {"uv": [0, 0, 0, 0.5], "texture": "#1"}
			}
		},
		{
			"name": "1",
			"from": [8, 5.1634, 14.14525],
			"to": [8, 7.32228, 15.48855],
			"rotation": {"angle": 0, "axis": "y", "origin": [8, 10.26834, 6.21166]},
			"faces": {
				"north": {"uv": [0, 1, 0, 0], "texture": "#1"},
				"east": {"uv": [8.25, 10.25, 7.75, 9.25], "texture": "#1"},
				"south": {"uv": [0, 1, 0, 0], "texture": "#1"},
				"west": {"uv": [7.75, 10.25, 8.25, 9.25], "texture": "#1"},
				"up": {"uv": [0, 0.5, 0, 0], "texture": "#1"},
				"down": {"uv": [0, 0, 0, 0.5], "texture": "#1"}
			}
		},
		{
			"name": "leg",
			"from": [9.52676, 1.87385, 2.38485],
			"to": [12.07135, 5.9452, 4.92944],
			"rotation": {"angle": 22.5, "axis": "x", "origin": [8, 8.26834, 4.21166]},
			"faces": {
				"north": {"uv": [8, 8.33333, 8.83333, 9.66667], "texture": "#3"},
				"east": {"uv": [7, 8.66667, 7.83333, 10], "texture": "#3"},
				"south": {"uv": [9, 0, 9.83333, 1.33333], "texture": "#3"},
				"west": {"uv": [9, 1.33333, 9.83333, 2.66667], "texture": "#3"},
				"up": {"uv": [11.83333, 1.83333, 11, 1], "texture": "#3"},
				"down": {"uv": [11.83333, 5, 11, 5.83333], "texture": "#3"}
			}
		},
		{
			"name": "leg",
			"from": [9.52676, -0.16182, 2.38485],
			"to": [12.07135, 1.87385, 3.40268],
			"rotation": {"angle": 22.5, "axis": "x", "origin": [8, 8.26834, 4.21166]},
			"faces": {
				"north": {"uv": [4, 11.66667, 4.83333, 12.33333], "texture": "#3"},
				"east": {"uv": [9, 2.66667, 9.33333, 3.33333], "texture": "#3"},
				"south": {"uv": [5, 11.66667, 5.83333, 12.33333], "texture": "#3"},
				"west": {"uv": [10, 2, 10.33333, 2.66667], "texture": "#3"},
				"up": {"uv": [12.83333, 8.66667, 12, 8.33333], "texture": "#3"},
				"down": {"uv": [12.83333, 8.66667, 12, 9], "texture": "#3"}
			}
		},
		{
			"name": "leg",
			"from": [11.05351, -0.16182, 3.40268],
			"to": [12.07135, 1.87385, 4.92944],
			"rotation": {"angle": 22.5, "axis": "x", "origin": [8, 8.26834, 4.21166]},
			"faces": {
				"north": {"uv": [7.66667, 12, 8, 12.66667], "texture": "#3"},
				"east": {"uv": [6.33333, 5.33333, 6.83333, 6], "texture": "#3"},
				"south": {"uv": [12, 10.66667, 12.33333, 11.33333], "texture": "#3"},
				"west": {"uv": [12, 1.33333, 12.5, 2], "texture": "#3"},
				"up": {"uv": [9, 12.83333, 8.66667, 12.33333], "texture": "#3"},
				"down": {"uv": [9.33333, 12.33333, 9, 12.83333], "texture": "#3"}
			}
		},
		{
			"name": "leg",
			"from": [9.2723, 4.92737, 2.27431],
			"to": [12.32581, 8.09756, 5.11712],
			"rotation": {"angle": 22.5, "axis": "x", "origin": [8, 8.26834, 4.21166]},
			"faces": {
				"north": {"uv": [9.33333, 4, 10.33333, 5], "texture": "#3"},
				"east": {"uv": [8, 9.66667, 9, 10.66667], "texture": "#3"},
				"south": {"uv": [10, 0, 11, 1], "texture": "#3"},
				"west": {"uv": [10, 1, 11, 2], "texture": "#3"},
				"up": {"uv": [11, 6, 10, 5], "texture": "#3"},
				"down": {"uv": [11, 6, 10, 7], "texture": "#3"}
			}
		},
		{
			"name": "leg",
			"from": [9.52676, -0.16182, 1.87593],
			"to": [10.54459, 1.87385, 2.38485],
			"rotation": {"angle": 22.5, "axis": "x", "origin": [8, 8.26834, 4.21166]},
			"faces": {
				"north": {"uv": [11, 12, 11.33333, 12.66667], "texture": "#3"},
				"east": {"uv": [13, 3.66667, 13.16667, 4.33333], "texture": "#3"},
				"south": {"uv": [11.33333, 12, 11.66667, 12.66667], "texture": "#3"},
				"west": {"uv": [4, 13, 4.16667, 13.66667], "texture": "#3"},
				"up": {"uv": [13.33333, 10.16667, 13, 10], "texture": "#3"},
				"down": {"uv": [10.66667, 13, 10.33333, 13.16667], "texture": "#3"}
			}
		},
		{
			"name": "leg",
			"from": [9.52676, 1.87385, 2.38485],
			"to": [12.07135, 5.9452, 4.92944],
			"rotation": {"angle": 0, "axis": "x", "origin": [8, 8.26834, 4.21166]},
			"faces": {
				"north": {"uv": [9.83333, 5, 9, 6.33333], "texture": "#3"},
				"east": {"uv": [9.83333, 9, 9, 10.33333], "texture": "#3"},
				"south": {"uv": [9.83333, 7.66667, 9, 9], "texture": "#3"},
				"west": {"uv": [9.83333, 6.33333, 9, 7.66667], "texture": "#3"},
				"up": {"uv": [11, 7.83333, 11.83333, 7], "texture": "#3"},
				"down": {"uv": [11, 8, 11.83333, 8.83333], "texture": "#3"}
			}
		},
		{
			"name": "leg",
			"from": [9.52676, -0.16182, 2.38485],
			"to": [12.07135, 1.87385, 3.40268],
			"rotation": {"angle": 0, "axis": "x", "origin": [8, 8.26834, 4.21166]},
			"faces": {
				"north": {"uv": [6.83333, 11.66667, 6, 12.33333], "texture": "#3"},
				"east": {"uv": [12, 12, 11.66667, 12.66667], "texture": "#3"},
				"south": {"uv": [8.83333, 11.66667, 8, 12.33333], "texture": "#3"},
				"west": {"uv": [12.33333, 11.33333, 12, 12], "texture": "#3"},
				"up": {"uv": [12, 9.33333, 12.83333, 9], "texture": "#3"},
				"down": {"uv": [12, 9.33333, 12.83333, 9.66667], "texture": "#3"}
			}
		},
		{
			"name": "leg",
			"from": [11.05351, -0.16182, 3.40268],
			"to": [12.07135, 1.87385, 4.92944],
			"rotation": {"angle": 0, "axis": "x", "origin": [8, 8.26834, 4.21166]},
			"faces": {
				"north": {"uv": [12.33333, 12, 12, 12.66667], "texture": "#3"},
				"east": {"uv": [12.5, 5.66667, 12, 6.33333], "texture": "#3"},
				"south": {"uv": [12.66667, 2, 12.33333, 2.66667], "texture": "#3"},
				"west": {"uv": [12.5, 5, 12, 5.66667], "texture": "#3"},
				"up": {"uv": [0.66667, 13.16667, 1, 12.66667], "texture": "#3"},
				"down": {"uv": [1, 12.66667, 1.33333, 13.16667], "texture": "#3"}
			}
		},
		{
			"name": "leg",
			"from": [9.2723, 4.92737, 2.27431],
			"to": [12.32581, 8.09756, 5.11712],
			"rotation": {"angle": 0, "axis": "x", "origin": [8, 8.26834, 4.21166]},
			"faces": {
				"north": {"uv": [8, 10, 7, 11], "texture": "#3"},
				"east": {"uv": [11, 9, 10, 10], "texture": "#3"},
				"south": {"uv": [11, 8, 10, 9], "texture": "#3"},
				"west": {"uv": [11, 7, 10, 8], "texture": "#3"},
				"up": {"uv": [10, 11, 11, 10], "texture": "#3"},
				"down": {"uv": [10.33333, 2, 11.33333, 3], "texture": "#3"}
			}
		},
		{
			"name": "leg",
			"from": [9.52676, -0.16182, 1.87593],
			"to": [10.54459, 1.87385, 2.38485],
			"rotation": {"angle": 0, "axis": "x", "origin": [8, 8.26834, 4.21166]},
			"faces": {
				"north": {"uv": [12.66667, 2.66667, 12.33333, 3.33333], "texture": "#3"},
				"east": {"uv": [13.16667, 5, 13, 5.66667], "texture": "#3"},
				"south": {"uv": [12.66667, 3.33333, 12.33333, 4], "texture": "#3"},
				"west": {"uv": [5.16667, 13, 5, 13.66667], "texture": "#3"},
				"up": {"uv": [13, 10.5, 13.33333, 10.33333], "texture": "#3"},
				"down": {"uv": [10.66667, 13, 11, 13.16667], "texture": "#3"}
			}
		},
		{
			"name": "leg",
			"from": [9.2723, 4.74583, 8.80313],
			"to": [12.32581, 10.55464, 13.11436],
			"rotation": {"angle": 22.5, "axis": "x", "origin": [8, 9.26834, 10.21166]},
			"faces": {
				"north": {"uv": [3.33333, 4, 4.33333, 6], "texture": "#3"},
				"east": {"uv": [0, 0, 1.5, 2], "texture": "#3"},
				"south": {"uv": [4.33333, 4, 5.33333, 6], "texture": "#3"},
				"west": {"uv": [1.66667, 0, 3.16667, 2], "texture": "#3"},
				"up": {"uv": [3, 7.5, 2, 6], "texture": "#3"},
				"down": {"uv": [7, 2, 6, 3.5], "texture": "#3"}
			}
		},
		{
			"name": "leg",
			"from": [9.52676, 0.34264, 9.97948],
			"to": [12.07135, 4.93749, 12.52408],
			"rotation": {"angle": 22.5, "axis": "x", "origin": [8, 9.26834, 10.21166]},
			"faces": {
				"north": {"uv": [7, 1.66667, 7.83333, 3.16667], "texture": "#3"},
				"east": {"uv": [7, 5.33333, 7.83333, 6.83333], "texture": "#3"},
				"south": {"uv": [7, 7, 7.83333, 8.5], "texture": "#3"},
				"west": {"uv": [7.33333, 3.33333, 8.16667, 4.83333], "texture": "#3"},
				"up": {"uv": [11.83333, 6.83333, 11, 6], "texture": "#3"},
				"down": {"uv": [7.83333, 11, 7, 11.83333], "texture": "#3"}
			}
		},
		{
			"name": "leg",
			"from": [9.78122, -0.16182, 9.2161],
			"to": [11.05351, 0.85602, 10.23394],
			"rotation": {"angle": 22.5, "axis": "x", "origin": [8, 9.26834, 10.21166]},
			"faces": {
				"north": {"uv": [7.33333, 5, 7.83333, 5.33333], "texture": "#3"},
				"east": {"uv": [6, 3.66667, 6.33333, 4], "texture": "#3"},
				"south": {"uv": [12.33333, 4.66667, 12.83333, 5], "texture": "#3"},
				"west": {"uv": [7, 3.33333, 7.33333, 3.66667], "texture": "#3"},
				"up": {"uv": [9.83333, 12.66667, 9.33333, 12.33333], "texture": "#3"},
				"down": {"uv": [10.5, 12.33333, 10, 12.66667], "texture": "#3"}
			}
		},
		{
			"name": "leg",
			"from": [11.30797, -0.16182, 9.2161],
			"to": [12.32581, 0.85602, 10.4884],
			"rotation": {"angle": 22.5, "axis": "x", "origin": [8, 9.26834, 10.21166]},
			"faces": {
				"north": {"uv": [13, 3, 13.33333, 3.33333], "texture": "#3"},
				"east": {"uv": [12.33333, 10.66667, 12.83333, 11], "texture": "#3"},
				"south": {"uv": [4.33333, 13, 4.66667, 13.33333], "texture": "#3"},
				"west": {"uv": [12.33333, 11, 12.83333, 11.33333], "texture": "#3"},
				"up": {"uv": [11, 12.83333, 10.66667, 12.33333], "texture": "#3"},
				"down": {"uv": [12.66667, 11.33333, 12.33333, 11.83333], "texture": "#3"}
			}
		},
		{
			"name": "leg",
			"from": [11.30797, -0.16182, 10.99732],
			"to": [12.32581, 0.85602, 12.26962],
			"rotation": {"angle": 22.5, "axis": "x", "origin": [8, 9.26834, 10.21166]},
			"faces": {
				"north": {"uv": [4.66667, 13, 5, 13.33333], "texture": "#3"},
				"east": {"uv": [12.33333, 12, 12.83333, 12.33333], "texture": "#3"},
				"south": {"uv": [13, 4.66667, 13.33333, 5], "texture": "#3"},
				"west": {"uv": [12.33333, 12.33333, 12.83333, 12.66667], "texture": "#3"},
				"up": {"uv": [0.33333, 13.16667, 0, 12.66667], "texture": "#3"},
				"down": {"uv": [0.66667, 12.66667, 0.33333, 13.16667], "texture": "#3"}
			}
		},
		{
			"name": "leg",
			"from": [9.2723, 4.74583, 8.80313],
			"to": [12.32581, 10.55464, 13.11436],
			"rotation": {"angle": -22.5, "axis": "x", "origin": [8, 9.26834, 10.21166]},
			"faces": {
				"north": {"uv": [6, 0, 5, 2], "texture": "#3"},
				"east": {"uv": [3.16667, 2, 1.66667, 4], "texture": "#3"},
				"south": {"uv": [6, 2, 5, 4], "texture": "#3"},
				"west": {"uv": [1.5, 2, 0, 4], "texture": "#3"},
				"up": {"uv": [3, 7.5, 4, 6], "texture": "#3"},
				"down": {"uv": [4, 6, 5, 7.5], "texture": "#3"}
			}
		},
		{
			"name": "leg",
			"from": [9.52676, 0.34264, 9.97948],
			"to": [12.07135, 4.93749, 12.52408],
			"rotation": {"angle": -22.5, "axis": "x", "origin": [8, 9.26834, 10.21166]},
			"faces": {
				"north": {"uv": [2.83333, 7.66667, 2, 9.16667], "texture": "#3"},
				"east": {"uv": [5.83333, 7.66667, 5, 9.16667], "texture": "#3"},
				"south": {"uv": [4.83333, 7.66667, 4, 9.16667], "texture": "#3"},
				"west": {"uv": [3.83333, 7.66667, 3, 9.16667], "texture": "#3"},
				"up": {"uv": [11, 9.83333, 11.83333, 9], "texture": "#3"},
				"down": {"uv": [10, 11, 10.83333, 11.83333], "texture": "#3"}
			}
		},
		{
			"name": "leg",
			"from": [9.78122, -0.16182, 9.2161],
			"to": [11.05351, 0.85602, 10.23394],
			"rotation": {"angle": -22.5, "axis": "x", "origin": [8, 9.26834, 10.21166]},
			"faces": {
				"north": {"uv": [1.83333, 12.66667, 1.33333, 13], "texture": "#3"},
				"east": {"uv": [6, 13, 5.66667, 13.33333], "texture": "#3"},
				"south": {"uv": [13.16667, 1.33333, 12.66667, 1.66667], "texture": "#3"},
				"west": {"uv": [5.66667, 13, 5.33333, 13.33333], "texture": "#3"},
				"up": {"uv": [12.66667, 2, 13.16667, 1.66667], "texture": "#3"},
				"down": {"uv": [2, 12.66667, 2.5, 13], "texture": "#3"}
			}
		},
		{
			"name": "leg",
			"from": [11.30797, -0.16182, 9.2161],
			"to": [12.32581, 0.85602, 10.4884],
			"rotation": {"angle": -22.5, "axis": "x", "origin": [8, 9.26834, 10.21166]},
			"faces": {
				"north": {"uv": [13.33333, 5.66667, 13, 6], "texture": "#3"},
				"east": {"uv": [13.16667, 2.33333, 12.66667, 2.66667], "texture": "#3"},
				"south": {"uv": [6.33333, 13, 6, 13.33333], "texture": "#3"},
				"west": {"uv": [13.16667, 2, 12.66667, 2.33333], "texture": "#3"},
				"up": {"uv": [2.66667, 13.16667, 3, 12.66667], "texture": "#3"},
				"down": {"uv": [12.66667, 2.66667, 13, 3.16667], "texture": "#3"}
			}
		},
		{
			"name": "leg",
			"from": [11.30797, -0.16182, 10.99732],
			"to": [12.32581, 0.85602, 12.26962],
			"rotation": {"angle": -22.5, "axis": "x", "origin": [8, 9.26834, 10.21166]},
			"faces": {
				"north": {"uv": [13.33333, 6, 13, 6.33333], "texture": "#3"},
				"east": {"uv": [13.16667, 3.33333, 12.66667, 3.66667], "texture": "#3"},
				"south": {"uv": [6.66667, 13, 6.33333, 13.33333], "texture": "#3"},
				"west": {"uv": [3.5, 12.66667, 3, 13], "texture": "#3"},
				"up": {"uv": [3.66667, 13.16667, 4, 12.66667], "texture": "#3"},
				"down": {"uv": [12.66667, 3.66667, 13, 4.16667], "texture": "#3"}
			}
		},
		{
			"name": "leg",
			"from": [3.92865, 1.87385, 2.38485],
			"to": [6.47324, 5.9452, 4.92944],
			"rotation": {"angle": 22.5, "axis": "x", "origin": [8, 8.26834, 4.21166]},
			"faces": {
				"north": {"uv": [9, 5, 9.83333, 6.33333], "texture": "#3"},
				"east": {"uv": [9, 6.33333, 9.83333, 7.66667], "texture": "#3"},
				"south": {"uv": [9, 7.66667, 9.83333, 9], "texture": "#3"},
				"west": {"uv": [9, 9, 9.83333, 10.33333], "texture": "#3"},
				"up": {"uv": [11.83333, 7.83333, 11, 7], "texture": "#3"},
				"down": {"uv": [11.83333, 8, 11, 8.83333], "texture": "#3"}
			}
		},
		{
			"name": "leg",
			"from": [3.92865, -0.16182, 2.38485],
			"to": [6.47324, 1.87385, 3.40268],
			"rotation": {"angle": 22.5, "axis": "x", "origin": [8, 8.26834, 4.21166]},
			"faces": {
				"north": {"uv": [6, 11.66667, 6.83333, 12.33333], "texture": "#3"},
				"east": {"uv": [12, 11.33333, 12.33333, 12], "texture": "#3"},
				"south": {"uv": [8, 11.66667, 8.83333, 12.33333], "texture": "#3"},
				"west": {"uv": [11.66667, 12, 12, 12.66667], "texture": "#3"},
				"up": {"uv": [12.83333, 9.33333, 12, 9], "texture": "#3"},
				"down": {"uv": [12.83333, 9.33333, 12, 9.66667], "texture": "#3"}
			}
		},
		{
			"name": "leg",
			"from": [3.92865, -0.16182, 3.40268],
			"to": [4.94649, 1.87385, 4.92944],
			"rotation": {"angle": 22.5, "axis": "x", "origin": [8, 8.26834, 4.21166]},
			"faces": {
				"north": {"uv": [12, 12, 12.33333, 12.66667], "texture": "#3"},
				"east": {"uv": [12, 5, 12.5, 5.66667], "texture": "#3"},
				"south": {"uv": [12.33333, 2, 12.66667, 2.66667], "texture": "#3"},
				"west": {"uv": [12, 5.66667, 12.5, 6.33333], "texture": "#3"},
				"up": {"uv": [1, 13.16667, 0.66667, 12.66667], "texture": "#3"},
				"down": {"uv": [1.33333, 12.66667, 1, 13.16667], "texture": "#3"}
			}
		},
		{
			"name": "leg",
			"from": [3.67419, 4.92737, 2.27431],
			"to": [6.7277, 8.09756, 5.11712],
			"rotation": {"angle": 22.5, "axis": "x", "origin": [8, 8.26834, 4.21166]},
			"faces": {
				"north": {"uv": [7, 10, 8, 11], "texture": "#3"},
				"east": {"uv": [10, 7, 11, 8], "texture": "#3"},
				"south": {"uv": [10, 8, 11, 9], "texture": "#3"},
				"west": {"uv": [10, 9, 11, 10], "texture": "#3"},
				"up": {"uv": [11, 11, 10, 10], "texture": "#3"},
				"down": {"uv": [11.33333, 2, 10.33333, 3], "texture": "#3"}
			}
		},
		{
			"name": "leg",
			"from": [5.45541, -0.16182, 1.87593],
			"to": [6.47324, 1.87385, 2.38485],
			"rotation": {"angle": 22.5, "axis": "x", "origin": [8, 8.26834, 4.21166]},
			"faces": {
				"north": {"uv": [12.33333, 2.66667, 12.66667, 3.33333], "texture": "#3"},
				"east": {"uv": [5, 13, 5.16667, 13.66667], "texture": "#3"},
				"south": {"uv": [12.33333, 3.33333, 12.66667, 4], "texture": "#3"},
				"west": {"uv": [13, 5, 13.16667, 5.66667], "texture": "#3"},
				"up": {"uv": [13.33333, 10.5, 13, 10.33333], "texture": "#3"},
				"down": {"uv": [11, 13, 10.66667, 13.16667], "texture": "#3"}
			}
		},
		{
			"name": "leg",
			"from": [3.92865, 1.87385, 2.38485],
			"to": [6.47324, 5.9452, 4.92944],
			"rotation": {"angle": 0, "axis": "x", "origin": [8, 8.26834, 4.21166]},
			"faces": {
				"north": {"uv": [8.83333, 8.33333, 8, 9.66667], "texture": "#3"},
				"east": {"uv": [9.83333, 1.33333, 9, 2.66667], "texture": "#3"},
				"south": {"uv": [9.83333, 0, 9, 1.33333], "texture": "#3"},
				"west": {"uv": [7.83333, 8.66667, 7, 10], "texture": "#3"},
				"up": {"uv": [11, 1.83333, 11.83333, 1], "texture": "#3"},
				"down": {"uv": [11, 5, 11.83333, 5.83333], "texture": "#3"}
			}
		},
		{
			"name": "leg",
			"from": [3.92865, -0.16182, 2.38485],
			"to": [6.47324, 1.87385, 3.40268],
			"rotation": {"angle": 0, "axis": "x", "origin": [8, 8.26834, 4.21166]},
			"faces": {
				"north": {"uv": [4.83333, 11.66667, 4, 12.33333], "texture": "#3"},
				"east": {"uv": [10.33333, 2, 10, 2.66667], "texture": "#3"},
				"south": {"uv": [5.83333, 11.66667, 5, 12.33333], "texture": "#3"},
				"west": {"uv": [9.33333, 2.66667, 9, 3.33333], "texture": "#3"},
				"up": {"uv": [12, 8.66667, 12.83333, 8.33333], "texture": "#3"},
				"down": {"uv": [12, 8.66667, 12.83333, 9], "texture": "#3"}
			}
		},
		{
			"name": "leg",
			"from": [3.92865, -0.16182, 3.40268],
			"to": [4.94649, 1.87385, 4.92944],
			"rotation": {"angle": 0, "axis": "x", "origin": [8, 8.26834, 4.21166]},
			"faces": {
				"north": {"uv": [8, 12, 7.66667, 12.66667], "texture": "#3"},
				"east": {"uv": [12.5, 1.33333, 12, 2], "texture": "#3"},
				"south": {"uv": [12.33333, 10.66667, 12, 11.33333], "texture": "#3"},
				"west": {"uv": [6.83333, 5.33333, 6.33333, 6], "texture": "#3"},
				"up": {"uv": [8.66667, 12.83333, 9, 12.33333], "texture": "#3"},
				"down": {"uv": [9, 12.33333, 9.33333, 12.83333], "texture": "#3"}
			}
		},
		{
			"name": "leg",
			"from": [3.67419, 4.92737, 2.27431],
			"to": [6.7277, 8.09756, 5.11712],
			"rotation": {"angle": 0, "axis": "x", "origin": [8, 8.26834, 4.21166]},
			"faces": {
				"north": {"uv": [10.33333, 4, 9.33333, 5], "texture": "#3"},
				"east": {"uv": [11, 1, 10, 2], "texture": "#3"},
				"south": {"uv": [11, 0, 10, 1], "texture": "#3"},
				"west": {"uv": [9, 9.66667, 8, 10.66667], "texture": "#3"},
				"up": {"uv": [10, 6, 11, 5], "texture": "#3"},
				"down": {"uv": [10, 6, 11, 7], "texture": "#3"}
			}
		},
		{
			"name": "leg",
			"from": [5.45541, -0.16182, 1.87593],
			"to": [6.47324, 1.87385, 2.38485],
			"rotation": {"angle": 0, "axis": "x", "origin": [8, 8.26834, 4.21166]},
			"faces": {
				"north": {"uv": [11.33333, 12, 11, 12.66667], "texture": "#3"},
				"east": {"uv": [4.16667, 13, 4, 13.66667], "texture": "#3"},
				"south": {"uv": [11.66667, 12, 11.33333, 12.66667], "texture": "#3"},
				"west": {"uv": [13.16667, 3.66667, 13, 4.33333], "texture": "#3"},
				"up": {"uv": [13, 10.16667, 13.33333, 10], "texture": "#3"},
				"down": {"uv": [10.33333, 13, 10.66667, 13.16667], "texture": "#3"}
			}
		},
		{
			"name": "leg",
			"from": [3.67419, 4.74583, 8.80313],
			"to": [6.7277, 10.55464, 13.11436],
			"rotation": {"angle": 22.5, "axis": "x", "origin": [8, 9.26834, 10.21166]},
			"faces": {
				"north": {"uv": [5, 0, 6, 2], "texture": "#3"},
				"east": {"uv": [0, 2, 1.5, 4], "texture": "#3"},
				"south": {"uv": [5, 2, 6, 4], "texture": "#3"},
				"west": {"uv": [1.66667, 2, 3.16667, 4], "texture": "#3"},
				"up": {"uv": [4, 7.5, 3, 6], "texture": "#3"},
				"down": {"uv": [5, 6, 4, 7.5], "texture": "#3"}
			}
		},
		{
			"name": "leg",
			"from": [3.92865, 0.34264, 9.97948],
			"to": [6.47324, 4.93749, 12.52408],
			"rotation": {"angle": 22.5, "axis": "x", "origin": [8, 9.26834, 10.21166]},
			"faces": {
				"north": {"uv": [2, 7.66667, 2.83333, 9.16667], "texture": "#3"},
				"east": {"uv": [3, 7.66667, 3.83333, 9.16667], "texture": "#3"},
				"south": {"uv": [4, 7.66667, 4.83333, 9.16667], "texture": "#3"},
				"west": {"uv": [5, 7.66667, 5.83333, 9.16667], "texture": "#3"},
				"up": {"uv": [11.83333, 9.83333, 11, 9], "texture": "#3"},
				"down": {"uv": [10.83333, 11, 10, 11.83333], "texture": "#3"}
			}
		},
		{
			"name": "leg",
			"from": [4.94649, -0.16182, 9.2161],
			"to": [6.21878, 0.85602, 10.23394],
			"rotation": {"angle": 22.5, "axis": "x", "origin": [8, 9.26834, 10.21166]},
			"faces": {
				"north": {"uv": [1.33333, 12.66667, 1.83333, 13], "texture": "#3"},
				"east": {"uv": [5.33333, 13, 5.66667, 13.33333], "texture": "#3"},
				"south": {"uv": [12.66667, 1.33333, 13.16667, 1.66667], "texture": "#3"},
				"west": {"uv": [5.66667, 13, 6, 13.33333], "texture": "#3"},
				"up": {"uv": [13.16667, 2, 12.66667, 1.66667], "texture": "#3"},
				"down": {"uv": [2.5, 12.66667, 2, 13], "texture": "#3"}
			}
		},
		{
			"name": "leg",
			"from": [3.67419, -0.16182, 9.2161],
			"to": [4.69203, 0.85602, 10.4884],
			"rotation": {"angle": 22.5, "axis": "x", "origin": [8, 9.26834, 10.21166]},
			"faces": {
				"north": {"uv": [13, 5.66667, 13.33333, 6], "texture": "#3"},
				"east": {"uv": [12.66667, 2, 13.16667, 2.33333], "texture": "#3"},
				"south": {"uv": [6, 13, 6.33333, 13.33333], "texture": "#3"},
				"west": {"uv": [12.66667, 2.33333, 13.16667, 2.66667], "texture": "#3"},
				"up": {"uv": [3, 13.16667, 2.66667, 12.66667], "texture": "#3"},
				"down": {"uv": [13, 2.66667, 12.66667, 3.16667], "texture": "#3"}
			}
		},
		{
			"name": "leg",
			"from": [3.67419, -0.16182, 10.99732],
			"to": [4.69203, 0.85602, 12.26962],
			"rotation": {"angle": 22.5, "axis": "x", "origin": [8, 9.26834, 10.21166]},
			"faces": {
				"north": {"uv": [13, 6, 13.33333, 6.33333], "texture": "#3"},
				"east": {"uv": [3, 12.66667, 3.5, 13], "texture": "#3"},
				"south": {"uv": [6.33333, 13, 6.66667, 13.33333], "texture": "#3"},
				"west": {"uv": [12.66667, 3.33333, 13.16667, 3.66667], "texture": "#3"},
				"up": {"uv": [4, 13.16667, 3.66667, 12.66667], "texture": "#3"},
				"down": {"uv": [13, 3.66667, 12.66667, 4.16667], "texture": "#3"}
			}
		},
		{
			"name": "leg",
			"from": [3.67419, 4.74583, 8.80313],
			"to": [6.7277, 10.55464, 13.11436],
			"rotation": {"angle": -22.5, "axis": "x", "origin": [8, 9.26834, 10.21166]},
			"faces": {
				"north": {"uv": [4.33333, 4, 3.33333, 6], "texture": "#3"},
				"east": {"uv": [3.16667, 0, 1.66667, 2], "texture": "#3"},
				"south": {"uv": [5.33333, 4, 4.33333, 6], "texture": "#3"},
				"west": {"uv": [1.5, 0, 0, 2], "texture": "#3"},
				"up": {"uv": [2, 7.5, 3, 6], "texture": "#3"},
				"down": {"uv": [6, 2, 7, 3.5], "texture": "#3"}
			}
		},
		{
			"name": "leg",
			"from": [3.92865, 0.34264, 9.97948],
			"to": [6.47324, 4.93749, 12.52408],
			"rotation": {"angle": -22.5, "axis": "x", "origin": [8, 9.26834, 10.21166]},
			"faces": {
				"north": {"uv": [7.83333, 1.66667, 7, 3.16667], "texture": "#3"},
				"east": {"uv": [8.16667, 3.33333, 7.33333, 4.83333], "texture": "#3"},
				"south": {"uv": [7.83333, 7, 7, 8.5], "texture": "#3"},
				"west": {"uv": [7.83333, 5.33333, 7, 6.83333], "texture": "#3"},
				"up": {"uv": [11, 6.83333, 11.83333, 6], "texture": "#3"},
				"down": {"uv": [7, 11, 7.83333, 11.83333], "texture": "#3"}
			}
		},
		{
			"name": "leg",
			"from": [4.94649, -0.16182, 9.2161],
			"to": [6.21878, 0.85602, 10.23394],
			"rotation": {"angle": -22.5, "axis": "x", "origin": [8, 9.26834, 10.21166]},
			"faces": {
				"north": {"uv": [7.83333, 5, 7.33333, 5.33333], "texture": "#3"},
				"east": {"uv": [7.33333, 3.33333, 7, 3.66667], "texture": "#3"},
				"south": {"uv": [12.83333, 4.66667, 12.33333, 5], "texture": "#3"},
				"west": {"uv": [6.33333, 3.66667, 6, 4], "texture": "#3"},
				"up": {"uv": [9.33333, 12.66667, 9.83333, 12.33333], "texture": "#3"},
				"down": {"uv": [10, 12.33333, 10.5, 12.66667], "texture": "#3"}
			}
		},
		{
			"name": "leg",
			"from": [3.67419, -0.16182, 9.2161],
			"to": [4.69203, 0.85602, 10.4884],
			"rotation": {"angle": -22.5, "axis": "x", "origin": [8, 9.26834, 10.21166]},
			"faces": {
				"north": {"uv": [13.33333, 3, 13, 3.33333], "texture": "#3"},
				"east": {"uv": [12.83333, 11, 12.33333, 11.33333], "texture": "#3"},
				"south": {"uv": [4.66667, 13, 4.33333, 13.33333], "texture": "#3"},
				"west": {"uv": [12.83333, 10.66667, 12.33333, 11], "texture": "#3"},
				"up": {"uv": [10.66667, 12.83333, 11, 12.33333], "texture": "#3"},
				"down": {"uv": [12.33333, 11.33333, 12.66667, 11.83333], "texture": "#3"}
			}
		},
		{
			"name": "leg",
			"from": [3.67419, -0.16182, 10.99732],
			"to": [4.69203, 0.85602, 12.26962],
			"rotation": {"angle": -22.5, "axis": "x", "origin": [8, 9.26834, 10.21166]},
			"faces": {
				"north": {"uv": [5, 13, 4.66667, 13.33333], "texture": "#3"},
				"east": {"uv": [12.83333, 12.33333, 12.33333, 12.66667], "texture": "#3"},
				"south": {"uv": [13.33333, 4.66667, 13, 5], "texture": "#3"},
				"west": {"uv": [12.83333, 12, 12.33333, 12.33333], "texture": "#3"},
				"up": {"uv": [0, 13.16667, 0.33333, 12.66667], "texture": "#3"},
				"down": {"uv": [0.33333, 12.66667, 0.66667, 13.16667], "texture": "#3"}
			}
		},
		{
			"name": "body",
			"from": [4.94649, 4.97826, 0.34917],
			"to": [11.05351, 12.10312, 14.05083],
			"rotation": {"angle": 0, "axis": "y", "origin": [8, 10.26834, 6.21166]},
			"faces": {
				"north": {"uv": [0, 4, 1.625, 5.875], "texture": "#1"},
				"east": {"uv": [0, 0, 3.625, 1.875], "texture": "#1"},
				"south": {"uv": [1.75, 4, 3.375, 5.875], "texture": "#1"},
				"west": {"uv": [0, 2, 3.625, 3.875], "texture": "#1"},
				"up": {"uv": [5.375, 3.625, 3.75, 0], "texture": "#1"},
				"down": {"uv": [5.375, 3.75, 3.75, 7.375], "texture": "#1"}
			}
		},
		{
			"name": "1",
			"from": [8, 10.58458, -0.48713],
			"to": [8, 14.1827, 1.43187],
			"rotation": {"angle": 0, "axis": "x", "origin": [8, 12.38364, 0.47237]},
			"faces": {
				"north": {"uv": [0, 0, 0, 1], "texture": "#1"},
				"east": {"uv": [8.25, 9.25, 7.75, 10.25], "texture": "#1"},
				"south": {"uv": [0, 0, 0, 1], "texture": "#1"},
				"west": {"uv": [7.75, 9.25, 8.25, 10.25], "texture": "#1"},
				"up": {"uv": [0, 0.5, 0, 0], "texture": "#1"},
				"down": {"uv": [0, 0, 0, 0.5], "texture": "#1"}
			}
		},
		{
			"name": "2",
			"from": [8, 11.3042, 1.43187],
			"to": [8, 14.90233, 3.35087],
			"rotation": {"angle": 0, "axis": "x", "origin": [8, 10.26834, 6.21166]},
			"faces": {
				"north": {"uv": [0, 0, 0, 1], "texture": "#1"},
				"east": {"uv": [8.25, 9.25, 7.75, 10.25], "texture": "#1"},
				"south": {"uv": [0, 0, 0, 1], "texture": "#1"},
				"west": {"uv": [7.75, 9.25, 8.25, 10.25], "texture": "#1"},
				"up": {"uv": [0, 0.5, 0, 0], "texture": "#1"},
				"down": {"uv": [0, 0, 0, 0.5], "texture": "#1"}
			}
		},
		{
			"name": "3",
			"from": [8, 12.02383, 3.59075],
			"to": [8, 16.34158, 5.84557],
			"rotation": {"angle": 0, "axis": "x", "origin": [8, 10.26834, 6.21166]},
			"faces": {
				"north": {"uv": [0, 0, 0, 1], "texture": "#1"},
				"east": {"uv": [8.25, 9.25, 7.75, 10.25], "texture": "#1"},
				"south": {"uv": [0, 0, 0, 1], "texture": "#1"},
				"west": {"uv": [7.75, 9.25, 8.25, 10.25], "texture": "#1"},
				"up": {"uv": [0, 0.5, 0, 0], "texture": "#1"},
				"down": {"uv": [0, 0, 0, 0.5], "texture": "#1"}
			}
		},
		{
			"name": "4",
			"from": [8, 12.02383, 6.22937],
			"to": [8, 16.34158, 8.4842],
			"rotation": {"angle": 0, "axis": "x", "origin": [8, 10.26834, 6.21166]},
			"faces": {
				"north": {"uv": [0, 0, 0, 1], "texture": "#1"},
				"east": {"uv": [8.25, 9.25, 7.75, 10.25], "texture": "#1"},
				"south": {"uv": [0, 0, 0, 1], "texture": "#1"},
				"west": {"uv": [7.75, 9.25, 8.25, 10.25], "texture": "#1"},
				"up": {"uv": [0, 0.5, 0, 0], "texture": "#1"},
				"down": {"uv": [0, 0, 0, 0.5], "texture": "#1"}
			}
		},
		{
			"name": "5",
			"from": [8, 12.02383, 8.868],
			"to": [8, 15.62195, 10.64307],
			"rotation": {"angle": 0, "axis": "x", "origin": [8, 10.26834, 6.21166]},
			"faces": {
				"north": {"uv": [0, 0, 0, 1], "texture": "#1"},
				"east": {"uv": [8.25, 9.25, 7.75, 10.25], "texture": "#1"},
				"south": {"uv": [0, 0, 0, 1], "texture": "#1"},
				"west": {"uv": [7.75, 9.25, 8.25, 10.25], "texture": "#1"},
				"up": {"uv": [0, 0.5, 0, 0], "texture": "#1"},
				"down": {"uv": [0, 0, 0, 0.5], "texture": "#1"}
			}
		},
		{
			"name": "6",
			"from": [8, 12.02383, 10.787],
			"to": [8, 14.1827, 12.08232],
			"rotation": {"angle": 0, "axis": "x", "origin": [8, 10.26834, 6.21166]},
			"faces": {
				"north": {"uv": [0, 0, 0, 1], "texture": "#1"},
				"east": {"uv": [8.25, 9.25, 7.75, 10.25], "texture": "#1"},
				"south": {"uv": [0, 0, 0, 1], "texture": "#1"},
				"west": {"uv": [7.75, 9.25, 8.25, 10.25], "texture": "#1"},
				"up": {"uv": [0, 0.5, 0, 0], "texture": "#1"},
				"down": {"uv": [0, 0, 0, 0.5], "texture": "#1"}
			}
		},
		{
			"name": "7",
			"from": [8, 12.02383, 12.22625],
			"to": [8, 13.70295, 13.2817],
			"rotation": {"angle": 0, "axis": "x", "origin": [8, 10.26834, 6.21166]},
			"faces": {
				"north": {"uv": [0, 0, 0, 1], "texture": "#1"},
				"east": {"uv": [8.25, 9.25, 7.75, 10.25], "texture": "#1"},
				"south": {"uv": [0, 0, 0, 1], "texture": "#1"},
				"west": {"uv": [7.75, 9.25, 8.25, 10.25], "texture": "#1"},
				"up": {"uv": [0, 0.5, 0, 0], "texture": "#1"},
				"down": {"uv": [0, 0, 0, 0.5], "texture": "#1"}
			}
		},
		{
			"name": "head",
			"from": [7.59701, 23.29976, -12.02523],
			"to": [8.40299, 24.28977, -9.54147],
			"rotation": {"angle": -22.5, "axis": "x", "origin": [8, 10.26834, 6.21166]},
			"faces": {
				"north": {"uv": [10.25, 6, 10.5, 6.25], "texture": "#1"},
				"east": {"uv": [5, 10, 5.625, 10.25], "texture": "#1"},
				"south": {"uv": [6.25, 10.25, 6.5, 10.5], "texture": "#1"},
				"west": {"uv": [6.75, 10, 7.375, 10.25], "texture": "#1"},
				"up": {"uv": [3.75, 4.625, 3.5, 4], "texture": "#1"},
				"down": {"uv": [3.75, 4.75, 3.5, 5.375], "texture": "#1"}
			}
		},
		{
			"name": "head",
			"from": [7.2276, 14.63282, -16],
			"to": [8.7724, 16.21522, -13.90935],
			"rotation": {"angle": 0, "axis": "x", "origin": [8, 10.26834, 6.21166]},
			"faces": {
				"north": {"uv": [10, 8.75, 10.375, 9.125], "texture": "#1"},
				"east": {"uv": [9.75, 7.5, 10.375, 7.875], "texture": "#1"},
				"south": {"uv": [10, 9.25, 10.375, 9.625], "texture": "#1"},
				"west": {"uv": [9.75, 8, 10.375, 8.375], "texture": "#1"},
				"up": {"uv": [0.375, 10.625, 0, 10], "texture": "#1"},
				"down": {"uv": [0.875, 10, 0.5, 10.625], "texture": "#1"}
			}
		},
		{
			"name": "head",
			"from": [7.05969, 14.63282, -13.90935],
			"to": [8.94031, 16.83653, -11.10723],
			"rotation": {"angle": 0, "axis": "x", "origin": [8, 10.26834, 6.21166]},
			"faces": {
				"north": {"uv": [9.75, 4.5, 10.25, 5.125], "texture": "#1"},
				"east": {"uv": [8.25, 9.25, 9, 9.875], "texture": "#1"},
				"south": {"uv": [9.75, 5.25, 10.25, 5.875], "texture": "#1"},
				"west": {"uv": [9.25, 8.75, 10, 9.375], "texture": "#1"},
				"up": {"uv": [4, 10.5, 3.5, 9.75], "texture": "#1"},
				"down": {"uv": [4.5, 9.75, 4, 10.5], "texture": "#1"}
			}
		},
		{
			"name": "neck",
			"from": [6.081, 6.4169, -3.52768],
			"to": [9.919, 10.39422, 1.67818],
			"rotation": {"angle": 22.5, "axis": "x", "origin": [8, 10.26834, 6.21166]},
			"faces": {
				"north": {"uv": [7.25, 7.25, 8.25, 8.25], "texture": "#1"},
				"east": {"uv": [5.5, 3, 6.875, 4], "texture": "#1"},
				"south": {"uv": [0, 7.5, 1, 8.5], "texture": "#1"},
				"west": {"uv": [5.5, 4, 6.875, 5], "texture": "#1"},
				"up": {"uv": [6.5, 6.375, 5.5, 5], "texture": "#1"},
				"down": {"uv": [1, 6, 0, 7.375], "texture": "#1"}
			}
		},
		{
			"name": "neck",
			"from": [6.36885, 6.90483, -8.02473],
			"to": [9.63115, 10.34406, -3.35695],
			"rotation": {"angle": 22.5, "axis": "x", "origin": [8, 10.26834, 6.21166]},
			"faces": {
				"north": {"uv": [7.25, 8.25, 8.125, 9.125], "texture": "#1"},
				"east": {"uv": [6.75, 2, 8, 2.875], "texture": "#1"},
				"south": {"uv": [8.25, 8.25, 9.125, 9.125], "texture": "#1"},
				"west": {"uv": [7, 3, 8.25, 3.875], "texture": "#1"},
				"up": {"uv": [1.875, 8.5, 1, 7.25], "texture": "#1"},
				"down": {"uv": [2.875, 7.25, 2, 8.5], "texture": "#1"}
			}
		},
		{
			"name": "neck",
			"from": [6.6567, 7.14471, -12.34248],
			"to": [9.3433, 9.86431, -7.6747],
			"shade": false,
			"rotation": {"angle": 22.5, "axis": "x", "origin": [8, 10.26834, 6.21166]},
			"faces": {
				"north": {"uv": [9, 7, 9.75, 7.75], "texture": "#1"},
				"east": {"uv": [7.5, 5, 8.75, 5.75], "texture": "#1"},
				"south": {"uv": [7, 9.25, 7.75, 10], "texture": "#1"},
				"west": {"uv": [4.5, 7.75, 5.75, 8.5], "texture": "#1"},
				"up": {"uv": [6.5, 9, 5.75, 7.75], "texture": "#1"},
				"down": {"uv": [7.25, 7.75, 6.5, 9], "texture": "#1"}
			}
		},
		{
			"name": "1",
			"from": [8, 12.63422, -11.6971],
			"to": [8, 14.07347, -10.7376],
			"rotation": {"angle": 22.5, "axis": "x", "origin": [8, 13.35385, -11.21735]},
			"faces": {
				"north": {"uv": [0, 0, 0, 1], "rotation": 180, "texture": "#1"},
				"east": {"uv": [7.75, 9.25, 8.25, 10.25], "rotation": 180, "texture": "#1"},
				"south": {"uv": [0, 0, 0, 1], "rotation": 180, "texture": "#1"},
				"west": {"uv": [8.25, 9.25, 7.75, 10.25], "rotation": 180, "texture": "#1"},
				"up": {"uv": [0, 0, 0, 0.5], "texture": "#1"},
				"down": {"uv": [0, 0.5, 0, 0], "texture": "#1"}
			}
		},
		{
			"name": "2",
			"from": [8, 11.8986, -10.64405],
			"to": [8, 13.57772, -9.44467],
			"rotation": {"angle": 22.5, "axis": "x", "origin": [8, 12.73816, -10.04436]},
			"faces": {
				"north": {"uv": [0, 0, 0, 1], "rotation": 180, "texture": "#1"},
				"east": {"uv": [7.75, 9.25, 8.25, 10.25], "rotation": 180, "texture": "#1"},
				"south": {"uv": [0, 0, 0, 1], "rotation": 180, "texture": "#1"},
				"west": {"uv": [8.25, 9.25, 7.75, 10.25], "rotation": 180, "texture": "#1"},
				"up": {"uv": [0, 0, 0, 0.5], "texture": "#1"},
				"down": {"uv": [0, 0.5, 0, 0], "texture": "#1"}
			}
		},
		{
			"name": "3",
			"from": [8, 10.37894, -9.50707],
			"to": [8, 13.01756, -8.06782],
			"rotation": {"angle": 22.5, "axis": "x", "origin": [8, 11.69825, -8.78745]},
			"faces": {
				"north": {"uv": [0, 0, 0, 1], "rotation": 180, "texture": "#1"},
				"east": {"uv": [7.75, 9.25, 8.25, 10.25], "rotation": 180, "texture": "#1"},
				"south": {"uv": [0, 0, 0, 1], "rotation": 180, "texture": "#1"},
				"west": {"uv": [8.25, 9.25, 7.75, 10.25], "rotation": 180, "texture": "#1"},
				"up": {"uv": [0, 0, 0, 0.5], "texture": "#1"},
				"down": {"uv": [0, 0.5, 0, 0], "texture": "#1"}
			}
		},
		{
			"name": "4",
			"from": [8, 8.58467, -8.19413],
			"to": [8, 12.08684, -6.56298],
			"rotation": {"angle": 22.5, "axis": "x", "origin": [8, 10.33575, -7.37856]},
			"faces": {
				"north": {"uv": [0, 0, 0, 1], "rotation": 180, "texture": "#1"},
				"east": {"uv": [7.75, 9.25, 8.25, 10.25], "rotation": 180, "texture": "#1"},
				"south": {"uv": [0, 0, 0, 1], "rotation": 180, "texture": "#1"},
				"west": {"uv": [8.25, 9.25, 7.75, 10.25], "rotation": 180, "texture": "#1"},
				"up": {"uv": [0, 0, 0, 0.5], "texture": "#1"},
				"down": {"uv": [0, 0.5, 0, 0], "texture": "#1"}
			}
		},
		{
			"name": "5",
			"from": [8, 7.29701, -6.53127],
			"to": [8, 11.27894, -4.42037],
			"rotation": {"angle": 22.5, "axis": "x", "origin": [8, 9.28797, -5.47582]},
			"faces": {
				"north": {"uv": [0, 0, 0, 1], "rotation": 180, "texture": "#1"},
				"east": {"uv": [7.75, 9.25, 8.25, 10.25], "rotation": 180, "texture": "#1"},
				"south": {"uv": [0, 0, 0, 1], "rotation": 180, "texture": "#1"},
				"west": {"uv": [8.25, 9.25, 7.75, 10.25], "rotation": 180, "texture": "#1"},
				"up": {"uv": [0, 0, 0, 0.5], "texture": "#1"},
				"down": {"uv": [0, 0.5, 0, 0], "texture": "#1"}
			}
		},
		{
			"name": "6",
			"from": [8, 7.39383, -4.11326],
			"to": [8, 10.41625, -2.48211],
			"rotation": {"angle": 22.5, "axis": "x", "origin": [8, 8.90504, -3.29768]},
			"faces": {
				"north": {"uv": [0, 0, 0, 1], "rotation": 180, "texture": "#1"},
				"east": {"uv": [7.75, 9.25, 8.25, 10.25], "rotation": 180, "texture": "#1"},
				"south": {"uv": [0, 0, 0, 1], "rotation": 180, "texture": "#1"},
				"west": {"uv": [8.25, 9.25, 7.75, 10.25], "rotation": 180, "texture": "#1"},
				"up": {"uv": [0, 0, 0, 0.5], "texture": "#1"},
				"down": {"uv": [0, 0.5, 0, 0], "texture": "#1"}
			}
		},
		{
			"name": "7",
			"from": [8, 7.67423, -2.13848],
			"to": [8, 9.73716, -0.98708],
			"rotation": {"angle": 22.5, "axis": "x", "origin": [8, 8.7057, -1.56278]},
			"faces": {
				"north": {"uv": [0, 0, 0, 1], "rotation": 180, "texture": "#1"},
				"east": {"uv": [7.75, 9.25, 8.25, 10.25], "rotation": 180, "texture": "#1"},
				"south": {"uv": [0, 0, 0, 1], "rotation": 180, "texture": "#1"},
				"west": {"uv": [8.25, 9.25, 7.75, 10.25], "rotation": 180, "texture": "#1"},
				"up": {"uv": [0, 0, 0, 0.5], "texture": "#1"},
				"down": {"uv": [0, 0.5, 0, 0], "texture": "#1"}
			}
		},
		{
			"name": "8",
			"from": [8, 7.30805, -0.77207],
			"to": [8, 9.17908, 0.37933],
			"rotation": {"angle": 22.5, "axis": "x", "origin": [8, 8.24357, -0.19637]},
			"faces": {
				"north": {"uv": [0, 0, 0, 1], "rotation": 180, "texture": "#1"},
				"east": {"uv": [7.75, 9.25, 8.25, 10.25], "rotation": 180, "texture": "#1"},
				"south": {"uv": [0, 0, 0, 1], "rotation": 180, "texture": "#1"},
				"west": {"uv": [8.25, 9.25, 7.75, 10.25], "rotation": 180, "texture": "#1"},
				"up": {"uv": [0, 0, 0, 0.5], "texture": "#1"},
				"down": {"uv": [0, 0.5, 0, 0], "texture": "#1"}
			}
		}
	],
	"display": {
		"thirdperson_righthand": {
			"rotation": [75, 45, 0],
			"translation": [0, 2.5, 0],
			"scale": [0.375, 0.375, 0.375]
		},
		"thirdperson_lefthand": {
			"rotation": [75, 45, 0],
			"translation": [0, 2.5, 0],
			"scale": [0.375, 0.375, 0.375]
		},
		"firstperson_righthand": {
			"rotation": [0, 45, 0],
			"scale": [0.4, 0.4, 0.4]
		},
		"firstperson_lefthand": {
			"rotation": [0, 225, 0],
			"scale": [0.4, 0.4, -0.4]
		},
		"gui": {
			"rotation": [30, 225, 0],
			"scale": [0.625, 0.625, 0.625]
		},
		"head": {
			"translation": [0, -57.62975, 2.5],
			"scale": [4, 4, 4]
		},
		"fixed": {
			"translation": [0, 48, 33.5],
			"scale": [4, 4, 4]
		}
	},
	"groups": [
		{
			"name": "body",
			"origin": [8, 7.57422, 7.9978],
			"color": 0,
			"children": [
				{
					"name": "tail",
					"origin": [8, 7.57422, 7.9978],
					"color": 0,
					"children": [
						0,
						1,
						2,
						3,
						4,
						5,
						6,
						{
							"name": "spikes",
							"origin": [8, 7.57422, 7.9978],
							"color": 0,
							"children": [7, 8, 9, 10, 11, 12]
						}
					]
				},
				{
					"name": "legs",
					"origin": [8, 7.57422, 7.9978],
					"color": 0,
					"children": [
						{
							"name": "1",
							"origin": [8, 7.57422, 7.9978],
							"color": 0,
							"children": [
								13,
								14,
								15,
								16,
								17,
								{
									"name": "3",
									"origin": [8, 7.57422, 7.9978],
									"color": 0,
									"children": [18, 19, 20, 21, 22]
								}
							]
						},
						{
							"name": "2",
							"origin": [8, 7.57422, 7.9978],
							"color": 0,
							"children": [
								23,
								24,
								25,
								26,
								27,
								{
									"name": "4",
									"origin": [8, 7.57422, 7.9978],
									"color": 0,
									"children": [28, 29, 30, 31, 32]
								}
							]
						},
						{
							"name": "3",
							"origin": [8, 7.57422, 7.9978],
							"color": 0,
							"children": [
								33,
								34,
								35,
								36,
								37,
								{
									"name": "1",
									"origin": [8, 7.57422, 7.9978],
									"color": 0,
									"children": [38, 39, 40, 41, 42]
								}
							]
						},
						{
							"name": "4",
							"origin": [8, 7.57422, 7.9978],
							"color": 0,
							"children": [
								43,
								44,
								45,
								46,
								47,
								{
									"name": "2",
									"origin": [8, 7.57422, 7.9978],
									"color": 0,
									"children": [48, 49, 50, 51, 52]
								}
							]
						}
					]
				},
				53,
				{
					"name": "body_spikes",
					"origin": [8, 7.57422, 7.9978],
					"color": 0,
					"children": [54, 55, 56, 57, 58, 59, 60]
				},
				{
					"name": "head",
					"origin": [8, 7.57422, 7.9978],
					"color": 0,
					"children": [
						{
							"name": "skull",
							"origin": [8, 7.57422, 7.9978],
							"color": 0,
							"children": [61, 62, 63]
						},
						64,
						65,
						66,
						{
							"name": "spikes",
							"origin": [8, 7.57422, 7.9978],
							"color": 0,
							"children": [67, 68, 69, 70, 71, 72, 73, 74]
						}
					]
				}
			]
		}
	]
}