{
	"credit": "Made with Blockbench",
	"texture_size": [64, 64],
	"textures": {
		"2": "krmc:krmc_mobs/atercurisaurus",
		"particle": "krmc:krmc_mobs/atercurisaurus"
	},
	"elements": [
		{
			"name": "body",
			"from": [5.1675, 8.97348, -4.76334],
			"to": [10.8325, 15.91098, 3.47666],
			"rotation": {"angle": -22.5, "axis": "x", "origin": [8, 6.86053, 7.2275]},
			"faces": {
				"north": {"uv": [8.5, 8, 10, 9.75], "texture": "#2"},
				"east": {"uv": [6, 4.5, 8, 6.25], "texture": "#2"},
				"south": {"uv": [9.25, 0, 10.75, 1.75], "texture": "#2"},
				"west": {"uv": [6, 6.25, 8, 8], "texture": "#2"},
				"up": {"uv": [9.5, 6.5, 8, 4.5], "texture": "#2"},
				"down": {"uv": [6.5, 8, 5, 10], "texture": "#2"}
			}
		},
		{
			"name": "body",
			"from": [4.91, 5.15, -0.24],
			"to": [11.09, 14.39, 6.97],
			"rotation": {"angle": 0, "axis": "y", "origin": [8, 6.86053, 7.2275]},
			"faces": {
				"north": {"uv": [7.75, 0, 9.25, 2.25], "texture": "#2"},
				"east": {"uv": [6, 0, 7.75, 2.25], "texture": "#2"},
				"south": {"uv": [2, 7.75, 3.5, 10], "texture": "#2"},
				"west": {"uv": [6, 2.25, 7.75, 4.5], "texture": "#2"},
				"up": {"uv": [10.75, 3.5, 9.25, 1.75], "texture": "#2"},
				"down": {"uv": [11, 3.5, 9.5, 5.25], "texture": "#2"}
			}
		},
		{
			"name": "tail_base",
			"from": [3.88, 5.15, 6.97],
			"to": [12.12, 14.1475, 13.15],
			"rotation": {"angle": 0, "axis": "x", "origin": [8, 6.86053, 7.2275]},
			"faces": {
				"north": {"uv": [2, 5.5, 4, 7.75], "texture": "#2"},
				"east": {"uv": [7.75, 2.25, 9.25, 4.5], "texture": "#2"},
				"south": {"uv": [4, 5.5, 6, 7.75], "texture": "#2"},
				"west": {"uv": [3.5, 7.75, 5, 10], "texture": "#2"},
				"up": {"uv": [8.5, 9.5, 6.5, 8], "texture": "#2"},
				"down": {"uv": [10, 6.5, 8, 8], "texture": "#2"}
			}
		},
		{
			"name": "tail",
			"from": [5.1675, 8.24, 13.15],
			"to": [10.8325, 13.64, 18.3],
			"rotation": {"angle": 0, "axis": "x", "origin": [8, 6.86053, 7.2275]},
			"faces": {
				"north": {"uv": [9.5, 5.25, 11, 6.5], "texture": "#2"},
				"east": {"uv": [10, 8, 11.25, 9.25], "texture": "#2"},
				"south": {"uv": [6.5, 9.5, 8, 10.75], "texture": "#2"},
				"west": {"uv": [10.75, 0, 12, 1.25], "texture": "#2"},
				"up": {"uv": [9.5, 11, 8, 9.75], "texture": "#2"},
				"down": {"uv": [11, 9.75, 9.5, 11], "texture": "#2"}
			}
		},
		{
			"name": "tail",
			"from": [6.1975, 9.27, 18.3],
			"to": [9.8025, 13.3825, 23.45],
			"rotation": {"angle": 0, "axis": "y", "origin": [8, 6.86053, 7.2275]},
			"faces": {
				"north": {"uv": [11.25, 7.5, 12.25, 8.5], "texture": "#2"},
				"east": {"uv": [11, 2.75, 12.25, 3.75], "texture": "#2"},
				"south": {"uv": [2, 11.5, 3, 12.5], "texture": "#2"},
				"west": {"uv": [11, 3.75, 12.25, 4.75], "texture": "#2"},
				"up": {"uv": [12, 6, 11, 4.75], "texture": "#2"},
				"down": {"uv": [8.25, 11, 7.25, 12.25], "texture": "#2"}
			}
		},
		{
			"name": "tail",
			"from": [6.7125, 10.0425, 23.45],
			"to": [9.2875, 12.6175, 31.69],
			"rotation": {"angle": 0, "axis": "y", "origin": [8, 6.86053, 7.2275]},
			"faces": {
				"north": {"uv": [12.25, 2.75, 13, 3.5], "texture": "#2"},
				"east": {"uv": [10.75, 1.25, 12.75, 2], "texture": "#2"},
				"south": {"uv": [12.25, 3.5, 13, 4.25], "texture": "#2"},
				"west": {"uv": [10.75, 2, 12.75, 2.75], "texture": "#2"},
				"up": {"uv": [6.5, 12, 5.75, 10], "texture": "#2"},
				"down": {"uv": [7.25, 10.75, 6.5, 12.75], "texture": "#2"}
			}
		},
		{
			"name": "leg",
			"from": [2.335, 4.03409, -3.23295],
			"to": [5.425, 10.18409, -0.14295],
			"rotation": {"angle": 22.5, "axis": "x", "origin": [3.88, 7.60909, -1.68795]},
			"faces": {
				"north": {"uv": [11, 9.25, 11.75, 10.75], "texture": "#2"},
				"east": {"uv": [10.25, 11, 11, 12.5], "texture": "#2"},
				"south": {"uv": [11, 10.75, 11.75, 12.25], "texture": "#2"},
				"west": {"uv": [11.25, 6, 12, 7.5], "texture": "#2"},
				"up": {"uv": [8, 13, 7.25, 12.25], "texture": "#2"},
				"down": {"uv": [13, 7.25, 12.25, 8], "texture": "#2"}
			}
		},
		{
			"name": "leg",
			"from": [2.644, -0.07091, -2.92395],
			"to": [5.116, 4.84909, -0.45195],
			"rotation": {"angle": 22.5, "axis": "x", "origin": [3.88, 7.60909, -1.68795]},
			"faces": {
				"north": {"uv": [5.25, 11.5, 5.75, 12.75], "texture": "#2"},
				"east": {"uv": [12, 4.75, 12.5, 6], "texture": "#2"},
				"south": {"uv": [5.75, 12, 6.25, 13.25], "texture": "#2"},
				"west": {"uv": [12, 6, 12.5, 7.25], "texture": "#2"},
				"up": {"uv": [13, 7.25, 12.5, 6.75], "texture": "#2"},
				"down": {"uv": [13, 8.5, 12.5, 9], "texture": "#2"}
			}
		},
		{
			"name": "leg",
			"from": [1.82, 0, 6.97],
			"to": [4.91, 4.96, 10.06],
			"rotation": {"angle": -22.5, "axis": "x", "origin": [3.88, 9.60909, 9.312]},
			"faces": {
				"north": {"uv": [3, 11.5, 3.75, 12.75], "texture": "#2"},
				"east": {"uv": [3.75, 11.5, 4.5, 12.75], "texture": "#2"},
				"south": {"uv": [4.5, 11.5, 5.25, 12.75], "texture": "#2"},
				"west": {"uv": [11.75, 8.5, 12.5, 9.75], "texture": "#2"},
				"up": {"uv": [8.75, 13, 8, 12.25], "texture": "#2"},
				"down": {"uv": [9.5, 12.25, 8.75, 13], "texture": "#2"}
			}
		},
		{
			"name": "leg",
			"from": [1.5625, 4.9585, 6.25037],
			"to": [5.1675, 10.8585, 11.40037],
			"rotation": {"angle": -22.5, "axis": "x", "origin": [3.88, 9.60909, 9.312]},
			"faces": {
				"north": {"uv": [0, 11, 1, 12.5], "texture": "#2"},
				"east": {"uv": [2, 10, 3.25, 11.5], "texture": "#2"},
				"south": {"uv": [1, 11, 2, 12.5], "texture": "#2"},
				"west": {"uv": [3.25, 10, 4.5, 11.5], "texture": "#2"},
				"up": {"uv": [9.25, 12.25, 8.25, 11], "texture": "#2"},
				"down": {"uv": [10.25, 11, 9.25, 12.25], "texture": "#2"}
			}
		},
		{
			"name": "leg",
			"from": [1.82, 0, 5.94],
			"to": [4.91, 1.03, 6.97],
			"rotation": {"angle": -22.5, "axis": "x", "origin": [3.88, 9.60909, 9.312]},
			"faces": {
				"north": {"uv": [5, 7.75, 5.75, 8], "texture": "#2"},
				"east": {"uv": [5.75, 7.75, 6, 8], "texture": "#2"},
				"south": {"uv": [7.25, 10.75, 8, 11], "texture": "#2"},
				"west": {"uv": [9.25, 3.5, 9.5, 3.75], "texture": "#2"},
				"up": {"uv": [12.75, 1.25, 12, 1], "texture": "#2"},
				"down": {"uv": [13.25, 9.5, 12.5, 9.75], "texture": "#2"}
			}
		},
		{
			"name": "leg",
			"from": [10.575, 4.03409, -3.23295],
			"to": [13.665, 10.18409, -0.14295],
			"rotation": {"angle": 22.5, "axis": "x", "origin": [3.88, 7.60909, -1.68795]},
			"faces": {
				"north": {"uv": [11.75, 9.25, 11, 10.75], "texture": "#2"},
				"east": {"uv": [12, 6, 11.25, 7.5], "texture": "#2"},
				"south": {"uv": [11.75, 10.75, 11, 12.25], "texture": "#2"},
				"west": {"uv": [11, 11, 10.25, 12.5], "texture": "#2"},
				"up": {"uv": [7.25, 13, 8, 12.25], "texture": "#2"},
				"down": {"uv": [12.25, 7.25, 13, 8], "texture": "#2"}
			}
		},
		{
			"name": "leg",
			"from": [10.884, -0.07091, -2.92395],
			"to": [13.356, 4.84909, -0.45195],
			"rotation": {"angle": 22.5, "axis": "x", "origin": [3.88, 7.60909, -1.68795]},
			"faces": {
				"north": {"uv": [5.75, 11.5, 5.25, 12.75], "texture": "#2"},
				"east": {"uv": [12.5, 6, 12, 7.25], "texture": "#2"},
				"south": {"uv": [6.25, 12, 5.75, 13.25], "texture": "#2"},
				"west": {"uv": [12.5, 4.75, 12, 6], "texture": "#2"},
				"up": {"uv": [12.5, 7.25, 13, 6.75], "texture": "#2"},
				"down": {"uv": [12.5, 8.5, 13, 9], "texture": "#2"}
			}
		},
		{
			"name": "leg",
			"from": [11.09, 0, 6.97],
			"to": [14.18, 4.96, 10.06],
			"rotation": {"angle": -22.5, "axis": "x", "origin": [3.88, 9.60909, 9.31205]},
			"faces": {
				"north": {"uv": [3.75, 11.5, 3, 12.75], "texture": "#2"},
				"east": {"uv": [12.5, 8.5, 11.75, 9.75], "texture": "#2"},
				"south": {"uv": [5.25, 11.5, 4.5, 12.75], "texture": "#2"},
				"west": {"uv": [4.5, 11.5, 3.75, 12.75], "texture": "#2"},
				"up": {"uv": [8, 13, 8.75, 12.25], "texture": "#2"},
				"down": {"uv": [8.75, 12.25, 9.5, 13], "texture": "#2"}
			}
		},
		{
			"name": "leg",
			"from": [10.8325, 4.9585, 6.25037],
			"to": [14.4375, 10.8585, 11.40037],
			"rotation": {"angle": -22.5, "axis": "x", "origin": [3.88, 9.60909, 9.31205]},
			"faces": {
				"north": {"uv": [1, 11, 0, 12.5], "texture": "#2"},
				"east": {"uv": [4.5, 10, 3.25, 11.5], "texture": "#2"},
				"south": {"uv": [2, 11, 1, 12.5], "texture": "#2"},
				"west": {"uv": [3.25, 10, 2, 11.5], "texture": "#2"},
				"up": {"uv": [8.25, 12.25, 9.25, 11], "texture": "#2"},
				"down": {"uv": [9.25, 11, 10.25, 12.25], "texture": "#2"}
			}
		},
		{
			"name": "leg",
			"from": [11.09, 0, 5.94],
			"to": [14.18, 1.03, 6.97],
			"rotation": {"angle": -22.5, "axis": "x", "origin": [3.88, 9.60909, 9.31205]},
			"faces": {
				"north": {"uv": [5.75, 7.75, 5, 8], "texture": "#2"},
				"east": {"uv": [9.5, 3.5, 9.25, 3.75], "texture": "#2"},
				"south": {"uv": [8, 10.75, 7.25, 11], "texture": "#2"},
				"west": {"uv": [6, 7.75, 5.75, 8], "texture": "#2"},
				"up": {"uv": [12, 1.25, 12.75, 1], "texture": "#2"},
				"down": {"uv": [12.5, 9.5, 13.25, 9.75], "texture": "#2"}
			}
		},
		{
			"name": "head",
			"from": [6.7125, 8.0995, -13.3725],
			"to": [9.2875, 10.1595, -10.7975],
			"rotation": {"angle": 22.5, "axis": "x", "origin": [8, 9.1295, -13.3725]},
			"faces": {
				"north": {"uv": [4, 14.5, 6, 16], "texture": "#2"},
				"east": {"uv": [12, 13, 14, 14.5], "texture": "#2"},
				"south": {"uv": [12, 14.5, 14, 16], "texture": "#2"},
				"west": {"uv": [6, 14.5, 8, 16], "texture": "#2"},
				"up": {"uv": [10, 16, 8, 14], "texture": "#2"},
				"down": {"uv": [12, 14, 10, 16], "texture": "#2"}
			}
		},
		{
			"name": "head",
			"from": [7.2275, 8.357, -15.9475],
			"to": [8.7725, 9.902, -13.3725],
			"rotation": {"angle": 22.5, "axis": "x", "origin": [8, 9.1295, -13.3725]},
			"faces": {
				"north": {"uv": [14, 15, 15, 16], "texture": "#2"},
				"east": {"uv": [14, 11, 16, 12], "texture": "#2"},
				"south": {"uv": [15, 15, 16, 16], "texture": "#2"},
				"west": {"uv": [14, 12, 16, 13], "texture": "#2"},
				"up": {"uv": [15, 15, 14, 13], "texture": "#2"},
				"down": {"uv": [16, 13, 15, 15], "texture": "#2"}
			}
		},
		{
			"name": "neck",
			"from": [6.558, 6.58333, -8.59065],
			"to": [9.442, 9.67333, -4.47065],
			"rotation": {"angle": -22.5, "axis": "x", "origin": [8, 8.41611, -7.84573]},
			"faces": {
				"north": {"uv": [9.5, 12.25, 10.25, 13], "texture": "#2"},
				"east": {"uv": [11.75, 9.75, 12.75, 10.5], "texture": "#2"},
				"south": {"uv": [11, 12.25, 11.75, 13], "texture": "#2"},
				"west": {"uv": [11.75, 10.5, 12.75, 11.25], "texture": "#2"},
				"up": {"uv": [12.5, 12.25, 11.75, 11.25], "texture": "#2"},
				"down": {"uv": [12.75, 0, 12, 1], "texture": "#2"}
			}
		},
		{
			"name": "neck",
			"from": [6.8876, 7.26332, -11.81883],
			"to": [9.1124, 9.39412, -7.52283],
			"rotation": {"angle": 0, "axis": "x", "origin": [8, 8.41611, -7.84573]},
			"faces": {
				"north": {"uv": [12.5, 9, 13, 9.5], "texture": "#2"},
				"east": {"uv": [10, 9.25, 11, 9.75], "texture": "#2"},
				"south": {"uv": [10.25, 12.5, 10.75, 13], "texture": "#2"},
				"west": {"uv": [12.25, 4.25, 13.25, 4.75], "texture": "#2"},
				"up": {"uv": [1.25, 13.5, 0.75, 12.5], "texture": "#2"},
				"down": {"uv": [1.75, 12.5, 1.25, 13.5], "texture": "#2"}
			}
		},
		{
			"name": "1",
			"from": [8, 9.37792, 18.7975],
			"to": [8, 17.77792, 25],
			"rotation": {"angle": 0, "axis": "y", "origin": [8, 14.07792, 23.89875]},
			"faces": {
				"north": {"uv": [16, 3.25, 13.25, 1], "rotation": 90, "texture": "#2"},
				"east": {"uv": [13.25, 3.25, 16, 1], "rotation": 90, "texture": "#2"},
				"south": {"uv": [16, 3.25, 13.25, 1], "rotation": 90, "texture": "#2"},
				"west": {"uv": [16, 3.25, 13.25, 1], "rotation": 90, "texture": "#2"},
				"up": {"uv": [16, 3.25, 13.25, 1], "rotation": 90, "texture": "#2"},
				"down": {"uv": [16, 3.25, 13.25, 1], "rotation": 90, "texture": "#2"}
			}
		},
		{
			"name": "1",
			"from": [9.95463, 11.18388, 27.38641],
			"to": [17.95463, 12.18388, 28.38641],
			"rotation": {"angle": -22.5, "axis": "y", "origin": [8, 12.8809, 24.97402]},
			"faces": {
				"north": {"uv": [13.5, 5, 16, 5.25], "texture": "#2"},
				"east": {"uv": [15.75, 5, 16, 5.25], "texture": "#2"},
				"south": {"uv": [13.5, 5, 16, 5.25], "texture": "#2"},
				"west": {"uv": [13.5, 5, 13.75, 5.25], "texture": "#2"},
				"up": {"uv": [13.5, 5, 16, 5.25], "texture": "#2"},
				"down": {"uv": [13.5, 5, 16, 5.25], "texture": "#2"}
			}
		},
		{
			"name": "1",
			"from": [8.70463, 11.18388, 25.38641],
			"to": [15.70463, 12.18388, 26.38641],
			"rotation": {"angle": -22.5, "axis": "y", "origin": [8, 12.8809, 24.97402]},
			"faces": {
				"north": {"uv": [13.5, 5, 16, 5.25], "texture": "#2"},
				"east": {"uv": [15.75, 5, 16, 5.25], "texture": "#2"},
				"south": {"uv": [13.5, 5, 16, 5.25], "texture": "#2"},
				"west": {"uv": [13.5, 5, 13.75, 5.25], "texture": "#2"},
				"up": {"uv": [13.5, 5, 16, 5.25], "texture": "#2"},
				"down": {"uv": [13.5, 5, 16, 5.25], "texture": "#2"}
			}
		},
		{
			"name": "2",
			"from": [11.98996, 11.18388, 27.09839],
			"to": [18.98996, 12.18388, 28.09839],
			"rotation": {"angle": -45, "axis": "y", "origin": [8, 12.8809, 24.97402]},
			"faces": {
				"north": {"uv": [13.5, 4, 16, 4.25], "texture": "#2"},
				"east": {"uv": [15.75, 4, 16, 4.25], "texture": "#2"},
				"south": {"uv": [13.5, 4, 16, 4.25], "texture": "#2"},
				"west": {"uv": [13.5, 4, 13.75, 4.25], "texture": "#2"},
				"up": {"uv": [13.5, 4, 16, 4.25], "texture": "#2"},
				"down": {"uv": [13.5, 4, 16, 4.25], "texture": "#2"}
			}
		},
		{
			"name": "3",
			"from": [6.86206, 11.18388, 25.0475],
			"to": [14.86206, 12.18388, 26.0475],
			"rotation": {"angle": 0, "axis": "y", "origin": [8, 12.8809, 24.97402]},
			"faces": {
				"north": {"uv": [13.5, 4.5, 16, 4.75], "texture": "#2"},
				"east": {"uv": [15.75, 4.5, 16, 4.75], "texture": "#2"},
				"south": {"uv": [13.5, 4.5, 16, 4.75], "texture": "#2"},
				"west": {"uv": [13.5, 4.5, 13.75, 4.75], "texture": "#2"},
				"up": {"uv": [13.5, 4.5, 16, 4.75], "texture": "#2"},
				"down": {"uv": [13.5, 4.5, 16, 4.75], "texture": "#2"}
			}
		},
		{
			"name": "2",
			"from": [1.87955, 12.20076, 9.7975],
			"to": [10.27955, 12.20076, 31.4325],
			"rotation": {"angle": -45, "axis": "z", "origin": [8, 12.8809, 24.97402]},
			"faces": {
				"north": {"uv": [16, 0, 13.25, 6.25], "texture": "#2"},
				"east": {"uv": [16, 0, 13.25, 6.25], "texture": "#2"},
				"south": {"uv": [16, 0, 13.25, 6.25], "texture": "#2"},
				"west": {"uv": [16, 0, 13.25, 6.25], "texture": "#2"},
				"up": {"uv": [16, 0, 13.25, 6.25], "texture": "#2"},
				"down": {"uv": [16, 6.25, 13.25, 0], "texture": "#2"}
			}
		},
		{
			"name": "3",
			"from": [0.98794, 11.68388, 9.7975],
			"to": [9.38794, 11.68388, 24.4325],
			"rotation": {"angle": 0, "axis": "z", "origin": [8, 12.8809, 24.97402]},
			"faces": {
				"north": {"uv": [16, 0, 13.25, 3.75], "texture": "#2"},
				"east": {"uv": [16, 0, 13.25, 3.75], "texture": "#2"},
				"south": {"uv": [16, 0, 13.25, 3.75], "texture": "#2"},
				"west": {"uv": [16, 0, 13.25, 3.75], "texture": "#2"},
				"up": {"uv": [16, 0, 13.25, 3.75], "texture": "#2"},
				"down": {"uv": [16, 3.75, 13.25, 0], "texture": "#2"}
			}
		},
		{
			"name": "1",
			"from": [-1.95463, 11.18388, 27.38641],
			"to": [6.04537, 12.18388, 28.38641],
			"rotation": {"angle": 22.5, "axis": "y", "origin": [8, 12.8809, 24.97402]},
			"faces": {
				"north": {"uv": [16, 5, 13.5, 5.25], "texture": "#2"},
				"east": {"uv": [13.75, 5, 13.5, 5.25], "texture": "#2"},
				"south": {"uv": [16, 5, 13.5, 5.25], "texture": "#2"},
				"west": {"uv": [16, 5, 15.75, 5.25], "texture": "#2"},
				"up": {"uv": [16, 5, 13.5, 5.25], "texture": "#2"},
				"down": {"uv": [16, 5, 13.5, 5.25], "texture": "#2"}
			}
		},
		{
			"name": "1",
			"from": [0.29537, 11.18388, 25.38641],
			"to": [7.29537, 12.18388, 26.38641],
			"rotation": {"angle": 22.5, "axis": "y", "origin": [8, 12.8809, 24.97402]},
			"faces": {
				"north": {"uv": [16, 5, 13.5, 5.25], "texture": "#2"},
				"east": {"uv": [13.75, 5, 13.5, 5.25], "texture": "#2"},
				"south": {"uv": [16, 5, 13.5, 5.25], "texture": "#2"},
				"west": {"uv": [16, 5, 15.75, 5.25], "texture": "#2"},
				"up": {"uv": [16, 5, 13.5, 5.25], "texture": "#2"},
				"down": {"uv": [16, 5, 13.5, 5.25], "texture": "#2"}
			}
		},
		{
			"name": "2",
			"from": [-2.98996, 11.18388, 27.09839],
			"to": [4.01004, 12.18388, 28.09839],
			"rotation": {"angle": 45, "axis": "y", "origin": [8, 12.8809, 24.97402]},
			"faces": {
				"north": {"uv": [16, 4, 13.5, 4.25], "texture": "#2"},
				"east": {"uv": [13.75, 4, 13.5, 4.25], "texture": "#2"},
				"south": {"uv": [16, 4, 13.5, 4.25], "texture": "#2"},
				"west": {"uv": [16, 4, 15.75, 4.25], "texture": "#2"},
				"up": {"uv": [16, 4, 13.5, 4.25], "texture": "#2"},
				"down": {"uv": [16, 4, 13.5, 4.25], "texture": "#2"}
			}
		},
		{
			"name": "3",
			"from": [1.13794, 11.18388, 25.0475],
			"to": [9.13794, 12.18388, 26.0475],
			"rotation": {"angle": 0, "axis": "y", "origin": [8, 12.8809, 24.97402]},
			"faces": {
				"north": {"uv": [16, 4.5, 13.5, 4.75], "texture": "#2"},
				"east": {"uv": [13.75, 4.5, 13.5, 4.75], "texture": "#2"},
				"south": {"uv": [16, 4.5, 13.5, 4.75], "texture": "#2"},
				"west": {"uv": [16, 4.5, 15.75, 4.75], "texture": "#2"},
				"up": {"uv": [16, 4.5, 13.5, 4.75], "texture": "#2"},
				"down": {"uv": [16, 4.5, 13.5, 4.75], "texture": "#2"}
			}
		},
		{
			"name": "4",
			"from": [5.72045, 12.20076, 9.7975],
			"to": [14.12045, 12.20076, 31.4325],
			"rotation": {"angle": 45, "axis": "z", "origin": [8, 12.8809, 24.97402]},
			"faces": {
				"north": {"uv": [16, 0, 13.25, 6.25], "texture": "#2"},
				"east": {"uv": [16, 0, 13.25, 6.25], "texture": "#2"},
				"south": {"uv": [16, 0, 13.25, 6.25], "texture": "#2"},
				"west": {"uv": [16, 0, 13.25, 6.25], "texture": "#2"},
				"up": {"uv": [13.25, 0, 16, 6.25], "texture": "#2"},
				"down": {"uv": [13.25, 6.25, 16, 0], "texture": "#2"}
			}
		},
		{
			"name": "5",
			"from": [6.61206, 11.68388, 9.7975],
			"to": [15.01206, 11.68388, 24.4325],
			"rotation": {"angle": 0, "axis": "z", "origin": [8, 12.8809, 24.97402]},
			"faces": {
				"north": {"uv": [16, 0, 13.25, 3.75], "texture": "#2"},
				"east": {"uv": [16, 0, 13.25, 3.75], "texture": "#2"},
				"south": {"uv": [16, 0, 13.25, 3.75], "texture": "#2"},
				"west": {"uv": [16, 0, 13.25, 3.75], "texture": "#2"},
				"up": {"uv": [13.25, 0, 16, 3.75], "texture": "#2"},
				"down": {"uv": [13.25, 3.75, 16, 0], "texture": "#2"}
			}
		},
		{
			"name": "1",
			"from": [7.5, 13.33553, 27.88641],
			"to": [8.5, 20.58553, 28.88641],
			"rotation": {"angle": 22.5, "axis": "x", "origin": [6.80298, 11.3809, 25.47402]},
			"faces": {
				"north": {"uv": [13.5, 5, 16, 5.25], "rotation": 90, "texture": "#2"},
				"east": {"uv": [13.5, 5, 16, 5.25], "rotation": 270, "texture": "#2"},
				"south": {"uv": [13.5, 5, 16, 5.25], "rotation": 270, "texture": "#2"},
				"west": {"uv": [13.5, 5, 16, 5.25], "rotation": 270, "texture": "#2"},
				"up": {"uv": [15.75, 5, 16, 5.25], "rotation": 270, "texture": "#2"},
				"down": {"uv": [13.5, 5, 13.75, 5.25], "rotation": 270, "texture": "#2"}
			}
		},
		{
			"name": "1",
			"from": [7.5, 12.08553, 25.88641],
			"to": [8.5, 19.08553, 26.88641],
			"rotation": {"angle": 22.5, "axis": "x", "origin": [6.80298, 11.3809, 25.47402]},
			"faces": {
				"north": {"uv": [13.5, 5, 16, 5.25], "rotation": 90, "texture": "#2"},
				"east": {"uv": [13.5, 5, 16, 5.25], "rotation": 270, "texture": "#2"},
				"south": {"uv": [13.5, 5, 16, 5.25], "rotation": 270, "texture": "#2"},
				"west": {"uv": [13.5, 5, 16, 5.25], "rotation": 270, "texture": "#2"},
				"up": {"uv": [15.75, 5, 16, 5.25], "rotation": 270, "texture": "#2"},
				"down": {"uv": [13.5, 5, 13.75, 5.25], "rotation": 270, "texture": "#2"}
			}
		},
		{
			"name": "2",
			"from": [7.5, 15.37086, 27.59839],
			"to": [8.5, 20.37086, 28.59839],
			"rotation": {"angle": 45, "axis": "x", "origin": [6.80298, 11.3809, 25.47402]},
			"faces": {
				"north": {"uv": [13.5, 4, 16, 4.25], "rotation": 90, "texture": "#2"},
				"east": {"uv": [13.5, 4, 16, 4.25], "rotation": 270, "texture": "#2"},
				"south": {"uv": [13.5, 4, 16, 4.25], "rotation": 270, "texture": "#2"},
				"west": {"uv": [13.5, 4, 16, 4.25], "rotation": 270, "texture": "#2"},
				"up": {"uv": [15.75, 4, 16, 4.25], "rotation": 270, "texture": "#2"},
				"down": {"uv": [13.5, 4, 13.75, 4.25], "rotation": 270, "texture": "#2"}
			}
		},
		{
			"name": "3",
			"from": [7.5, 11.74296, 25.2975],
			"to": [8.5, 17.24296, 26.2975],
			"rotation": {"angle": 0, "axis": "y", "origin": [6.80298, 11.3809, 25.47402]},
			"faces": {
				"north": {"uv": [13.5, 4.5, 16, 4.75], "rotation": 90, "texture": "#2"},
				"east": {"uv": [13.5, 4.5, 16, 4.75], "rotation": 270, "texture": "#2"},
				"south": {"uv": [13.5, 4.5, 16, 4.75], "rotation": 270, "texture": "#2"},
				"west": {"uv": [13.5, 4.5, 16, 4.75], "rotation": 270, "texture": "#2"},
				"up": {"uv": [15.75, 4.5, 16, 4.75], "rotation": 270, "texture": "#2"},
				"down": {"uv": [13.5, 4.5, 13.75, 4.75], "rotation": 270, "texture": "#2"}
			}
		},
		{
			"name": "1",
			"from": [7.75, 9.05924, -10.55725],
			"to": [7.75, 11.30924, -9.05725],
			"rotation": {"angle": 22.5, "axis": "x", "origin": [8, 10.80924, -7.80725]},
			"faces": {
				"north": {"uv": [0, 0, 0, 1.5], "texture": "#2"},
				"east": {"uv": [2, 13.75, 0, 16], "texture": "#2"},
				"south": {"uv": [0, 0, 0, 1.5], "texture": "#2"},
				"west": {"uv": [0, 13.75, 2, 16], "texture": "#2"},
				"up": {"uv": [0, 1.25, 0, 0], "texture": "#2"},
				"down": {"uv": [0, 0, 0, 1.25], "texture": "#2"}
			}
		},
		{
			"name": "2",
			"from": [8.25, 9.05924, -9.05725],
			"to": [8.25, 12.55924, -6.55725],
			"rotation": {"angle": 0, "axis": "x", "origin": [8, 12.55924, -7.05725]},
			"faces": {
				"north": {"uv": [0, 0, 0, 1.5], "texture": "#2"},
				"east": {"uv": [2, 13.75, 0, 16], "texture": "#2"},
				"south": {"uv": [0, 0, 0, 1.5], "texture": "#2"},
				"west": {"uv": [0, 13.75, 2, 16], "texture": "#2"},
				"up": {"uv": [0, 1.25, 0, 0], "texture": "#2"},
				"down": {"uv": [0, 0, 0, 1.25], "texture": "#2"}
			}
		},
		{
			"name": "3",
			"from": [7.5, 16.22259, -5.9525],
			"to": [7.5, 20.22259, -2.9525],
			"rotation": {"angle": -22.5, "axis": "x", "origin": [8, 11.86053, 7.2275]},
			"faces": {
				"north": {"uv": [0, 0, 0, 1.5], "texture": "#2"},
				"east": {"uv": [2, 13.75, 0, 16], "texture": "#2"},
				"south": {"uv": [0, 0, 0, 1.5], "texture": "#2"},
				"west": {"uv": [0, 13.75, 2, 16], "texture": "#2"},
				"up": {"uv": [0, 1.25, 0, 0], "texture": "#2"},
				"down": {"uv": [0, 0, 0, 1.25], "texture": "#2"}
			}
		},
		{
			"name": "5",
			"from": [8.5, 12.47259, -4.9525],
			"to": [8.5, 19.47259, 1.0475],
			"rotation": {"angle": -22.5, "axis": "x", "origin": [7.9, 14.97259, -1.9525]},
			"faces": {
				"north": {"uv": [0, 0, 0, 1.5], "texture": "#2"},
				"east": {"uv": [2, 13.75, 0, 16], "texture": "#2"},
				"south": {"uv": [0, 0, 0, 1.5], "texture": "#2"},
				"west": {"uv": [0, 13.75, 2, 16], "texture": "#2"},
				"up": {"uv": [0, 1.25, 0, 0], "texture": "#2"},
				"down": {"uv": [0, 0, 0, 1.25], "texture": "#2"}
			}
		},
		{
			"name": "7",
			"from": [7.5, 14.22259, -0.2025],
			"to": [7.5, 21.72259, 5.7975],
			"rotation": {"angle": 0, "axis": "z", "origin": [8.67665, 14.36053, 7.2275]},
			"faces": {
				"north": {"uv": [0, 0, 0, 1.5], "texture": "#2"},
				"east": {"uv": [2, 13.75, 0, 16], "texture": "#2"},
				"south": {"uv": [0, 0, 0, 1.5], "texture": "#2"},
				"west": {"uv": [0, 13.75, 2, 16], "texture": "#2"},
				"up": {"uv": [0, 1.25, 0, 0], "texture": "#2"},
				"down": {"uv": [0, 0, 0, 1.25], "texture": "#2"}
			}
		},
		{
			"name": "9",
			"from": [8.5, 14.22259, 5.2975],
			"to": [8.5, 20.47259, 10.5475],
			"rotation": {"angle": 0, "axis": "z", "origin": [8.92665, 14.36053, 7.2275]},
			"faces": {
				"north": {"uv": [0, 0, 0, 1.5], "texture": "#2"},
				"east": {"uv": [2, 13.75, 0, 16], "texture": "#2"},
				"south": {"uv": [0, 0, 0, 1.5], "texture": "#2"},
				"west": {"uv": [0, 13.75, 2, 16], "texture": "#2"},
				"up": {"uv": [0, 1.25, 0, 0], "texture": "#2"},
				"down": {"uv": [0, 0, 0, 1.25], "texture": "#2"}
			}
		},
		{
			"name": "11",
			"from": [7.5, 13.72259, 10.5475],
			"to": [7.5, 19.22259, 15.0475],
			"rotation": {"angle": 0, "axis": "z", "origin": [8.92665, 14.36053, 7.2275]},
			"faces": {
				"north": {"uv": [0, 0, 0, 1.5], "texture": "#2"},
				"east": {"uv": [2, 13.75, 0, 16], "texture": "#2"},
				"south": {"uv": [0, 0, 0, 1.5], "texture": "#2"},
				"west": {"uv": [0, 13.75, 2, 16], "texture": "#2"},
				"up": {"uv": [0, 1.25, 0, 0], "texture": "#2"},
				"down": {"uv": [0, 0, 0, 1.25], "texture": "#2"}
			}
		},
		{
			"name": "13",
			"from": [8.5, 13.72259, 14.7975],
			"to": [8.5, 18.22259, 18.5475],
			"rotation": {"angle": 0, "axis": "z", "origin": [9.17665, 14.36053, 7.2275]},
			"faces": {
				"north": {"uv": [0, 0, 0, 1.5], "texture": "#2"},
				"east": {"uv": [2, 13.75, 0, 16], "texture": "#2"},
				"south": {"uv": [0, 0, 0, 1.5], "texture": "#2"},
				"west": {"uv": [0, 13.75, 2, 16], "texture": "#2"},
				"up": {"uv": [0, 1.25, 0, 0], "texture": "#2"},
				"down": {"uv": [0, 0, 0, 1.25], "texture": "#2"}
			}
		},
		{
			"name": "1",
			"from": [6.5, 12.05924, -5.30725],
			"to": [6.5, 14.30924, -3.80725],
			"rotation": {"angle": 22.5, "axis": "z", "origin": [8, 13.80924, -7.80725]},
			"faces": {
				"north": {"uv": [0, 0, 0, 1.5], "texture": "#2"},
				"east": {"uv": [2, 13.75, 0, 16], "texture": "#2"},
				"south": {"uv": [0, 0, 0, 1.5], "texture": "#2"},
				"west": {"uv": [0, 13.75, 2, 16], "texture": "#2"},
				"up": {"uv": [0, 1.25, 0, 0], "texture": "#2"},
				"down": {"uv": [0, 0, 0, 1.25], "texture": "#2"}
			}
		},
		{
			"name": "2",
			"from": [6.5, 12.80924, -3.30725],
			"to": [6.5, 15.05924, -1.80725],
			"rotation": {"angle": 22.5, "axis": "z", "origin": [8, 13.80924, -7.80725]},
			"faces": {
				"north": {"uv": [0, 0, 0, 1.5], "texture": "#2"},
				"east": {"uv": [2, 13.75, 0, 16], "texture": "#2"},
				"south": {"uv": [0, 0, 0, 1.5], "texture": "#2"},
				"west": {"uv": [0, 13.75, 2, 16], "texture": "#2"},
				"up": {"uv": [0, 1.25, 0, 0], "texture": "#2"},
				"down": {"uv": [0, 0, 0, 1.25], "texture": "#2"}
			}
		},
		{
			"name": "3",
			"from": [6.25, 13.80924, -1.30725],
			"to": [6.25, 16.05924, 0.19275],
			"rotation": {"angle": 22.5, "axis": "z", "origin": [8, 13.80924, -7.80725]},
			"faces": {
				"north": {"uv": [0, 0, 0, 1.5], "texture": "#2"},
				"east": {"uv": [2, 13.75, 0, 16], "texture": "#2"},
				"south": {"uv": [0, 0, 0, 1.5], "texture": "#2"},
				"west": {"uv": [0, 13.75, 2, 16], "texture": "#2"},
				"up": {"uv": [0, 1.25, 0, 0], "texture": "#2"},
				"down": {"uv": [0, 0, 0, 1.25], "texture": "#2"}
			}
		},
		{
			"name": "4",
			"from": [6.25, 14.80924, 0.69275],
			"to": [6.25, 17.05924, 2.19275],
			"rotation": {"angle": 22.5, "axis": "z", "origin": [8, 13.80924, -7.80725]},
			"faces": {
				"north": {"uv": [0, 0, 0, 1.5], "texture": "#2"},
				"east": {"uv": [2, 13.75, 0, 16], "texture": "#2"},
				"south": {"uv": [0, 0, 0, 1.5], "texture": "#2"},
				"west": {"uv": [0, 13.75, 2, 16], "texture": "#2"},
				"up": {"uv": [0, 1.25, 0, 0], "texture": "#2"},
				"down": {"uv": [0, 0, 0, 1.25], "texture": "#2"}
			}
		},
		{
			"name": "5",
			"from": [6.25, 14.80924, 2.69275],
			"to": [6.25, 17.05924, 4.19275],
			"rotation": {"angle": 22.5, "axis": "z", "origin": [8, 13.80924, -7.80725]},
			"faces": {
				"north": {"uv": [0, 0, 0, 1.5], "texture": "#2"},
				"east": {"uv": [2, 13.75, 0, 16], "texture": "#2"},
				"south": {"uv": [0, 0, 0, 1.5], "texture": "#2"},
				"west": {"uv": [0, 13.75, 2, 16], "texture": "#2"},
				"up": {"uv": [0, 1.25, 0, 0], "texture": "#2"},
				"down": {"uv": [0, 0, 0, 1.25], "texture": "#2"}
			}
		},
		{
			"name": "6",
			"from": [6.25, 14.80924, 4.69275],
			"to": [6.25, 17.05924, 6.19275],
			"rotation": {"angle": 22.5, "axis": "z", "origin": [8, 13.80924, -7.80725]},
			"faces": {
				"north": {"uv": [0, 0, 0, 1.5], "texture": "#2"},
				"east": {"uv": [2, 13.75, 0, 16], "texture": "#2"},
				"south": {"uv": [0, 0, 0, 1.5], "texture": "#2"},
				"west": {"uv": [0, 13.75, 2, 16], "texture": "#2"},
				"up": {"uv": [0, 1.25, 0, 0], "texture": "#2"},
				"down": {"uv": [0, 0, 0, 1.25], "texture": "#2"}
			}
		},
		{
			"name": "1",
			"from": [9.5, 12.05924, -5.30725],
			"to": [9.5, 14.30924, -3.80725],
			"rotation": {"angle": -22.5, "axis": "z", "origin": [8, 13.80924, -7.80725]},
			"faces": {
				"north": {"uv": [0, 0, 0, 1.5], "texture": "#2"},
				"east": {"uv": [2, 13.75, 0, 16], "texture": "#2"},
				"south": {"uv": [0, 0, 0, 1.5], "texture": "#2"},
				"west": {"uv": [0, 13.75, 2, 16], "texture": "#2"},
				"up": {"uv": [0, 1.25, 0, 0], "texture": "#2"},
				"down": {"uv": [0, 0, 0, 1.25], "texture": "#2"}
			}
		},
		{
			"name": "2",
			"from": [9.5, 12.80924, -3.30725],
			"to": [9.5, 15.05924, -1.80725],
			"rotation": {"angle": -22.5, "axis": "z", "origin": [8, 13.80924, -7.80725]},
			"faces": {
				"north": {"uv": [0, 0, 0, 1.5], "texture": "#2"},
				"east": {"uv": [2, 13.75, 0, 16], "texture": "#2"},
				"south": {"uv": [0, 0, 0, 1.5], "texture": "#2"},
				"west": {"uv": [0, 13.75, 2, 16], "texture": "#2"},
				"up": {"uv": [0, 1.25, 0, 0], "texture": "#2"},
				"down": {"uv": [0, 0, 0, 1.25], "texture": "#2"}
			}
		},
		{
			"name": "3",
			"from": [9.75, 13.80924, -1.30725],
			"to": [9.75, 16.05924, 0.19275],
			"rotation": {"angle": -22.5, "axis": "z", "origin": [8, 13.80924, -7.80725]},
			"faces": {
				"north": {"uv": [0, 0, 0, 1.5], "texture": "#2"},
				"east": {"uv": [2, 13.75, 0, 16], "texture": "#2"},
				"south": {"uv": [0, 0, 0, 1.5], "texture": "#2"},
				"west": {"uv": [0, 13.75, 2, 16], "texture": "#2"},
				"up": {"uv": [0, 1.25, 0, 0], "texture": "#2"},
				"down": {"uv": [0, 0, 0, 1.25], "texture": "#2"}
			}
		},
		{
			"name": "4",
			"from": [9.75, 14.80924, 0.69275],
			"to": [9.75, 17.05924, 2.19275],
			"rotation": {"angle": -22.5, "axis": "z", "origin": [8, 13.80924, -7.80725]},
			"faces": {
				"north": {"uv": [0, 0, 0, 1.5], "texture": "#2"},
				"east": {"uv": [2, 13.75, 0, 16], "texture": "#2"},
				"south": {"uv": [0, 0, 0, 1.5], "texture": "#2"},
				"west": {"uv": [0, 13.75, 2, 16], "texture": "#2"},
				"up": {"uv": [0, 1.25, 0, 0], "texture": "#2"},
				"down": {"uv": [0, 0, 0, 1.25], "texture": "#2"}
			}
		},
		{
			"name": "5",
			"from": [9.75, 14.80924, 2.69275],
			"to": [9.75, 17.05924, 4.19275],
			"rotation": {"angle": -22.5, "axis": "z", "origin": [8, 13.80924, -7.80725]},
			"faces": {
				"north": {"uv": [0, 0, 0, 1.5], "texture": "#2"},
				"east": {"uv": [2, 13.75, 0, 16], "texture": "#2"},
				"south": {"uv": [0, 0, 0, 1.5], "texture": "#2"},
				"west": {"uv": [0, 13.75, 2, 16], "texture": "#2"},
				"up": {"uv": [0, 1.25, 0, 0], "texture": "#2"},
				"down": {"uv": [0, 0, 0, 1.25], "texture": "#2"}
			}
		},
		{
			"name": "6",
			"from": [9.75, 14.80924, 4.69275],
			"to": [9.75, 17.05924, 6.19275],
			"rotation": {"angle": -22.5, "axis": "z", "origin": [8, 13.80924, -7.80725]},
			"faces": {
				"north": {"uv": [0, 0, 0, 1.5], "texture": "#2"},
				"east": {"uv": [2, 13.75, 0, 16], "texture": "#2"},
				"south": {"uv": [0, 0, 0, 1.5], "texture": "#2"},
				"west": {"uv": [0, 13.75, 2, 16], "texture": "#2"},
				"up": {"uv": [0, 1.25, 0, 0], "texture": "#2"},
				"down": {"uv": [0, 0, 0, 1.25], "texture": "#2"}
			}
		}
	],
	"display": {
		"gui": {
			"rotation": [30, 225, 0],
			"translation": [2.25, -1.25, 0],
			"scale": [0.625, 0.625, 0.625]
		},
		"head": {
			"translation": [0, -75, 17.25],
			"scale": [4, 4, 4]
		}
	},
	"groups": [
		{
			"name": "body",
			"origin": [8, 8, 8],
			"color": 1,
			"children": [0, 1, 2, 3, 4, 5]
		},
		{
			"name": "legs",
			"origin": [8, 8, 8],
			"color": 0,
			"children": [
				{
					"name": "1",
					"origin": [8, 8, 8],
					"color": 0,
					"children": [6, 7]
				},
				{
					"name": "2",
					"origin": [8, 8, 8],
					"color": 0,
					"children": [8, 9, 10]
				},
				{
					"name": "3",
					"origin": [8, 8, 8],
					"color": 0,
					"children": [11, 12]
				},
				{
					"name": "4",
					"origin": [8, 8, 8],
					"color": 0,
					"children": [13, 14, 15]
				}
			]
		},
		{
			"name": "head",
			"origin": [8, 8, 8],
			"color": 3,
			"children": [16, 17]
		},
		{
			"name": "neck",
			"origin": [8, 8, 8],
			"color": 1,
			"children": [18, 19]
		},
		{
			"name": "body_armor",
			"origin": [8, 12, 30],
			"color": 0,
			"children": [
				{
					"name": "thagomizers",
					"origin": [8, 8, 8],
					"color": 0,
					"children": [
						20,
						{
							"name": "5_spikes",
							"origin": [8, 6.86053, 7.2275],
							"color": 0,
							"children": [21, 22, 23, 24]
						},
						25,
						26,
						{
							"name": "3_spikes",
							"origin": [8, 6.86053, 7.2275],
							"color": 0,
							"children": [27, 28, 29, 30]
						},
						31,
						32,
						{
							"name": "5_spikes",
							"origin": [6.80298, 6.86053, 7.2275],
							"color": 0,
							"children": [33, 34, 35, 36]
						}
					]
				},
				{
					"name": "plates",
					"origin": [8, 8, 8],
					"color": 0,
					"children": [
						37,
						38,
						39,
						{
							"name": "middle",
							"origin": [9.42665, 8, 8],
							"color": 0,
							"children": [40, 41, 42, 43, 44]
						}
					]
				},
				{
					"name": "plates_small",
					"origin": [8, 12, 30],
					"color": 0,
					"children": [
						{
							"name": "back",
							"origin": [8, 12, 30],
							"color": 0,
							"children": [
								{
									"name": "left",
									"origin": [8, 12, 30],
									"color": 0,
									"children": [45, 46, 47, 48, 49, 50]
								},
								{
									"name": "right",
									"origin": [8, 12, 30],
									"color": 0,
									"children": [51, 52, 53, 54, 55, 56]
								}
							]
						},
						{
							"name": "tail",
							"origin": [8, 12, 30],
							"color": 0,
							"children": []
						}
					]
				}
			]
		}
	]
}