{
	"credit": "Made with Blockbench",
	"texture_size": [56, 56],
	"textures": {
		"1": "krmc:krmc_mobs/carnotaurus_female",
		"2": "krmc:krmc_mobs/carnotaurus_female_animations",
		"particle": "krmc:krmc_mobs/carnotaurus_female"
	},
	"elements": [
		{
			"from": [6.1874, 10.77622, -8.3191],
			"to": [9.8126, 18.83222, -4.2911],
			"rotation": {"angle": -22.5, "axis": "x", "origin": [8, 14.80422, -6.3051]},
			"faces": {
				"north": {"uv": [6, 8.28571, 7.14286, 10.71429], "texture": "#1"},
				"east": {"uv": [7.14286, 9.14286, 8.28571, 11.57143], "texture": "#1"},
				"south": {"uv": [8.28571, 9.14286, 9.42857, 11.57143], "texture": "#1"},
				"west": {"uv": [1.71429, 9.42857, 2.85714, 11.85714], "texture": "#1"},
				"up": {"uv": [5.42857, 8, 4.28571, 6.85714], "texture": "#1"},
				"down": {"uv": [2, 12, 0.85714, 13.14286], "texture": "#1"}
			}
		},
		{
			"name": "jaw",
			"from": [6.993, 15.52152, -14.98134],
			"to": [9.007, 18.54252, -11.96034],
			"rotation": {"angle": 0, "axis": "x", "origin": [7.70282, 9.7185, 6.743]},
			"faces": {
				"north": {"uv": [8.57143, 0, 9.14286, 0.85714], "texture": "#1"},
				"east": {"uv": [2, 12, 2.85714, 12.85714], "texture": "#1"},
				"south": {"uv": [8.57143, 0.85714, 9.14286, 1.71429], "texture": "#1"},
				"west": {"uv": [3.71429, 12.28571, 4.57143, 13.14286], "texture": "#1"},
				"up": {"uv": [1.71429, 11.14286, 1.14286, 10.28571], "texture": "#1"},
				"down": {"uv": [7.14286, 10.85714, 6.57143, 11.71429], "texture": "#1"}
			}
		},
		{
			"name": "skull_main",
			"from": [5.986, 15.52152, -11.96034],
			"to": [10.014, 18.54252, -7.93234],
			"rotation": {"angle": 0, "axis": "x", "origin": [7.70282, 9.7185, 6.743]},
			"faces": {
				"north": {"uv": [12, 9.14286, 13.14286, 10], "texture": "#1"},
				"east": {"uv": [12, 10, 13.14286, 10.85714], "texture": "#1"},
				"south": {"uv": [12, 10.85714, 13.14286, 11.71429], "texture": "#1"},
				"west": {"uv": [12, 11.71429, 13.14286, 12.57143], "texture": "#1"},
				"up": {"uv": [13.14286, 6.85714, 12, 5.71429], "texture": "#1"},
				"down": {"uv": [13.14286, 6.85714, 12, 8], "texture": "#1"}
			}
		},
		{
			"name": "skull_main",
			"from": [6.0867, 19.97902, -8.51079],
			"to": [9.9133, 20.98602, -4.48279],
			"rotation": {"angle": -22.5, "axis": "x", "origin": [7.70282, 9.7185, 6.743]},
			"faces": {
				"north": {"uv": [4.28571, 8, 5.42857, 8.28571], "texture": "#1"},
				"east": {"uv": [12.57143, 2.85714, 13.71429, 3.14286], "texture": "#1"},
				"south": {"uv": [12.57143, 3.14286, 13.71429, 3.42857], "texture": "#1"},
				"west": {"uv": [12.57143, 3.42857, 13.71429, 3.71429], "texture": "#1"},
				"up": {"uv": [13.14286, 9.14286, 12, 8], "texture": "#1"},
				"down": {"uv": [10.28571, 12, 9.14286, 13.14286], "texture": "#1"}
			}
		},
		{
			"name": "jaw",
			"from": [7.0937, 19.97902, -11.53179],
			"to": [8.9063, 20.98602, -8.51079],
			"rotation": {"angle": -22.5, "axis": "x", "origin": [7.70282, 9.7185, 6.743]},
			"faces": {
				"north": {"uv": [13.14286, 4.28571, 13.71429, 4.57143], "texture": "#1"},
				"east": {"uv": [12.57143, 3.71429, 13.42857, 4], "texture": "#1"},
				"south": {"uv": [4.57143, 13.14286, 5.14286, 13.42857], "texture": "#1"},
				"west": {"uv": [11.14286, 12.57143, 12, 12.85714], "texture": "#1"},
				"up": {"uv": [1.71429, 12, 1.14286, 11.14286], "texture": "#1"},
				"down": {"uv": [13.14286, 0.85714, 12.57143, 1.71429], "texture": "#1"}
			}
		},
		{
			"name": "horn_left",
			"from": [9.39071, 18.37951, -11.85964],
			"to": [9.89421, 19.38651, -10.34914],
			"rotation": {"angle": 22.5, "axis": "z", "origin": [7.70282, 9.7185, 6.743]},
			"faces": {
				"north": {"uv": [7.14286, 8.85714, 7.28571, 9.14286], "texture": "#1"},
				"east": {"uv": [13.14286, 4.57143, 13.57143, 4.85714], "texture": "#1"},
				"south": {"uv": [4, 10, 4.14286, 10.28571], "texture": "#1"},
				"west": {"uv": [13.14286, 4.85714, 13.57143, 5.14286], "texture": "#1"},
				"up": {"uv": [1.85714, 9.28571, 1.71429, 8.85714], "texture": "#1"},
				"down": {"uv": [3, 9.42857, 2.85714, 9.85714], "texture": "#1"}
			}
		},
		{
			"name": "horn_right",
			"from": [6.10579, 18.37951, -11.85964],
			"to": [6.60929, 19.38651, -10.34914],
			"rotation": {"angle": -22.5, "axis": "z", "origin": [8.29718, 9.7185, 6.743]},
			"faces": {
				"north": {"uv": [9.14286, 11.71429, 9.28571, 12], "texture": "#1"},
				"east": {"uv": [5.14286, 13.14286, 5.57143, 13.42857], "texture": "#1"},
				"south": {"uv": [5.42857, 12.28571, 5.57143, 12.57143], "texture": "#1"},
				"west": {"uv": [13.14286, 5.14286, 13.57143, 5.42857], "texture": "#1"},
				"up": {"uv": [5.85714, 10.71429, 5.71429, 10.28571], "texture": "#1"},
				"down": {"uv": [3.85714, 11.71429, 3.71429, 12.14286], "texture": "#1"}
			}
		},
		{
			"name": "torso_main",
			"from": [4.979, 8.06183, -0.73566],
			"to": [11.021, 15.11083, 10.34134],
			"rotation": {"angle": 0, "axis": "y", "origin": [7.70282, 9.7185, 6.743]},
			"faces": {
				"north": {"uv": [5.42857, 1.71429, 7.28571, 3.85714], "texture": "#1"},
				"east": {"uv": [0, 0, 3.28571, 2.14286], "texture": "#1"},
				"south": {"uv": [5.42857, 4, 7.28571, 6.14286], "texture": "#1"},
				"west": {"uv": [0, 2.28571, 3.28571, 4.42857], "texture": "#1"},
				"up": {"uv": [5.28571, 3.28571, 3.42857, 0], "texture": "#1"},
				"down": {"uv": [5.28571, 3.42857, 3.42857, 6.71429], "texture": "#1"}
			}
		},
		{
			"name": "torso_main2",
			"from": [4.979, 9.06883, -5.77066],
			"to": [11.021, 15.11083, -0.73566],
			"rotation": {"angle": 0, "axis": "y", "origin": [7.70282, 9.7185, 6.743]},
			"faces": {
				"north": {"uv": [0, 6.28571, 1.85714, 8.14286], "texture": "#1"},
				"east": {"uv": [7.42857, 1.71429, 9, 3.57143], "texture": "#1"},
				"south": {"uv": [5.42857, 6.28571, 7.28571, 8.14286], "texture": "#1"},
				"west": {"uv": [7.42857, 3.71429, 9, 5.57143], "texture": "#1"},
				"up": {"uv": [9.28571, 7.28571, 7.42857, 5.71429], "texture": "#1"},
				"down": {"uv": [9.28571, 7.42857, 7.42857, 9], "texture": "#1"}
			}
		},
		{
			"name": "tail1",
			"from": [5.986, 10.07583, 10.34134],
			"to": [10.014, 15.11083, 20.24034],
			"rotation": {"angle": 0, "axis": "y", "origin": [7.70282, 9.7185, 6.743]},
			"faces": {
				"north": {"uv": [2.85714, 10, 4, 11.57143], "texture": "#1"},
				"east": {"uv": [0, 4.57143, 3, 6.14286], "texture": "#1"},
				"south": {"uv": [0, 10.28571, 1.14286, 11.85714], "texture": "#1"},
				"west": {"uv": [5.42857, 0, 8.42857, 1.57143], "texture": "#1"},
				"up": {"uv": [3.14286, 9.28571, 2, 6.28571], "texture": "#1"},
				"down": {"uv": [4.28571, 6.85714, 3.14286, 9.85714], "texture": "#1"}
			}
		},
		{
			"name": "tail1",
			"from": [6.4895, 12.08983, 20.24034],
			"to": [9.5105, 15.11083, 30.08234],
			"rotation": {"angle": 0, "axis": "y", "origin": [7.19932, 9.7185, 6.743]},
			"faces": {
				"north": {"uv": [12.28571, 4, 13.14286, 4.85714], "texture": "#1"},
				"east": {"uv": [9.14286, 4, 12.14286, 4.85714], "texture": "#1"},
				"south": {"uv": [4.57143, 12.28571, 5.42857, 13.14286], "texture": "#1"},
				"west": {"uv": [9.14286, 4.85714, 12.14286, 5.71429], "texture": "#1"},
				"up": {"uv": [10.28571, 8.71429, 9.42857, 5.71429], "texture": "#1"},
				"down": {"uv": [10.28571, 8.85714, 9.42857, 11.85714], "texture": "#1"}
			}
		},
		{
			"name": "toes",
			"from": [9.70423, 0.00583, 1.27834],
			"to": [12.72523, 1.01283, 6.81684],
			"rotation": {"angle": 22.5, "axis": "x", "origin": [7.70282, 11.6185, 3.893]},
			"faces": {
				"north": {"uv": [13.14286, 1.42857, 14, 1.71429], "texture": "#2"},
				"east": {"uv": [12.57143, 1.71429, 14.28571, 2], "texture": "#2"},
				"south": {"uv": [1.71429, 13.14286, 2.57143, 13.42857], "texture": "#2"},
				"west": {"uv": [12.57143, 2, 14.28571, 2.28571], "texture": "#2"},
				"up": {"uv": [12, 7.42857, 11.14286, 5.71429], "texture": "#2"},
				"down": {"uv": [12, 7.42857, 11.14286, 9.14286], "texture": "#2"}
			}
		},
		{
			"name": "lower_leg",
			"from": [10.10703, 1.01283, 3.79584],
			"to": [12.37278, 7.79583, 6.81684],
			"rotation": {"angle": 22.5, "axis": "x", "origin": [7.70282, 11.6185, 3.893]},
			"faces": {
				"north": {"uv": [11.71429, 0, 12.42857, 2], "texture": "#2"},
				"east": {"uv": [4, 10.28571, 4.85714, 12.28571], "texture": "#2"},
				"south": {"uv": [11.71429, 2, 12.42857, 4], "texture": "#2"},
				"west": {"uv": [4.85714, 10.28571, 5.71429, 12.28571], "texture": "#2"},
				"up": {"uv": [13, 5.71429, 12.28571, 4.85714], "texture": "#2"}
			}
		},
		{
			"name": "upper_leg",
			"from": [9.70423, 7.05483, 1.27834],
			"to": [12.72523, 13.09683, 6.31334],
			"rotation": {"angle": 22.5, "axis": "x", "origin": [7.70282, 11.6185, 3.893]},
			"faces": {
				"north": {"uv": [10.28571, 9.71429, 11.14286, 11.57143], "texture": "#2"},
				"east": {"uv": [0, 8.28571, 1.57143, 10.14286], "texture": "#2"},
				"south": {"uv": [10.85714, 0, 11.71429, 1.85714], "texture": "#2"},
				"west": {"uv": [4.28571, 8.28571, 5.85714, 10.14286], "texture": "#2"},
				"up": {"uv": [8.28571, 13.28571, 7.42857, 11.71429], "texture": "#2"},
				"down": {"uv": [9.14286, 11.71429, 8.28571, 13.28571], "texture": "#2"}
			}
		},
		{
			"name": "toes",
			"from": [9.70423, 0.00583, 1.27834],
			"to": [12.72523, 1.01283, 6.81684],
			"rotation": {"angle": -22.5, "axis": "x", "origin": [7.70282, 11.6185, 3.893]},
			"faces": {
				"north": {"uv": [4.57143, 13.14286, 3.71429, 13.42857], "texture": "#2"},
				"east": {"uv": [14.28571, 2.57143, 12.57143, 2.85714], "texture": "#2"},
				"south": {"uv": [14, 4, 13.14286, 4.28571], "texture": "#2"},
				"west": {"uv": [14.28571, 2.28571, 12.57143, 2.57143], "texture": "#2"},
				"up": {"uv": [11.14286, 10.85714, 12, 9.14286], "texture": "#2"},
				"down": {"uv": [11.14286, 10.85714, 12, 12.57143], "texture": "#2"}
			}
		},
		{
			"name": "lower_leg",
			"from": [10.10703, 1.01283, 3.79584],
			"to": [12.37278, 7.79583, 6.81684],
			"rotation": {"angle": -22.5, "axis": "x", "origin": [7.70282, 11.6185, 3.893]},
			"faces": {
				"north": {"uv": [3.57143, 11.71429, 2.85714, 13.71429], "texture": "#2"},
				"east": {"uv": [11.14286, 7.71429, 10.28571, 9.71429], "texture": "#2"},
				"south": {"uv": [7.28571, 11.71429, 6.57143, 13.71429], "texture": "#2"},
				"west": {"uv": [11.14286, 5.71429, 10.28571, 7.71429], "texture": "#2"},
				"up": {"uv": [12.57143, 0.85714, 13.28571, 0], "texture": "#2"}
			}
		},
		{
			"name": "upper_leg",
			"from": [9.70423, 7.05483, 1.27834],
			"to": [12.72523, 13.09683, 6.31334],
			"rotation": {"angle": -22.5, "axis": "x", "origin": [7.70282, 11.6185, 3.893]},
			"faces": {
				"north": {"uv": [11.71429, 2, 10.85714, 3.85714], "texture": "#2"},
				"east": {"uv": [10.71429, 2, 9.14286, 3.85714], "texture": "#2"},
				"south": {"uv": [6.57143, 10.85714, 5.71429, 12.71429], "texture": "#2"},
				"west": {"uv": [10.71429, 0, 9.14286, 1.85714], "texture": "#2"},
				"up": {"uv": [10.28571, 13.28571, 11.14286, 11.71429], "texture": "#2"},
				"down": {"uv": [0, 12, 0.85714, 13.57143], "texture": "#2"}
			}
		},
		{
			"name": "toes",
			"from": [3.27477, 0.00583, 1.27834],
			"to": [6.29577, 1.01283, 6.81684],
			"rotation": {"angle": 22.5, "axis": "x", "origin": [8.29718, 11.6185, 3.893]},
			"faces": {
				"north": {"uv": [3.71429, 13.14286, 4.57143, 13.42857], "texture": "#2"},
				"east": {"uv": [12.57143, 2.28571, 14.28571, 2.57143], "texture": "#2"},
				"south": {"uv": [13.14286, 4, 14, 4.28571], "texture": "#2"},
				"west": {"uv": [12.57143, 2.57143, 14.28571, 2.85714], "texture": "#2"},
				"up": {"uv": [12, 10.85714, 11.14286, 9.14286], "texture": "#2"},
				"down": {"uv": [12, 10.85714, 11.14286, 12.57143], "texture": "#2"}
			}
		},
		{
			"name": "lower_leg",
			"from": [3.62722, 1.01283, 3.79584],
			"to": [5.89297, 7.79583, 6.81684],
			"rotation": {"angle": 22.5, "axis": "x", "origin": [8.29718, 11.6185, 3.893]},
			"faces": {
				"north": {"uv": [2.85714, 11.71429, 3.57143, 13.71429], "texture": "#2"},
				"east": {"uv": [10.28571, 5.71429, 11.14286, 7.71429], "texture": "#2"},
				"south": {"uv": [6.57143, 11.71429, 7.28571, 13.71429], "texture": "#2"},
				"west": {"uv": [10.28571, 7.71429, 11.14286, 9.71429], "texture": "#2"},
				"up": {"uv": [13.28571, 0.85714, 12.57143, 0], "texture": "#2"}
			}
		},
		{
			"name": "upper_leg",
			"from": [3.27477, 7.05483, 1.27834],
			"to": [6.29577, 13.09683, 6.31334],
			"rotation": {"angle": 22.5, "axis": "x", "origin": [8.29718, 11.6185, 3.893]},
			"faces": {
				"north": {"uv": [10.85714, 2, 11.71429, 3.85714], "texture": "#2"},
				"east": {"uv": [9.14286, 0, 10.71429, 1.85714], "texture": "#2"},
				"south": {"uv": [5.71429, 10.85714, 6.57143, 12.71429], "texture": "#2"},
				"west": {"uv": [9.14286, 2, 10.71429, 3.85714], "texture": "#2"},
				"up": {"uv": [11.14286, 13.28571, 10.28571, 11.71429], "texture": "#2"},
				"down": {"uv": [0.85714, 12, 0, 13.57143], "texture": "#2"}
			}
		},
		{
			"name": "toes",
			"from": [3.27477, 0.00583, 1.27834],
			"to": [6.29577, 1.01283, 6.81684],
			"rotation": {"angle": -22.5, "axis": "x", "origin": [8.29718, 11.6185, 3.893]},
			"faces": {
				"north": {"uv": [14, 1.42857, 13.14286, 1.71429], "texture": "#2"},
				"east": {"uv": [14.28571, 2, 12.57143, 2.28571], "texture": "#2"},
				"south": {"uv": [2.57143, 13.14286, 1.71429, 13.42857], "texture": "#2"},
				"west": {"uv": [14.28571, 1.71429, 12.57143, 2], "texture": "#2"},
				"up": {"uv": [11.14286, 7.42857, 12, 5.71429], "texture": "#2"},
				"down": {"uv": [11.14286, 7.42857, 12, 9.14286], "texture": "#2"}
			}
		},
		{
			"name": "lower_leg",
			"from": [3.62722, 1.01283, 3.79584],
			"to": [5.89297, 7.79583, 6.81684],
			"rotation": {"angle": -22.5, "axis": "x", "origin": [8.29718, 11.6185, 3.893]},
			"faces": {
				"north": {"uv": [12.42857, 0, 11.71429, 2], "texture": "#2"},
				"east": {"uv": [5.71429, 10.28571, 4.85714, 12.28571], "texture": "#2"},
				"south": {"uv": [12.42857, 2, 11.71429, 4], "texture": "#2"},
				"west": {"uv": [4.85714, 10.28571, 4, 12.28571], "texture": "#2"},
				"up": {"uv": [12.28571, 5.71429, 13, 4.85714], "texture": "#2"}
			}
		},
		{
			"name": "upper_leg",
			"from": [3.27477, 7.05483, 1.27834],
			"to": [6.29577, 13.09683, 6.31334],
			"rotation": {"angle": -22.5, "axis": "x", "origin": [8.29718, 11.6185, 3.893]},
			"faces": {
				"north": {"uv": [11.14286, 9.71429, 10.28571, 11.57143], "texture": "#2"},
				"east": {"uv": [5.85714, 8.28571, 4.28571, 10.14286], "texture": "#2"},
				"south": {"uv": [11.71429, 0, 10.85714, 1.85714], "texture": "#2"},
				"west": {"uv": [1.57143, 8.28571, 0, 10.14286], "texture": "#2"},
				"up": {"uv": [7.42857, 13.28571, 8.28571, 11.71429], "texture": "#2"},
				"down": {"uv": [8.28571, 11.71429, 9.14286, 13.28571], "texture": "#2"}
			}
		},
		{
			"name": "frame1",
			"from": [10.26697, 8.91778, -4.53041],
			"to": [11.27397, 9.92478, -1.50941],
			"rotation": {"angle": 22.5, "axis": "y", "origin": [10.6125, 9.2435, -4.182]},
			"faces": {
				"north": {"uv": [2, 8.57143, 1.71429, 8.85714], "texture": "#1"},
				"east": {"uv": [14, 1.14286, 13.14286, 1.42857], "texture": "#1"},
				"south": {"uv": [7.42857, 8.57143, 7.14286, 8.85714], "texture": "#1"},
				"west": {"uv": [14, 0.85714, 13.14286, 1.14286], "texture": "#1"},
				"up": {"uv": [3.14286, 5.42857, 3.42857, 4.57143], "texture": "#1"},
				"down": {"uv": [3.14286, 5.42857, 3.42857, 6.28571], "texture": "#1"}
			}
		},
		{
			"name": "frame1",
			"from": [4.72603, 8.91778, -4.53041],
			"to": [5.73303, 9.92478, -1.50941],
			"rotation": {"angle": -22.5, "axis": "y", "origin": [5.3875, 9.2435, -4.182]},
			"faces": {
				"north": {"uv": [1.71429, 8.57143, 2, 8.85714], "texture": "#1"},
				"east": {"uv": [13.14286, 0.85714, 14, 1.14286], "texture": "#1"},
				"south": {"uv": [7.14286, 8.57143, 7.42857, 8.85714], "texture": "#1"},
				"west": {"uv": [13.14286, 1.14286, 14, 1.42857], "texture": "#1"},
				"up": {"uv": [3.42857, 5.42857, 3.14286, 4.57143], "texture": "#1"},
				"down": {"uv": [3.42857, 5.42857, 3.14286, 6.28571], "texture": "#1"}
			}
		}
	],
	"display": {
		"gui": {
			"rotation": [30, 225, 0]
		},
		"head": {
			"translation": [0, -54.5, 5.5],
			"scale": [3, 3, 3]
		},
		"fixed": {
			"translation": [0, 39.75, 10.75],
			"scale": [3.25, 3.25, 3.24805]
		}
	},
	"groups": [
		{
			"name": "head",
			"origin": [7.69239, 8, 8],
			"color": 0,
			"children": [
				{
					"name": "neck",
					"origin": [7.69239, 8, 8],
					"color": 0,
					"children": [0]
				},
				{
					"name": "skull",
					"origin": [8, 8, 8],
					"color": 8,
					"children": [
						1,
						2,
						{
							"name": "lowerjaw",
							"origin": [8, 17.29267, -7.4266],
							"color": 0,
							"children": [3, 4]
						},
						5,
						6
					]
				}
			]
		},
		{
			"name": "torso",
			"origin": [8, 8, 8],
			"color": 0,
			"children": [
				7,
				8,
				{
					"name": "tail",
					"origin": [8, 8, 8],
					"color": 9,
					"children": [9, 10]
				}
			]
		},
		{
			"name": "leg2",
			"origin": [8, 8, 8],
			"color": 1,
			"children": [
				11,
				12,
				13,
				{
					"name": "leg1",
					"origin": [8, 8, 8],
					"color": 1,
					"children": [14, 15, 16]
				}
			]
		},
		{
			"name": "leg1",
			"origin": [8, 8, 8],
			"color": 1,
			"children": [
				17,
				18,
				19,
				{
					"name": "leg2",
					"origin": [8, 8, 8],
					"color": 1,
					"children": [20, 21, 22]
				}
			]
		},
		{
			"name": "arm2",
			"origin": [8, 8, 8],
			"color": 0,
			"children": [23]
		},
		{
			"name": "arm1",
			"origin": [8, 8, 8],
			"color": 0,
			"children": [24]
		}
	]
}