{
	"credit": "Made with Blockbench",
	"texture_size": [56, 56],
	"textures": {
		"0": "krmc:krmc_mobs/carnotaurus_male",
		"1": "krmc:krmc_mobs/carnotaurus_male_animations",
		"particle": "krmc:krmc_mobs/carnotaurus_male"
	},
	"elements": [
		{
			"from": [6.092, 11.34339, -8.91484],
			"to": [9.908, 19.82339, -4.67484],
			"rotation": {"angle": -22.5, "axis": "x", "origin": [8, 15.58339, -6.79484]},
			"faces": {
				"north": {"uv": [6, 8.28571, 7.14286, 10.71429], "texture": "#0"},
				"east": {"uv": [7.14286, 9.14286, 8.28571, 11.57143], "texture": "#0"},
				"south": {"uv": [8.28571, 9.14286, 9.42857, 11.57143], "texture": "#0"},
				"west": {"uv": [1.71429, 9.42857, 2.85714, 11.85714], "texture": "#0"},
				"up": {"uv": [5.42857, 8, 4.28571, 6.85714], "texture": "#0"},
				"down": {"uv": [2, 12, 0.85714, 13.14286], "texture": "#0"}
			}
		},
		{
			"name": "jaw",
			"from": [6.94, 16.33844, -15.92773],
			"to": [9.06, 19.51844, -12.74773],
			"rotation": {"angle": 0, "axis": "x", "origin": [7.68718, 10.23, 6.94]},
			"faces": {
				"north": {"uv": [8.57143, 0, 9.14286, 0.85714], "texture": "#0"},
				"east": {"uv": [2, 12, 2.85714, 12.85714], "texture": "#0"},
				"south": {"uv": [8.57143, 0.85714, 9.14286, 1.71429], "texture": "#0"},
				"west": {"uv": [3.71429, 12.28571, 4.57143, 13.14286], "texture": "#0"},
				"up": {"uv": [1.71429, 11.14286, 1.14286, 10.28571], "texture": "#0"},
				"down": {"uv": [7.14286, 10.85714, 6.57143, 11.71429], "texture": "#0"}
			}
		},
		{
			"name": "skull_main",
			"from": [5.88, 16.33844, -12.74773],
			"to": [10.12, 19.51844, -8.50773],
			"rotation": {"angle": 0, "axis": "x", "origin": [7.68718, 10.23, 6.94]},
			"faces": {
				"north": {"uv": [12, 9.14286, 13.14286, 10], "texture": "#0"},
				"east": {"uv": [12, 10, 13.14286, 10.85714], "texture": "#0"},
				"south": {"uv": [12, 10.85714, 13.14286, 11.71429], "texture": "#0"},
				"west": {"uv": [12, 11.71429, 13.14286, 12.57143], "texture": "#0"},
				"up": {"uv": [13.14286, 6.85714, 12, 5.71429], "texture": "#0"},
				"down": {"uv": [13.14286, 6.85714, 12, 8], "texture": "#0"}
			}
		},
		{
			"name": "skull_main",
			"from": [5.986, 21.03055, -9.11662],
			"to": [10.014, 22.09055, -4.87662],
			"rotation": {"angle": -22.5, "axis": "x", "origin": [7.68718, 10.23, 6.94]},
			"faces": {
				"north": {"uv": [4.28571, 8, 5.42857, 8.28571], "texture": "#0"},
				"east": {"uv": [12.57143, 2.85714, 13.71429, 3.14286], "texture": "#0"},
				"south": {"uv": [12.57143, 3.14286, 13.71429, 3.42857], "texture": "#0"},
				"west": {"uv": [12.57143, 3.42857, 13.71429, 3.71429], "texture": "#0"},
				"up": {"uv": [13.14286, 9.14286, 12, 8], "texture": "#0"},
				"down": {"uv": [10.28571, 12, 9.14286, 13.14286], "texture": "#0"}
			}
		},
		{
			"name": "jaw",
			"from": [7.046, 21.03055, -12.29662],
			"to": [8.954, 22.09055, -9.11662],
			"rotation": {"angle": -22.5, "axis": "x", "origin": [7.68718, 10.23, 6.94]},
			"faces": {
				"north": {"uv": [13.14286, 4.28571, 13.71429, 4.57143], "texture": "#0"},
				"east": {"uv": [12.57143, 3.71429, 13.42857, 4], "texture": "#0"},
				"south": {"uv": [4.57143, 13.14286, 5.14286, 13.42857], "texture": "#0"},
				"west": {"uv": [11.14286, 12.57143, 12, 12.85714], "texture": "#0"},
				"up": {"uv": [1.71429, 12, 1.14286, 11.14286], "texture": "#0"},
				"down": {"uv": [13.14286, 0.85714, 12.57143, 1.71429], "texture": "#0"}
			}
		},
		{
			"name": "horn_left",
			"from": [9.46391, 19.34685, -12.64173],
			"to": [9.99391, 20.40685, -11.05173],
			"rotation": {"angle": 22.5, "axis": "z", "origin": [7.68718, 10.23, 6.94]},
			"faces": {
				"north": {"uv": [7.14286, 8.85714, 7.28571, 9.14286], "texture": "#0"},
				"east": {"uv": [13.14286, 4.57143, 13.57143, 4.85714], "texture": "#0"},
				"south": {"uv": [4, 10, 4.14286, 10.28571], "texture": "#0"},
				"west": {"uv": [13.14286, 4.85714, 13.57143, 5.14286], "texture": "#0"},
				"up": {"uv": [1.85714, 9.28571, 1.71429, 8.85714], "texture": "#0"},
				"down": {"uv": [3, 9.42857, 2.85714, 9.85714], "texture": "#0"}
			}
		},
		{
			"name": "horn_right",
			"from": [6.00609, 19.34685, -12.64173],
			"to": [6.53609, 20.40685, -11.05173],
			"rotation": {"angle": -22.5, "axis": "z", "origin": [8.31282, 10.23, 6.94]},
			"faces": {
				"north": {"uv": [9.14286, 11.71429, 9.28571, 12], "texture": "#0"},
				"east": {"uv": [5.14286, 13.14286, 5.57143, 13.42857], "texture": "#0"},
				"south": {"uv": [5.42857, 12.28571, 5.57143, 12.57143], "texture": "#0"},
				"west": {"uv": [13.14286, 5.14286, 13.57143, 5.42857], "texture": "#0"},
				"up": {"uv": [5.85714, 10.71429, 5.71429, 10.28571], "texture": "#0"},
				"down": {"uv": [3.85714, 11.71429, 3.71429, 12.14286], "texture": "#0"}
			}
		},
		{
			"name": "torso_main",
			"from": [4.82, 8.48614, -0.93227],
			"to": [11.18, 15.90614, 10.72773],
			"rotation": {"angle": 0, "axis": "y", "origin": [7.68718, 10.23, 6.94]},
			"faces": {
				"north": {"uv": [5.42857, 1.71429, 7.28571, 3.85714], "texture": "#0"},
				"east": {"uv": [0, 0, 3.28571, 2.14286], "texture": "#0"},
				"south": {"uv": [5.42857, 4, 7.28571, 6.14286], "texture": "#0"},
				"west": {"uv": [0, 2.28571, 3.28571, 4.42857], "texture": "#0"},
				"up": {"uv": [5.28571, 3.28571, 3.42857, 0], "texture": "#0"},
				"down": {"uv": [5.28571, 3.42857, 3.42857, 6.71429], "texture": "#0"}
			}
		},
		{
			"name": "torso_main2",
			"from": [4.82, 9.54614, -6.23227],
			"to": [11.18, 15.90614, -0.93227],
			"rotation": {"angle": 0, "axis": "y", "origin": [7.68718, 10.23, 6.94]},
			"faces": {
				"north": {"uv": [0, 6.28571, 1.85714, 8.14286], "texture": "#0"},
				"east": {"uv": [7.42857, 1.71429, 9, 3.57143], "texture": "#0"},
				"south": {"uv": [5.42857, 6.28571, 7.28571, 8.14286], "texture": "#0"},
				"west": {"uv": [7.42857, 3.71429, 9, 5.57143], "texture": "#0"},
				"up": {"uv": [9.28571, 7.28571, 7.42857, 5.71429], "texture": "#0"},
				"down": {"uv": [9.28571, 7.42857, 7.42857, 9], "texture": "#0"}
			}
		},
		{
			"name": "tail1",
			"from": [5.88, 10.60614, 10.72773],
			"to": [10.12, 15.90614, 21.14773],
			"rotation": {"angle": 0, "axis": "y", "origin": [7.68718, 10.23, 6.94]},
			"faces": {
				"north": {"uv": [2.85714, 10, 4, 11.57143], "texture": "#0"},
				"east": {"uv": [0, 4.57143, 3, 6.14286], "texture": "#0"},
				"south": {"uv": [0, 10.28571, 1.14286, 11.85714], "texture": "#0"},
				"west": {"uv": [5.42857, 0, 8.42857, 1.57143], "texture": "#0"},
				"up": {"uv": [3.14286, 9.28571, 2, 6.28571], "texture": "#0"},
				"down": {"uv": [4.28571, 6.85714, 3.14286, 9.85714], "texture": "#0"}
			}
		},
		{
			"name": "tail1",
			"from": [6.41, 12.72614, 21.14773],
			"to": [9.59, 15.90614, 31.50773],
			"rotation": {"angle": 0, "axis": "y", "origin": [7.15718, 10.23, 6.94]},
			"faces": {
				"north": {"uv": [12.28571, 4, 13.14286, 4.85714], "texture": "#0"},
				"east": {"uv": [9.14286, 4, 12.14286, 4.85714], "texture": "#0"},
				"south": {"uv": [4.57143, 12.28571, 5.42857, 13.14286], "texture": "#0"},
				"west": {"uv": [9.14286, 4.85714, 12.14286, 5.71429], "texture": "#0"},
				"up": {"uv": [10.28571, 8.71429, 9.42857, 5.71429], "texture": "#0"},
				"down": {"uv": [10.28571, 8.85714, 9.42857, 11.85714], "texture": "#0"}
			}
		},
		{
			"name": "toes",
			"from": [3.02607, 0.00614, 1.18773],
			"to": [6.20607, 1.06614, 7.01773],
			"rotation": {"angle": -22.5, "axis": "x", "origin": [8.31282, 12.23, 3.94]},
			"faces": {
				"north": {"uv": [3.71429, 13.14286, 4.57143, 13.42857], "texture": "#1"},
				"east": {"uv": [12.57143, 2.28571, 14.28571, 2.57143], "texture": "#1"},
				"south": {"uv": [13.14286, 4, 14, 4.28571], "texture": "#1"},
				"west": {"uv": [12.57143, 2.57143, 14.28571, 2.85714], "texture": "#1"},
				"up": {"uv": [12, 10.85714, 11.14286, 9.14286], "texture": "#1"},
				"down": {"uv": [12, 10.85714, 11.14286, 12.57143], "texture": "#1"}
			}
		},
		{
			"name": "lower_leg",
			"from": [3.39707, 1.06614, 3.83773],
			"to": [5.78207, 8.20614, 7.01773],
			"rotation": {"angle": -22.5, "axis": "x", "origin": [8.31282, 12.23, 3.94]},
			"faces": {
				"north": {"uv": [2.85714, 11.71429, 3.57143, 13.71429], "texture": "#1"},
				"east": {"uv": [10.28571, 5.71429, 11.14286, 7.71429], "texture": "#1"},
				"south": {"uv": [6.57143, 11.71429, 7.28571, 13.71429], "texture": "#1"},
				"west": {"uv": [10.28571, 7.71429, 11.14286, 9.71429], "texture": "#1"},
				"up": {"uv": [13.28571, 0.85714, 12.57143, 0], "texture": "#1"}
			}
		},
		{
			"name": "upper_leg",
			"from": [3.02607, 7.42614, 1.18773],
			"to": [6.20607, 13.78614, 6.48773],
			"rotation": {"angle": -22.5, "axis": "x", "origin": [8.31282, 12.23, 3.94]},
			"faces": {
				"north": {"uv": [10.85714, 2, 11.71429, 3.85714], "texture": "#1"},
				"east": {"uv": [9.14286, 0, 10.71429, 1.85714], "texture": "#1"},
				"south": {"uv": [5.71429, 10.85714, 6.57143, 12.71429], "texture": "#1"},
				"west": {"uv": [9.14286, 2, 10.71429, 3.85714], "texture": "#1"},
				"up": {"uv": [11.14286, 13.28571, 10.28571, 11.71429], "texture": "#1"},
				"down": {"uv": [0.85714, 12, 0, 13.57143], "texture": "#1"}
			}
		},
		{
			"name": "toes",
			"from": [3.02607, 0.00614, 1.18773],
			"to": [6.20607, 1.06614, 7.01773],
			"rotation": {"angle": 22.5, "axis": "x", "origin": [8.31282, 12.23, 3.94]},
			"faces": {
				"north": {"uv": [14, 1.42857, 13.14286, 1.71429], "texture": "#1"},
				"east": {"uv": [14.28571, 2, 12.57143, 2.28571], "texture": "#1"},
				"south": {"uv": [2.57143, 13.14286, 1.71429, 13.42857], "texture": "#1"},
				"west": {"uv": [14.28571, 1.71429, 12.57143, 2], "texture": "#1"},
				"up": {"uv": [11.14286, 7.42857, 12, 5.71429], "texture": "#1"},
				"down": {"uv": [11.14286, 7.42857, 12, 9.14286], "texture": "#1"}
			}
		},
		{
			"name": "lower_leg",
			"from": [3.39707, 1.06614, 3.83773],
			"to": [5.78207, 8.20614, 7.01773],
			"rotation": {"angle": 22.5, "axis": "x", "origin": [8.31282, 12.23, 3.94]},
			"faces": {
				"north": {"uv": [12.42857, 0, 11.71429, 2], "texture": "#1"},
				"east": {"uv": [5.71429, 10.28571, 4.85714, 12.28571], "texture": "#1"},
				"south": {"uv": [12.42857, 2, 11.71429, 4], "texture": "#1"},
				"west": {"uv": [4.85714, 10.28571, 4, 12.28571], "texture": "#1"},
				"up": {"uv": [12.28571, 5.71429, 13, 4.85714], "texture": "#1"}
			}
		},
		{
			"name": "upper_leg",
			"from": [3.02607, 7.42614, 1.18773],
			"to": [6.20607, 13.78614, 6.48773],
			"rotation": {"angle": 22.5, "axis": "x", "origin": [8.31282, 12.23, 3.94]},
			"faces": {
				"north": {"uv": [11.14286, 9.71429, 10.28571, 11.57143], "texture": "#1"},
				"east": {"uv": [5.85714, 8.28571, 4.28571, 10.14286], "texture": "#1"},
				"south": {"uv": [11.71429, 0, 10.85714, 1.85714], "texture": "#1"},
				"west": {"uv": [1.57143, 8.28571, 0, 10.14286], "texture": "#1"},
				"up": {"uv": [7.42857, 13.28571, 8.28571, 11.71429], "texture": "#1"},
				"down": {"uv": [8.28571, 11.71429, 9.14286, 13.28571], "texture": "#1"}
			}
		},
		{
			"name": "toes",
			"from": [9.79393, 0.00614, 1.18773],
			"to": [12.97393, 1.06614, 7.01773],
			"rotation": {"angle": -22.5, "axis": "x", "origin": [7.68718, 12.23, 3.94]},
			"faces": {
				"north": {"uv": [13.14286, 1.42857, 14, 1.71429], "texture": "#1"},
				"east": {"uv": [12.57143, 1.71429, 14.28571, 2], "texture": "#1"},
				"south": {"uv": [1.71429, 13.14286, 2.57143, 13.42857], "texture": "#1"},
				"west": {"uv": [12.57143, 2, 14.28571, 2.28571], "texture": "#1"},
				"up": {"uv": [12, 7.42857, 11.14286, 5.71429], "texture": "#1"},
				"down": {"uv": [12, 7.42857, 11.14286, 9.14286], "texture": "#1"}
			}
		},
		{
			"name": "lower_leg",
			"from": [10.21793, 1.06614, 3.83773],
			"to": [12.60293, 8.20614, 7.01773],
			"rotation": {"angle": -22.5, "axis": "x", "origin": [7.68718, 12.23, 3.94]},
			"faces": {
				"north": {"uv": [11.71429, 0, 12.42857, 2], "texture": "#1"},
				"east": {"uv": [4, 10.28571, 4.85714, 12.28571], "texture": "#1"},
				"south": {"uv": [11.71429, 2, 12.42857, 4], "texture": "#1"},
				"west": {"uv": [4.85714, 10.28571, 5.71429, 12.28571], "texture": "#1"},
				"up": {"uv": [13, 5.71429, 12.28571, 4.85714], "texture": "#1"}
			}
		},
		{
			"name": "upper_leg",
			"from": [9.79393, 7.42614, 1.18773],
			"to": [12.97393, 13.78614, 6.48773],
			"rotation": {"angle": -22.5, "axis": "x", "origin": [7.68718, 12.23, 3.94]},
			"faces": {
				"north": {"uv": [10.28571, 9.71429, 11.14286, 11.57143], "texture": "#1"},
				"east": {"uv": [0, 8.28571, 1.57143, 10.14286], "texture": "#1"},
				"south": {"uv": [10.85714, 0, 11.71429, 1.85714], "texture": "#1"},
				"west": {"uv": [4.28571, 8.28571, 5.85714, 10.14286], "texture": "#1"},
				"up": {"uv": [8.28571, 13.28571, 7.42857, 11.71429], "texture": "#1"},
				"down": {"uv": [9.14286, 11.71429, 8.28571, 13.28571], "texture": "#1"}
			}
		},
		{
			"name": "toes",
			"from": [9.79393, 0.00614, 1.18773],
			"to": [12.97393, 1.06614, 7.01773],
			"rotation": {"angle": 22.5, "axis": "x", "origin": [7.68718, 12.23, 3.94]},
			"faces": {
				"north": {"uv": [4.57143, 13.14286, 3.71429, 13.42857], "texture": "#1"},
				"east": {"uv": [14.28571, 2.57143, 12.57143, 2.85714], "texture": "#1"},
				"south": {"uv": [14, 4, 13.14286, 4.28571], "texture": "#1"},
				"west": {"uv": [14.28571, 2.28571, 12.57143, 2.57143], "texture": "#1"},
				"up": {"uv": [11.14286, 10.85714, 12, 9.14286], "texture": "#1"},
				"down": {"uv": [11.14286, 10.85714, 12, 12.57143], "texture": "#1"}
			}
		},
		{
			"name": "lower_leg",
			"from": [10.21793, 1.06614, 3.83773],
			"to": [12.60293, 8.20614, 7.01773],
			"rotation": {"angle": 22.5, "axis": "x", "origin": [7.68718, 12.23, 3.94]},
			"faces": {
				"north": {"uv": [3.57143, 11.71429, 2.85714, 13.71429], "texture": "#1"},
				"east": {"uv": [11.14286, 7.71429, 10.28571, 9.71429], "texture": "#1"},
				"south": {"uv": [7.28571, 11.71429, 6.57143, 13.71429], "texture": "#1"},
				"west": {"uv": [11.14286, 5.71429, 10.28571, 7.71429], "texture": "#1"},
				"up": {"uv": [12.57143, 0.85714, 13.28571, 0], "texture": "#1"}
			}
		},
		{
			"name": "upper_leg",
			"from": [9.79393, 7.42614, 1.18773],
			"to": [12.97393, 13.78614, 6.48773],
			"rotation": {"angle": 22.5, "axis": "x", "origin": [7.68718, 12.23, 3.94]},
			"faces": {
				"north": {"uv": [11.71429, 2, 10.85714, 3.85714], "texture": "#1"},
				"east": {"uv": [10.71429, 2, 9.14286, 3.85714], "texture": "#1"},
				"south": {"uv": [6.57143, 10.85714, 5.71429, 12.71429], "texture": "#1"},
				"west": {"uv": [10.71429, 0, 9.14286, 1.85714], "texture": "#1"},
				"up": {"uv": [10.28571, 13.28571, 11.14286, 11.71429], "texture": "#1"},
				"down": {"uv": [0, 12, 0.85714, 13.57143], "texture": "#1"}
			}
		},
		{
			"name": "frame3",
			"from": [10.28072, 9.76039, -5.25628],
			"to": [13.46072, 10.82039, -4.19628],
			"rotation": {"angle": -45, "axis": "z", "origin": [10.75, 9.73, -4.56]},
			"faces": {
				"north": {"uv": [12.85714, 12.57143, 12, 12.85714], "texture": "#0"},
				"east": {"uv": [3.42857, 6.57143, 3.14286, 6.85714], "texture": "#0"},
				"south": {"uv": [2.85714, 12.85714, 2, 13.14286], "texture": "#0"},
				"west": {"uv": [3.42857, 6.28571, 3.14286, 6.57143], "texture": "#0"},
				"up": {"uv": [5.42857, 13.14286, 6.28571, 12.85714], "texture": "#0"},
				"down": {"uv": [11.14286, 12.85714, 12, 13.14286], "texture": "#0"}
			}
		},
		{
			"name": "frame2",
			"from": [10.84539, 9.40428, -5.25628],
			"to": [14.02539, 10.46428, -4.19628],
			"rotation": {"angle": 45, "axis": "z", "origin": [10.75, 9.73, -4.56]},
			"faces": {
				"north": {"uv": [12.85714, 12.85714, 12, 13.14286], "texture": "#0"},
				"east": {"uv": [7.42857, 8.28571, 7.14286, 8.57143], "texture": "#0"},
				"south": {"uv": [13.71429, 12.57143, 12.85714, 12.85714], "texture": "#0"},
				"west": {"uv": [2, 8.28571, 1.71429, 8.57143], "texture": "#0"},
				"up": {"uv": [12.85714, 13.14286, 13.71429, 12.85714], "texture": "#0"},
				"down": {"uv": [0.85714, 13.14286, 1.71429, 13.42857], "texture": "#0"}
			}
		},
		{
			"name": "frame1",
			"from": [10.38628, 9.38714, -4.92675],
			"to": [11.44628, 10.44714, -1.74675],
			"rotation": {"angle": 22.5, "axis": "y", "origin": [10.75, 9.73, -4.56]},
			"faces": {
				"north": {"uv": [2, 8.57143, 1.71429, 8.85714], "texture": "#0"},
				"east": {"uv": [14, 1.14286, 13.14286, 1.42857], "texture": "#0"},
				"south": {"uv": [7.42857, 8.57143, 7.14286, 8.85714], "texture": "#0"},
				"west": {"uv": [14, 0.85714, 13.14286, 1.14286], "texture": "#0"},
				"up": {"uv": [3.14286, 5.42857, 3.42857, 4.57143], "texture": "#0"},
				"down": {"uv": [3.14286, 5.42857, 3.42857, 6.28571], "texture": "#0"}
			}
		},
		{
			"name": "frame3",
			"from": [2.53928, 9.76039, -5.25628],
			"to": [5.71928, 10.82039, -4.19628],
			"rotation": {"angle": 45, "axis": "z", "origin": [5.25, 9.73, -4.56]},
			"faces": {
				"north": {"uv": [12, 12.57143, 12.85714, 12.85714], "texture": "#0"},
				"east": {"uv": [3.14286, 6.28571, 3.42857, 6.57143], "texture": "#0"},
				"south": {"uv": [2, 12.85714, 2.85714, 13.14286], "texture": "#0"},
				"west": {"uv": [3.14286, 6.57143, 3.42857, 6.85714], "texture": "#0"},
				"up": {"uv": [6.28571, 13.14286, 5.42857, 12.85714], "texture": "#0"},
				"down": {"uv": [12, 12.85714, 11.14286, 13.14286], "texture": "#0"}
			}
		},
		{
			"name": "frame2",
			"from": [1.97461, 9.40428, -5.25628],
			"to": [5.15461, 10.46428, -4.19628],
			"rotation": {"angle": -45, "axis": "z", "origin": [5.25, 9.73, -4.56]},
			"faces": {
				"north": {"uv": [12, 12.85714, 12.85714, 13.14286], "texture": "#0"},
				"east": {"uv": [1.71429, 8.28571, 2, 8.57143], "texture": "#0"},
				"south": {"uv": [12.85714, 12.57143, 13.71429, 12.85714], "texture": "#0"},
				"west": {"uv": [7.14286, 8.28571, 7.42857, 8.57143], "texture": "#0"},
				"up": {"uv": [13.71429, 13.14286, 12.85714, 12.85714], "texture": "#0"},
				"down": {"uv": [1.71429, 13.14286, 0.85714, 13.42857], "texture": "#0"}
			}
		},
		{
			"name": "frame1",
			"from": [4.55372, 9.38714, -4.92675],
			"to": [5.61372, 10.44714, -1.74675],
			"rotation": {"angle": -22.5, "axis": "y", "origin": [5.25, 9.73, -4.56]},
			"faces": {
				"north": {"uv": [1.71429, 8.57143, 2, 8.85714], "texture": "#0"},
				"east": {"uv": [13.14286, 0.85714, 14, 1.14286], "texture": "#0"},
				"south": {"uv": [7.14286, 8.57143, 7.42857, 8.85714], "texture": "#0"},
				"west": {"uv": [13.14286, 1.14286, 14, 1.42857], "texture": "#0"},
				"up": {"uv": [3.42857, 5.42857, 3.14286, 4.57143], "texture": "#0"},
				"down": {"uv": [3.42857, 5.42857, 3.14286, 6.28571], "texture": "#0"}
			}
		}
	],
	"display": {
		"gui": {
			"rotation": [30, 225, 0]
		},
		"head": {
			"translation": [0, -54.5, 5.5],
			"scale": [3, 3, 3]
		},
		"fixed": {
			"translation": [0, 39.75, 10.75],
			"scale": [3.25, 3.25, 3.24805]
		}
	},
	"groups": [
		{
			"name": "head",
			"origin": [7.69239, 8, 8],
			"color": 0,
			"children": [
				{
					"name": "neck",
					"origin": [7.69239, 8, 8],
					"color": 0,
					"children": [0]
				},
				{
					"name": "skull",
					"origin": [8, 8, 8],
					"color": 8,
					"children": [
						1,
						2,
						{
							"name": "lowerjaw",
							"origin": [8, 17.29267, -7.4266],
							"color": 0,
							"children": [3, 4]
						},
						5,
						6
					]
				}
			]
		},
		{
			"name": "torso",
			"origin": [8, 8, 8],
			"color": 0,
			"children": [
				7,
				8,
				{
					"name": "tail",
					"origin": [8, 8, 8],
					"color": 9,
					"children": [9, 10]
				}
			]
		},
		{
			"name": "leg1",
			"origin": [8, 8, 8],
			"color": 1,
			"children": [
				11,
				12,
				13,
				{
					"name": "leg2",
					"origin": [8, 8, 8],
					"color": 1,
					"children": [14, 15, 16]
				}
			]
		},
		{
			"name": "leg2",
			"origin": [8, 8, 8],
			"color": 1,
			"children": [
				17,
				18,
				19,
				{
					"name": "leg1",
					"origin": [8, 8, 8],
					"color": 1,
					"children": [20, 21, 22]
				}
			]
		},
		{
			"name": "arm2",
			"origin": [8, 8, 8],
			"color": 0,
			"children": [23, 24, 25]
		},
		{
			"name": "arm1",
			"origin": [8, 8, 8],
			"color": 0,
			"children": [26, 27, 28]
		}
	]
}