{
	"credit": "Made with Blockbench",
	"texture_size": [64, 64],
	"textures": {
		"1": "krmc:krmc_mobs/castoroides",
		"3": "krmc:krmc_mobs/animations/castoroides"
	},
	"elements": [
		{
			"name": "front",
			"from": [4.243, 2.3467, -0.25],
			"to": [6.743, 6.8467, 2.75],
			"rotation": {"angle": -22.5, "axis": "x", "origin": [8, 5.70758, 5.18746]},
			"faces": {
				"north": {"uv": [6.5, 5.25, 7.25, 6.25], "texture": "#3"},
				"east": {"uv": [6.5, 6.25, 7.25, 7.25], "texture": "#3"},
				"south": {"uv": [0, 6.75, 0.75, 7.75], "texture": "#3"},
				"west": {"uv": [0.75, 6.75, 1.5, 7.75], "texture": "#3"},
				"up": {"uv": [1.75, 8.5, 1, 7.75], "texture": "#3"},
				"down": {"uv": [2.5, 7.75, 1.75, 8.5], "texture": "#3"}
			}
		},
		{
			"name": "hind",
			"from": [4.25, 2.0092, 9.22585],
			"to": [7.25, 6.5092, 12.22585],
			"rotation": {"angle": 0, "axis": "x", "origin": [8, 5.70758, 5.18746]},
			"faces": {
				"north": {"uv": [1.5, 6.75, 2.25, 7.75], "texture": "#3"},
				"east": {"uv": [2.25, 6.75, 3, 7.75], "texture": "#3"},
				"south": {"uv": [4.5, 6.75, 5.25, 7.75], "texture": "#3"},
				"west": {"uv": [5.25, 6.75, 6, 7.75], "texture": "#3"},
				"up": {"uv": [8.5, 3.75, 7.75, 3], "texture": "#3"},
				"down": {"uv": [8.5, 3.75, 7.75, 4.5], "texture": "#3"}
			}
		},
		{
			"name": "front",
			"from": [4.243, 0.92446, 0.47483],
			"to": [6.743, 5.42446, 3.47483],
			"rotation": {"angle": 0, "axis": "x", "origin": [8, 5.70758, 5.18746]},
			"faces": {
				"north": {"uv": [7.75, 3, 7, 4], "texture": "#3"},
				"east": {"uv": [6.75, 7.25, 6, 8.25], "texture": "#3"},
				"south": {"uv": [8, 5, 7.25, 6], "texture": "#3"},
				"west": {"uv": [7.75, 4, 7, 5], "texture": "#3"},
				"up": {"uv": [4.5, 8.5, 5.25, 7.75], "texture": "#3"},
				"down": {"uv": [5.25, 7.75, 6, 8.5], "texture": "#3"}
			}
		},
		{
			"name": "hind",
			"from": [4.25, -1.48282, 6.57954],
			"to": [7.25, 3.01718, 9.57954],
			"rotation": {"angle": -45, "axis": "x", "origin": [8, 5.70758, 5.18746]},
			"faces": {
				"north": {"uv": [8, 6, 7.25, 7], "texture": "#3"},
				"east": {"uv": [8.25, 1, 7.5, 2], "texture": "#3"},
				"south": {"uv": [8.25, 0, 7.5, 1], "texture": "#3"},
				"west": {"uv": [7.5, 7.25, 6.75, 8.25], "texture": "#3"},
				"up": {"uv": [7.5, 8.5, 8.25, 7.75], "texture": "#3"},
				"down": {"uv": [2.5, 8, 3.25, 8.75], "texture": "#3"}
			}
		},
		{
			"name": "front",
			"from": [9.257, 2.89009, -0.18661],
			"to": [11.757, 7.39009, 2.81339],
			"rotation": {"angle": -22.5, "axis": "x", "origin": [8, 5.70758, 5.18746]},
			"faces": {
				"north": {"uv": [7, 3, 7.75, 4], "texture": "#3"},
				"east": {"uv": [7, 4, 7.75, 5], "texture": "#3"},
				"south": {"uv": [7.25, 5, 8, 6], "texture": "#3"},
				"west": {"uv": [6, 7.25, 6.75, 8.25], "texture": "#3"},
				"up": {"uv": [5.25, 8.5, 4.5, 7.75], "texture": "#3"},
				"down": {"uv": [6, 7.75, 5.25, 8.5], "texture": "#3"}
			}
		},
		{
			"name": "hind",
			"from": [8.75, 2.0092, 9.22585],
			"to": [11.75, 6.5092, 12.22585],
			"rotation": {"angle": 0, "axis": "x", "origin": [8, 5.70758, 5.18746]},
			"faces": {
				"north": {"uv": [7.25, 6, 8, 7], "texture": "#3"},
				"east": {"uv": [6.75, 7.25, 7.5, 8.25], "texture": "#3"},
				"south": {"uv": [7.5, 0, 8.25, 1], "texture": "#3"},
				"west": {"uv": [7.5, 1, 8.25, 2], "texture": "#3"},
				"up": {"uv": [8.25, 8.5, 7.5, 7.75], "texture": "#3"},
				"down": {"uv": [3.25, 8, 2.5, 8.75], "texture": "#3"}
			}
		},
		{
			"name": "front",
			"from": [9.257, -0.11213, 1.68876],
			"to": [11.757, 4.38787, 4.68876],
			"rotation": {"angle": 22.5, "axis": "x", "origin": [8, 5.70758, 5.18746]},
			"faces": {
				"north": {"uv": [7.25, 5.25, 6.5, 6.25], "texture": "#3"},
				"east": {"uv": [1.5, 6.75, 0.75, 7.75], "texture": "#3"},
				"south": {"uv": [0.75, 6.75, 0, 7.75], "texture": "#3"},
				"west": {"uv": [7.25, 6.25, 6.5, 7.25], "texture": "#3"},
				"up": {"uv": [1, 8.5, 1.75, 7.75], "texture": "#3"},
				"down": {"uv": [1.75, 7.75, 2.5, 8.5], "texture": "#3"}
			}
		},
		{
			"name": "hind",
			"from": [8.75, -1.48282, 6.57954],
			"to": [11.75, 3.01718, 9.57954],
			"rotation": {"angle": -45, "axis": "x", "origin": [8, 5.70758, 5.18746]},
			"faces": {
				"north": {"uv": [2.25, 6.75, 1.5, 7.75], "texture": "#3"},
				"east": {"uv": [6, 6.75, 5.25, 7.75], "texture": "#3"},
				"south": {"uv": [5.25, 6.75, 4.5, 7.75], "texture": "#3"},
				"west": {"uv": [3, 6.75, 2.25, 7.75], "texture": "#3"},
				"up": {"uv": [7.75, 3.75, 8.5, 3], "texture": "#3"},
				"down": {"uv": [7.75, 3.75, 8.5, 4.5], "texture": "#3"}
			}
		},
		{
			"name": "main",
			"from": [5, 5.73346, -8.02258],
			"to": [11, 11.23346, -1.52258],
			"rotation": {"angle": 0, "axis": "x", "origin": [8, 8.70758, 2.18746]},
			"faces": {
				"north": {"uv": [0, 5.25, 1.5, 6.75], "texture": "#1"},
				"east": {"uv": [4.5, 5.25, 5.5, 6.75], "texture": "#1"},
				"south": {"uv": [1.5, 5.25, 3, 6.75], "texture": "#1"},
				"west": {"uv": [5.5, 5.25, 6.5, 6.75], "texture": "#1"},
				"up": {"uv": [7.5, 1, 6, 0], "texture": "#1"},
				"down": {"uv": [7.5, 1, 6, 2], "texture": "#1"}
			}
		},
		{
			"name": "muzzle",
			"from": [6, 6.23346, -9.77258],
			"to": [10, 9.48346, -8.02258],
			"rotation": {"angle": 0, "axis": "x", "origin": [8, 8.70758, 2.18746]},
			"faces": {
				"north": {"uv": [0, 14.25, 1.25, 15], "texture": "#1"},
				"east": {"uv": [1.25, 14.75, 1.75, 16], "texture": "#1"},
				"south": {"uv": [0, 13.5, 1.25, 14.25], "texture": "#1"},
				"west": {"uv": [1.75, 14.75, 2.25, 16], "texture": "#1"},
				"up": {"uv": [1.25, 16, 0, 15.5], "texture": "#1"},
				"down": {"uv": [1.25, 15, 0, 15.5], "texture": "#1"}
			}
		},
		{
			"name": "buck",
			"from": [7, 4.85846, -9.02258],
			"to": [9, 6.35846, -9.02258],
			"rotation": {"angle": 0, "axis": "x", "origin": [8, 8.70758, 2.18746]},
			"faces": {
				"north": {"uv": [14.75, 14.75, 16, 16], "texture": "#1"},
				"east": {"uv": [7.75, 5.5, 7.75, 6], "texture": "#1"},
				"south": {"uv": [16, 14.75, 14.75, 16], "texture": "#1"},
				"west": {"uv": [7.75, 5.5, 7.75, 6], "texture": "#1"},
				"up": {"uv": [8.25, 5.5, 7.75, 5.5], "texture": "#1"},
				"down": {"uv": [8.25, 5.5, 7.75, 5.5], "texture": "#1"}
			}
		},
		{
			"name": "tail",
			"from": [6.5, 5.48562, 11.23016],
			"to": [9.5, 7.48562, 22.23016],
			"rotation": {"angle": -22.5, "axis": "x", "origin": [8, 5.70758, 5.18746]},
			"faces": {
				"north": {"uv": [8, 5, 8.75, 5.5], "texture": "#1"},
				"east": {"uv": [6, 2, 8.75, 2.5], "texture": "#1"},
				"south": {"uv": [8, 5.5, 8.75, 6], "texture": "#1"},
				"west": {"uv": [6, 2.5, 8.75, 3], "texture": "#1"},
				"up": {"uv": [3.75, 8, 3, 5.25], "texture": "#1"},
				"down": {"uv": [4.5, 5.25, 3.75, 8], "texture": "#1"}
			}
		},
		{
			"name": "body",
			"from": [4, 4.50934, -2.10294],
			"to": [12, 12.50934, 11.89706],
			"rotation": {"angle": 0, "axis": "x", "origin": [8, 5.70758, 5.18746]},
			"faces": {
				"north": {"uv": [4, 0, 6, 1.75], "texture": "#1"},
				"east": {"uv": [0, 3.5, 3.5, 5.25], "texture": "#1"},
				"south": {"uv": [4, 1.75, 6, 3.5], "texture": "#1"},
				"west": {"uv": [3.5, 3.5, 7, 5.25], "texture": "#1"},
				"up": {"uv": [2, 3.5, 0, 0], "texture": "#1"},
				"down": {"uv": [4, 0, 2, 3.5], "texture": "#1"}
			}
		}
	],
	"display": {
		"thirdperson_righthand": {
			"rotation": [75, 45, 0],
			"translation": [0, 2.5, 0],
			"scale": [0.375, 0.375, 0.375]
		},
		"thirdperson_lefthand": {
			"rotation": [75, 45, 0],
			"translation": [0, 2.5, 0],
			"scale": [0.375, 0.375, 0.375]
		},
		"firstperson_righthand": {
			"rotation": [0, 45, 0],
			"translation": [0, 5.5, -2.25],
			"scale": [0.6, 0.6, 0.6]
		},
		"firstperson_lefthand": {
			"rotation": [0, 225, 0],
			"translation": [0, 5.5, -2.25],
			"scale": [0.6, 0.6, -0.6]
		},
		"gui": {
			"rotation": [30, 225, 0],
			"translation": [-1.5, 3.75, 0],
			"scale": [1.25, 1.25, 1.25]
		},
		"head": {
			"rotation": [7.5, 0, 0],
			"translation": [0, -19.5, 10],
			"scale": [4, 4, 4]
		},
		"fixed": {
			"translation": [0, 42, 28],
			"scale": [3.25, 3.25, 3.25]
		}
	},
	"groups": [
		{
			"name": "root",
			"origin": [8, 8, 8],
			"color": 0,
			"children": [
				{
					"name": "legs",
					"origin": [8, 8, 8],
					"color": 0,
					"children": [
						{
							"name": "left",
							"origin": [0, 0, 0],
							"color": 0,
							"children": [
								0,
								1,
								{
									"name": "right",
									"origin": [0, 0, 0],
									"color": 0,
									"children": [2, 3]
								}
							]
						},
						{
							"name": "right",
							"origin": [0, 0, 0],
							"color": 0,
							"children": [
								4,
								5,
								{
									"name": "left",
									"origin": [0, 0, 0],
									"color": 0,
									"children": [6, 7]
								}
							]
						}
					]
				},
				{
					"name": "head",
					"origin": [8, 8, 8],
					"color": 0,
					"children": [8, 9, 10]
				},
				{
					"name": "tail",
					"origin": [8, 8, 8],
					"color": 0,
					"children": [11]
				},
				12
			]
		}
	]
}