{
	"credit": "Made with Blockbench",
	"texture_size": [128, 128],
	"textures": {
		"0": "krmc:krmc_mobs/deinocheirus",
		"1": "krmc:krmc_mobs/animations/deinocheirus",
		"particle": "krmc:krmc_mobs/deinocheirus"
	},
	"elements": [
		{
			"from": [5.5, 10, -4],
			"to": [10.5, 15, 0],
			"rotation": {"angle": 0, "axis": "y", "origin": [0, -1, 0]},
			"faces": {
				"north": {"uv": [0.75, 5.125, 1.5, 5.75], "texture": "#0"},
				"east": {"uv": [3.25, 6.375, 3.75, 7], "texture": "#0"},
				"south": {"uv": [1.5, 5.25, 2.25, 5.875], "texture": "#0"},
				"west": {"uv": [3.75, 6.375, 4.25, 7], "texture": "#0"},
				"up": {"uv": [2.125, 6.375, 1.375, 5.875], "texture": "#0"},
				"down": {"uv": [4, 5.875, 3.25, 6.375], "texture": "#0"}
			}
		},
		{
			"from": [6, 11, -8.5],
			"to": [10, 15, -2.5],
			"rotation": {"angle": 45, "axis": "x", "origin": [8, 12, -4]},
			"faces": {
				"north": {"uv": [6.75, 5.875, 7.25, 6.375], "texture": "#0"},
				"east": {"uv": [4, 5.875, 4.75, 6.375], "texture": "#0"},
				"south": {"uv": [6.75, 6.375, 7.25, 6.875], "texture": "#0"},
				"west": {"uv": [5.875, 4, 6.625, 4.5], "texture": "#0"},
				"up": {"uv": [2.625, 6.75, 2.125, 6], "texture": "#0"},
				"down": {"uv": [0.5, 6.125, 0, 6.875], "texture": "#0"}
			}
		},
		{
			"from": [6.5, 15.25, -12.5],
			"to": [9.5, 16.25, -10.5],
			"rotation": {"angle": -22.5, "axis": "x", "origin": [8, 15, -6]},
			"faces": {
				"north": {"uv": [8, 1.125, 8.375, 1.25], "texture": "#0"},
				"east": {"uv": [1.5, 5.125, 1.75, 5.25], "texture": "#0"},
				"south": {"uv": [8.125, 1.25, 8.5, 1.375], "texture": "#0"},
				"west": {"uv": [5.375, 0.625, 5.625, 0.75], "texture": "#0"},
				"up": {"uv": [2.125, 3.875, 1.75, 3.625], "texture": "#0"},
				"down": {"uv": [5.625, 4.75, 5.25, 5], "texture": "#0"}
			}
		},
		{
			"from": [6, 16.25, -12.5],
			"to": [10, 17.75, -10.5],
			"rotation": {"angle": -22.5, "axis": "x", "origin": [8, 15, -6]},
			"faces": {
				"north": {"uv": [7.75, 5.125, 8.25, 5.3125], "texture": "#0"},
				"east": {"uv": [2.625, 6, 2.875, 6.1875], "texture": "#0"},
				"south": {"uv": [7.75, 5.375, 8.25, 5.5625], "texture": "#0"},
				"west": {"uv": [1.75, 7, 2, 7.1875], "texture": "#0"},
				"up": {"uv": [1.75, 3.875, 1.25, 3.625], "texture": "#0"},
				"down": {"uv": [4.75, 2.25, 4.25, 2.5], "texture": "#0"}
			}
		},
		{
			"from": [7, 15, -11],
			"to": [9, 18, -8],
			"rotation": {"angle": -22.5, "axis": "x", "origin": [8, 15, -6]},
			"faces": {
				"north": {"uv": [0.5, 6.125, 0.75, 6.5], "texture": "#0"},
				"east": {"uv": [4.125, 3.5, 4.5, 3.875], "texture": "#0"},
				"south": {"uv": [7.25, 7.75, 7.5, 8.125], "texture": "#0"},
				"west": {"uv": [4.75, 5.875, 5.125, 6.25], "texture": "#0"},
				"up": {"uv": [2.5, 8.25, 2.25, 7.875], "texture": "#0"},
				"down": {"uv": [8.125, 2.75, 7.875, 3.125], "texture": "#0"}
			}
		},
		{
			"from": [5.9, 15, -8],
			"to": [10.1, 18, -4],
			"rotation": {"angle": -22.5, "axis": "x", "origin": [8, 15, -6]},
			"faces": {
				"north": {"uv": [7, 5.5, 7.5, 5.875], "texture": "#0"},
				"east": {"uv": [7.25, 0, 7.75, 0.375], "texture": "#0"},
				"south": {"uv": [0.875, 7.25, 1.375, 7.625], "texture": "#0"},
				"west": {"uv": [1.75, 7.25, 2.25, 7.625], "texture": "#0"},
				"up": {"uv": [7.25, 0.5, 6.75, 0], "texture": "#0"},
				"down": {"uv": [2.5, 6.75, 2, 7.25], "texture": "#0"}
			}
		},
		{
			"from": [4.5, 7.5, 6],
			"to": [11.5, 16, 15],
			"faces": {
				"north": {"uv": [1.125, 2.25, 2.125, 3.625], "texture": "#0"},
				"east": {"uv": [0, 2.25, 1.125, 3.625], "texture": "#0"},
				"south": {"uv": [2.25, 1.375, 3.25, 2.75], "texture": "#0"},
				"west": {"uv": [2.25, 0, 3.375, 1.375], "texture": "#0"},
				"up": {"uv": [3.125, 3.875, 2.125, 2.75], "texture": "#0"},
				"down": {"uv": [4.125, 2.75, 3.125, 3.875], "texture": "#0"}
			}
		},
		{
			"from": [7, 15.61522, -0.24264],
			"to": [9, 20.01522, 4.75736],
			"rotation": {"angle": -22.5, "axis": "x", "origin": [16, 16, 3]},
			"faces": {
				"north": {"uv": [6.25, 7.5, 6.5, 8.0625], "texture": "#0"},
				"east": {"uv": [6.25, 0.75, 6.875, 1.3125], "texture": "#0"},
				"south": {"uv": [6.5, 7.5, 6.75, 8.0625], "texture": "#0"},
				"west": {"uv": [6.25, 1.375, 6.875, 1.9375], "texture": "#0"},
				"up": {"uv": [2.5, 7.875, 2.25, 7.25], "texture": "#0"},
				"down": {"uv": [4.375, 7.375, 4.125, 8], "texture": "#0"}
			}
		},
		{
			"from": [7.25, 16, -2.24264],
			"to": [8.75, 20.4, 2.75736],
			"rotation": {"angle": -45, "axis": "x", "origin": [16, 16, 3]},
			"faces": {
				"north": {"uv": [7.625, 7.375, 7.8125, 7.9375], "texture": "#0"},
				"east": {"uv": [2.625, 6.25, 3.25, 6.8125], "texture": "#0"},
				"south": {"uv": [7.75, 0, 7.9375, 0.5625], "texture": "#0"},
				"west": {"uv": [6.25, 4.5, 6.875, 5.0625], "texture": "#0"},
				"up": {"uv": [7.8125, 6.75, 7.625, 6.125], "texture": "#0"},
				"down": {"uv": [7.8125, 6.75, 7.625, 7.375], "texture": "#0"}
			}
		},
		{
			"from": [7, 14, 3],
			"to": [9, 18, 8],
			"rotation": {"angle": 22.5, "axis": "x", "origin": [16, 0, 13]},
			"faces": {
				"north": {"uv": [4.375, 7.625, 4.625, 8.125], "texture": "#0"},
				"east": {"uv": [6.25, 3.5, 6.875, 4], "texture": "#0"},
				"south": {"uv": [7.625, 5.625, 7.875, 6.125], "texture": "#0"},
				"west": {"uv": [6.375, 2.625, 7, 3.125], "texture": "#0"},
				"up": {"uv": [0.25, 8.125, 0, 7.5], "texture": "#0"},
				"down": {"uv": [0.5, 7.5, 0.25, 8.125], "texture": "#0"}
			}
		},
		{
			"from": [7.25, 14, 14],
			"to": [8.75, 18.5, 17],
			"rotation": {"angle": 0, "axis": "x", "origin": [16, 0, 13]},
			"faces": {
				"north": {"uv": [0.5, 7.75, 0.6875, 8.3125], "texture": "#0"},
				"east": {"uv": [4.375, 7, 4.75, 7.5625], "texture": "#0"},
				"south": {"uv": [7.75, 0.625, 7.9375, 1.1875], "texture": "#0"},
				"west": {"uv": [0.5, 7.125, 0.875, 7.6875], "texture": "#0"},
				"up": {"uv": [8.0625, 7.25, 7.875, 6.875], "texture": "#0"},
				"down": {"uv": [8.0625, 7.25, 7.875, 7.625], "texture": "#0"}
			}
		},
		{
			"from": [7.5, 16, 9.5],
			"to": [8.5, 18.5, 16.5],
			"rotation": {"angle": 22.5, "axis": "x", "origin": [16, 0, 13]},
			"faces": {
				"north": {"uv": [6.625, 5.875, 6.75, 6.1875], "texture": "#0"},
				"east": {"uv": [6.375, 3.125, 7.25, 3.4375], "texture": "#0"},
				"south": {"uv": [5.875, 7.875, 6, 8.1875], "texture": "#0"},
				"west": {"uv": [6.625, 4, 7.5, 4.3125], "texture": "#0"},
				"up": {"uv": [5.625, 8.375, 5.5, 7.5], "texture": "#0"},
				"down": {"uv": [2.25, 7.625, 2.125, 8.5], "texture": "#0"}
			}
		},
		{
			"from": [6.5, 16, 3],
			"to": [9.5, 21, 11],
			"rotation": {"angle": 0, "axis": "x", "origin": [16, 0, 13]},
			"faces": {
				"north": {"uv": [6.875, 4.375, 7.25, 5], "texture": "#0"},
				"east": {"uv": [3.25, 4.375, 4.25, 5], "texture": "#0"},
				"south": {"uv": [4.75, 6.875, 5.125, 7.5], "texture": "#0"},
				"west": {"uv": [4.25, 4.375, 5.25, 5], "texture": "#0"},
				"up": {"uv": [3.25, 6.25, 2.875, 5.25], "texture": "#0"},
				"down": {"uv": [6.125, 5.5, 5.75, 6.5], "texture": "#0"}
			}
		},
		{
			"from": [4.5, 7, 0],
			"to": [11.5, 16, 6],
			"faces": {
				"north": {"uv": [3.25, 1.375, 4.25, 2.5], "texture": "#0"},
				"east": {"uv": [4.25, 1.125, 5, 2.25], "texture": "#0"},
				"south": {"uv": [3.375, 0, 4.375, 1.125], "texture": "#0"},
				"west": {"uv": [0, 4.375, 0.75, 5.5], "texture": "#0"},
				"up": {"uv": [5.375, 0.75, 4.375, 0], "texture": "#0"},
				"down": {"uv": [1.75, 4.375, 0.75, 5.125], "texture": "#0"}
			}
		},
		{
			"name": "tail_base",
			"from": [5.5, 9, 15],
			"to": [10.5, 16, 21],
			"faces": {
				"north": {"uv": [4.5, 3.5, 5.125, 4.375], "texture": "#0"},
				"east": {"uv": [1.75, 4.375, 2.5, 5.25], "texture": "#0"},
				"south": {"uv": [5, 0.75, 5.625, 1.625], "texture": "#0"},
				"west": {"uv": [2.5, 4.375, 3.25, 5.25], "texture": "#0"},
				"up": {"uv": [2.875, 6, 2.25, 5.25], "texture": "#0"},
				"down": {"uv": [5.875, 4, 5.25, 4.75], "texture": "#0"}
			}
		},
		{
			"name": "tail_idk",
			"from": [6, 10, 21],
			"to": [10, 15, 27],
			"faces": {
				"north": {"uv": [4.25, 6.375, 4.75, 7], "texture": "#0"},
				"east": {"uv": [5.375, 0, 6.125, 0.625], "texture": "#0"},
				"south": {"uv": [0.5, 6.5, 1, 7.125], "texture": "#0"},
				"west": {"uv": [0, 5.5, 0.75, 6.125], "texture": "#0"},
				"up": {"uv": [6.625, 6.25, 6.125, 5.5], "texture": "#0"},
				"down": {"uv": [6.75, 0, 6.25, 0.75], "texture": "#0"}
			}
		},
		{
			"name": "tail_idk",
			"from": [6.5, 11, 27],
			"to": [9.5, 14.5, 31],
			"faces": {
				"north": {"uv": [7.375, 2.25, 7.75, 2.6875], "texture": "#0"},
				"east": {"uv": [7, 5, 7.5, 5.4375], "texture": "#0"},
				"south": {"uv": [3.75, 7.375, 4.125, 7.8125], "texture": "#0"},
				"west": {"uv": [5.125, 7, 5.625, 7.4375], "texture": "#0"},
				"up": {"uv": [6.25, 5, 5.875, 4.5], "texture": "#0"},
				"down": {"uv": [7.625, 3, 7.25, 3.5], "texture": "#0"}
			}
		},
		{
			"name": "feathers1",
			"from": [3.875, 13.5, 14],
			"to": [12.125, 13.5, 32],
			"rotation": {"angle": 0, "axis": "y", "origin": [8, 13.75, 11.75]},
			"faces": {
				"north": {"uv": [0, 0, 1.0625, 0], "texture": "#0"},
				"east": {"uv": [0, 0, 2.25, 0], "texture": "#0"},
				"south": {"uv": [0, 0, 1.0625, 0], "texture": "#0"},
				"west": {"uv": [0, 0, 2.25, 0], "texture": "#0"},
				"up": {"uv": [2.1875, 0, 1.125, 2.25], "texture": "#0"},
				"down": {"uv": [2.1875, 2.25, 1.125, 0], "texture": "#0"}
			}
		},
		{
			"name": "feathers2",
			"from": [3.875, 9.75, 14.5],
			"to": [3.875, 13.5, 32],
			"rotation": {"angle": 0, "axis": "y", "origin": [8, 13.75, 11.75]},
			"faces": {
				"north": {"uv": [0, 0, 0, 0.5], "texture": "#0"},
				"east": {"uv": [4.4375, 3.875, 2.25, 4.375], "texture": "#0"},
				"south": {"uv": [0, 0, 0, 0.5], "texture": "#0"},
				"west": {"uv": [2.25, 3.875, 4.4375, 4.375], "texture": "#0"},
				"up": {"uv": [0, 2.1875, 0, 0], "texture": "#0"},
				"down": {"uv": [0, 0, 0, 2.1875], "texture": "#0"}
			}
		},
		{
			"name": "feathers3",
			"from": [12.125, 9.75, 14.5],
			"to": [12.125, 13.5, 32],
			"rotation": {"angle": 0, "axis": "y", "origin": [8, 13.75, 11.75]},
			"faces": {
				"north": {"uv": [0, 0, 0, 0.5], "texture": "#0"},
				"east": {"uv": [4.4375, 3.875, 2.25, 4.375], "texture": "#0"},
				"south": {"uv": [0, 0, 0, 0.5], "texture": "#0"},
				"west": {"uv": [2.25, 3.875, 4.4375, 4.375], "texture": "#0"},
				"up": {"uv": [0, 2.1875, 0, 0], "texture": "#0"},
				"down": {"uv": [0, 0, 0, 2.1875], "texture": "#0"}
			}
		},
		{
			"name": "feathers4",
			"from": [3.875, 9.75, 32],
			"to": [12.125, 13.5, 32],
			"rotation": {"angle": 0, "axis": "y", "origin": [8, 13.75, 11.75]},
			"faces": {
				"north": {"uv": [6.1875, 5, 5.125, 5.5], "texture": "#0"},
				"east": {"uv": [0, 0, 0, 0.5], "texture": "#0"},
				"south": {"uv": [5.125, 5, 6.1875, 5.5], "texture": "#0"},
				"west": {"uv": [0, 0, 0, 0.5], "texture": "#0"},
				"up": {"uv": [1.0625, 0, 0, 0], "texture": "#0"},
				"down": {"uv": [1.0625, 0, 0, 0], "texture": "#0"}
			}
		},
		{
			"name": "toes",
			"from": [2.5, 0, 7.5],
			"to": [5, 1.5, 12.5],
			"rotation": {"angle": 22.5, "axis": "x", "origin": [8.5, 10, 9.5]},
			"faces": {
				"north": {"uv": [6.625, 4.375, 6.875, 4.5], "texture": "#1"},
				"east": {"uv": [6.875, 3.875, 7.5, 4], "texture": "#1"},
				"south": {"uv": [3, 6.875, 3.25, 7], "texture": "#1"},
				"west": {"uv": [7.875, 6.5, 8.5, 6.625], "texture": "#1"},
				"up": {"uv": [2.75, 8.125, 2.5, 7.5], "texture": "#1"},
				"down": {"uv": [3, 7.5, 2.75, 8.125], "texture": "#1"}
			}
		},
		{
			"name": "lower_leg",
			"from": [2.65, 1.5, 9.5],
			"to": [4.65, 6.5, 12.5],
			"rotation": {"angle": 22.5, "axis": "x", "origin": [8.5, 10, 9.5]},
			"faces": {
				"north": {"uv": [7.5, 3.5, 7.75, 4.125], "texture": "#1"},
				"east": {"uv": [6.125, 6.875, 6.5, 7.5], "texture": "#1"},
				"south": {"uv": [4.75, 7.5, 5, 8.125], "texture": "#1"},
				"west": {"uv": [6.5, 6.875, 6.875, 7.5], "texture": "#1"},
				"up": {"uv": [4, 8.25, 3.75, 7.875], "texture": "#1"},
				"down": {"uv": [8.125, 4.125, 7.875, 4.5], "texture": "#1"}
			}
		},
		{
			"name": "upper_leg",
			"from": [2.5, 6, 7],
			"to": [5.5, 12, 12],
			"rotation": {"angle": 22.5, "axis": "x", "origin": [8.5, 10, 9.5]},
			"faces": {
				"north": {"uv": [5.375, 6.25, 5.75, 7], "texture": "#1"},
				"east": {"uv": [5.125, 5.5, 5.75, 6.25], "texture": "#1"},
				"south": {"uv": [1, 6.5, 1.375, 7.25], "texture": "#1"},
				"west": {"uv": [5.625, 0.625, 6.25, 1.375], "texture": "#1"},
				"up": {"uv": [7.25, 7.5, 6.875, 6.875], "texture": "#1"},
				"down": {"uv": [1.75, 7, 1.375, 7.625], "texture": "#1"}
			}
		},
		{
			"name": "upper_leg2",
			"from": [3.5, 12, 7],
			"to": [4.5, 15, 12],
			"rotation": {"angle": 22.5, "axis": "x", "origin": [8.5, 10, 9.5]},
			"faces": {
				"north": {"uv": [2.125, 2.25, 2.25, 2.625], "texture": "#1"},
				"east": {"uv": [4.375, 0.75, 5, 1.125], "texture": "#1"},
				"south": {"uv": [5.125, 4, 5.25, 4.375], "texture": "#1"},
				"west": {"uv": [5.625, 2.125, 6.25, 2.5], "texture": "#1"},
				"up": {"uv": [6.25, 0.625, 6.125, 0], "texture": "#1"},
				"down": {"uv": [4.75, 7.625, 4.625, 8.25], "texture": "#1"}
			}
		},
		{
			"name": "toes",
			"from": [2.5, 0, 7.5],
			"to": [5, 1.5, 12.5],
			"rotation": {"angle": -22.5, "axis": "x", "origin": [8.5, 10, 9.5]},
			"faces": {
				"north": {"uv": [5.375, 6.875, 5.125, 7], "texture": "#1"},
				"east": {"uv": [8.5, 6.75, 7.875, 6.875], "texture": "#1"},
				"south": {"uv": [7.25, 3, 7, 3.125], "texture": "#1"},
				"west": {"uv": [8.5, 6.625, 7.875, 6.75], "texture": "#1"},
				"up": {"uv": [5, 8.125, 5.25, 7.5], "texture": "#1"},
				"down": {"uv": [7.5, 5, 7.75, 5.625], "texture": "#1"}
			}
		},
		{
			"name": "lower_leg",
			"from": [2.65, 1.5, 9.5],
			"to": [4.65, 6.5, 12.5],
			"rotation": {"angle": -22.5, "axis": "x", "origin": [8.5, 10, 9.5]},
			"faces": {
				"north": {"uv": [5.5, 7.5, 5.25, 8.125], "texture": "#1"},
				"east": {"uv": [7.375, 2.375, 7, 3], "texture": "#1"},
				"south": {"uv": [6.25, 7.5, 6, 8.125], "texture": "#1"},
				"west": {"uv": [7.375, 1.75, 7, 2.375], "texture": "#1"},
				"up": {"uv": [5.625, 8.25, 5.875, 7.875], "texture": "#1"},
				"down": {"uv": [7.875, 5.625, 8.125, 6], "texture": "#1"}
			}
		},
		{
			"name": "upper_leg",
			"from": [2.5, 6, 7],
			"to": [5.5, 12, 12],
			"rotation": {"angle": -22.5, "axis": "x", "origin": [8.5, 10, 9.5]},
			"faces": {
				"north": {"uv": [6.125, 6.5, 5.75, 7.25], "texture": "#1"},
				"east": {"uv": [1.375, 5.75, 0.75, 6.5], "texture": "#1"},
				"south": {"uv": [7, 5.125, 6.625, 5.875], "texture": "#1"},
				"west": {"uv": [6.25, 1.375, 5.625, 2.125], "texture": "#1"},
				"up": {"uv": [3, 7.625, 3.375, 7], "texture": "#1"},
				"down": {"uv": [3.375, 7, 3.75, 7.625], "texture": "#1"}
			}
		},
		{
			"name": "upper_leg2",
			"from": [3.5, 12, 7],
			"to": [4.5, 15, 12],
			"rotation": {"angle": -22.5, "axis": "x", "origin": [8.5, 10, 9.5]},
			"faces": {
				"north": {"uv": [6.375, 2, 6.25, 2.375], "texture": "#1"},
				"east": {"uv": [4.375, 7, 3.75, 7.375], "texture": "#1"},
				"south": {"uv": [2.125, 6.375, 2, 6.75], "texture": "#1"},
				"west": {"uv": [7.5, 3.5, 6.875, 3.875], "texture": "#1"},
				"up": {"uv": [0.75, 8.375, 0.875, 7.75], "texture": "#1"},
				"down": {"uv": [7.5, 7.75, 7.625, 8.375], "texture": "#1"}
			}
		},
		{
			"name": "toes",
			"from": [11, 0, 7.5],
			"to": [13.5, 1.5, 12.5],
			"rotation": {"angle": 22.5, "axis": "x", "origin": [7.5, 10, 9.5]},
			"faces": {
				"north": {"uv": [5.125, 6.875, 5.375, 7], "texture": "#1"},
				"east": {"uv": [7.875, 6.625, 8.5, 6.75], "texture": "#1"},
				"south": {"uv": [7, 3, 7.25, 3.125], "texture": "#1"},
				"west": {"uv": [7.875, 6.75, 8.5, 6.875], "texture": "#1"},
				"up": {"uv": [5.25, 8.125, 5, 7.5], "texture": "#1"},
				"down": {"uv": [7.75, 5, 7.5, 5.625], "texture": "#1"}
			}
		},
		{
			"name": "lower_leg",
			"from": [11.35, 1.5, 9.5],
			"to": [13.35, 6.5, 12.5],
			"rotation": {"angle": 22.5, "axis": "x", "origin": [7.5, 10, 9.5]},
			"faces": {
				"north": {"uv": [5.25, 7.5, 5.5, 8.125], "texture": "#1"},
				"east": {"uv": [7, 1.75, 7.375, 2.375], "texture": "#1"},
				"south": {"uv": [6, 7.5, 6.25, 8.125], "texture": "#1"},
				"west": {"uv": [7, 2.375, 7.375, 3], "texture": "#1"},
				"up": {"uv": [5.875, 8.25, 5.625, 7.875], "texture": "#1"},
				"down": {"uv": [8.125, 5.625, 7.875, 6], "texture": "#1"}
			}
		},
		{
			"name": "upper_leg",
			"from": [10.5, 6, 7],
			"to": [13.5, 12, 12],
			"rotation": {"angle": 22.5, "axis": "x", "origin": [7.5, 10, 9.5]},
			"faces": {
				"north": {"uv": [5.75, 6.5, 6.125, 7.25], "texture": "#1"},
				"east": {"uv": [5.625, 1.375, 6.25, 2.125], "texture": "#1"},
				"south": {"uv": [6.625, 5.125, 7, 5.875], "texture": "#1"},
				"west": {"uv": [0.75, 5.75, 1.375, 6.5], "texture": "#1"},
				"up": {"uv": [3.375, 7.625, 3, 7], "texture": "#1"},
				"down": {"uv": [3.75, 7, 3.375, 7.625], "texture": "#1"}
			}
		},
		{
			"name": "upper_leg2",
			"from": [11.5, 12, 7],
			"to": [12.5, 15, 12],
			"rotation": {"angle": 22.5, "axis": "x", "origin": [7.5, 10, 9.5]},
			"faces": {
				"north": {"uv": [6.25, 2, 6.375, 2.375], "texture": "#1"},
				"east": {"uv": [6.875, 3.5, 7.5, 3.875], "texture": "#1"},
				"south": {"uv": [2, 6.375, 2.125, 6.75], "texture": "#1"},
				"west": {"uv": [3.75, 7, 4.375, 7.375], "texture": "#1"},
				"up": {"uv": [0.875, 8.375, 0.75, 7.75], "texture": "#1"},
				"down": {"uv": [7.625, 7.75, 7.5, 8.375], "texture": "#1"}
			}
		},
		{
			"name": "toes",
			"from": [11, 0, 7.5],
			"to": [13.5, 1.5, 12.5],
			"rotation": {"angle": -22.5, "axis": "x", "origin": [7.5, 10, 9.5]},
			"faces": {
				"north": {"uv": [6.875, 4.375, 6.625, 4.5], "texture": "#1"},
				"east": {"uv": [8.5, 6.5, 7.875, 6.625], "texture": "#1"},
				"south": {"uv": [3.25, 6.875, 3, 7], "texture": "#1"},
				"west": {"uv": [7.5, 3.875, 6.875, 4], "texture": "#1"},
				"up": {"uv": [2.5, 8.125, 2.75, 7.5], "texture": "#1"},
				"down": {"uv": [2.75, 7.5, 3, 8.125], "texture": "#1"}
			}
		},
		{
			"name": "lower_leg",
			"from": [11.35, 1.5, 9.5],
			"to": [13.35, 6.5, 12.5],
			"rotation": {"angle": -22.5, "axis": "x", "origin": [7.5, 10, 9.5]},
			"faces": {
				"north": {"uv": [7.75, 3.5, 7.5, 4.125], "texture": "#1"},
				"east": {"uv": [6.875, 6.875, 6.5, 7.5], "texture": "#1"},
				"south": {"uv": [5, 7.5, 4.75, 8.125], "texture": "#1"},
				"west": {"uv": [6.5, 6.875, 6.125, 7.5], "texture": "#1"},
				"up": {"uv": [3.75, 8.25, 4, 7.875], "texture": "#1"},
				"down": {"uv": [7.875, 4.125, 8.125, 4.5], "texture": "#1"}
			}
		},
		{
			"name": "upper_leg",
			"from": [10.5, 6, 7],
			"to": [13.5, 12, 12],
			"rotation": {"angle": -22.5, "axis": "x", "origin": [7.5, 10, 9.5]},
			"faces": {
				"north": {"uv": [5.75, 6.25, 5.375, 7], "texture": "#1"},
				"east": {"uv": [6.25, 0.625, 5.625, 1.375], "texture": "#1"},
				"south": {"uv": [1.375, 6.5, 1, 7.25], "texture": "#1"},
				"west": {"uv": [5.75, 5.5, 5.125, 6.25], "texture": "#1"},
				"up": {"uv": [6.875, 7.5, 7.25, 6.875], "texture": "#1"},
				"down": {"uv": [1.375, 7, 1.75, 7.625], "texture": "#1"}
			}
		},
		{
			"name": "upper_leg2",
			"from": [11.5, 12, 7],
			"to": [12.5, 15, 12],
			"rotation": {"angle": -22.5, "axis": "x", "origin": [7.5, 10, 9.5]},
			"faces": {
				"north": {"uv": [2.25, 2.25, 2.125, 2.625], "texture": "#1"},
				"east": {"uv": [6.25, 2.125, 5.625, 2.5], "texture": "#1"},
				"south": {"uv": [5.25, 4, 5.125, 4.375], "texture": "#1"},
				"west": {"uv": [5, 0.75, 4.375, 1.125], "texture": "#1"},
				"up": {"uv": [6.125, 0.625, 6.25, 0], "texture": "#1"},
				"down": {"uv": [4.625, 7.625, 4.75, 8.25], "texture": "#1"}
			}
		},
		{
			"from": [2.5, 7.3125, 1.03125],
			"to": [4.75, 12, 3.375],
			"shade": false,
			"rotation": {"angle": 0, "axis": "y", "origin": [4.75, 12, 3.375]},
			"faces": {
				"north": {"uv": [7.25, 4.375, 7.5625, 4.9375], "texture": "#0"},
				"east": {"uv": [5.625, 7.25, 5.9375, 7.8125], "texture": "#0"},
				"south": {"uv": [7.25, 5.875, 7.5625, 6.4375], "texture": "#0"},
				"west": {"uv": [7.25, 6.5, 7.5625, 7.0625], "texture": "#0"},
				"up": {"uv": [6.5625, 5.4375, 6.25, 5.125], "texture": "#0"},
				"down": {"uv": [8.0625, 1.25, 7.75, 1.5625], "texture": "#0"}
			}
		},
		{
			"from": [3.25, 12, 1.03125],
			"to": [4.75, 14.53125, 3.375],
			"shade": false,
			"rotation": {"angle": 0, "axis": "y", "origin": [4.75, 12, 3.375]},
			"faces": {
				"north": {"uv": [7.875, 7.625, 8.0625, 7.9375], "texture": "#0"},
				"east": {"uv": [7.75, 1.625, 8.0625, 1.9375], "texture": "#0"},
				"south": {"uv": [8, 0, 8.1875, 0.3125], "texture": "#0"},
				"west": {"uv": [7.75, 2, 8.0625, 2.3125], "texture": "#0"},
				"up": {"uv": [8.1875, 0.6875, 8, 0.375], "texture": "#0"},
				"down": {"uv": [8.1875, 0.75, 8, 1.0625], "texture": "#0"}
			}
		},
		{
			"from": [3.57813, 4.96875, 1.03125],
			"to": [3.57813, 12, 6.1875],
			"shade": false,
			"rotation": {"angle": 0, "axis": "y", "origin": [4.75, 12, 3.375]},
			"faces": {
				"north": {"uv": [0, 0, 0, 0.875], "texture": "#0"},
				"east": {"uv": [3.25, 5, 3.875, 5.875], "texture": "#0"},
				"south": {"uv": [0, 0, 0, 0.875], "texture": "#0"},
				"west": {"uv": [3.875, 5, 3.25, 5.875], "texture": "#0"},
				"up": {"uv": [0, 0.625, 0, 0], "texture": "#0"},
				"down": {"uv": [0, 0, 0, 0.625], "texture": "#0"}
			}
		},
		{
			"from": [2.59375, 4.34117, 4.10312],
			"to": [4.69375, 9.02867, 6.21249],
			"shade": false,
			"rotation": {"angle": 45, "axis": "x", "origin": [4.75, 12, 3.375]},
			"faces": {
				"north": {"uv": [6.75, 7.5, 7, 8.0625], "texture": "#0"},
				"east": {"uv": [7, 7.5, 7.25, 8.0625], "texture": "#0"},
				"south": {"uv": [0.875, 7.625, 1.125, 8.1875], "texture": "#0"},
				"west": {"uv": [1.125, 7.625, 1.375, 8.1875], "texture": "#0"},
				"up": {"uv": [4.125, 2.75, 3.875, 2.5], "texture": "#0"},
				"down": {"uv": [4.25, 1.125, 4, 1.375], "texture": "#0"}
			}
		},
		{
			"from": [3.46095, 4.34117, 5.86092],
			"to": [3.46095, 9.02867, 10.31405],
			"shade": false,
			"rotation": {"angle": 45, "axis": "x", "origin": [4.75, 12, 3.375]},
			"faces": {
				"north": {"uv": [0, 0, 0, 0.5625], "texture": "#0"},
				"east": {"uv": [1.375, 6.375, 1.9375, 6.9375], "texture": "#0"},
				"south": {"uv": [0, 0, 0, 0.5625], "texture": "#0"},
				"west": {"uv": [1.9375, 6.375, 1.375, 6.9375], "texture": "#0"},
				"up": {"uv": [0, 0.5625, 0, 0], "texture": "#0"},
				"down": {"uv": [0, 0, 0, 0.5625], "texture": "#0"}
			}
		},
		{
			"from": [2.10382, 0.97058, -0.84375],
			"to": [2.10382, 5.65808, 2.67188],
			"shade": false,
			"rotation": {"angle": 45, "axis": "z", "origin": [3.25, 6, 3.375]},
			"faces": {
				"north": {"uv": [0, 0, 0, 0.5625], "texture": "#0"},
				"east": {"uv": [7.3125, 1.125, 6.875, 1.6875], "texture": "#0"},
				"south": {"uv": [0, 0, 0, 0.5625], "texture": "#0"},
				"west": {"uv": [6.875, 1.125, 7.3125, 1.6875], "texture": "#0"},
				"up": {"uv": [0, 0.4375, 0, 0], "texture": "#0"},
				"down": {"uv": [0, 0, 0, 0.4375], "texture": "#0"}
			}
		},
		{
			"name": "claw",
			"from": [3.82894, 3.89205, -0.14062],
			"to": [6.64144, 6.00142, -0.14062],
			"shade": false,
			"rotation": {"angle": -22.5, "axis": "z", "origin": [3.25, 4.96875, 3.375]},
			"faces": {
				"north": {"uv": [0, 15.4375, 0.25, 16], "rotation": 90, "texture": "#0"},
				"east": {"uv": [0, 0, 0, 0.25], "texture": "#0"},
				"south": {"uv": [0, 16, 0.25, 15.4375], "rotation": 90, "texture": "#0"},
				"west": {"uv": [0, 0, 0, 0.25], "texture": "#0"},
				"up": {"uv": [0.375, 0, 0, 0], "texture": "#0"},
				"down": {"uv": [0.375, 0, 0, 0], "texture": "#0"}
			}
		},
		{
			"name": "claw",
			"from": [2.125, 1.45313, -1.3125],
			"to": [4.23438, 6.14063, -1.3125],
			"shade": false,
			"rotation": {"angle": 22.5, "axis": "z", "origin": [3.25, 6, 3.375]},
			"faces": {
				"north": {"uv": [0, 15.4375, 0.25, 16], "texture": "#0"},
				"east": {"uv": [0, 0, 0, 0.5625], "texture": "#0"},
				"south": {"uv": [0.25, 15.4375, 0, 16], "texture": "#0"},
				"west": {"uv": [0, 0, 0, 0.5625], "texture": "#0"},
				"up": {"uv": [0.25, 0, 0, 0], "texture": "#0"},
				"down": {"uv": [0.25, 0, 0, 0], "texture": "#0"}
			}
		},
		{
			"name": "claw",
			"from": [3.59193, 4.85382, -0.84375],
			"to": [8.27943, 6.96319, -0.84375],
			"shade": false,
			"rotation": {"angle": -45, "axis": "z", "origin": [3.25, 6, 3.375]},
			"faces": {
				"north": {"uv": [0, 15.4375, 0.25, 16], "rotation": 90, "texture": "#0"},
				"east": {"uv": [0, 0, 0, 0.25], "texture": "#0"},
				"south": {"uv": [0, 16, 0.25, 15.4375], "rotation": 90, "texture": "#0"},
				"west": {"uv": [0, 0, 0, 0.25], "texture": "#0"},
				"up": {"uv": [0.5625, 0, 0, 0], "texture": "#0"},
				"down": {"uv": [0.5625, 0, 0, 0], "texture": "#0"}
			}
		},
		{
			"from": [11.25, 7.3125, 1.03125],
			"to": [13.5, 12, 3.375],
			"shade": false,
			"rotation": {"angle": 0, "axis": "y", "origin": [11.25, 12, 3.375]},
			"faces": {
				"north": {"uv": [7.25, 7.125, 7.5625, 7.6875], "texture": "#0"},
				"east": {"uv": [7.375, 0.375, 7.6875, 0.9375], "texture": "#0"},
				"south": {"uv": [7.375, 1, 7.6875, 1.5625], "texture": "#0"},
				"west": {"uv": [7.375, 1.625, 7.6875, 2.1875], "texture": "#0"},
				"up": {"uv": [8.0625, 2.6875, 7.75, 2.375], "texture": "#0"},
				"down": {"uv": [8.0625, 3.375, 7.75, 3.6875], "texture": "#0"}
			}
		},
		{
			"from": [11.25, 12, 1.03125],
			"to": [12.75, 14.53125, 3.375],
			"shade": false,
			"rotation": {"angle": 0, "axis": "y", "origin": [11.25, 12, 3.375]},
			"faces": {
				"north": {"uv": [4, 8, 4.1875, 8.3125], "texture": "#0"},
				"east": {"uv": [7.75, 3.75, 8.0625, 4.0625], "texture": "#0"},
				"south": {"uv": [7.625, 8, 7.8125, 8.3125], "texture": "#0"},
				"west": {"uv": [7.75, 4.75, 8.0625, 5.0625], "texture": "#0"},
				"up": {"uv": [8.0625, 8.3125, 7.875, 8], "texture": "#0"},
				"down": {"uv": [0.1875, 8.125, 0, 8.4375], "texture": "#0"}
			}
		},
		{
			"from": [12.42188, 4.96875, 1.03125],
			"to": [12.42188, 12, 6.1875],
			"shade": false,
			"rotation": {"angle": 0, "axis": "y", "origin": [11.25, 12, 3.375]},
			"faces": {
				"north": {"uv": [0, 0, 0, 0.875], "texture": "#0"},
				"east": {"uv": [3.25, 5, 3.875, 5.875], "texture": "#0"},
				"south": {"uv": [0, 0, 0, 0.875], "texture": "#0"},
				"west": {"uv": [3.875, 5, 3.25, 5.875], "texture": "#0"},
				"up": {"uv": [0, 0.625, 0, 0], "texture": "#0"},
				"down": {"uv": [0, 0, 0, 0.625], "texture": "#0"}
			}
		},
		{
			"from": [11.30625, 4.34117, 4.10312],
			"to": [13.40625, 9.02867, 6.21249],
			"shade": false,
			"rotation": {"angle": 45, "axis": "x", "origin": [11.25, 12, 3.375]},
			"faces": {
				"north": {"uv": [1.875, 7.625, 2.125, 8.1875], "texture": "#0"},
				"east": {"uv": [7.625, 2.75, 7.875, 3.3125], "texture": "#0"},
				"south": {"uv": [3, 7.625, 3.25, 8.1875], "texture": "#0"},
				"west": {"uv": [3.25, 7.625, 3.5, 8.1875], "texture": "#0"},
				"up": {"uv": [5, 2.5, 4.75, 2.25], "texture": "#0"},
				"down": {"uv": [5.875, 4.75, 5.625, 5], "texture": "#0"}
			}
		},
		{
			"from": [12.53907, 4.34117, 5.86092],
			"to": [12.53907, 9.02867, 10.31405],
			"shade": false,
			"rotation": {"angle": 45, "axis": "x", "origin": [11.25, 12, 3.375]},
			"faces": {
				"north": {"uv": [0, 0, 0, 0.5625], "texture": "#0"},
				"east": {"uv": [1.375, 6.375, 1.9375, 6.9375], "texture": "#0"},
				"south": {"uv": [0, 0, 0, 0.5625], "texture": "#0"},
				"west": {"uv": [1.9375, 6.375, 1.375, 6.9375], "texture": "#0"},
				"up": {"uv": [0, 0.5625, 0, 0], "texture": "#0"},
				"down": {"uv": [0, 0, 0, 0.5625], "texture": "#0"}
			}
		},
		{
			"from": [13.89618, 0.97058, -0.84375],
			"to": [13.89618, 5.65808, 2.67188],
			"shade": false,
			"rotation": {"angle": -45, "axis": "z", "origin": [12.75, 6, 3.375]},
			"faces": {
				"north": {"uv": [0, 0, 0, 0.5625], "texture": "#0"},
				"east": {"uv": [7.3125, 1.125, 6.875, 1.6875], "texture": "#0"},
				"south": {"uv": [0, 0, 0, 0.5625], "texture": "#0"},
				"west": {"uv": [6.875, 1.125, 7.3125, 1.6875], "texture": "#0"},
				"up": {"uv": [0, 0.4375, 0, 0], "texture": "#0"},
				"down": {"uv": [0, 0, 0, 0.4375], "texture": "#0"}
			}
		},
		{
			"name": "claw",
			"from": [9.35856, 3.80732, -0.14062],
			"to": [12.17106, 5.91677, -0.14062],
			"shade": false,
			"rotation": {"angle": 22.5, "axis": "z", "origin": [12.75, 4.96875, 3.375]},
			"faces": {
				"north": {"uv": [0, 16, 0.25, 15.4375], "rotation": 90, "texture": "#0"},
				"east": {"uv": [0, 0, 0, 0.25], "texture": "#0"},
				"south": {"uv": [0, 15.4375, 0.25, 16], "rotation": 90, "texture": "#0"},
				"west": {"uv": [0, 0, 0, 0.25], "texture": "#0"},
				"up": {"uv": [0.375, 0, 0, 0], "texture": "#0"},
				"down": {"uv": [0.375, 0, 0, 0], "texture": "#0"}
			}
		},
		{
			"name": "claw",
			"from": [11.3625, 1.45313, -1.3125],
			"to": [13.47188, 6.14063, -1.3125],
			"shade": false,
			"rotation": {"angle": -22.5, "axis": "z", "origin": [12.375, 6, 3.375]},
			"faces": {
				"north": {"uv": [0.25, 15.4375, 0, 16], "texture": "#0"},
				"east": {"uv": [0, 0, 0, 0.5625], "texture": "#0"},
				"south": {"uv": [0, 15.4375, 0.25, 16], "texture": "#0"},
				"west": {"uv": [0, 0, 0, 0.5625], "texture": "#0"},
				"up": {"uv": [0.25, 0, 0, 0], "texture": "#0"},
				"down": {"uv": [0.25, 0, 0, 0], "texture": "#0"}
			}
		},
		{
			"name": "claw",
			"from": [7.72058, 4.85382, -0.84375],
			"to": [12.40808, 6.96319, -0.84375],
			"shade": false,
			"rotation": {"angle": 45, "axis": "z", "origin": [12.75, 6, 3.375]},
			"faces": {
				"north": {"uv": [0, 16, 0.25, 15.4375], "rotation": 90, "texture": "#0"},
				"east": {"uv": [0, 0, 0, 0.25], "texture": "#0"},
				"south": {"uv": [0, 15.4375, 0.25, 16], "rotation": 90, "texture": "#0"},
				"west": {"uv": [0, 0, 0, 0.25], "texture": "#0"},
				"up": {"uv": [0.5625, 0, 0, 0], "texture": "#0"},
				"down": {"uv": [0.5625, 0, 0, 0], "texture": "#0"}
			}
		}
	],
	"display": {
		"gui": {
			"rotation": [30, 225, 0],
			"scale": [0.625, 0.625, 0.625]
		},
		"head": {
			"translation": [0, -66.62975, 5.75],
			"scale": [4, 4, 4]
		},
		"fixed": {
			"translation": [0, 48.25, 7],
			"scale": [4, 4, 4]
		}
	},
	"groups": [
		{
			"name": "head",
			"origin": [8, 8, 8],
			"color": 0,
			"children": [
				{
					"name": "neck",
					"origin": [8, 8, 8],
					"color": 0,
					"children": [0, 1]
				},
				{
					"name": "skull",
					"origin": [8, 8, 8],
					"color": 0,
					"children": [
						{
							"name": "bill",
							"origin": [8, 8, 8],
							"color": 0,
							"children": [2, 3, 4]
						},
						5
					]
				}
			]
		},
		{
			"name": "body",
			"origin": [8, 8, 8],
			"color": 0,
			"children": [
				{
					"name": "torso",
					"origin": [8, 8, 8],
					"color": 0,
					"children": [
						6,
						{
							"name": "hump",
							"origin": [0, 0, 0],
							"color": 0,
							"children": [7, 8, 9, 10, 11, 12]
						},
						13
					]
				},
				{
					"name": "tail",
					"origin": [8, 8, 8],
					"color": 0,
					"children": [
						14,
						15,
						16,
						{
							"name": "feathers",
							"origin": [8, 11, 11],
							"color": 1,
							"children": [17, 18, 19, 20]
						}
					]
				}
			]
		},
		{
			"name": "legs",
			"origin": [8, 8, 8],
			"color": 0,
			"children": [
				{
					"name": "leg1",
					"origin": [8, 8, 8],
					"color": 7,
					"children": [
						21,
						22,
						23,
						24,
						{
							"name": "leg2",
							"origin": [8, 8, 8],
							"color": 6,
							"children": [25, 26, 27, 28]
						}
					]
				},
				{
					"name": "leg2",
					"origin": [8, 8, 8],
					"color": 6,
					"children": [
						29,
						30,
						31,
						32,
						{
							"name": "leg1",
							"origin": [8, 8, 8],
							"color": 7,
							"children": [33, 34, 35, 36]
						}
					]
				}
			]
		},
		{
			"name": "limbs",
			"origin": [8, 8, 8],
			"color": 0,
			"shade": false,
			"children": [
				{
					"name": "arm_left",
					"origin": [8, 8, 8],
					"color": 0,
					"shade": false,
					"children": [
						37,
						38,
						39,
						40,
						41,
						42,
						{
							"name": "claw",
							"origin": [2.75, 6, 3.375],
							"color": 0,
							"children": [43, 44, 45]
						}
					]
				},
				{
					"name": "arm_right",
					"origin": [8, 8, 8],
					"color": 0,
					"shade": false,
					"children": [
						46,
						47,
						48,
						49,
						50,
						51,
						{
							"name": "claw",
							"origin": [12.875, 6, 3.375],
							"color": 0,
							"children": [52, 53, 54]
						}
					]
				}
			]
		}
	]
}