{
	"credit": "Made with Blockbench",
	"texture_size": [64, 64],
	"textures": {
		"1": "krmc:krmc_mobs/dracorex",
		"2": "krmc:krmc_mobs/animations/dracorex",
		"particle": "krmc:krmc_mobs/animations/dracorex"
	},
	"elements": [
		{
			"name": "snout",
			"from": [6.59375, 11.5625, -10],
			"to": [9.40625, 13.9375, -4.3125],
			"rotation": {"angle": 0, "axis": "y", "origin": [-3, -1, -5]},
			"faces": {
				"north": {"uv": [9, 5.25, 9.75, 5.75], "texture": "#1"},
				"east": {"uv": [7.5, 8, 9, 8.5], "texture": "#1"},
				"south": {"uv": [9.25, 5.75, 10, 6.25], "texture": "#1"},
				"west": {"uv": [0, 8.25, 1.5, 8.75], "texture": "#1"},
				"up": {"uv": [8.25, 2.5, 7.5, 1], "texture": "#1"},
				"down": {"uv": [8.25, 5.25, 7.5, 6.75], "texture": "#1"}
			}
		},
		{
			"name": "break_upper",
			"from": [7.34375, 11.0625, -10.6875],
			"to": [8.65625, 13.1875, -9.75],
			"rotation": {"angle": 22.5, "axis": "x", "origin": [8, 12.375, -9.96875]},
			"faces": {
				"north": {"uv": [15, 12.25, 15.5, 13.25], "texture": "#1"},
				"east": {"uv": [14.5, 12.25, 15, 13.25], "texture": "#1"},
				"south": {"uv": [15.5, 12.25, 16, 13.25], "texture": "#1"},
				"west": {"uv": [14, 12.25, 14.5, 13.25], "texture": "#1"},
				"up": {"uv": [14, 13.25, 13.5, 12.75], "texture": "#1"},
				"down": {"uv": [14, 12.25, 13.5, 12.75], "texture": "#1"}
			}
		},
		{
			"name": "lowerjaw",
			"from": [7.0625, 10.15625, -9.598],
			"to": [8.9375, 11.28125, -4.473],
			"rotation": {"angle": -22.5, "axis": "x", "origin": [7.875, 10.71875, -7.1605]},
			"faces": {
				"north": {"uv": [7.5, 6.75, 8, 7], "texture": "#1"},
				"east": {"uv": [9.5, 1, 10.75, 1.25], "texture": "#1"},
				"south": {"uv": [3.5, 8.5, 4, 8.75], "texture": "#1"},
				"west": {"uv": [9.5, 4.75, 10.75, 5], "texture": "#1"},
				"up": {"uv": [9.5, 1.25, 9, 0], "texture": "#1"},
				"down": {"uv": [9.5, 4, 9, 5.25], "texture": "#1"}
			}
		},
		{
			"name": "dome",
			"from": [6.40625, 13.125, -6.8125],
			"to": [9.59375, 15.3125, -3],
			"rotation": {"angle": 0, "axis": "y", "origin": [19, -1, -5]},
			"faces": {
				"north": {"uv": [9.5, 0, 10.25, 0.5], "texture": "#1"},
				"east": {"uv": [8.25, 6, 9.25, 6.5], "texture": "#1"},
				"south": {"uv": [9.5, 0.5, 10.25, 1], "texture": "#1"},
				"west": {"uv": [9, 1.25, 10, 1.75], "texture": "#1"},
				"up": {"uv": [9, 1, 8.25, 0], "texture": "#1"},
				"down": {"uv": [9, 1, 8.25, 2], "texture": "#1"}
			}
		},
		{
			"name": "idkaname",
			"from": [7.03125, 13.125, -8.125],
			"to": [8.96875, 14.6875, -6.5],
			"rotation": {"angle": -22.5, "axis": "x", "origin": [8, 13.90625, -7.5625]},
			"faces": {
				"north": {"uv": [2, 6.5, 2.5, 7], "texture": "#1"},
				"east": {"uv": [4, 6.5, 4.5, 7], "texture": "#1"},
				"south": {"uv": [7, 1, 7.5, 1.5], "texture": "#1"},
				"west": {"uv": [8.25, 2, 8.75, 2.5], "texture": "#1"},
				"up": {"uv": [9.75, 10, 9.25, 9.5], "texture": "#1"},
				"down": {"uv": [0.5, 9.75, 0, 10.25], "texture": "#1"}
			}
		},
		{
			"name": "lefthorn_big",
			"from": [8.28125, 14.21875, -3.6875],
			"to": [9.59375, 15.40625, 0.125],
			"rotation": {"angle": 22.5, "axis": "y", "origin": [8, 14.1875, -4.90625]},
			"faces": {
				"north": {"uv": [6.5, 5.25, 6.75, 5.5], "texture": "#1"},
				"east": {"uv": [8, 7.75, 9, 8], "texture": "#1"},
				"south": {"uv": [8, 5, 8.25, 5.25], "texture": "#1"},
				"west": {"uv": [9.5, 5, 10.5, 5.25], "texture": "#1"},
				"up": {"uv": [0.75, 10.75, 0.5, 9.75], "texture": "#1"},
				"down": {"uv": [1, 9.75, 0.75, 10.75], "texture": "#1"}
			}
		},
		{
			"name": "righthorn_big",
			"from": [6.40625, 14.21875, -3.6875],
			"to": [7.71875, 15.40625, 0.125],
			"rotation": {"angle": -22.5, "axis": "y", "origin": [8, 14.1875, -4.90625]},
			"faces": {
				"north": {"uv": [5.5, 8.25, 5.75, 8.5], "texture": "#1"},
				"east": {"uv": [9.5, 9.25, 10.5, 9.5], "texture": "#1"},
				"south": {"uv": [9, 5.75, 9.25, 6], "texture": "#1"},
				"west": {"uv": [1, 9.75, 2, 10], "texture": "#1"},
				"up": {"uv": [2.25, 10.75, 2, 9.75], "texture": "#1"},
				"down": {"uv": [2.5, 9.75, 2.25, 10.75], "texture": "#1"}
			}
		},
		{
			"name": "lefthorn_small",
			"from": [8.90625, 12.65625, -4.9375],
			"to": [9.59375, 13.84375, -2.0625],
			"rotation": {"angle": 22.5, "axis": "y", "origin": [8, 14.1875, -4.90625]},
			"faces": {
				"north": {"uv": [5.25, 9.25, 5.5, 9.5], "texture": "#1"},
				"east": {"uv": [5.75, 3.25, 6.5, 3.5], "texture": "#1"},
				"south": {"uv": [9.25, 6.25, 9.5, 6.5], "texture": "#1"},
				"west": {"uv": [8.25, 6.5, 9, 6.75], "texture": "#1"},
				"up": {"uv": [2.75, 10.5, 2.5, 9.75], "texture": "#1"},
				"down": {"uv": [4.25, 9.75, 4, 10.5], "texture": "#1"}
			}
		},
		{
			"name": "righthorn_small",
			"from": [6.40625, 12.65625, -4.9375],
			"to": [7.09375, 13.84375, -2.0625],
			"rotation": {"angle": -22.5, "axis": "y", "origin": [8, 14.1875, -4.90625]},
			"faces": {
				"north": {"uv": [10.5, 2.5, 10.75, 2.75], "texture": "#1"},
				"east": {"uv": [10, 1.25, 10.75, 1.5], "texture": "#1"},
				"south": {"uv": [10.5, 2.75, 10.75, 3], "texture": "#1"},
				"west": {"uv": [10, 1.5, 10.75, 1.75], "texture": "#1"},
				"up": {"uv": [1.75, 10.75, 1.5, 10], "texture": "#1"},
				"down": {"uv": [2, 10, 1.75, 10.75], "texture": "#1"}
			}
		},
		{
			"name": "righthorn_tiny",
			"from": [6.40625, 11.75625, -5.3375],
			"to": [7.09375, 12.44375, -3.6625],
			"rotation": {"angle": -22.5, "axis": "y", "origin": [8, 14.1875, -4.90625]},
			"faces": {
				"north": {"uv": [10.5, 2.5, 10.75, 2.75], "texture": "#1"},
				"east": {"uv": [10, 1.25, 10.75, 1.5], "texture": "#1"},
				"south": {"uv": [10.5, 2.75, 10.75, 3], "texture": "#1"},
				"west": {"uv": [10, 1.5, 10.75, 1.75], "texture": "#1"},
				"up": {"uv": [1.75, 10.75, 1.5, 10], "texture": "#1"},
				"down": {"uv": [2, 10, 1.75, 10.75], "texture": "#1"}
			}
		},
		{
			"name": "lefthorn_tiny",
			"from": [8.90625, 11.75625, -5.3375],
			"to": [9.59375, 12.44375, -3.6625],
			"rotation": {"angle": 22.5, "axis": "y", "origin": [8, 14.1875, -4.90625]},
			"faces": {
				"north": {"uv": [10.75, 2.5, 10.5, 2.75], "texture": "#1"},
				"east": {"uv": [10.75, 1.5, 10, 1.75], "texture": "#1"},
				"south": {"uv": [10.75, 2.75, 10.5, 3], "texture": "#1"},
				"west": {"uv": [10.75, 1.25, 10, 1.5], "texture": "#1"},
				"up": {"uv": [1.5, 10.75, 1.75, 10], "texture": "#1"},
				"down": {"uv": [1.75, 10, 2, 10.75], "texture": "#1"}
			}
		},
		{
			"name": "righthorn_tiny",
			"from": [6.42147, 14.37971, -5.2875],
			"to": [7.10897, 16.05471, -4.6],
			"rotation": {"angle": 22.5, "axis": "x", "origin": [6.56522, 15.21721, -5.26875]},
			"faces": {
				"north": {"uv": [1.75, 10.75, 1.5, 10], "rotation": 180, "texture": "#1"},
				"east": {"uv": [10, 1.25, 10.75, 1.5], "rotation": 90, "texture": "#1"},
				"south": {"uv": [2, 10, 1.75, 10.75], "texture": "#1"},
				"west": {"uv": [10, 1.5, 10.75, 1.75], "rotation": 270, "texture": "#1"},
				"up": {"uv": [10.5, 2.75, 10.75, 3], "texture": "#1"},
				"down": {"uv": [10.5, 2.5, 10.75, 2.75], "rotation": 180, "texture": "#1"}
			}
		},
		{
			"name": "righthorn_tiny",
			"from": [7.625, 14.45229, -4.27415],
			"to": [8.375, 15.55229, -2.02415],
			"rotation": {"angle": -22.5, "axis": "x", "origin": [8, 15.50229, -3.89915]},
			"faces": {
				"north": {"uv": [10.75, 2.5, 10.5, 2.75], "texture": "#1"},
				"east": {"uv": [10.75, 1.5, 10, 1.75], "texture": "#1"},
				"south": {"uv": [10.75, 2.75, 10.5, 3], "texture": "#1"},
				"west": {"uv": [10.75, 1.25, 10, 1.5], "texture": "#1"},
				"up": {"uv": [1.5, 10.75, 1.75, 10], "texture": "#1"},
				"down": {"uv": [1.75, 10, 2, 10.75], "texture": "#1"}
			}
		},
		{
			"name": "lefthorn_tiny",
			"from": [8.89103, 14.37971, -5.2875],
			"to": [9.57853, 16.05471, -4.6],
			"rotation": {"angle": 22.5, "axis": "x", "origin": [9.43478, 15.21721, -5.26875]},
			"faces": {
				"north": {"uv": [1.5, 10.75, 1.75, 10], "rotation": 180, "texture": "#1"},
				"east": {"uv": [10.75, 1.5, 10, 1.75], "rotation": 90, "texture": "#1"},
				"south": {"uv": [1.75, 10, 2, 10.75], "texture": "#1"},
				"west": {"uv": [10.75, 1.25, 10, 1.5], "rotation": 270, "texture": "#1"},
				"up": {"uv": [10.75, 2.75, 10.5, 3], "texture": "#1"},
				"down": {"uv": [10.75, 2.5, 10.5, 2.75], "rotation": 180, "texture": "#1"}
			}
		},
		{
			"name": "neck",
			"from": [6.625, 9.125, -4.125],
			"to": [9.375, 13.25, 4.125],
			"rotation": {"angle": 22.5, "axis": "x", "origin": [-3, 12.75, 1.25]},
			"faces": {
				"north": {"uv": [4.75, 8.25, 5.5, 9.25], "texture": "#1"},
				"east": {"uv": [4.5, 3.5, 6.5, 4.5], "texture": "#1"},
				"south": {"uv": [8.25, 5, 9, 6], "texture": "#1"},
				"west": {"uv": [4.5, 4.5, 6.5, 5.5], "texture": "#1"},
				"up": {"uv": [3.25, 7, 2.5, 5], "texture": "#1"},
				"down": {"uv": [4, 6.5, 3.25, 8.5], "texture": "#1"}
			}
		},
		{
			"name": "tail",
			"from": [5.5, 8.125, 12.25],
			"to": [10.5, 13.75, 16.875],
			"rotation": {"angle": 0, "axis": "y", "origin": [-2, 0, -4]},
			"faces": {
				"north": {"uv": [0, 5, 1.25, 6.5], "texture": "#1"},
				"east": {"uv": [0, 3.5, 1.5, 5], "texture": "#1"},
				"south": {"uv": [1.25, 5, 2.5, 6.5], "texture": "#1"},
				"west": {"uv": [1.5, 3.5, 3, 5], "texture": "#1"},
				"up": {"uv": [5.75, 7, 4.5, 5.5], "texture": "#1"},
				"down": {"uv": [7, 0, 5.75, 1.5], "texture": "#1"}
			}
		},
		{
			"name": "tail",
			"from": [6.125, 9.375, 16.875],
			"to": [9.875, 13.75, 20.875],
			"rotation": {"angle": 0, "axis": "y", "origin": [-2, 0, -4]},
			"faces": {
				"north": {"uv": [8, 4, 9, 5], "texture": "#1"},
				"east": {"uv": [7, 0, 8.25, 1], "texture": "#1"},
				"south": {"uv": [8, 6.75, 9, 7.75], "texture": "#1"},
				"west": {"uv": [6.75, 7, 8, 8], "texture": "#1"},
				"up": {"uv": [5.75, 8.25, 4.75, 7], "texture": "#1"},
				"down": {"uv": [6.75, 7.25, 5.75, 8.5], "texture": "#1"}
			}
		},
		{
			"name": "tail",
			"from": [6.75, 9.375, 20.875],
			"to": [9.25, 13.75, 26.125],
			"rotation": {"angle": 0, "axis": "y", "origin": [-2, 0, -4]},
			"faces": {
				"north": {"uv": [2.75, 8.5, 3.5, 9.5], "texture": "#1"},
				"east": {"uv": [6.5, 3.25, 8, 4.25], "texture": "#1"},
				"south": {"uv": [5.5, 8.5, 6.25, 9.5], "texture": "#1"},
				"west": {"uv": [6.5, 4.25, 8, 5.25], "texture": "#1"},
				"up": {"uv": [8.75, 4, 8, 2.5], "texture": "#1"},
				"down": {"uv": [7.5, 8, 6.75, 9.5], "texture": "#1"}
			}
		},
		{
			"from": [5.5, 6.875, -0.875],
			"to": [10.5, 13.75, 12.25],
			"rotation": {"angle": 0, "axis": "y", "origin": [-2, 0, -4]},
			"faces": {
				"north": {"uv": [4.5, 0, 5.75, 1.75], "texture": "#1"},
				"east": {"uv": [0, 0, 3.25, 1.75], "texture": "#1"},
				"south": {"uv": [4.5, 1.75, 5.75, 3.5], "texture": "#1"},
				"west": {"uv": [0, 1.75, 3.25, 3.5], "texture": "#1"},
				"up": {"uv": [4.5, 3.25, 3.25, 0], "texture": "#1"},
				"down": {"uv": [4.5, 3.25, 3.25, 6.5], "texture": "#1"}
			}
		},
		{
			"name": "spikes",
			"from": [8, 13.75, 0],
			"to": [8, 15.25, 25],
			"faces": {
				"north": {"uv": [0, 0, 0, 0.25], "texture": "#1"},
				"east": {"uv": [12, 14.5, 0, 15], "texture": "#1"},
				"south": {"uv": [0, 0, 0, 0.25], "texture": "#1"},
				"west": {"uv": [0, 14.5, 12, 15], "texture": "#1"},
				"up": {"uv": [0, 0, 0, 6], "texture": "#1"},
				"down": {"uv": [0, 0, 0, 6], "texture": "#1"}
			}
		},
		{
			"name": "left",
			"from": [7, 13.75, 0.5],
			"to": [7, 20.75, 12.5],
			"rotation": {"angle": 22.5, "axis": "z", "origin": [7, 13.5, 6.5]},
			"faces": {
				"north": {"uv": [0, 11, 0, 12.75], "texture": "#1"},
				"east": {"uv": [6, 11, 0, 14.5], "texture": "#1"},
				"south": {"uv": [0, 11, 0, 12.75], "texture": "#1"},
				"west": {"uv": [0, 11, 6, 14.5], "texture": "#1"},
				"up": {"uv": [0, 11, 0, 14], "texture": "#1"},
				"down": {"uv": [0, 11, 0, 14], "texture": "#1"}
			}
		},
		{
			"name": "right",
			"from": [9, 13.75, 0.5],
			"to": [9, 20.75, 12.5],
			"rotation": {"angle": -22.5, "axis": "z", "origin": [9, 13.5, 6.5]},
			"faces": {
				"north": {"uv": [0, 11, 0, 12.75], "texture": "#1"},
				"east": {"uv": [6, 11, 0, 14.5], "texture": "#1"},
				"south": {"uv": [0, 11, 0, 12.75], "texture": "#1"},
				"west": {"uv": [0, 11, 6, 14.5], "texture": "#1"},
				"up": {"uv": [0, 11, 0, 14], "texture": "#1"},
				"down": {"uv": [0, 11, 0, 14], "texture": "#1"}
			}
		},
		{
			"name": "main",
			"from": [3.75, 7, 0.75],
			"to": [5.375, 10.25, 2.375],
			"rotation": {"angle": 0, "axis": "y", "origin": [-4.375, -4.375, -5.75]},
			"faces": {
				"north": {"uv": [7.5, 2.5, 8, 3.25], "texture": "#1"},
				"east": {"uv": [9.5, 1.75, 10, 2.5], "texture": "#1"},
				"south": {"uv": [9.5, 2.5, 10, 3.25], "texture": "#1"},
				"west": {"uv": [2.75, 9.5, 3.25, 10.25], "texture": "#1"},
				"up": {"uv": [4, 10.25, 3.5, 9.75], "texture": "#1"},
				"down": {"uv": [10.25, 5.25, 9.75, 5.75], "texture": "#1"}
			}
		},
		{
			"name": "main2",
			"from": [3.83125, 4.5625, 0.34375],
			"to": [5.29375, 7.8125, 1.80625],
			"rotation": {"angle": 45, "axis": "x", "origin": [5.375, 7, 1.5625]},
			"faces": {
				"north": {"uv": [10, 1.75, 10.25, 2.5], "texture": "#1"},
				"east": {"uv": [10, 2.5, 10.25, 3.25], "texture": "#1"},
				"south": {"uv": [10, 3.25, 10.25, 4], "texture": "#1"},
				"west": {"uv": [10, 4, 10.25, 4.75], "texture": "#1"},
				"up": {"uv": [10.75, 3.25, 10.5, 3], "texture": "#1"},
				"down": {"uv": [4.25, 10.5, 4, 10.75], "texture": "#1"}
			}
		},
		{
			"name": "claw3",
			"from": [3.9312, 2.79808, -0.14375],
			"to": [5.3937, 6.04808, -0.14375],
			"rotation": {"angle": -22.5, "axis": "z", "origin": [4.5625, 5.375, -0.0625]},
			"faces": {
				"north": {"uv": [10.75, 2.25, 11.25, 3.25], "texture": "#1"},
				"east": {"uv": [10.75, 2.25, 11.25, 3.25], "texture": "#1"},
				"south": {"uv": [11.25, 2.25, 10.75, 3.25], "texture": "#1"},
				"west": {"uv": [10.75, 2.25, 11.25, 3.25], "texture": "#1"},
				"up": {"uv": [10.75, 2.25, 11.25, 3.25], "texture": "#1"},
				"down": {"uv": [10.75, 2.25, 11.25, 3.25], "texture": "#1"}
			}
		},
		{
			"name": "claw2",
			"from": [3.83125, 2.79808, -0.55],
			"to": [5.29375, 6.04808, -0.55],
			"rotation": {"angle": 0, "axis": "z", "origin": [4.5625, 5.375, -0.0625]},
			"faces": {
				"north": {"uv": [10.75, 2.25, 11.25, 3.25], "texture": "#1"},
				"east": {"uv": [10.75, 2.25, 11.25, 3.25], "texture": "#1"},
				"south": {"uv": [11.25, 2.25, 10.75, 3.25], "texture": "#1"},
				"west": {"uv": [10.75, 2.25, 11.25, 3.25], "texture": "#1"},
				"up": {"uv": [10.75, 2.25, 11.25, 3.25], "texture": "#1"},
				"down": {"uv": [10.75, 2.25, 11.25, 3.25], "texture": "#1"}
			}
		},
		{
			"name": "claw1",
			"from": [3.7312, 2.96057, -0.95625],
			"to": [5.1937, 6.21058, -0.95625],
			"rotation": {"angle": 22.5, "axis": "z", "origin": [4.5625, 5.375, -0.0625]},
			"faces": {
				"north": {"uv": [10.75, 2.25, 11.25, 3.25], "texture": "#1"},
				"east": {"uv": [10.75, 2.25, 11.25, 3.25], "texture": "#1"},
				"south": {"uv": [11.25, 2.25, 10.75, 3.25], "texture": "#1"},
				"west": {"uv": [10.75, 2.25, 11.25, 3.25], "texture": "#1"},
				"up": {"uv": [10.75, 2.25, 11.25, 3.25], "texture": "#1"},
				"down": {"uv": [10.75, 2.25, 11.25, 3.25], "texture": "#1"}
			}
		},
		{
			"name": "main",
			"from": [10.625, 7, 0.75],
			"to": [12.25, 10.25, 2.375],
			"rotation": {"angle": 0, "axis": "y", "origin": [20.375, -4.375, -5.75]},
			"faces": {
				"north": {"uv": [9.5, 3.25, 10, 4], "texture": "#1"},
				"east": {"uv": [9.5, 4, 10, 4.75], "texture": "#1"},
				"south": {"uv": [5.25, 9.5, 5.75, 10.25], "texture": "#1"},
				"west": {"uv": [5.75, 9.5, 6.25, 10.25], "texture": "#1"},
				"up": {"uv": [10.25, 10, 9.75, 9.5], "texture": "#1"},
				"down": {"uv": [1.5, 10, 1, 10.5], "texture": "#1"}
			}
		},
		{
			"name": "main2",
			"from": [10.70625, 4.5625, 0.34375],
			"to": [12.16875, 7.8125, 1.80625],
			"rotation": {"angle": 45, "axis": "x", "origin": [10.625, 7, 1.5625]},
			"faces": {
				"north": {"uv": [9.25, 10, 9.5, 10.75], "texture": "#1"},
				"east": {"uv": [9.5, 10, 9.75, 10.75], "texture": "#1"},
				"south": {"uv": [9.75, 10, 10, 10.75], "texture": "#1"},
				"west": {"uv": [10, 10, 10.25, 10.75], "texture": "#1"},
				"up": {"uv": [4.75, 10.75, 4.5, 10.5], "texture": "#1"},
				"down": {"uv": [5, 10.5, 4.75, 10.75], "texture": "#1"}
			}
		},
		{
			"name": "claw3",
			"from": [10.6063, 2.79808, -0.14375],
			"to": [12.0688, 6.04808, -0.14375],
			"rotation": {"angle": 22.5, "axis": "z", "origin": [11.4375, 5.375, -0.0625]},
			"faces": {
				"north": {"uv": [11.25, 2.25, 10.75, 3.25], "texture": "#1"},
				"east": {"uv": [10.75, 2.25, 11.25, 3.25], "texture": "#1"},
				"south": {"uv": [10.75, 2.25, 11.25, 3.25], "texture": "#1"},
				"west": {"uv": [10.75, 2.25, 11.25, 3.25], "texture": "#1"},
				"up": {"uv": [10.75, 2.25, 11.25, 3.25], "texture": "#1"},
				"down": {"uv": [10.75, 2.25, 11.25, 3.25], "texture": "#1"}
			}
		},
		{
			"name": "claw2",
			"from": [10.70625, 2.79808, -0.55],
			"to": [12.16875, 6.04808, -0.55],
			"rotation": {"angle": 0, "axis": "z", "origin": [11.4375, 5.375, -0.0625]},
			"faces": {
				"north": {"uv": [11.25, 2.25, 10.75, 3.25], "texture": "#1"},
				"east": {"uv": [10.75, 2.25, 11.25, 3.25], "texture": "#1"},
				"south": {"uv": [10.75, 2.25, 11.25, 3.25], "texture": "#1"},
				"west": {"uv": [10.75, 2.25, 11.25, 3.25], "texture": "#1"},
				"up": {"uv": [10.75, 2.25, 11.25, 3.25], "texture": "#1"},
				"down": {"uv": [10.75, 2.25, 11.25, 3.25], "texture": "#1"}
			}
		},
		{
			"name": "claw1",
			"from": [10.8063, 2.96057, -0.95625],
			"to": [12.2688, 6.21058, -0.95625],
			"rotation": {"angle": -22.5, "axis": "z", "origin": [11.4375, 5.375, -0.0625]},
			"faces": {
				"north": {"uv": [11.25, 2.25, 10.75, 3.25], "texture": "#1"},
				"east": {"uv": [10.75, 2.25, 11.25, 3.25], "texture": "#1"},
				"south": {"uv": [10.75, 2.25, 11.25, 3.25], "texture": "#1"},
				"west": {"uv": [10.75, 2.25, 11.25, 3.25], "texture": "#1"},
				"up": {"uv": [10.75, 2.25, 11.25, 3.25], "texture": "#1"},
				"down": {"uv": [10.75, 2.25, 11.25, 3.25], "texture": "#1"}
			}
		},
		{
			"name": "thigh",
			"from": [9.40625, 6.38829, 5.89289],
			"to": [12.21875, 12.95079, 9.64289],
			"rotation": {"angle": 45, "axis": "x", "origin": [10.8125, 11.5625, 7.8125]},
			"faces": {
				"north": {"uv": [2, 7, 2.75, 8.75], "texture": "#2"},
				"east": {"uv": [0, 6.5, 1, 8.25], "texture": "#2"},
				"south": {"uv": [4, 7, 4.75, 8.75], "texture": "#2"},
				"west": {"uv": [1, 6.5, 2, 8.25], "texture": "#2"},
				"up": {"uv": [2.75, 9.75, 2, 8.75], "texture": "#2"},
				"down": {"uv": [9.5, 2, 8.75, 3], "texture": "#2"}
			}
		},
		{
			"name": "shin",
			"from": [9.875, 5.51427, 3.45803],
			"to": [11.75, 9.26427, 6.27053],
			"rotation": {"angle": -22.5, "axis": "x", "origin": [10.8125, 11.5625, 7.8125]},
			"faces": {
				"north": {"uv": [9, 8.5, 9.5, 9.5], "texture": "#2"},
				"east": {"uv": [8.75, 3, 9.5, 4], "texture": "#2"},
				"south": {"uv": [4.75, 9.25, 5.25, 10.25], "texture": "#2"},
				"west": {"uv": [3.5, 8.75, 4.25, 9.75], "texture": "#2"},
				"up": {"uv": [8.25, 10.25, 7.75, 9.5], "texture": "#2"},
				"down": {"uv": [10, 7.75, 9.5, 8.5], "texture": "#2"}
			}
		},
		{
			"name": "foot_main",
			"from": [10.10938, 0.8327, 10.06125],
			"to": [11.51563, 6.4577, 11.93625],
			"rotation": {"angle": 45, "axis": "x", "origin": [10.8125, 11.5625, 7.8125]},
			"faces": {
				"north": {"uv": [8.25, 9.5, 8.5, 11], "texture": "#2"},
				"east": {"uv": [6.25, 8.5, 6.75, 10], "texture": "#2"},
				"south": {"uv": [8.5, 9.5, 8.75, 11], "texture": "#2"},
				"west": {"uv": [4.25, 8.75, 4.75, 10.25], "texture": "#2"},
				"up": {"uv": [10.5, 7.25, 10.25, 6.75], "texture": "#2"},
				"down": {"uv": [7.25, 10.25, 7, 10.75], "texture": "#2"}
			}
		},
		{
			"name": "foot_tip",
			"from": [9.875, 0, 5.0625],
			"to": [11.75, 1.40625, 7.875],
			"rotation": {"angle": 22.5, "axis": "x", "origin": [10.8125, 11.5625, 7.8125]},
			"faces": {
				"north": {"uv": [7.25, 10.25, 7.75, 10.5], "texture": "#2"},
				"east": {"uv": [10.25, 0.75, 11, 1], "texture": "#2"},
				"south": {"uv": [10.25, 7.25, 10.75, 7.5], "texture": "#2"},
				"west": {"uv": [10.25, 3.25, 11, 3.5], "texture": "#2"},
				"up": {"uv": [10, 9.25, 9.5, 8.5], "texture": "#2"},
				"down": {"uv": [9.25, 9.5, 8.75, 10.25], "texture": "#2"}
			}
		},
		{
			"name": "toe_back",
			"from": [10.34375, 1.06708, 10.99875],
			"to": [11.28125, 2.23895, 12.87375],
			"rotation": {"angle": 45, "axis": "x", "origin": [10.8125, 11.5625, 7.8125]},
			"faces": {
				"north": {"uv": [10.5, 7, 10.75, 7.25], "texture": "#2"},
				"east": {"uv": [10.25, 7.5, 10.75, 7.75], "texture": "#2"},
				"south": {"uv": [7.25, 10.5, 7.5, 10.75], "texture": "#2"},
				"west": {"uv": [7.75, 10.25, 8.25, 10.5], "texture": "#2"},
				"up": {"uv": [10.5, 8.25, 10.25, 7.75], "texture": "#2"},
				"down": {"uv": [10.5, 8.25, 10.25, 8.75], "texture": "#2"}
			}
		},
		{
			"name": "toe_left",
			"from": [9.30625, 0.04688, 3.65625],
			"to": [9.99375, 1.21875, 6],
			"rotation": {"angle": 22.5, "axis": "x", "origin": [10.8125, 11.5625, 7.8125]},
			"faces": {
				"north": {"uv": [7.5, 10.5, 7.75, 10.75], "texture": "#2"},
				"east": {"uv": [8.75, 10.25, 9.25, 10.5], "texture": "#2"},
				"south": {"uv": [7.75, 10.5, 8, 10.75], "texture": "#2"},
				"west": {"uv": [10.25, 9.5, 10.75, 9.75], "texture": "#2"},
				"up": {"uv": [10.5, 10.25, 10.25, 9.75], "texture": "#2"},
				"down": {"uv": [10.5, 10.25, 10.25, 10.75], "texture": "#2"}
			}
		},
		{
			"name": "toe_middle",
			"from": [10.34375, 0, 3.1875],
			"to": [11.28125, 1.17188, 5.0625],
			"rotation": {"angle": 22.5, "axis": "x", "origin": [10.8125, 11.5625, 7.8125]},
			"faces": {
				"north": {"uv": [10.5, 7.75, 10.75, 8], "texture": "#2"},
				"east": {"uv": [10.5, 0, 11, 0.25], "texture": "#2"},
				"south": {"uv": [8, 10.5, 8.25, 10.75], "texture": "#2"},
				"west": {"uv": [10.5, 0.25, 11, 0.5], "texture": "#2"},
				"up": {"uv": [1.25, 11, 1, 10.5], "texture": "#2"},
				"down": {"uv": [1.5, 10.5, 1.25, 11], "texture": "#2"}
			}
		},
		{
			"name": "toe_right",
			"from": [11.63125, 0.04688, 3.65625],
			"to": [12.31875, 1.21875, 6],
			"rotation": {"angle": 22.5, "axis": "x", "origin": [10.8125, 11.5625, 7.8125]},
			"faces": {
				"north": {"uv": [10.5, 8, 10.75, 8.25], "texture": "#2"},
				"east": {"uv": [10.5, 0.5, 11, 0.75], "texture": "#2"},
				"south": {"uv": [10.5, 8.25, 10.75, 8.5], "texture": "#2"},
				"west": {"uv": [10.5, 1.75, 11, 2], "texture": "#2"},
				"up": {"uv": [10.75, 2.5, 10.5, 2], "texture": "#2"},
				"down": {"uv": [2.75, 10.5, 2.5, 11], "texture": "#2"}
			}
		},
		{
			"name": "thigh",
			"from": [9.40625, 6.38829, 5.89289],
			"to": [12.21875, 12.95079, 9.64289],
			"rotation": {"angle": -22.5, "axis": "x", "origin": [5.1875, 11.5625, 7.8125]},
			"faces": {
				"north": {"uv": [7.5, 1.5, 6.75, 3.25], "texture": "#2"},
				"east": {"uv": [6.75, 5.5, 5.75, 7.25], "texture": "#2"},
				"south": {"uv": [7.5, 5.25, 6.75, 7], "texture": "#2"},
				"west": {"uv": [6.75, 1.5, 5.75, 3.25], "texture": "#2"},
				"up": {"uv": [7.5, 9.5, 8.25, 8.5], "texture": "#2"},
				"down": {"uv": [8.25, 8.5, 9, 9.5], "texture": "#2"}
			}
		},
		{
			"name": "shin",
			"from": [9.875, 7.20803, 10.11073],
			"to": [11.75, 10.02053, 13.86073],
			"rotation": {"angle": 0, "axis": "x", "origin": [5.1875, 11.5625, 7.8125]},
			"faces": {
				"north": {"uv": [9.5, 7, 10, 6.25], "rotation": 180, "texture": "#2"},
				"east": {"uv": [1.5, 8.75, 0.75, 9.75], "rotation": 90, "texture": "#2"},
				"south": {"uv": [6.75, 9.5, 7.25, 10.25], "texture": "#2"},
				"west": {"uv": [0.75, 8.75, 0, 9.75], "rotation": 270, "texture": "#2"},
				"up": {"uv": [9.5, 7.5, 9, 8.5], "texture": "#2"},
				"down": {"uv": [9.5, 6.5, 9, 7.5], "rotation": 180, "texture": "#2"}
			}
		},
		{
			"name": "foot_main",
			"from": [10.10937, 0.8327, 10.06125],
			"to": [11.51562, 6.4577, 11.93625],
			"rotation": {"angle": -22.5, "axis": "x", "origin": [5.1875, 11.5625, 7.8125]},
			"faces": {
				"north": {"uv": [3.25, 3.5, 3, 5], "texture": "#2"},
				"east": {"uv": [2, 8.25, 1.5, 9.75], "texture": "#2"},
				"south": {"uv": [3.5, 9.5, 3.25, 11], "texture": "#2"},
				"west": {"uv": [3.25, 7, 2.75, 8.5], "texture": "#2"},
				"up": {"uv": [3, 10.75, 3.25, 10.25], "texture": "#2"},
				"down": {"uv": [3.5, 10.25, 3.75, 10.75], "texture": "#2"}
			}
		},
		{
			"name": "foot_tip",
			"from": [9.875, 0, 5.0625],
			"to": [11.75, 1.40625, 7.875],
			"rotation": {"angle": -45, "axis": "x", "origin": [5.1875, 11.5625, 7.8125]},
			"faces": {
				"north": {"uv": [9.5, 1.75, 9, 2], "texture": "#2"},
				"east": {"uv": [10.75, 9, 10, 9.25], "texture": "#2"},
				"south": {"uv": [10.75, 3.5, 10.25, 3.75], "texture": "#2"},
				"west": {"uv": [10.75, 8.75, 10, 9], "texture": "#2"},
				"up": {"uv": [9.5, 7.75, 10, 7], "texture": "#2"},
				"down": {"uv": [7.25, 9.5, 7.75, 10.25], "texture": "#2"}
			}
		},
		{
			"name": "toe_back",
			"from": [10.34375, 1.06708, 10.99875],
			"to": [11.28125, 2.23895, 12.87375],
			"rotation": {"angle": -22.5, "axis": "x", "origin": [5.1875, 11.5625, 7.8125]},
			"faces": {
				"north": {"uv": [10.75, 5, 10.5, 5.25], "texture": "#2"},
				"east": {"uv": [10.75, 4, 10.25, 4.25], "texture": "#2"},
				"south": {"uv": [10.75, 5.5, 10.5, 5.75], "texture": "#2"},
				"west": {"uv": [10.75, 3.75, 10.25, 4], "texture": "#2"},
				"up": {"uv": [3.75, 10.75, 4, 10.25], "texture": "#2"},
				"down": {"uv": [4.25, 10.25, 4.5, 10.75], "texture": "#2"}
			}
		},
		{
			"name": "toe_right",
			"from": [11.63125, 0.04688, 3.65625],
			"to": [12.31875, 1.21875, 6],
			"rotation": {"angle": -45, "axis": "x", "origin": [5.1875, 11.5625, 7.8125]},
			"faces": {
				"north": {"uv": [6, 10.5, 5.75, 10.75], "texture": "#2"},
				"east": {"uv": [5, 10.25, 4.5, 10.5], "texture": "#2"},
				"south": {"uv": [10.75, 5.75, 10.5, 6], "texture": "#2"},
				"west": {"uv": [10.75, 4.25, 10.25, 4.5], "texture": "#2"},
				"up": {"uv": [5, 10.75, 5.25, 10.25], "texture": "#2"},
				"down": {"uv": [5.25, 10.25, 5.5, 10.75], "texture": "#2"}
			}
		},
		{
			"name": "toe_middle",
			"from": [10.34375, 0, 3.1875],
			"to": [11.28125, 1.17188, 5.0625],
			"rotation": {"angle": -45, "axis": "x", "origin": [5.1875, 11.5625, 7.8125]},
			"faces": {
				"north": {"uv": [6.25, 10.5, 6, 10.75], "texture": "#2"},
				"east": {"uv": [10.75, 5.25, 10.25, 5.5], "texture": "#2"},
				"south": {"uv": [10.75, 6.25, 10.5, 6.5], "texture": "#2"},
				"west": {"uv": [10.75, 4.5, 10.25, 4.75], "texture": "#2"},
				"up": {"uv": [5.5, 10.75, 5.75, 10.25], "texture": "#2"},
				"down": {"uv": [10.25, 5.5, 10.5, 6], "texture": "#2"}
			}
		},
		{
			"name": "toe_left",
			"from": [9.30625, 0.04688, 3.65625],
			"to": [9.99375, 1.21875, 6],
			"rotation": {"angle": -45, "axis": "x", "origin": [5.1875, 11.5625, 7.8125]},
			"faces": {
				"north": {"uv": [10.75, 6.5, 10.5, 6.75], "texture": "#2"},
				"east": {"uv": [10.75, 6, 10.25, 6.25], "texture": "#2"},
				"south": {"uv": [10.75, 6.75, 10.5, 7], "texture": "#2"},
				"west": {"uv": [6.25, 10.25, 5.75, 10.5], "texture": "#2"},
				"up": {"uv": [10.25, 6.75, 10.5, 6.25], "texture": "#2"},
				"down": {"uv": [6.75, 10.25, 7, 10.75], "texture": "#2"}
			}
		},
		{
			"name": "thigh",
			"from": [3.78125, 6.38829, 5.89289],
			"to": [6.59375, 12.95079, 9.64289],
			"rotation": {"angle": 45, "axis": "x", "origin": [10.8125, 11.5625, 7.8125]},
			"faces": {
				"north": {"uv": [6.75, 1.5, 7.5, 3.25], "texture": "#2"},
				"east": {"uv": [5.75, 1.5, 6.75, 3.25], "texture": "#2"},
				"south": {"uv": [6.75, 5.25, 7.5, 7], "texture": "#2"},
				"west": {"uv": [5.75, 5.5, 6.75, 7.25], "texture": "#2"},
				"up": {"uv": [8.25, 9.5, 7.5, 8.5], "texture": "#2"},
				"down": {"uv": [9, 8.5, 8.25, 9.5], "texture": "#2"}
			}
		},
		{
			"name": "shin",
			"from": [4.25, 5.51427, 3.45803],
			"to": [6.125, 9.26427, 6.27053],
			"rotation": {"angle": -22.5, "axis": "x", "origin": [10.8125, 11.5625, 7.8125]},
			"faces": {
				"north": {"uv": [9, 6.5, 9.5, 7.5], "texture": "#2"},
				"east": {"uv": [0, 8.75, 0.75, 9.75], "texture": "#2"},
				"south": {"uv": [9, 7.5, 9.5, 8.5], "texture": "#2"},
				"west": {"uv": [0.75, 8.75, 1.5, 9.75], "texture": "#2"},
				"up": {"uv": [10, 7, 9.5, 6.25], "texture": "#2"},
				"down": {"uv": [7.25, 9.5, 6.75, 10.25], "texture": "#2"}
			}
		},
		{
			"name": "foot_main",
			"from": [4.48438, 0.8327, 10.06125],
			"to": [5.89063, 6.4577, 11.93625],
			"rotation": {"angle": 45, "axis": "x", "origin": [10.8125, 11.5625, 7.8125]},
			"faces": {
				"north": {"uv": [3, 3.5, 3.25, 5], "texture": "#2"},
				"east": {"uv": [2.75, 7, 3.25, 8.5], "texture": "#2"},
				"south": {"uv": [3.25, 9.5, 3.5, 11], "texture": "#2"},
				"west": {"uv": [1.5, 8.25, 2, 9.75], "texture": "#2"},
				"up": {"uv": [3.25, 10.75, 3, 10.25], "texture": "#2"},
				"down": {"uv": [3.75, 10.25, 3.5, 10.75], "texture": "#2"}
			}
		},
		{
			"name": "foot_tip",
			"from": [4.25, 0, 5.0625],
			"to": [6.125, 1.40625, 7.875],
			"rotation": {"angle": 22.5, "axis": "x", "origin": [10.8125, 11.5625, 7.8125]},
			"faces": {
				"north": {"uv": [9, 1.75, 9.5, 2], "texture": "#2"},
				"east": {"uv": [10, 8.75, 10.75, 9], "texture": "#2"},
				"south": {"uv": [10.25, 3.5, 10.75, 3.75], "texture": "#2"},
				"west": {"uv": [10, 9, 10.75, 9.25], "texture": "#2"},
				"up": {"uv": [10, 7.75, 9.5, 7], "texture": "#2"},
				"down": {"uv": [7.75, 9.5, 7.25, 10.25], "texture": "#2"}
			}
		},
		{
			"name": "toe_back",
			"from": [4.71875, 1.06708, 10.99875],
			"to": [5.65625, 2.23895, 12.87375],
			"rotation": {"angle": 45, "axis": "x", "origin": [10.8125, 11.5625, 7.8125]},
			"faces": {
				"north": {"uv": [10.5, 5, 10.75, 5.25], "texture": "#2"},
				"east": {"uv": [10.25, 3.75, 10.75, 4], "texture": "#2"},
				"south": {"uv": [10.5, 5.5, 10.75, 5.75], "texture": "#2"},
				"west": {"uv": [10.25, 4, 10.75, 4.25], "texture": "#2"},
				"up": {"uv": [4, 10.75, 3.75, 10.25], "texture": "#2"},
				"down": {"uv": [4.5, 10.25, 4.25, 10.75], "texture": "#2"}
			}
		},
		{
			"name": "toe_left",
			"from": [3.68125, 0.04688, 3.65625],
			"to": [4.36875, 1.21875, 6],
			"rotation": {"angle": 22.5, "axis": "x", "origin": [10.8125, 11.5625, 7.8125]},
			"faces": {
				"north": {"uv": [5.75, 10.5, 6, 10.75], "texture": "#2"},
				"east": {"uv": [10.25, 4.25, 10.75, 4.5], "texture": "#2"},
				"south": {"uv": [10.5, 5.75, 10.75, 6], "texture": "#2"},
				"west": {"uv": [4.5, 10.25, 5, 10.5], "texture": "#2"},
				"up": {"uv": [5.25, 10.75, 5, 10.25], "texture": "#2"},
				"down": {"uv": [5.5, 10.25, 5.25, 10.75], "texture": "#2"}
			}
		},
		{
			"name": "toe_middle",
			"from": [4.71875, 0, 3.1875],
			"to": [5.65625, 1.17188, 5.0625],
			"rotation": {"angle": 22.5, "axis": "x", "origin": [10.8125, 11.5625, 7.8125]},
			"faces": {
				"north": {"uv": [6, 10.5, 6.25, 10.75], "texture": "#2"},
				"east": {"uv": [10.25, 4.5, 10.75, 4.75], "texture": "#2"},
				"south": {"uv": [10.5, 6.25, 10.75, 6.5], "texture": "#2"},
				"west": {"uv": [10.25, 5.25, 10.75, 5.5], "texture": "#2"},
				"up": {"uv": [5.75, 10.75, 5.5, 10.25], "texture": "#2"},
				"down": {"uv": [10.5, 5.5, 10.25, 6], "texture": "#2"}
			}
		},
		{
			"name": "toe_right",
			"from": [6.00625, 0.04688, 3.65625],
			"to": [6.69375, 1.21875, 6],
			"rotation": {"angle": 22.5, "axis": "x", "origin": [10.8125, 11.5625, 7.8125]},
			"faces": {
				"north": {"uv": [10.5, 6.5, 10.75, 6.75], "texture": "#2"},
				"east": {"uv": [5.75, 10.25, 6.25, 10.5], "texture": "#2"},
				"south": {"uv": [10.5, 6.75, 10.75, 7], "texture": "#2"},
				"west": {"uv": [10.25, 6, 10.75, 6.25], "texture": "#2"},
				"up": {"uv": [10.5, 6.75, 10.25, 6.25], "texture": "#2"},
				"down": {"uv": [7, 10.25, 6.75, 10.75], "texture": "#2"}
			}
		},
		{
			"name": "thigh",
			"from": [3.78125, 6.38829, 5.89289],
			"to": [6.59375, 12.95079, 9.64289],
			"rotation": {"angle": -22.5, "axis": "x", "origin": [5.1875, 11.5625, 7.8125]},
			"faces": {
				"north": {"uv": [2.75, 7, 2, 8.75], "texture": "#2"},
				"east": {"uv": [2, 6.5, 1, 8.25], "texture": "#2"},
				"south": {"uv": [4.75, 7, 4, 8.75], "texture": "#2"},
				"west": {"uv": [1, 6.5, 0, 8.25], "texture": "#2"},
				"up": {"uv": [2, 9.75, 2.75, 8.75], "texture": "#2"},
				"down": {"uv": [8.75, 2, 9.5, 3], "texture": "#2"}
			}
		},
		{
			"name": "shin",
			"from": [4.25, 7.20803, 10.11073],
			"to": [6.125, 10.02053, 13.86073],
			"rotation": {"angle": 0, "axis": "x", "origin": [5.1875, 11.5625, 7.8125]},
			"faces": {
				"north": {"uv": [7.75, 10.25, 8.25, 9.5], "rotation": 180, "texture": "#2"},
				"east": {"uv": [4.25, 8.75, 3.5, 9.75], "rotation": 90, "texture": "#2"},
				"south": {"uv": [9.5, 7.75, 10, 8.5], "texture": "#2"},
				"west": {"uv": [9.5, 3, 8.75, 4], "rotation": 270, "texture": "#2"},
				"up": {"uv": [5.25, 9.25, 4.75, 10.25], "texture": "#2"},
				"down": {"uv": [9.5, 8.5, 9, 9.5], "rotation": 180, "texture": "#2"}
			}
		},
		{
			"name": "foot_main",
			"from": [4.48437, 0.8327, 10.06125],
			"to": [5.89062, 6.4577, 11.93625],
			"rotation": {"angle": -22.5, "axis": "x", "origin": [5.1875, 11.5625, 7.8125]},
			"faces": {
				"north": {"uv": [8.5, 9.5, 8.25, 11], "texture": "#2"},
				"east": {"uv": [4.75, 8.75, 4.25, 10.25], "texture": "#2"},
				"south": {"uv": [8.75, 9.5, 8.5, 11], "texture": "#2"},
				"west": {"uv": [6.75, 8.5, 6.25, 10], "texture": "#2"},
				"up": {"uv": [10.25, 7.25, 10.5, 6.75], "texture": "#2"},
				"down": {"uv": [7, 10.25, 7.25, 10.75], "texture": "#2"}
			}
		},
		{
			"name": "foot_tip",
			"from": [4.25, 0, 5.0625],
			"to": [6.125, 1.40625, 7.875],
			"rotation": {"angle": -45, "axis": "x", "origin": [5.1875, 11.5625, 7.8125]},
			"faces": {
				"north": {"uv": [7.75, 10.25, 7.25, 10.5], "texture": "#2"},
				"east": {"uv": [11, 3.25, 10.25, 3.5], "texture": "#2"},
				"south": {"uv": [10.75, 7.25, 10.25, 7.5], "texture": "#2"},
				"west": {"uv": [11, 0.75, 10.25, 1], "texture": "#2"},
				"up": {"uv": [9.5, 9.25, 10, 8.5], "texture": "#2"},
				"down": {"uv": [8.75, 9.5, 9.25, 10.25], "texture": "#2"}
			}
		},
		{
			"name": "toe_back",
			"from": [4.71875, 1.06708, 10.99875],
			"to": [5.65625, 2.23895, 12.87375],
			"rotation": {"angle": -22.5, "axis": "x", "origin": [5.1875, 11.5625, 7.8125]},
			"faces": {
				"north": {"uv": [10.75, 7, 10.5, 7.25], "texture": "#2"},
				"east": {"uv": [8.25, 10.25, 7.75, 10.5], "texture": "#2"},
				"south": {"uv": [7.5, 10.5, 7.25, 10.75], "texture": "#2"},
				"west": {"uv": [10.75, 7.5, 10.25, 7.75], "texture": "#2"},
				"up": {"uv": [10.25, 8.25, 10.5, 7.75], "texture": "#2"},
				"down": {"uv": [10.25, 8.25, 10.5, 8.75], "texture": "#2"}
			}
		},
		{
			"name": "toe_right",
			"from": [6.00625, 0.04688, 3.65625],
			"to": [6.69375, 1.21875, 6],
			"rotation": {"angle": -45, "axis": "x", "origin": [5.1875, 11.5625, 7.8125]},
			"faces": {
				"north": {"uv": [7.75, 10.5, 7.5, 10.75], "texture": "#2"},
				"east": {"uv": [10.75, 9.5, 10.25, 9.75], "texture": "#2"},
				"south": {"uv": [8, 10.5, 7.75, 10.75], "texture": "#2"},
				"west": {"uv": [9.25, 10.25, 8.75, 10.5], "texture": "#2"},
				"up": {"uv": [10.25, 10.25, 10.5, 9.75], "texture": "#2"},
				"down": {"uv": [10.25, 10.25, 10.5, 10.75], "texture": "#2"}
			}
		},
		{
			"name": "toe_middle",
			"from": [4.71875, 0, 3.1875],
			"to": [5.65625, 1.17188, 5.0625],
			"rotation": {"angle": -45, "axis": "x", "origin": [5.1875, 11.5625, 7.8125]},
			"faces": {
				"north": {"uv": [10.75, 7.75, 10.5, 8], "texture": "#2"},
				"east": {"uv": [11, 0.25, 10.5, 0.5], "texture": "#2"},
				"south": {"uv": [8.25, 10.5, 8, 10.75], "texture": "#2"},
				"west": {"uv": [11, 0, 10.5, 0.25], "texture": "#2"},
				"up": {"uv": [1, 11, 1.25, 10.5], "texture": "#2"},
				"down": {"uv": [1.25, 10.5, 1.5, 11], "texture": "#2"}
			}
		},
		{
			"name": "toe_left",
			"from": [3.68125, 0.04688, 3.65625],
			"to": [4.36875, 1.21875, 6],
			"rotation": {"angle": -45, "axis": "x", "origin": [5.1875, 11.5625, 7.8125]},
			"faces": {
				"north": {"uv": [10.75, 8, 10.5, 8.25], "texture": "#2"},
				"east": {"uv": [11, 1.75, 10.5, 2], "texture": "#2"},
				"south": {"uv": [10.75, 8.25, 10.5, 8.5], "texture": "#2"},
				"west": {"uv": [11, 0.5, 10.5, 0.75], "texture": "#2"},
				"up": {"uv": [10.5, 2.5, 10.75, 2], "texture": "#2"},
				"down": {"uv": [2.5, 10.5, 2.75, 11], "texture": "#2"}
			}
		}
	],
	"display": {
		"thirdperson_righthand": {
			"rotation": [75, 45, 0],
			"translation": [0, 2.5, 0],
			"scale": [0.375, 0.375, 0.375]
		},
		"thirdperson_lefthand": {
			"rotation": [75, 45, 0],
			"translation": [0, 2.5, 0],
			"scale": [0.375, 0.375, 0.375]
		},
		"firstperson_righthand": {
			"rotation": [0, 45, 0],
			"scale": [0.4, 0.4, 0.4]
		},
		"firstperson_lefthand": {
			"rotation": [0, 225, 0],
			"scale": [0.4, 0.4, -0.4]
		},
		"gui": {
			"rotation": [30, 225, 0],
			"scale": [0.75, 0.75, 0.75]
		},
		"head": {
			"translation": [0, -19, 6.5],
			"scale": [3, 3, 3]
		},
		"fixed": {
			"translation": [0, 40, 22],
			"scale": [3, 3, 3]
		}
	},
	"groups": [
		{
			"name": "root",
			"origin": [8, 8, 8],
			"color": 0,
			"children": [
				{
					"name": "body",
					"origin": [8, 8, 8],
					"color": 0,
					"children": [
						{
							"name": "head",
							"origin": [8, 8, 8],
							"color": 0,
							"children": [
								{
									"name": "skull",
									"origin": [8, 8, 8],
									"color": 0,
									"children": [
										0,
										1,
										2,
										3,
										4,
										{
											"name": "horns_side",
											"origin": [8, 11.35, -0.725],
											"color": 0,
											"children": [5, 6, 7, 8, 9, 10]
										},
										{
											"name": "horns_top",
											"origin": [8, 8, 8],
											"color": 0,
											"children": [11, 12, 13]
										}
									]
								},
								14
							]
						},
						{
							"name": "tail",
							"origin": [8, 8, 8],
							"color": 0,
							"children": [15, 16, 17]
						},
						18,
						{
							"name": "spines",
							"origin": [8, 8, 8],
							"color": 0,
							"children": [
								19,
								{
									"name": "sails",
									"origin": [8, 8, 8],
									"color": 0,
									"children": [20, 21]
								}
							]
						}
					]
				},
				{
					"name": "limbs",
					"origin": [8, 8, 8],
					"color": 0,
					"children": [
						{
							"name": "arm_left",
							"origin": [8, 8, 8],
							"color": 0,
							"children": [22, 23, 24, 25, 26]
						},
						{
							"name": "arm_right",
							"origin": [8, 8, 8],
							"color": 0,
							"children": [27, 28, 29, 30, 31]
						},
						{
							"name": "legs",
							"origin": [8, 8, 8],
							"color": 0,
							"children": [
								{
									"name": "right",
									"origin": [8, 8, 8],
									"color": 0,
									"children": [
										32,
										33,
										34,
										35,
										36,
										37,
										38,
										39,
										{
											"name": "left",
											"origin": [8, 8, 8],
											"color": 0,
											"children": [40, 41, 42, 43, 44, 45, 46, 47]
										}
									]
								},
								{
									"name": "left",
									"origin": [8, 8, 8],
									"color": 0,
									"children": [
										48,
										49,
										50,
										51,
										52,
										53,
										54,
										55,
										{
											"name": "right",
											"origin": [8, 8, 8],
											"color": 0,
											"children": [56, 57, 58, 59, 60, 61, 62, 63]
										}
									]
								}
							]
						}
					]
				}
			]
		}
	]
}