{
	"credit": "Made with Blockbench",
	"texture_size": [128, 128],
	"textures": {
		"1": "krmc:krmc_mobs/frost_vark",
		"2": "krmc:krmc_mobs/v_rex",
		"3": "krmc:krmc_mobs/animations/frost_vark",
		"particle": "krmc:krmc_mobs/v_rex"
	},
	"elements": [
		{
			"name": "paw",
			"from": [0.512, -0.22525, -5.55903],
			"to": [4.256, 2.11475, 0.05697],
			"rotation": {"angle": -45, "axis": "x", "origin": [2.384, 11.03975, 0.54317]},
			"faces": {
				"north": {"uv": [8.125, 8.25, 8.5625, 8.5625], "texture": "#3"},
				"east": {"uv": [7.875, 6.75, 8.5625, 7.0625], "texture": "#3"},
				"south": {"uv": [8.375, 0, 8.8125, 0.3125], "texture": "#3"},
				"west": {"uv": [7.875, 7.125, 8.5625, 7.4375], "texture": "#3"},
				"up": {"uv": [7.8125, 2.9375, 7.375, 2.25], "texture": "#3"},
				"down": {"uv": [7.8125, 3, 7.375, 3.6875], "texture": "#3"}
			}
		},
		{
			"name": "lower_leg",
			"from": [0.746, 0.37788, 0.77268],
			"to": [4.022, 7.86588, 4.51668],
			"rotation": {"angle": -22.5, "axis": "x", "origin": [2.384, 11.03975, 0.54317]},
			"faces": {
				"north": {"uv": [0, 6.375, 0.4375, 7.3125], "texture": "#3"},
				"east": {"uv": [6.375, 0, 6.8125, 0.9375], "texture": "#3"},
				"south": {"uv": [0.5, 6.375, 0.9375, 7.3125], "texture": "#3"},
				"west": {"uv": [1, 6.375, 1.4375, 7.3125], "texture": "#3"},
				"up": {"uv": [7.1875, 8.3125, 6.75, 7.875], "texture": "#3"},
				"down": {"uv": [0.4375, 8.125, 0, 8.5625], "texture": "#3"}
			}
		},
		{
			"name": "upper_leg",
			"from": [0.512, 5.39075, -3.51576],
			"to": [4.256, 12.87875, 3.03624],
			"rotation": {"angle": -45, "axis": "x", "origin": [2.384, 11.03975, 0.54317]},
			"faces": {
				"north": {"uv": [6.375, 2.5, 6.8125, 3.4375], "texture": "#3"},
				"east": {"uv": [0, 4.5, 0.8125, 5.4375], "texture": "#3"},
				"south": {"uv": [6.375, 3.5, 6.8125, 4.4375], "texture": "#3"},
				"west": {"uv": [0.875, 4.5, 1.6875, 5.4375], "texture": "#3"},
				"up": {"uv": [7.4375, 2.1875, 7, 1.375], "texture": "#3"},
				"down": {"uv": [1.9375, 7, 1.5, 7.8125], "texture": "#3"}
			}
		},
		{
			"name": "paw",
			"from": [0.512, -0.22525, -5.55903],
			"to": [4.256, 2.11475, 0.05697],
			"rotation": {"angle": 45, "axis": "x", "origin": [2.384, 11.03975, 0.54317]},
			"faces": {
				"north": {"uv": [0.9375, 8.375, 0.5, 8.6875], "texture": "#3"},
				"east": {"uv": [8.5625, 7.875, 7.875, 8.1875], "texture": "#3"},
				"south": {"uv": [8.8125, 3.25, 8.375, 3.5625], "texture": "#3"},
				"west": {"uv": [8.5625, 7.5, 7.875, 7.8125], "texture": "#3"},
				"up": {"uv": [7.375, 4.4375, 7.8125, 3.75], "texture": "#3"},
				"down": {"uv": [7.375, 6.75, 7.8125, 7.4375], "texture": "#3"}
			}
		},
		{
			"name": "lower_leg",
			"from": [0.746, 7.06624, -10.1187],
			"to": [4.022, 10.81024, -2.6307],
			"rotation": {"angle": -22.5, "axis": "x", "origin": [2.384, 11.03975, 0.54317]},
			"faces": {
				"north": {"uv": [2.5, 8.25, 2.9375, 8.6875], "rotation": 180, "texture": "#3"},
				"east": {"uv": [7.1875, 4.5, 6.75, 5.4375], "rotation": 270, "texture": "#3"},
				"south": {"uv": [8.125, 5.5625, 8.5625, 5.125], "texture": "#3"},
				"west": {"uv": [4.8125, 6.5, 4.375, 7.4375], "rotation": 90, "texture": "#3"},
				"up": {"uv": [2.9375, 6.5, 2.5, 7.4375], "rotation": 180, "texture": "#3"},
				"down": {"uv": [7.0625, 6, 6.625, 6.9375], "texture": "#3"}
			}
		},
		{
			"name": "upper_leg",
			"from": [0.512, 5.39075, -3.51576],
			"to": [4.256, 12.87875, 3.03624],
			"rotation": {"angle": 45, "axis": "x", "origin": [2.384, 11.03975, 0.54317]},
			"faces": {
				"north": {"uv": [6.3125, 6.75, 5.875, 7.6875], "texture": "#3"},
				"east": {"uv": [5.3125, 4, 4.5, 4.9375], "texture": "#3"},
				"south": {"uv": [7.3125, 0, 6.875, 0.9375], "texture": "#3"},
				"west": {"uv": [5.3125, 3, 4.5, 3.9375], "texture": "#3"},
				"up": {"uv": [2, 7.8125, 2.4375, 7], "texture": "#3"},
				"down": {"uv": [3, 7, 3.4375, 7.8125], "texture": "#3"}
			}
		},
		{
			"name": "paw",
			"from": [11.744, -0.22525, -5.55903],
			"to": [15.488, 2.11475, 0.05697],
			"rotation": {"angle": 22.5, "axis": "x", "origin": [13.616, 11.03975, 0.54317]},
			"faces": {
				"north": {"uv": [0.5, 8.375, 0.9375, 8.6875], "texture": "#3"},
				"east": {"uv": [7.875, 7.5, 8.5625, 7.8125], "texture": "#3"},
				"south": {"uv": [8.375, 3.25, 8.8125, 3.5625], "texture": "#3"},
				"west": {"uv": [7.875, 7.875, 8.5625, 8.1875], "texture": "#3"},
				"up": {"uv": [7.8125, 4.4375, 7.375, 3.75], "texture": "#3"},
				"down": {"uv": [7.8125, 6.75, 7.375, 7.4375], "texture": "#3"}
			}
		},
		{
			"name": "lower_leg",
			"from": [11.978, 0.37788, 0.77268],
			"to": [15.254, 7.86588, 4.51668],
			"rotation": {"angle": 45, "axis": "x", "origin": [13.616, 11.03975, 0.54317]},
			"faces": {
				"north": {"uv": [2.5, 6.5, 2.9375, 7.4375], "texture": "#3"},
				"east": {"uv": [4.375, 6.5, 4.8125, 7.4375], "texture": "#3"},
				"south": {"uv": [6.625, 6, 7.0625, 6.9375], "texture": "#3"},
				"west": {"uv": [6.75, 4.5, 7.1875, 5.4375], "texture": "#3"},
				"up": {"uv": [8.5625, 5.5625, 8.125, 5.125], "texture": "#3"},
				"down": {"uv": [2.9375, 8.25, 2.5, 8.6875], "texture": "#3"}
			}
		},
		{
			"name": "upper_leg",
			"from": [11.744, 5.39075, -3.51576],
			"to": [15.488, 12.87875, 3.03624],
			"rotation": {"angle": 22.5, "axis": "x", "origin": [13.616, 11.03975, 0.54317]},
			"faces": {
				"north": {"uv": [5.875, 6.75, 6.3125, 7.6875], "texture": "#3"},
				"east": {"uv": [4.5, 3, 5.3125, 3.9375], "texture": "#3"},
				"south": {"uv": [6.875, 0, 7.3125, 0.9375], "texture": "#3"},
				"west": {"uv": [4.5, 4, 5.3125, 4.9375], "texture": "#3"},
				"up": {"uv": [2.4375, 7.8125, 2, 7], "texture": "#3"},
				"down": {"uv": [3.4375, 7, 3, 7.8125], "texture": "#3"}
			}
		},
		{
			"name": "paw",
			"from": [11.744, 4.93755, 9.46817],
			"to": [15.488, 10.55355, 11.80817],
			"rotation": {"angle": 22.5, "axis": "x", "origin": [13.616, 11.03975, 0.54317]},
			"faces": {
				"north": {"uv": [7.375, 2.9375, 7.8125, 2.25], "rotation": 180, "texture": "#3"},
				"east": {"uv": [8.5625, 7.125, 7.875, 7.4375], "rotation": 90, "texture": "#3"},
				"south": {"uv": [7.375, 3, 7.8125, 3.6875], "texture": "#3"},
				"west": {"uv": [8.5625, 6.75, 7.875, 7.0625], "rotation": 270, "texture": "#3"},
				"up": {"uv": [8.8125, 0, 8.375, 0.3125], "texture": "#3"},
				"down": {"uv": [8.5625, 8.25, 8.125, 8.5625], "rotation": 180, "texture": "#3"}
			}
		},
		{
			"name": "lower_leg",
			"from": [11.978, 0.37788, 0.77268],
			"to": [15.254, 7.86588, 4.51668],
			"rotation": {"angle": -45, "axis": "x", "origin": [13.616, 11.03975, 0.54317]},
			"faces": {
				"north": {"uv": [0.4375, 6.375, 0, 7.3125], "texture": "#3"},
				"east": {"uv": [1.4375, 6.375, 1, 7.3125], "texture": "#3"},
				"south": {"uv": [0.9375, 6.375, 0.5, 7.3125], "texture": "#3"},
				"west": {"uv": [6.8125, 0, 6.375, 0.9375], "texture": "#3"},
				"up": {"uv": [6.75, 8.3125, 7.1875, 7.875], "texture": "#3"},
				"down": {"uv": [0, 8.125, 0.4375, 8.5625], "texture": "#3"}
			}
		},
		{
			"name": "upper_leg",
			"from": [11.744, 6.98082, -1.29583],
			"to": [15.488, 13.53282, 6.19217],
			"rotation": {"angle": 22.5, "axis": "x", "origin": [13.616, 11.03975, 0.54317]},
			"faces": {
				"north": {"uv": [7, 2.1875, 7.4375, 1.375], "rotation": 180, "texture": "#3"},
				"east": {"uv": [1.6875, 4.5, 0.875, 5.4375], "rotation": 90, "texture": "#3"},
				"south": {"uv": [1.5, 7, 1.9375, 7.8125], "texture": "#3"},
				"west": {"uv": [0.8125, 4.5, 0, 5.4375], "rotation": 270, "texture": "#3"},
				"up": {"uv": [6.8125, 3.5, 6.375, 4.4375], "texture": "#3"},
				"down": {"uv": [6.8125, 2.5, 6.375, 3.4375], "rotation": 180, "texture": "#3"}
			}
		},
		{
			"name": "paw",
			"from": [0.512, 4.24211, 24.92361],
			"to": [4.256, 9.85811, 27.26361],
			"rotation": {"angle": 45, "axis": "x", "origin": [2.384, 9.80575, 17.23261]},
			"faces": {
				"north": {"uv": [7.9375, 1.5625, 7.5, 0.875], "rotation": 180, "texture": "#3"},
				"east": {"uv": [8, 0.375, 8.6875, 0.6875], "rotation": 90, "texture": "#3"},
				"south": {"uv": [2.9375, 7.5, 2.5, 8.1875], "texture": "#3"},
				"west": {"uv": [8, 0.75, 8.6875, 1.0625], "rotation": 270, "texture": "#3"},
				"up": {"uv": [8.375, 4, 8.8125, 4.3125], "texture": "#3"},
				"down": {"uv": [8.375, 3.625, 8.8125, 3.9375], "rotation": 180, "texture": "#3"}
			}
		},
		{
			"name": "lower_leg",
			"from": [0.98, 0.49004, 17.48745],
			"to": [3.788, 5.63804, 21.23145],
			"rotation": {"angle": -22.5, "axis": "x", "origin": [2.384, 9.80575, 17.23261]},
			"faces": {
				"north": {"uv": [6.375, 4.5, 6.75, 5.125], "texture": "#3"},
				"east": {"uv": [7.5, 1.625, 7.9375, 2.25], "texture": "#3"},
				"south": {"uv": [4.5, 7.5, 4.875, 8.125], "texture": "#3"},
				"west": {"uv": [7.625, 5.25, 8.0625, 5.875], "texture": "#3"},
				"up": {"uv": [4.375, 7.4375, 4, 7], "texture": "#3"},
				"down": {"uv": [1.5, 7.375, 1.125, 7.8125], "texture": "#3"}
			}
		},
		{
			"name": "upper_leg",
			"from": [0.512, 6.28538, 14.62761],
			"to": [4.256, 12.83738, 22.11561],
			"rotation": {"angle": 45, "axis": "x", "origin": [2.384, 9.80575, 17.23261]},
			"faces": {
				"north": {"uv": [3.9375, 7.8125, 3.5, 7], "rotation": 180, "texture": "#3"},
				"east": {"uv": [4.75, 1, 5.5625, 1.9375], "rotation": 90, "texture": "#3"},
				"south": {"uv": [6.8125, 7, 6.375, 7.8125], "texture": "#3"},
				"west": {"uv": [4.75, 2, 5.5625, 2.9375], "rotation": 270, "texture": "#3"},
				"up": {"uv": [6.875, 3.5, 7.3125, 4.4375], "texture": "#3"},
				"down": {"uv": [6.875, 2.5, 7.3125, 3.4375], "rotation": 180, "texture": "#3"}
			}
		},
		{
			"name": "lower_leg",
			"from": [0.746, 5.13893, 20.25605],
			"to": [4.022, 9.81893, 23.53205],
			"rotation": {"angle": 22.5, "axis": "x", "origin": [2.384, 9.80575, 17.23261]},
			"faces": {
				"north": {"uv": [1.5625, 8.4375, 1.125, 7.875], "rotation": 180, "texture": "#3"},
				"east": {"uv": [7.625, 5.875, 8.1875, 6.3125], "rotation": 90, "texture": "#3"},
				"south": {"uv": [2.0625, 7.875, 1.625, 8.4375], "texture": "#3"},
				"west": {"uv": [0.5, 7.875, 1.0625, 8.3125], "rotation": 270, "texture": "#3"},
				"up": {"uv": [8.25, 4.5, 8.6875, 4.9375], "texture": "#3"},
				"down": {"uv": [4, 8.25, 4.4375, 8.6875], "rotation": 180, "texture": "#3"}
			}
		},
		{
			"name": "paw",
			"from": [0.512, -0.22525, 11.66897],
			"to": [4.256, 2.11475, 17.28497],
			"rotation": {"angle": 22.5, "axis": "x", "origin": [2.384, 9.80575, 17.23261]},
			"faces": {
				"north": {"uv": [6.0625, 8.375, 5.625, 8.6875], "texture": "#3"},
				"east": {"uv": [8.6875, 1.5, 8, 1.8125], "texture": "#3"},
				"south": {"uv": [7.1875, 8.375, 6.75, 8.6875], "texture": "#3"},
				"west": {"uv": [8.6875, 1.125, 8, 1.4375], "texture": "#3"},
				"up": {"uv": [4, 8.1875, 4.4375, 7.5], "texture": "#3"},
				"down": {"uv": [7.375, 7.5, 7.8125, 8.1875], "texture": "#3"}
			}
		},
		{
			"name": "lower_leg",
			"from": [0.98, 0.49004, 17.48745],
			"to": [3.788, 5.63804, 21.23145],
			"rotation": {"angle": 45, "axis": "x", "origin": [2.384, 9.80575, 17.23261]},
			"faces": {
				"north": {"uv": [2.5, 7.875, 2.125, 8.5], "texture": "#3"},
				"east": {"uv": [6.3125, 7.75, 5.875, 8.375], "texture": "#3"},
				"south": {"uv": [5.25, 7.875, 4.875, 8.5], "texture": "#3"},
				"west": {"uv": [8.1875, 4.5, 7.75, 5.125], "texture": "#3"},
				"up": {"uv": [4.5, 8.5625, 4.875, 8.125], "texture": "#3"},
				"down": {"uv": [7.25, 8.25, 7.625, 8.6875], "texture": "#3"}
			}
		},
		{
			"name": "lower_leg",
			"from": [0.746, 3.50631, 12.56579],
			"to": [4.022, 6.78231, 17.24579],
			"rotation": {"angle": 0, "axis": "x", "origin": [2.384, 9.80575, 17.23261]},
			"faces": {
				"north": {"uv": [8.6875, 5.625, 8.25, 6.0625], "texture": "#3"},
				"east": {"uv": [8.4375, 2.75, 7.875, 3.1875], "texture": "#3"},
				"south": {"uv": [8.6875, 6.125, 8.25, 6.5625], "texture": "#3"},
				"west": {"uv": [8.4375, 2.25, 7.875, 2.6875], "texture": "#3"},
				"up": {"uv": [3, 8.4375, 3.4375, 7.875], "texture": "#3"},
				"down": {"uv": [7.875, 3.25, 8.3125, 3.8125], "texture": "#3"}
			}
		},
		{
			"name": "upper_leg",
			"from": [0.512, 4.92275, 13.71224],
			"to": [4.256, 12.41075, 20.26424],
			"rotation": {"angle": 22.5, "axis": "x", "origin": [2.384, 9.80575, 17.23261]},
			"faces": {
				"north": {"uv": [5.3125, 6.875, 4.875, 7.8125], "texture": "#3"},
				"east": {"uv": [2.5625, 5, 1.75, 5.9375], "texture": "#3"},
				"south": {"uv": [5.8125, 6.875, 5.375, 7.8125], "texture": "#3"},
				"west": {"uv": [5.6875, 0, 4.875, 0.9375], "texture": "#3"},
				"up": {"uv": [6.875, 7.8125, 7.3125, 7], "texture": "#3"},
				"down": {"uv": [7.125, 5.5, 7.5625, 6.3125], "texture": "#3"}
			}
		},
		{
			"name": "paw",
			"from": [11.744, 4.24211, 22.92361],
			"to": [15.488, 9.85811, 25.26361],
			"rotation": {"angle": 22.5, "axis": "x", "origin": [13.616, 9.80575, 15.23261]},
			"faces": {
				"north": {"uv": [7.5, 1.5625, 7.9375, 0.875], "rotation": 180, "texture": "#3"},
				"east": {"uv": [8.6875, 0.75, 8, 1.0625], "rotation": 90, "texture": "#3"},
				"south": {"uv": [2.5, 7.5, 2.9375, 8.1875], "texture": "#3"},
				"west": {"uv": [8.6875, 0.375, 8, 0.6875], "rotation": 270, "texture": "#3"},
				"up": {"uv": [8.8125, 4, 8.375, 4.3125], "texture": "#3"},
				"down": {"uv": [8.8125, 3.625, 8.375, 3.9375], "rotation": 180, "texture": "#3"}
			}
		},
		{
			"name": "lower_leg",
			"from": [12.212, 10.06059, 19.40032],
			"to": [15.02, 13.80459, 24.54832],
			"rotation": {"angle": 45, "axis": "x", "origin": [13.616, 9.80575, 15.23261]},
			"faces": {
				"north": {"uv": [4, 7.4375, 4.375, 7], "rotation": 180, "texture": "#3"},
				"east": {"uv": [8.0625, 5.25, 7.625, 5.875], "rotation": 90, "texture": "#3"},
				"south": {"uv": [1.125, 7.375, 1.5, 7.8125], "texture": "#3"},
				"west": {"uv": [7.9375, 1.625, 7.5, 2.25], "rotation": 270, "texture": "#3"},
				"up": {"uv": [4.875, 7.5, 4.5, 8.125], "texture": "#3"},
				"down": {"uv": [6.75, 4.5, 6.375, 5.125], "rotation": 180, "texture": "#3"}
			}
		},
		{
			"name": "upper_leg",
			"from": [11.744, 6.28538, 12.62761],
			"to": [15.488, 12.83738, 20.11561],
			"rotation": {"angle": 22.5, "axis": "x", "origin": [13.616, 9.80575, 15.23261]},
			"faces": {
				"north": {"uv": [3.5, 7.8125, 3.9375, 7], "rotation": 180, "texture": "#3"},
				"east": {"uv": [5.5625, 2, 4.75, 2.9375], "rotation": 90, "texture": "#3"},
				"south": {"uv": [6.375, 7, 6.8125, 7.8125], "texture": "#3"},
				"west": {"uv": [5.5625, 1, 4.75, 1.9375], "rotation": 270, "texture": "#3"},
				"up": {"uv": [7.3125, 3.5, 6.875, 4.4375], "texture": "#3"},
				"down": {"uv": [7.3125, 2.5, 6.875, 3.4375], "rotation": 180, "texture": "#3"}
			}
		},
		{
			"name": "lower_leg",
			"from": [11.978, 5.13893, 18.25605],
			"to": [15.254, 9.81893, 21.53205],
			"rotation": {"angle": 0, "axis": "x", "origin": [13.616, 9.80575, 15.23261]},
			"faces": {
				"north": {"uv": [1.125, 8.4375, 1.5625, 7.875], "rotation": 180, "texture": "#3"},
				"east": {"uv": [1.0625, 7.875, 0.5, 8.3125], "rotation": 90, "texture": "#3"},
				"south": {"uv": [1.625, 7.875, 2.0625, 8.4375], "texture": "#3"},
				"west": {"uv": [8.1875, 5.875, 7.625, 6.3125], "rotation": 270, "texture": "#3"},
				"up": {"uv": [8.6875, 4.5, 8.25, 4.9375], "texture": "#3"},
				"down": {"uv": [4.4375, 8.25, 4, 8.6875], "rotation": 180, "texture": "#3"}
			}
		},
		{
			"name": "paw",
			"from": [11.744, -0.22525, 9.66897],
			"to": [15.488, 2.11475, 15.28497],
			"rotation": {"angle": 0, "axis": "x", "origin": [13.616, 9.80575, 15.23261]},
			"faces": {
				"north": {"uv": [5.625, 8.375, 6.0625, 8.6875], "texture": "#3"},
				"east": {"uv": [8, 1.125, 8.6875, 1.4375], "texture": "#3"},
				"south": {"uv": [6.75, 8.375, 7.1875, 8.6875], "texture": "#3"},
				"west": {"uv": [8, 1.5, 8.6875, 1.8125], "texture": "#3"},
				"up": {"uv": [4.4375, 8.1875, 4, 7.5], "texture": "#3"},
				"down": {"uv": [7.8125, 7.5, 7.375, 8.1875], "texture": "#3"}
			}
		},
		{
			"name": "lower_leg",
			"from": [12.212, 0.49004, 15.48745],
			"to": [15.02, 5.63804, 19.23145],
			"rotation": {"angle": 22.5, "axis": "x", "origin": [13.616, 9.80575, 15.23261]},
			"faces": {
				"north": {"uv": [2.125, 7.875, 2.5, 8.5], "texture": "#3"},
				"east": {"uv": [7.75, 4.5, 8.1875, 5.125], "texture": "#3"},
				"south": {"uv": [4.875, 7.875, 5.25, 8.5], "texture": "#3"},
				"west": {"uv": [5.875, 7.75, 6.3125, 8.375], "texture": "#3"},
				"up": {"uv": [4.875, 8.5625, 4.5, 8.125], "texture": "#3"},
				"down": {"uv": [7.625, 8.25, 7.25, 8.6875], "texture": "#3"}
			}
		},
		{
			"name": "lower_leg",
			"from": [11.978, 3.50631, 10.56579],
			"to": [15.254, 6.78231, 15.24579],
			"rotation": {"angle": -22.5, "axis": "x", "origin": [13.616, 9.80575, 15.23261]},
			"faces": {
				"north": {"uv": [8.25, 5.625, 8.6875, 6.0625], "texture": "#3"},
				"east": {"uv": [7.875, 2.25, 8.4375, 2.6875], "texture": "#3"},
				"south": {"uv": [8.25, 6.125, 8.6875, 6.5625], "texture": "#3"},
				"west": {"uv": [7.875, 2.75, 8.4375, 3.1875], "texture": "#3"},
				"up": {"uv": [3.4375, 8.4375, 3, 7.875], "texture": "#3"},
				"down": {"uv": [8.3125, 3.25, 7.875, 3.8125], "texture": "#3"}
			}
		},
		{
			"name": "upper_leg",
			"from": [11.744, 4.92275, 11.71224],
			"to": [15.488, 12.41075, 18.26424],
			"rotation": {"angle": 0, "axis": "x", "origin": [13.616, 9.80575, 15.23261]},
			"faces": {
				"north": {"uv": [4.875, 6.875, 5.3125, 7.8125], "texture": "#3"},
				"east": {"uv": [4.875, 0, 5.6875, 0.9375], "texture": "#3"},
				"south": {"uv": [5.375, 6.875, 5.8125, 7.8125], "texture": "#3"},
				"west": {"uv": [1.75, 5, 2.5625, 5.9375], "texture": "#3"},
				"up": {"uv": [7.3125, 7.8125, 6.875, 7], "texture": "#3"},
				"down": {"uv": [7.5625, 5.5, 7.125, 6.3125], "texture": "#3"}
			}
		},
		{
			"name": "neck",
			"from": [5.192, 12.26242, -4.24126],
			"to": [10.808, 19.43842, 2.18274],
			"rotation": {"angle": -22.5, "axis": "x", "origin": [8, 6.44375, 7.56059]},
			"faces": {
				"north": {"uv": [5.375, 5.25, 6.0625, 6.125], "texture": "#1"},
				"east": {"uv": [2.625, 5, 3.4375, 5.875], "texture": "#1"},
				"south": {"uv": [0, 5.5, 0.6875, 6.375], "texture": "#1"},
				"west": {"uv": [4.5, 5, 5.3125, 5.875], "texture": "#1"},
				"up": {"uv": [1.4375, 6.3125, 0.75, 5.5], "texture": "#1"},
				"down": {"uv": [6.3125, 1, 5.625, 1.8125], "texture": "#1"}
			}
		},
		{
			"name": "upperjaw",
			"from": [6.128, 15.69442, -12.16926],
			"to": [9.872, 18.62642, -3.92926],
			"rotation": {"angle": -22.5, "axis": "x", "origin": [8, 6.44375, 7.56059]},
			"faces": {
				"north": {"uv": [8, 1.875, 8.4375, 2.25], "texture": "#1"},
				"east": {"uv": [1.375, 3, 2.375, 3.375], "texture": "#1"},
				"south": {"uv": [7.625, 8.25, 8.0625, 8.625], "texture": "#1"},
				"west": {"uv": [6.375, 1, 7.375, 1.375], "texture": "#1"},
				"up": {"uv": [1.9375, 7, 1.5, 6], "texture": "#1"},
				"down": {"uv": [2.4375, 6, 2, 7], "texture": "#1"}
			}
		},
		{
			"name": "upperjaw",
			"from": [3.128, 7.15281, -14.51322],
			"to": [12.872, 14, -14.51322],
			"rotation": {"angle": -45, "axis": "x", "origin": [8, 9.98414, -15.2862]},
			"faces": {
				"north": {"uv": [1.1875, 3.5, 0, 4.5], "texture": "#1"},
				"east": {"uv": [0, 3.5, 1.1875, 4.5], "texture": "#1"},
				"south": {"uv": [0, 3.5, 1.1875, 4.5], "texture": "#1"},
				"west": {"uv": [0, 3.5, 1.1875, 4.5], "texture": "#1"},
				"up": {"uv": [0, 3.5, 1.1875, 4.5], "texture": "#1"},
				"down": {"uv": [0, 3.5, 1.1875, 4.5], "texture": "#1"}
			}
		},
		{
			"name": "1",
			"from": [6.975, 8.68313, -15.0422],
			"to": [9.025, 11.18313, -13.7922],
			"rotation": {"angle": -45, "axis": "x", "origin": [6.93104, 9.18313, -14.9172]},
			"faces": {
				"north": {"uv": [1.5, 5.5, 1.75, 5.8125], "texture": "#1"},
				"east": {"uv": [1.375, 2.5, 1.5, 2.8125], "texture": "#1"},
				"south": {"uv": [4.875, 6.5, 5.125, 6.8125], "texture": "#1"},
				"west": {"uv": [2.375, 3, 2.5, 3.3125], "texture": "#1"},
				"up": {"uv": [1.625, 3.5, 1.375, 3.375], "texture": "#1"},
				"down": {"uv": [1.875, 3.375, 1.625, 3.5], "texture": "#1"}
			}
		},
		{
			"name": "1",
			"from": [6.6528, 8.52974, -12.93665],
			"to": [6.6528, 9.37974, -11.94665],
			"rotation": {"angle": -22.5, "axis": "x", "origin": [8, 7.12974, -9.06665]},
			"faces": {
				"north": {"uv": [14.75, 13.125, 15.25, 13.875], "rotation": 180, "texture": "#2"},
				"east": {"uv": [15.25, 13.125, 14.75, 13.875], "rotation": 180, "texture": "#2"},
				"south": {"uv": [14.75, 13.125, 15.25, 13.875], "rotation": 180, "texture": "#2"},
				"west": {"uv": [14.75, 13.125, 15.25, 13.875], "rotation": 180, "texture": "#2"},
				"up": {"uv": [14.75, 13.125, 15.25, 13.875], "rotation": 180, "texture": "#2"},
				"down": {"uv": [14.75, 13.125, 15.25, 13.875], "rotation": 180, "texture": "#2"}
			}
		},
		{
			"name": "2",
			"from": [6.4028, 8.62974, -11.88665],
			"to": [6.4028, 9.37974, -10.89665],
			"rotation": {"angle": -22.5, "axis": "x", "origin": [8, 7.12974, -9.06665]},
			"faces": {
				"north": {"uv": [14.75, 13.125, 15.25, 13.875], "rotation": 180, "texture": "#2"},
				"east": {"uv": [15.25, 13.125, 14.75, 13.875], "rotation": 180, "texture": "#2"},
				"south": {"uv": [14.75, 13.125, 15.25, 13.875], "rotation": 180, "texture": "#2"},
				"west": {"uv": [14.75, 13.125, 15.25, 13.875], "rotation": 180, "texture": "#2"},
				"up": {"uv": [14.75, 13.125, 15.25, 13.875], "rotation": 180, "texture": "#2"},
				"down": {"uv": [14.75, 13.125, 15.25, 13.875], "rotation": 180, "texture": "#2"}
			}
		},
		{
			"name": "3",
			"from": [6.1528, 8.72974, -10.83665],
			"to": [6.1528, 9.37974, -9.84665],
			"rotation": {"angle": -22.5, "axis": "x", "origin": [8, 7.12974, -9.06665]},
			"faces": {
				"north": {"uv": [14.75, 13.125, 15.25, 13.875], "rotation": 180, "texture": "#2"},
				"east": {"uv": [15.25, 13.125, 14.75, 13.875], "rotation": 180, "texture": "#2"},
				"south": {"uv": [14.75, 13.125, 15.25, 13.875], "rotation": 180, "texture": "#2"},
				"west": {"uv": [14.75, 13.125, 15.25, 13.875], "rotation": 180, "texture": "#2"},
				"up": {"uv": [14.75, 13.125, 15.25, 13.875], "rotation": 180, "texture": "#2"},
				"down": {"uv": [14.75, 13.125, 15.25, 13.875], "rotation": 180, "texture": "#2"}
			}
		},
		{
			"name": "4",
			"from": [9.3472, 8.52974, -12.93665],
			"to": [9.3472, 9.37974, -11.94665],
			"rotation": {"angle": -22.5, "axis": "x", "origin": [8, 7.12974, -9.06665]},
			"faces": {
				"north": {"uv": [15.25, 13.125, 14.75, 13.875], "rotation": 180, "texture": "#2"},
				"east": {"uv": [15.25, 13.125, 14.75, 13.875], "rotation": 180, "texture": "#2"},
				"south": {"uv": [15.25, 13.125, 14.75, 13.875], "rotation": 180, "texture": "#2"},
				"west": {"uv": [14.75, 13.125, 15.25, 13.875], "rotation": 180, "texture": "#2"},
				"up": {"uv": [15.25, 13.125, 14.75, 13.875], "rotation": 180, "texture": "#2"},
				"down": {"uv": [15.25, 13.125, 14.75, 13.875], "rotation": 180, "texture": "#2"}
			}
		},
		{
			"name": "5",
			"from": [9.5972, 8.62974, -11.63665],
			"to": [9.5972, 9.37974, -10.64665],
			"rotation": {"angle": -22.5, "axis": "x", "origin": [8, 7.12974, -9.06665]},
			"faces": {
				"north": {"uv": [15.25, 13.125, 14.75, 13.875], "rotation": 180, "texture": "#2"},
				"east": {"uv": [15.25, 13.125, 14.75, 13.875], "rotation": 180, "texture": "#2"},
				"south": {"uv": [15.25, 13.125, 14.75, 13.875], "rotation": 180, "texture": "#2"},
				"west": {"uv": [14.75, 13.125, 15.25, 13.875], "rotation": 180, "texture": "#2"},
				"up": {"uv": [15.25, 13.125, 14.75, 13.875], "rotation": 180, "texture": "#2"},
				"down": {"uv": [15.25, 13.125, 14.75, 13.875], "rotation": 180, "texture": "#2"}
			}
		},
		{
			"name": "6",
			"from": [9.8472, 8.72974, -10.83665],
			"to": [9.8472, 9.37974, -9.84665],
			"rotation": {"angle": -22.5, "axis": "x", "origin": [8, 7.12974, -9.06665]},
			"faces": {
				"north": {"uv": [15.25, 13.125, 14.75, 13.875], "rotation": 180, "texture": "#2"},
				"east": {"uv": [15.25, 13.125, 14.75, 13.875], "rotation": 180, "texture": "#2"},
				"south": {"uv": [15.25, 13.125, 14.75, 13.875], "rotation": 180, "texture": "#2"},
				"west": {"uv": [14.75, 13.125, 15.25, 13.875], "rotation": 180, "texture": "#2"},
				"up": {"uv": [15.25, 13.125, 14.75, 13.875], "rotation": 180, "texture": "#2"},
				"down": {"uv": [15.25, 13.125, 14.75, 13.875], "rotation": 180, "texture": "#2"}
			}
		},
		{
			"name": "7",
			"from": [6.6578, 8.17974, -13.19165],
			"to": [7.4978, 9.37974, -13.19165],
			"rotation": {"angle": -22.5, "axis": "x", "origin": [8, 7.12974, -9.06665]},
			"faces": {
				"north": {"uv": [14.75, 13.125, 15.25, 13.875], "rotation": 180, "texture": "#2"},
				"east": {"uv": [15.25, 13.875, 14.75, 13.125], "texture": "#2"},
				"south": {"uv": [15.25, 13.125, 14.75, 13.875], "rotation": 180, "texture": "#2"},
				"west": {"uv": [15.25, 13.875, 14.75, 13.125], "texture": "#2"},
				"up": {"uv": [15.25, 13.875, 14.75, 13.125], "rotation": 90, "texture": "#2"},
				"down": {"uv": [15.25, 13.875, 14.75, 13.125], "rotation": 270, "texture": "#2"}
			}
		},
		{
			"name": "8",
			"from": [8.5022, 8.17974, -13.19165],
			"to": [9.3422, 9.37974, -13.19165],
			"rotation": {"angle": -22.5, "axis": "x", "origin": [8, 7.12974, -9.06665]},
			"faces": {
				"north": {"uv": [15.25, 13.125, 14.75, 13.875], "rotation": 180, "texture": "#2"},
				"east": {"uv": [15.25, 13.125, 14.75, 13.875], "rotation": 180, "texture": "#2"},
				"south": {"uv": [14.75, 13.125, 15.25, 13.875], "rotation": 180, "texture": "#2"},
				"west": {"uv": [15.25, 13.125, 14.75, 13.875], "rotation": 180, "texture": "#2"},
				"up": {"uv": [15.25, 13.125, 14.75, 13.875], "rotation": 90, "texture": "#2"},
				"down": {"uv": [15.25, 13.125, 14.75, 13.875], "rotation": 270, "texture": "#2"}
			}
		},
		{
			"name": "9",
			"from": [8.0078, 8.92974, -13.19165],
			"to": [8.4478, 9.37974, -13.19165],
			"rotation": {"angle": -22.5, "axis": "x", "origin": [8, 7.12974, -9.06665]},
			"faces": {
				"north": {"uv": [14.75, 13.125, 15.25, 13.875], "rotation": 180, "texture": "#2"},
				"east": {"uv": [14.75, 13.125, 15.25, 13.875], "rotation": 180, "texture": "#2"},
				"south": {"uv": [15.25, 13.125, 14.75, 13.875], "rotation": 180, "texture": "#2"},
				"west": {"uv": [14.75, 13.125, 15.25, 13.875], "rotation": 180, "texture": "#2"},
				"up": {"uv": [15.25, 13.875, 14.75, 13.125], "rotation": 90, "texture": "#2"},
				"down": {"uv": [15.25, 13.875, 14.75, 13.125], "rotation": 270, "texture": "#2"}
			}
		},
		{
			"name": "9",
			"from": [7.5522, 8.92974, -13.19165],
			"to": [7.9922, 9.37974, -13.19165],
			"rotation": {"angle": -22.5, "axis": "x", "origin": [8, 7.12974, -9.06665]},
			"faces": {
				"north": {"uv": [15.25, 13.125, 14.75, 13.875], "rotation": 180, "texture": "#2"},
				"east": {"uv": [15.25, 13.125, 14.75, 13.875], "rotation": 180, "texture": "#2"},
				"south": {"uv": [14.75, 13.125, 15.25, 13.875], "rotation": 180, "texture": "#2"},
				"west": {"uv": [15.25, 13.125, 14.75, 13.875], "rotation": 180, "texture": "#2"},
				"up": {"uv": [15.25, 13.125, 14.75, 13.875], "rotation": 90, "texture": "#2"},
				"down": {"uv": [15.25, 13.125, 14.75, 13.875], "rotation": 270, "texture": "#2"}
			}
		},
		{
			"name": "upperjaw",
			"from": [6.2528, 16.91827, -7.49579],
			"to": [9.7472, 19.60027, 0.49421],
			"rotation": {"angle": -45, "axis": "x", "origin": [8, 6.44375, 7.56059]},
			"faces": {
				"north": {"uv": [1, 8.5, 1.4375, 8.8125], "texture": "#1"},
				"east": {"uv": [7.125, 6.375, 8.125, 6.6875], "texture": "#1"},
				"south": {"uv": [1.5, 8.5, 1.9375, 8.8125], "texture": "#1"},
				"west": {"uv": [7.375, 0, 8.375, 0.3125], "texture": "#1"},
				"up": {"uv": [3.8125, 7, 3.375, 6], "texture": "#1"},
				"down": {"uv": [4.3125, 6, 3.875, 7], "texture": "#1"}
			}
		},
		{
			"name": "1",
			"from": [6.7528, 19.60027, -6.74579],
			"to": [6.7528, 20.20027, -6.00579],
			"rotation": {"angle": -45, "axis": "x", "origin": [8, 6.44375, 7.56059]},
			"faces": {
				"north": {"uv": [15.25, 13.125, 14.75, 13.875], "texture": "#2"},
				"east": {"uv": [14.75, 13.125, 15.25, 13.875], "texture": "#2"},
				"south": {"uv": [15.25, 13.125, 14.75, 13.875], "texture": "#2"},
				"west": {"uv": [15.25, 13.125, 14.75, 13.875], "texture": "#2"},
				"up": {"uv": [15.25, 13.125, 14.75, 13.875], "texture": "#2"},
				"down": {"uv": [15.25, 13.125, 14.75, 13.875], "texture": "#2"}
			}
		},
		{
			"name": "2",
			"from": [6.5028, 19.60027, -5.79579],
			"to": [6.5028, 20.10027, -5.05579],
			"rotation": {"angle": -45, "axis": "x", "origin": [8, 6.44375, 7.56059]},
			"faces": {
				"north": {"uv": [15.25, 13.125, 14.75, 13.875], "texture": "#2"},
				"east": {"uv": [14.75, 13.125, 15.25, 13.875], "texture": "#2"},
				"south": {"uv": [15.25, 13.125, 14.75, 13.875], "texture": "#2"},
				"west": {"uv": [15.25, 13.125, 14.75, 13.875], "texture": "#2"},
				"up": {"uv": [15.25, 13.125, 14.75, 13.875], "texture": "#2"},
				"down": {"uv": [15.25, 13.125, 14.75, 13.875], "texture": "#2"}
			}
		},
		{
			"name": "3",
			"from": [6.2528, 19.60027, -4.84579],
			"to": [6.2528, 20.05027, -4.10579],
			"rotation": {"angle": -45, "axis": "x", "origin": [8, 6.44375, 7.56059]},
			"faces": {
				"north": {"uv": [15.25, 13.125, 14.75, 13.875], "texture": "#2"},
				"east": {"uv": [14.75, 13.125, 15.25, 13.875], "texture": "#2"},
				"south": {"uv": [15.25, 13.125, 14.75, 13.875], "texture": "#2"},
				"west": {"uv": [15.25, 13.125, 14.75, 13.875], "texture": "#2"},
				"up": {"uv": [15.25, 13.125, 14.75, 13.875], "texture": "#2"},
				"down": {"uv": [15.25, 13.125, 14.75, 13.875], "texture": "#2"}
			}
		},
		{
			"name": "4",
			"from": [9.2472, 19.60027, -6.74579],
			"to": [9.2472, 20.20027, -6.00579],
			"rotation": {"angle": -45, "axis": "x", "origin": [8, 6.44375, 7.56059]},
			"faces": {
				"north": {"uv": [14.75, 13.125, 15.25, 13.875], "texture": "#2"},
				"east": {"uv": [14.75, 13.125, 15.25, 13.875], "texture": "#2"},
				"south": {"uv": [14.75, 13.125, 15.25, 13.875], "texture": "#2"},
				"west": {"uv": [15.25, 13.125, 14.75, 13.875], "texture": "#2"},
				"up": {"uv": [14.75, 13.125, 15.25, 13.875], "texture": "#2"},
				"down": {"uv": [14.75, 13.125, 15.25, 13.875], "texture": "#2"}
			}
		},
		{
			"name": "5",
			"from": [9.4972, 19.60027, -5.79579],
			"to": [9.4972, 20.10027, -5.05579],
			"rotation": {"angle": -45, "axis": "x", "origin": [8, 6.44375, 7.56059]},
			"faces": {
				"north": {"uv": [14.75, 13.125, 15.25, 13.875], "texture": "#2"},
				"east": {"uv": [14.75, 13.125, 15.25, 13.875], "texture": "#2"},
				"south": {"uv": [14.75, 13.125, 15.25, 13.875], "texture": "#2"},
				"west": {"uv": [15.25, 13.125, 14.75, 13.875], "texture": "#2"},
				"up": {"uv": [14.75, 13.125, 15.25, 13.875], "texture": "#2"},
				"down": {"uv": [14.75, 13.125, 15.25, 13.875], "texture": "#2"}
			}
		},
		{
			"name": "6",
			"from": [9.7472, 19.60027, -4.84579],
			"to": [9.7472, 20.05027, -4.10579],
			"rotation": {"angle": -45, "axis": "x", "origin": [8, 6.44375, 7.56059]},
			"faces": {
				"north": {"uv": [14.75, 13.125, 15.25, 13.875], "texture": "#2"},
				"east": {"uv": [14.75, 13.125, 15.25, 13.875], "texture": "#2"},
				"south": {"uv": [14.75, 13.125, 15.25, 13.875], "texture": "#2"},
				"west": {"uv": [15.25, 13.125, 14.75, 13.875], "texture": "#2"},
				"up": {"uv": [14.75, 13.125, 15.25, 13.875], "texture": "#2"},
				"down": {"uv": [14.75, 13.125, 15.25, 13.875], "texture": "#2"}
			}
		},
		{
			"name": "7",
			"from": [6.7578, 5.73069, -12.6157],
			"to": [7.4978, 5.73069, -11.7157],
			"rotation": {"angle": 45, "axis": "x", "origin": [7.2528, 5.98069, -12.2157]},
			"faces": {
				"north": {"uv": [15.25, 13.125, 14.75, 13.875], "rotation": 270, "texture": "#2"},
				"east": {"uv": [15.25, 13.125, 14.75, 13.875], "rotation": 90, "texture": "#2"},
				"south": {"uv": [15.25, 13.125, 14.75, 13.875], "rotation": 270, "texture": "#2"},
				"west": {"uv": [15.25, 13.125, 14.75, 13.875], "rotation": 270, "texture": "#2"},
				"up": {"uv": [14.75, 13.125, 15.25, 13.875], "texture": "#2"},
				"down": {"uv": [15.25, 13.125, 14.75, 13.875], "rotation": 180, "texture": "#2"}
			}
		},
		{
			"name": "8",
			"from": [8.5022, 5.73069, -12.6157],
			"to": [9.2422, 5.73069, -11.7157],
			"rotation": {"angle": 45, "axis": "x", "origin": [8.7472, 5.98069, -12.2157]},
			"faces": {
				"north": {"uv": [15.25, 13.875, 14.75, 13.125], "rotation": 270, "texture": "#2"},
				"east": {"uv": [15.25, 13.875, 14.75, 13.125], "rotation": 270, "texture": "#2"},
				"south": {"uv": [15.25, 13.875, 14.75, 13.125], "rotation": 270, "texture": "#2"},
				"west": {"uv": [15.25, 13.875, 14.75, 13.125], "rotation": 90, "texture": "#2"},
				"up": {"uv": [15.25, 13.125, 14.75, 13.875], "texture": "#2"},
				"down": {"uv": [14.75, 13.125, 15.25, 13.875], "rotation": 180, "texture": "#2"}
			}
		},
		{
			"name": "9",
			"from": [8.0578, 5.73069, -12.0657],
			"to": [8.3978, 5.73069, -11.7157],
			"rotation": {"angle": 45, "axis": "x", "origin": [7.2528, 5.98069, -12.2157]},
			"faces": {
				"north": {"uv": [15.25, 13.125, 14.75, 13.875], "rotation": 270, "texture": "#2"},
				"east": {"uv": [15.25, 13.125, 14.75, 13.875], "rotation": 90, "texture": "#2"},
				"south": {"uv": [15.25, 13.125, 14.75, 13.875], "rotation": 270, "texture": "#2"},
				"west": {"uv": [15.25, 13.125, 14.75, 13.875], "rotation": 270, "texture": "#2"},
				"up": {"uv": [14.75, 13.125, 15.25, 13.875], "texture": "#2"},
				"down": {"uv": [15.25, 13.125, 14.75, 13.875], "rotation": 180, "texture": "#2"}
			}
		},
		{
			"name": "10",
			"from": [7.6022, 5.73069, -12.0657],
			"to": [7.9422, 5.73069, -11.7157],
			"rotation": {"angle": 45, "axis": "x", "origin": [8.7472, 5.98069, -12.2157]},
			"faces": {
				"north": {"uv": [15.25, 13.875, 14.75, 13.125], "rotation": 270, "texture": "#2"},
				"east": {"uv": [15.25, 13.875, 14.75, 13.125], "rotation": 270, "texture": "#2"},
				"south": {"uv": [15.25, 13.875, 14.75, 13.125], "rotation": 270, "texture": "#2"},
				"west": {"uv": [15.25, 13.875, 14.75, 13.125], "rotation": 90, "texture": "#2"},
				"up": {"uv": [15.25, 13.125, 14.75, 13.875], "texture": "#2"},
				"down": {"uv": [14.75, 13.125, 15.25, 13.875], "rotation": 180, "texture": "#2"}
			}
		},
		{
			"name": "upperjaw",
			"from": [3.128, 0.04326, -11.28189],
			"to": [12.872, 5.89045, -11.28189],
			"rotation": {"angle": -22.5, "axis": "x", "origin": [8, 5.61851, -12.68354]},
			"faces": {
				"north": {"uv": [0, 4.5, 1.1875, 3.625], "texture": "#1"},
				"east": {"uv": [1.25, 3.5, 2.4375, 4.5], "texture": "#1"},
				"south": {"uv": [1.1875, 4.5, 0, 3.625], "texture": "#1"},
				"west": {"uv": [1.25, 3.5, 2.4375, 4.5], "texture": "#1"},
				"up": {"uv": [1.25, 3.5, 2.4375, 4.5], "texture": "#1"},
				"down": {"uv": [1.25, 3.5, 2.4375, 4.5], "texture": "#1"}
			}
		},
		{
			"name": "upper_body",
			"from": [3.506, 7.26275, -3.12303],
			"to": [12.494, 16.62275, 9.04497],
			"rotation": {"angle": 0, "axis": "y", "origin": [8, 6.44375, 7.56059]},
			"faces": {
				"north": {"uv": [3.5, 3, 4.4375, 4.1875], "texture": "#1"},
				"east": {"uv": [0, 0, 1.5, 1.1875], "texture": "#1"},
				"south": {"uv": [2.5, 3.75, 3.4375, 4.9375], "texture": "#1"},
				"west": {"uv": [0, 1.25, 1.5, 2.4375], "texture": "#1"},
				"up": {"uv": [2.4375, 1.5, 1.5, 0], "texture": "#1"},
				"down": {"uv": [2.4375, 1.5, 1.5, 3], "texture": "#1"}
			}
		},
		{
			"name": "lower_body",
			"from": [4.256, 7.26275, 9.04497],
			"to": [11.744, 14.75075, 20.27697],
			"rotation": {"angle": 0, "axis": "y", "origin": [8, 6.44375, 7.56059]},
			"faces": {
				"north": {"uv": [3.875, 0, 4.8125, 0.9375], "texture": "#1"},
				"east": {"uv": [0, 2.5, 1.375, 3.4375], "texture": "#1"},
				"south": {"uv": [3.5, 4.25, 4.4375, 5.1875], "texture": "#1"},
				"west": {"uv": [2.5, 0, 3.875, 0.9375], "texture": "#1"},
				"up": {"uv": [3.4375, 2.375, 2.5, 1], "texture": "#1"},
				"down": {"uv": [3.4375, 2.375, 2.5, 3.75], "texture": "#1"}
			}
		},
		{
			"name": "tail",
			"from": [5.816, 7.41289, 16.24835],
			"to": [10.184, 13.34089, 23.73635],
			"rotation": {"angle": 22.5, "axis": "x", "origin": [8, 10.37689, 19.99235]},
			"faces": {
				"north": {"uv": [5.25, 6.125, 5.8125, 6.875], "texture": "#1"},
				"east": {"uv": [3.5, 5.25, 4.4375, 6], "texture": "#1"},
				"south": {"uv": [6.125, 5.25, 6.6875, 6], "texture": "#1"},
				"west": {"uv": [5.375, 3, 6.3125, 3.75], "texture": "#1"},
				"up": {"uv": [6.1875, 2.8125, 5.625, 1.875], "texture": "#1"},
				"down": {"uv": [6.3125, 0, 5.75, 0.9375], "texture": "#1"}
			}
		},
		{
			"name": "tail",
			"from": [2.256, 9.60473, 16.98266],
			"to": [13.744, 9.60473, 23.22266],
			"rotation": {"angle": 22.5, "axis": "x", "origin": [8, 9.60473, 20.10266]},
			"faces": {
				"north": {"uv": [6.3125, 4.5, 5.375, 3.75], "texture": "#1"},
				"east": {"uv": [6.3125, 4.5, 5.375, 3.75], "texture": "#1"},
				"south": {"uv": [6.3125, 4.5, 5.375, 3.75], "texture": "#1"},
				"west": {"uv": [6.3125, 4.5, 5.375, 3.75], "texture": "#1"},
				"up": {"uv": [6.3125, 4.5, 5.375, 3.75], "texture": "#1"},
				"down": {"uv": [5.375, 3.75, 6.3125, 4.5], "texture": "#1"}
			}
		},
		{
			"name": "tail",
			"from": [6.2528, 6.62666, 22.22972],
			"to": [9.7472, 11.36906, 28.22012],
			"rotation": {"angle": 0, "axis": "x", "origin": [8, 6.99786, 24.22492]},
			"faces": {
				"north": {"uv": [3.5, 7.875, 3.9375, 8.4375], "texture": "#1"},
				"east": {"uv": [5.875, 6.125, 6.625, 6.6875], "texture": "#1"},
				"south": {"uv": [7.875, 3.875, 8.3125, 4.4375], "texture": "#1"},
				"west": {"uv": [6.25, 1.875, 7, 2.4375], "texture": "#1"},
				"up": {"uv": [7.6875, 5.25, 7.25, 4.5], "texture": "#1"},
				"down": {"uv": [0.4375, 7.375, 0, 8.125], "texture": "#1"}
			}
		},
		{
			"name": "tail",
			"from": [3.0048, 8.46093, 23.04684],
			"to": [12.9952, 8.46093, 28.03884],
			"rotation": {"angle": 0, "axis": "x", "origin": [8, 6.46093, 24.54284]},
			"faces": {
				"north": {"uv": [6.3125, 4.5, 5.375, 3.75], "texture": "#1"},
				"east": {"uv": [6.3125, 4.5, 5.375, 3.75], "texture": "#1"},
				"south": {"uv": [6.3125, 4.5, 5.375, 3.75], "texture": "#1"},
				"west": {"uv": [6.3125, 4.5, 5.375, 3.75], "texture": "#1"},
				"up": {"uv": [6.3125, 4.5, 5.375, 3.75], "texture": "#1"},
				"down": {"uv": [5.375, 3.75, 6.3125, 4.5], "texture": "#1"}
			}
		},
		{
			"name": "tail",
			"from": [6.60224, 7.26707, 27.0122],
			"to": [9.39776, 11.06099, 31.80452],
			"rotation": {"angle": -22.5, "axis": "x", "origin": [8, 8.76427, 28.60804]},
			"faces": {
				"north": {"uv": [3, 6.5, 3.375, 7], "texture": "#1"},
				"east": {"uv": [1.75, 4.5, 2.375, 5], "texture": "#1"},
				"south": {"uv": [6.75, 5.5, 7.125, 6], "texture": "#1"},
				"west": {"uv": [6.375, 1.375, 7, 1.875], "texture": "#1"},
				"up": {"uv": [5.625, 8.5, 5.25, 7.875], "texture": "#1"},
				"down": {"uv": [6.75, 7.875, 6.375, 8.5], "texture": "#1"}
			}
		},
		{
			"name": "tail",
			"from": [3.60384, 8.86451, 27.81092],
			"to": [12.39616, 8.86451, 31.80452],
			"rotation": {"angle": -22.5, "axis": "x", "origin": [8, 8.76427, 28.60804]},
			"faces": {
				"north": {"uv": [6.3125, 4.5, 5.375, 3.75], "texture": "#1"},
				"east": {"uv": [6.3125, 4.5, 5.375, 3.75], "texture": "#1"},
				"south": {"uv": [6.3125, 4.5, 5.375, 3.75], "texture": "#1"},
				"west": {"uv": [6.3125, 4.5, 5.375, 3.75], "texture": "#1"},
				"up": {"uv": [6.3125, 4.5, 5.375, 3.75], "texture": "#1"},
				"down": {"uv": [5.375, 4.5, 6.3125, 3.75], "texture": "#1"}
			}
		}
	],
	"display": {
		"gui": {
			"rotation": [30, 225, 0],
			"scale": [0.8, 0.8, 0.8]
		},
		"head": {
			"translation": [0, -68.71835, 6],
			"scale": [3.5, 3.5, 3.5]
		},
		"fixed": {
			"translation": [0, 40, 14.75],
			"scale": [3, 3, 3]
		}
	},
	"groups": [
		{
			"name": "root",
			"origin": [8, 8, 8],
			"color": 0,
			"children": [
				{
					"name": "legs",
					"origin": [8, 8, 8],
					"color": 0,
					"children": [
						{
							"name": "1",
							"origin": [8, 8, 8],
							"color": 0,
							"children": [
								0,
								1,
								2,
								{
									"name": "2",
									"origin": [8, 8, 8],
									"color": 0,
									"children": [3, 4, 5]
								}
							]
						},
						{
							"name": "2",
							"origin": [8, 8, 8],
							"color": 0,
							"children": [
								6,
								7,
								8,
								{
									"name": "1",
									"origin": [8, 8, 8],
									"color": 0,
									"children": [9, 10, 11]
								}
							]
						},
						{
							"name": "3",
							"origin": [8, 8, 8],
							"color": 0,
							"children": [
								12,
								13,
								14,
								15,
								{
									"name": "4",
									"origin": [8, 8, 8],
									"color": 0,
									"children": [16, 17, 18, 19]
								}
							]
						},
						{
							"name": "4",
							"origin": [8, 8, 8],
							"color": 0,
							"children": [
								{
									"name": "3",
									"origin": [8, 8, 8],
									"color": 0,
									"children": [20, 21, 22, 23]
								},
								24,
								25,
								26,
								27
							]
						}
					]
				},
				{
					"name": "body",
					"origin": [8, 8, 8],
					"color": 0,
					"children": [
						{
							"name": "head",
							"origin": [8, 8, 8],
							"color": 0,
							"children": [
								28,
								{
									"name": "skull",
									"origin": [8, 8, 8],
									"color": 0,
									"children": [
										{
											"name": "upperjaw",
											"origin": [8, 8, 8],
											"color": 0,
											"children": [
												29,
												{
													"name": "tendrils",
													"origin": [8, 8, 8],
													"color": 0,
													"children": [30]
												},
												{
													"name": "nostrils",
													"origin": [8, 8, 8],
													"color": 0,
													"children": [31]
												},
												{
													"name": "teeth",
													"origin": [1, 8, 8],
													"color": 0,
													"children": [32, 33, 34, 35, 36, 37, 38, 39, 40, 41]
												}
											]
										},
										{
											"name": "lowerjaw",
											"origin": [8, 8, 8],
											"color": 0,
											"children": [
												42,
												{
													"name": "teeth",
													"origin": [8, 8, 8],
													"color": 0,
													"children": [43, 44, 45, 46, 47, 48, 49, 50, 51, 52]
												},
												{
													"name": "tendrils",
													"origin": [8, 8, 8],
													"color": 0,
													"children": [53]
												}
											]
										}
									]
								}
							]
						},
						54,
						55,
						{
							"name": "tail",
							"origin": [8, 8.625, 20.25],
							"color": 0,
							"children": [
								{
									"name": "seg1",
									"origin": [8, 8.625, 20.25],
									"color": 0,
									"children": [56, 57]
								},
								{
									"name": "seg2",
									"origin": [8, 8.625, 20.25],
									"color": 0,
									"children": [58, 59]
								},
								{
									"name": "seg3",
									"origin": [8, 8.625, 20.25],
									"color": 0,
									"children": [60, 61]
								}
							]
						}
					]
				}
			]
		}
	]
}