{
	"credit": "Made with Blockbench",
	"texture_size": [80, 80],
	"textures": {
		"2": "krmc:krmc_mobs/giraffatitan",
		"3": "krmc:krmc_mobs/giraffatitan_walk",
		"particle": "krmc:krmc_mobs/giraffatitan"
	},
	"elements": [
		{
			"name": "tail",
			"from": [5.93243, 6.6163, 19.50083],
			"to": [10.06757, 11.95275, 24.43684],
			"rotation": {"angle": 0, "axis": "y", "origin": [-3.02702, -4.17426, -28.00016]},
			"faces": {
				"north": {"uv": [12.8, 4.8, 13.6, 5.9], "texture": "#2"},
				"east": {"uv": [5.4, 11.4, 6.4, 12.5], "texture": "#2"},
				"south": {"uv": [12.8, 8.2, 13.6, 9.3], "texture": "#2"},
				"west": {"uv": [6.4, 11.4, 7.4, 12.5], "texture": "#2"},
				"up": {"uv": [1.6, 14, 0.8, 13], "texture": "#2"},
				"down": {"uv": [13.8, 0.8, 13, 1.8], "texture": "#2"}
			}
		},
		{
			"name": "tail",
			"from": [6.22118, 7.95324, 24.43684],
			"to": [9.77882, 11.51087, 31.90623],
			"rotation": {"angle": 0, "axis": "y", "origin": [-3.42745, -4.17426, -28.00016]},
			"faces": {
				"north": {"uv": [5.4, 14, 6.1, 14.7], "texture": "#2"},
				"east": {"uv": [11.6, 11, 13.1, 11.7], "texture": "#2"},
				"south": {"uv": [14, 10.2, 14.7, 10.9], "texture": "#2"},
				"west": {"uv": [11.8, 0, 13.3, 0.7], "texture": "#2"},
				"up": {"uv": [8.1, 12.9, 7.4, 11.4], "texture": "#2"},
				"down": {"uv": [3.7, 11.8, 3, 13.3], "texture": "#2"}
			}
		},
		{
			"name": "tail",
			"from": [5.24325, 6.20279, 13.98732],
			"to": [10.75675, 12.22843, 19.50083],
			"rotation": {"angle": 0, "axis": "y", "origin": [-3.02702, -4.17426, -28.00016]},
			"faces": {
				"north": {"uv": [3, 10.6, 4.1, 11.8], "texture": "#2"},
				"east": {"uv": [4.2, 10.6, 5.3, 11.8], "texture": "#2"},
				"south": {"uv": [10.8, 6.2, 11.9, 7.4], "texture": "#2"},
				"west": {"uv": [10.8, 7.4, 11.9, 8.6], "texture": "#2"},
				"up": {"uv": [11.9, 9.7, 10.8, 8.6], "texture": "#2"},
				"down": {"uv": [11.9, 9.8, 10.8, 10.9], "texture": "#2"}
			}
		},
		{
			"name": "leg",
			"from": [2.48649, -1.41751, -0.561],
			"to": [5.93243, 4.096, 2.88495],
			"rotation": {"angle": 22.5, "axis": "x", "origin": [-3, 9, 1.25]},
			"faces": {
				"north": {"uv": [13, 7, 13.7, 8.1], "texture": "#3"},
				"east": {"uv": [7.4, 13, 8.1, 14.1], "texture": "#3"},
				"south": {"uv": [13, 12.8, 13.7, 13.9], "texture": "#3"},
				"west": {"uv": [13.2, 10.6, 13.9, 11.7], "texture": "#3"},
				"up": {"uv": [0.7, 14.9, 0, 14.2], "texture": "#3"},
				"down": {"uv": [7.9, 14.2, 7.2, 14.9], "texture": "#3"}
			}
		},
		{
			"name": "leg",
			"from": [2.1419, 4.096, -1.93937],
			"to": [6.27703, 10.98789, 3.57413],
			"rotation": {"angle": 22.5, "axis": "x", "origin": [-3, 9, 1.25]},
			"faces": {
				"north": {"uv": [11, 0, 11.8, 1.4], "texture": "#3"},
				"east": {"uv": [8.4, 6.4, 9.5, 7.8], "texture": "#3"},
				"south": {"uv": [11, 4.8, 11.8, 6.2], "texture": "#3"},
				"west": {"uv": [9.6, 8.2, 10.7, 9.6], "texture": "#3"},
				"up": {"uv": [13.6, 10.5, 12.8, 9.4], "texture": "#3"},
				"down": {"uv": [12.2, 12.8, 11.4, 13.9], "texture": "#3"}
			}
		},
		{
			"name": "leg",
			"from": [2.48649, -4.17426, -0.561],
			"to": [5.93243, -1.41751, 0.81738],
			"rotation": {"angle": 22.5, "axis": "x", "origin": [-3, 9, 1.25]},
			"faces": {
				"north": {"uv": [14.4, 8.8, 15.1, 9.4], "texture": "#3"},
				"east": {"uv": [6, 8.8, 6.3, 9.4], "texture": "#3"},
				"south": {"uv": [14.4, 14.4, 15.1, 15], "texture": "#3"},
				"west": {"uv": [11.2, 4.2, 11.5, 4.8], "texture": "#3"},
				"up": {"uv": [3.5, 15.1, 2.8, 14.8], "texture": "#3"},
				"down": {"uv": [15.5, 2.8, 14.8, 3.1], "texture": "#3"}
			}
		},
		{
			"name": "leg",
			"from": [2.48649, -4.17426, 0.81738],
			"to": [3.86487, -1.41751, 2.88495],
			"rotation": {"angle": 22.5, "axis": "x", "origin": [-3, 9, 1.25]},
			"faces": {
				"north": {"uv": [2, 14, 2.3, 14.6], "texture": "#3"},
				"east": {"uv": [6.4, 4, 6.8, 4.6], "texture": "#3"},
				"south": {"uv": [10.8, 14.6, 11.1, 15.2], "texture": "#3"},
				"west": {"uv": [6.4, 6.8, 6.8, 7.4], "texture": "#3"},
				"up": {"uv": [13.1, 11, 12.8, 10.6], "texture": "#3"},
				"down": {"uv": [2.7, 13, 2.4, 13.4], "texture": "#3"}
			}
		},
		{
			"name": "leg",
			"from": [5.915, -4.17426, -0.43978],
			"to": [6.89294, -2.65001, 0.9386],
			"rotation": {"angle": 22.5, "axis": "x", "origin": [-3, 9, 1.25]},
			"faces": {
				"north": {"uv": [9.2, 7.8, 9.4, 8], "texture": "#3"},
				"east": {"uv": [6.4, 4.6, 6.7, 4.8], "texture": "#3"},
				"south": {"uv": [6, 9.4, 6.2, 9.6], "texture": "#3"},
				"west": {"uv": [8, 3.8, 8.3, 4], "texture": "#3"},
				"up": {"uv": [10, 2.7, 9.8, 2.4], "texture": "#3"},
				"down": {"uv": [10, 2.8, 9.8, 3.1], "texture": "#3"}
			}
		},
		{
			"name": "leg",
			"from": [2.48649, -1.41751, -0.561],
			"to": [5.93243, 4.096, 2.88495],
			"rotation": {"angle": 0, "axis": "x", "origin": [-3, 9, 1.25]},
			"faces": {
				"north": {"uv": [3.1, 13.4, 2.4, 14.5], "texture": "#3"},
				"east": {"uv": [14.3, 8.2, 13.6, 9.3], "texture": "#3"},
				"south": {"uv": [7.1, 13.6, 6.4, 14.7], "texture": "#3"},
				"west": {"uv": [14.3, 4.8, 13.6, 5.9], "texture": "#3"},
				"up": {"uv": [14.4, 5.9, 15.1, 5.2], "texture": "#3"},
				"down": {"uv": [14.4, 8, 15.1, 8.7], "texture": "#3"}
			}
		},
		{
			"name": "leg",
			"from": [2.1419, 4.096, -1.93937],
			"to": [6.27703, 10.98789, 3.57413],
			"rotation": {"angle": 0, "axis": "x", "origin": [-3, 9, 1.25]},
			"faces": {
				"north": {"uv": [10.8, 11, 10, 12.4], "texture": "#3"},
				"east": {"uv": [10.7, 9.6, 9.6, 11], "texture": "#3"},
				"south": {"uv": [11.6, 11, 10.8, 12.4], "texture": "#3"},
				"west": {"uv": [9.5, 9.6, 8.4, 11], "texture": "#3"},
				"up": {"uv": [12.2, 13.9, 13, 12.8], "texture": "#3"},
				"down": {"uv": [0, 13, 0.8, 14.1], "texture": "#3"}
			}
		},
		{
			"name": "leg",
			"from": [2.48649, -4.17426, -0.561],
			"to": [5.93243, -1.41751, 0.81738],
			"rotation": {"angle": 0, "axis": "x", "origin": [-3, 9, 1.25]},
			"faces": {
				"north": {"uv": [15.3, 0.8, 14.6, 1.4], "texture": "#3"},
				"east": {"uv": [4.7, 14.8, 4.4, 15.4], "texture": "#3"},
				"south": {"uv": [2.7, 14.6, 2, 15.2], "texture": "#3"},
				"west": {"uv": [14.1, 14.6, 13.8, 15.2], "texture": "#3"},
				"up": {"uv": [6.2, 15.1, 6.9, 14.8], "texture": "#3"},
				"down": {"uv": [8, 14.8, 8.7, 15.1], "texture": "#3"}
			}
		},
		{
			"name": "leg",
			"from": [2.48649, -4.17426, 0.81738],
			"to": [3.86487, -1.41751, 2.88495],
			"rotation": {"angle": 0, "axis": "x", "origin": [-3, 9, 1.25]},
			"faces": {
				"north": {"uv": [15.1, 11, 14.8, 11.6], "texture": "#3"},
				"east": {"uv": [8.4, 3.2, 8, 3.8], "texture": "#3"},
				"south": {"uv": [11.5, 14.8, 11.2, 15.4], "texture": "#3"},
				"west": {"uv": [6.8, 7.4, 6.4, 8], "texture": "#3"},
				"up": {"uv": [3.2, 13.8, 3.5, 13.4], "texture": "#3"},
				"down": {"uv": [13.6, 10.2, 13.9, 10.6], "texture": "#3"}
			}
		},
		{
			"name": "leg",
			"from": [5.91496, -4.17426, -0.43978],
			"to": [6.8929, -2.65001, 0.9386],
			"rotation": {"angle": 0, "axis": "x", "origin": [-3, 9, 1.25]},
			"faces": {
				"north": {"uv": [6.4, 9.4, 6.2, 9.6], "texture": "#3"},
				"east": {"uv": [9.1, 7.8, 8.8, 8], "texture": "#3"},
				"south": {"uv": [9.6, 7.8, 9.4, 8], "texture": "#3"},
				"west": {"uv": [8.7, 7.8, 8.4, 8], "texture": "#3"},
				"up": {"uv": [11, 1.7, 11.2, 1.4], "texture": "#3"},
				"down": {"uv": [11, 1.8, 11.2, 2.1], "texture": "#3"}
			}
		},
		{
			"name": "leg",
			"from": [2.48649, -3.82967, 9.72382],
			"to": [5.93243, 2.71762, 13.16976],
			"rotation": {"angle": 22.5, "axis": "x", "origin": [-1, 7, 11.25]},
			"faces": {
				"north": {"uv": [12, 8.2, 12.7, 9.5], "texture": "#3"},
				"east": {"uv": [12, 9.6, 12.7, 10.9], "texture": "#3"},
				"south": {"uv": [8.2, 12.4, 8.9, 13.7], "texture": "#3"},
				"west": {"uv": [9, 12.4, 9.7, 13.7], "texture": "#3"},
				"up": {"uv": [15.1, 0.7, 14.4, 0], "texture": "#3"},
				"down": {"uv": [15.1, 4.4, 14.4, 5.1], "texture": "#3"}
			}
		},
		{
			"name": "leg",
			"from": [2.1419, 2.71762, 9.03463],
			"to": [6.27703, 9.60951, 13.85895],
			"rotation": {"angle": 22.5, "axis": "x", "origin": [-1, 7, 11.25]},
			"faces": {
				"north": {"uv": [8.4, 11, 9.2, 12.4], "texture": "#3"},
				"east": {"uv": [10, 4.8, 11, 6.2], "texture": "#3"},
				"south": {"uv": [9.2, 11, 10, 12.4], "texture": "#3"},
				"west": {"uv": [0, 10.6, 1, 12], "texture": "#3"},
				"up": {"uv": [2.4, 14, 1.6, 13], "texture": "#3"},
				"down": {"uv": [13.8, 1.8, 13, 2.8], "texture": "#3"}
			}
		},
		{
			"name": "leg",
			"from": [1.55487, -4.17426, 8.69003],
			"to": [5.58784, -2.79588, 12.37841],
			"rotation": {"angle": 22.5, "axis": "x", "origin": [-1, 7, 11.25]},
			"faces": {
				"north": {"uv": [12, 3.8, 12.8, 4.1], "texture": "#3"},
				"east": {"uv": [3.6, 14.8, 4.3, 15.1], "texture": "#3"},
				"south": {"uv": [14.6, 13.2, 15.4, 13.5], "texture": "#3"},
				"west": {"uv": [5.4, 14.8, 6.1, 15.1], "texture": "#3"},
				"up": {"uv": [9.8, 14.5, 9, 13.8], "texture": "#3"},
				"down": {"uv": [10.6, 13.8, 9.8, 14.5], "texture": "#3"}
			}
		},
		{
			"name": "leg",
			"from": [2.48649, -3.82967, 9.72382],
			"to": [5.93243, 2.71762, 13.16976],
			"rotation": {"angle": -22.5, "axis": "x", "origin": [-1, 7, 11.25]},
			"faces": {
				"north": {"uv": [10.5, 12.4, 9.8, 13.7], "texture": "#3"},
				"east": {"uv": [6.3, 12.6, 5.6, 13.9], "texture": "#3"},
				"south": {"uv": [5.5, 12.6, 4.8, 13.9], "texture": "#3"},
				"west": {"uv": [11.3, 12.4, 10.6, 13.7], "texture": "#3"},
				"up": {"uv": [14.4, 12.5, 15.1, 11.8], "texture": "#3"},
				"down": {"uv": [14.4, 13.6, 15.1, 14.3], "texture": "#3"}
			}
		},
		{
			"name": "leg",
			"from": [2.1419, 2.71762, 9.03463],
			"to": [6.27703, 9.60951, 13.85895],
			"rotation": {"angle": -22.5, "axis": "x", "origin": [-1, 7, 11.25]},
			"faces": {
				"north": {"uv": [12, 1.4, 11.2, 2.8], "texture": "#3"},
				"east": {"uv": [3, 10.6, 2, 12], "texture": "#3"},
				"south": {"uv": [12, 2.8, 11.2, 4.2], "texture": "#3"},
				"west": {"uv": [2, 10.6, 1, 12], "texture": "#3"},
				"up": {"uv": [13, 3.8, 13.8, 2.8], "texture": "#3"},
				"down": {"uv": [13, 6, 13.8, 7], "texture": "#3"}
			}
		},
		{
			"name": "leg",
			"from": [1.55487, -4.17426, 8.69003],
			"to": [5.58784, -2.79588, 12.37841],
			"rotation": {"angle": -22.5, "axis": "x", "origin": [-1, 7, 11.25]},
			"faces": {
				"north": {"uv": [15.6, 2, 14.8, 2.3], "texture": "#3"},
				"east": {"uv": [15.5, 10.6, 14.8, 10.9], "texture": "#3"},
				"south": {"uv": [15.6, 2.4, 14.8, 2.7], "texture": "#3"},
				"west": {"uv": [15.5, 10.2, 14.8, 10.5], "texture": "#3"},
				"up": {"uv": [10.6, 14.5, 11.4, 13.8], "texture": "#3"},
				"down": {"uv": [13.8, 12.8, 14.6, 13.5], "texture": "#3"}
			}
		},
		{
			"name": "leg",
			"from": [10.06757, -1.41751, -0.561],
			"to": [13.51351, 4.096, 2.88495],
			"rotation": {"angle": 22.5, "axis": "x", "origin": [-3, 9, 1.25]},
			"faces": {
				"north": {"uv": [2.4, 13.4, 3.1, 14.5], "texture": "#3"},
				"east": {"uv": [13.6, 4.8, 14.3, 5.9], "texture": "#3"},
				"south": {"uv": [6.4, 13.6, 7.1, 14.7], "texture": "#3"},
				"west": {"uv": [13.6, 8.2, 14.3, 9.3], "texture": "#3"},
				"up": {"uv": [15.1, 5.9, 14.4, 5.2], "texture": "#3"},
				"down": {"uv": [15.1, 8, 14.4, 8.7], "texture": "#3"}
			}
		},
		{
			"name": "leg",
			"from": [9.72297, 4.096, -1.93937],
			"to": [13.8581, 10.98789, 3.57413],
			"rotation": {"angle": 22.5, "axis": "x", "origin": [-3, 9, 1.25]},
			"faces": {
				"north": {"uv": [10, 11, 10.8, 12.4], "texture": "#3"},
				"east": {"uv": [8.4, 9.6, 9.5, 11], "texture": "#3"},
				"south": {"uv": [10.8, 11, 11.6, 12.4], "texture": "#3"},
				"west": {"uv": [9.6, 9.6, 10.7, 11], "texture": "#3"},
				"up": {"uv": [13, 13.9, 12.2, 12.8], "texture": "#3"},
				"down": {"uv": [0.8, 13, 0, 14.1], "texture": "#3"}
			}
		},
		{
			"name": "leg",
			"from": [10.06757, -4.17426, -0.561],
			"to": [13.51351, -1.41751, 0.81738],
			"rotation": {"angle": 22.5, "axis": "x", "origin": [-3, 9, 1.25]},
			"faces": {
				"north": {"uv": [14.6, 0.8, 15.3, 1.4], "texture": "#3"},
				"east": {"uv": [13.8, 14.6, 14.1, 15.2], "texture": "#3"},
				"south": {"uv": [2, 14.6, 2.7, 15.2], "texture": "#3"},
				"west": {"uv": [4.4, 14.8, 4.7, 15.4], "texture": "#3"},
				"up": {"uv": [6.9, 15.1, 6.2, 14.8], "texture": "#3"},
				"down": {"uv": [8.7, 14.8, 8, 15.1], "texture": "#3"}
			}
		},
		{
			"name": "leg",
			"from": [12.13513, -4.17426, 0.81738],
			"to": [13.51351, -1.41751, 2.88495],
			"rotation": {"angle": 22.5, "axis": "x", "origin": [-3, 9, 1.25]},
			"faces": {
				"north": {"uv": [14.8, 11, 15.1, 11.6], "texture": "#3"},
				"east": {"uv": [6.4, 7.4, 6.8, 8], "texture": "#3"},
				"south": {"uv": [11.2, 14.8, 11.5, 15.4], "texture": "#3"},
				"west": {"uv": [8, 3.2, 8.4, 3.8], "texture": "#3"},
				"up": {"uv": [3.5, 13.8, 3.2, 13.4], "texture": "#3"},
				"down": {"uv": [13.9, 10.2, 13.6, 10.6], "texture": "#3"}
			}
		},
		{
			"name": "leg",
			"from": [9.1071, -4.17426, -0.43978],
			"to": [10.08504, -2.65001, 0.9386],
			"rotation": {"angle": 22.5, "axis": "x", "origin": [-3, 9, 1.25]},
			"faces": {
				"north": {"uv": [6.2, 9.4, 6.4, 9.6], "texture": "#3"},
				"east": {"uv": [8.4, 7.8, 8.7, 8], "texture": "#3"},
				"south": {"uv": [9.4, 7.8, 9.6, 8], "texture": "#3"},
				"west": {"uv": [8.8, 7.8, 9.1, 8], "texture": "#3"},
				"up": {"uv": [11.2, 1.7, 11, 1.4], "texture": "#3"},
				"down": {"uv": [11.2, 1.8, 11, 2.1], "texture": "#3"}
			}
		},
		{
			"name": "leg",
			"from": [10.06757, -1.41751, -0.561],
			"to": [13.51351, 4.096, 2.88495],
			"rotation": {"angle": 0, "axis": "x", "origin": [-3, 9, 1.25]},
			"faces": {
				"north": {"uv": [13.7, 7, 13, 8.1], "texture": "#3"},
				"east": {"uv": [13.9, 10.6, 13.2, 11.7], "texture": "#3"},
				"south": {"uv": [13.7, 12.8, 13, 13.9], "texture": "#3"},
				"west": {"uv": [8.1, 13, 7.4, 14.1], "texture": "#3"},
				"up": {"uv": [0, 14.9, 0.7, 14.2], "texture": "#3"},
				"down": {"uv": [7.2, 14.2, 7.9, 14.9], "texture": "#3"}
			}
		},
		{
			"name": "leg",
			"from": [9.72297, 4.096, -1.93937],
			"to": [13.8581, 10.98789, 3.57413],
			"rotation": {"angle": 0, "axis": "x", "origin": [-3, 9, 1.25]},
			"faces": {
				"north": {"uv": [11.8, 0, 11, 1.4], "texture": "#3"},
				"east": {"uv": [10.7, 8.2, 9.6, 9.6], "texture": "#3"},
				"south": {"uv": [11.8, 4.8, 11, 6.2], "texture": "#3"},
				"west": {"uv": [9.5, 6.4, 8.4, 7.8], "texture": "#3"},
				"up": {"uv": [12.8, 10.5, 13.6, 9.4], "texture": "#3"},
				"down": {"uv": [11.4, 12.8, 12.2, 13.9], "texture": "#3"}
			}
		},
		{
			"name": "leg",
			"from": [10.06757, -4.17426, -0.561],
			"to": [13.51351, -1.41751, 0.81738],
			"rotation": {"angle": 0, "axis": "x", "origin": [-3, 9, 1.25]},
			"faces": {
				"north": {"uv": [15.1, 8.8, 14.4, 9.4], "texture": "#3"},
				"east": {"uv": [11.5, 4.2, 11.2, 4.8], "texture": "#3"},
				"south": {"uv": [15.1, 14.4, 14.4, 15], "texture": "#3"},
				"west": {"uv": [6.3, 8.8, 6, 9.4], "texture": "#3"},
				"up": {"uv": [2.8, 15.1, 3.5, 14.8], "texture": "#3"},
				"down": {"uv": [14.8, 2.8, 15.5, 3.1], "texture": "#3"}
			}
		},
		{
			"name": "leg",
			"from": [12.13513, -4.17426, 0.81738],
			"to": [13.51351, -1.41751, 2.88495],
			"rotation": {"angle": 0, "axis": "x", "origin": [-3, 9, 1.25]},
			"faces": {
				"north": {"uv": [2.3, 14, 2, 14.6], "texture": "#3"},
				"east": {"uv": [6.8, 6.8, 6.4, 7.4], "texture": "#3"},
				"south": {"uv": [11.1, 14.6, 10.8, 15.2], "texture": "#3"},
				"west": {"uv": [6.8, 4, 6.4, 4.6], "texture": "#3"},
				"up": {"uv": [12.8, 11, 13.1, 10.6], "texture": "#3"},
				"down": {"uv": [2.4, 13, 2.7, 13.4], "texture": "#3"}
			}
		},
		{
			"name": "leg",
			"from": [9.10706, -4.17426, -0.43978],
			"to": [10.085, -2.65001, 0.9386],
			"rotation": {"angle": 0, "axis": "x", "origin": [-3, 9, 1.25]},
			"faces": {
				"north": {"uv": [9.4, 7.8, 9.2, 8], "texture": "#3"},
				"east": {"uv": [8.3, 3.8, 8, 4], "texture": "#3"},
				"south": {"uv": [6.2, 9.4, 6, 9.6], "texture": "#3"},
				"west": {"uv": [6.7, 4.6, 6.4, 4.8], "texture": "#3"},
				"up": {"uv": [9.8, 2.7, 10, 2.4], "texture": "#3"},
				"down": {"uv": [9.8, 2.8, 10, 3.1], "texture": "#3"}
			}
		},
		{
			"name": "leg",
			"from": [10.06757, -3.82967, 9.72382],
			"to": [13.51351, 2.71762, 13.16976],
			"rotation": {"angle": 22.5, "axis": "x", "origin": [-1, 7, 11.25]},
			"faces": {
				"north": {"uv": [9.8, 12.4, 10.5, 13.7], "texture": "#3"},
				"east": {"uv": [10.6, 12.4, 11.3, 13.7], "texture": "#3"},
				"south": {"uv": [4.8, 12.6, 5.5, 13.9], "texture": "#3"},
				"west": {"uv": [5.6, 12.6, 6.3, 13.9], "texture": "#3"},
				"up": {"uv": [15.1, 12.5, 14.4, 11.8], "texture": "#3"},
				"down": {"uv": [15.1, 13.6, 14.4, 14.3], "texture": "#3"}
			}
		},
		{
			"name": "leg",
			"from": [9.72297, 2.71762, 9.03463],
			"to": [13.8581, 9.60951, 13.85895],
			"rotation": {"angle": 22.5, "axis": "x", "origin": [-1, 7, 11.25]},
			"faces": {
				"north": {"uv": [11.2, 1.4, 12, 2.8], "texture": "#3"},
				"east": {"uv": [1, 10.6, 2, 12], "texture": "#3"},
				"south": {"uv": [11.2, 2.8, 12, 4.2], "texture": "#3"},
				"west": {"uv": [2, 10.6, 3, 12], "texture": "#3"},
				"up": {"uv": [13.8, 3.8, 13, 2.8], "texture": "#3"},
				"down": {"uv": [13.8, 6, 13, 7], "texture": "#3"}
			}
		},
		{
			"name": "leg",
			"from": [10.41216, -4.17426, 8.69003],
			"to": [14.44513, -2.79588, 12.37841],
			"rotation": {"angle": 22.5, "axis": "x", "origin": [-1, 7, 11.25]},
			"faces": {
				"north": {"uv": [14.8, 2, 15.6, 2.3], "texture": "#3"},
				"east": {"uv": [14.8, 10.2, 15.5, 10.5], "texture": "#3"},
				"south": {"uv": [14.8, 2.4, 15.6, 2.7], "texture": "#3"},
				"west": {"uv": [14.8, 10.6, 15.5, 10.9], "texture": "#3"},
				"up": {"uv": [11.4, 14.5, 10.6, 13.8], "texture": "#3"},
				"down": {"uv": [14.6, 12.8, 13.8, 13.5], "texture": "#3"}
			}
		},
		{
			"name": "leg",
			"from": [10.06757, -3.82967, 9.72382],
			"to": [13.51351, 2.71762, 13.16976],
			"rotation": {"angle": -22.5, "axis": "x", "origin": [-1, 7, 11.25]},
			"faces": {
				"north": {"uv": [12.7, 8.2, 12, 9.5], "texture": "#3"},
				"east": {"uv": [9.7, 12.4, 9, 13.7], "texture": "#3"},
				"south": {"uv": [8.9, 12.4, 8.2, 13.7], "texture": "#3"},
				"west": {"uv": [12.7, 9.6, 12, 10.9], "texture": "#3"},
				"up": {"uv": [14.4, 0.7, 15.1, 0], "texture": "#3"},
				"down": {"uv": [14.4, 4.4, 15.1, 5.1], "texture": "#3"}
			}
		},
		{
			"name": "leg",
			"from": [9.72297, 2.71762, 9.03463],
			"to": [13.8581, 9.60951, 13.85895],
			"rotation": {"angle": -22.5, "axis": "x", "origin": [-1, 7, 11.25]},
			"faces": {
				"north": {"uv": [9.2, 11, 8.4, 12.4], "texture": "#3"},
				"east": {"uv": [1, 10.6, 0, 12], "texture": "#3"},
				"south": {"uv": [10, 11, 9.2, 12.4], "texture": "#3"},
				"west": {"uv": [11, 4.8, 10, 6.2], "texture": "#3"},
				"up": {"uv": [1.6, 14, 2.4, 13], "texture": "#3"},
				"down": {"uv": [13, 1.8, 13.8, 2.8], "texture": "#3"}
			}
		},
		{
			"name": "leg",
			"from": [10.41216, -4.17426, 8.69003],
			"to": [14.44513, -2.79588, 12.37841],
			"rotation": {"angle": -22.5, "axis": "x", "origin": [-1, 7, 11.25]},
			"faces": {
				"north": {"uv": [12.8, 3.8, 12, 4.1], "texture": "#3"},
				"east": {"uv": [6.1, 14.8, 5.4, 15.1], "texture": "#3"},
				"south": {"uv": [15.4, 13.2, 14.6, 13.5], "texture": "#3"},
				"west": {"uv": [4.3, 14.8, 3.6, 15.1], "texture": "#3"},
				"up": {"uv": [9, 14.5, 9.8, 13.8], "texture": "#3"},
				"down": {"uv": [9.8, 13.8, 10.6, 14.5], "texture": "#3"}
			}
		},
		{
			"name": "body",
			"from": [3.86487, 2.78654, 5.82725],
			"to": [12.13513, 12.43518, 13.98732],
			"rotation": {"angle": 0, "axis": "y", "origin": [-3.02702, -4.17426, -28.00016]},
			"faces": {
				"north": {"uv": [0, 4.8, 1.7, 6.7], "texture": "#2"},
				"east": {"uv": [4.8, 6.8, 6.4, 8.7], "texture": "#2"},
				"south": {"uv": [1.8, 4.8, 3.5, 6.7], "texture": "#2"},
				"west": {"uv": [6.8, 6, 8.4, 7.9], "texture": "#2"},
				"up": {"uv": [9.7, 1.6, 8, 0], "texture": "#2"},
				"down": {"uv": [9.7, 1.6, 8, 3.2], "texture": "#2"}
			}
		},
		{
			"name": "body1",
			"from": [3.28737, 5.09654, -3.99025],
			"to": [12.71263, 17.05518, 7.63482],
			"rotation": {"angle": 22.5, "axis": "x", "origin": [8, 8.76586, 0.66729]},
			"faces": {
				"north": {"uv": [2.4, 0, 4.3, 2.4], "texture": "#2"},
				"east": {"uv": [0, 0, 2.3, 2.4], "texture": "#2"},
				"south": {"uv": [2.4, 2.4, 4.3, 4.8], "texture": "#2"},
				"west": {"uv": [0, 2.4, 2.3, 4.8], "texture": "#2"},
				"up": {"uv": [6.3, 2.3, 4.4, 0], "texture": "#2"},
				"down": {"uv": [6.3, 2.4, 4.4, 4.7], "texture": "#2"}
			}
		},
		{
			"name": "head",
			"from": [6.70063, 28.67355, -13.99763],
			"to": [9.29938, 31.99648, -8.79551],
			"rotation": {"angle": 22.5, "axis": "x", "origin": [8, 30.59489, -11.2522]},
			"faces": {
				"north": {"uv": [5.4, 10.6, 5.9, 11.3], "texture": "#2"},
				"east": {"uv": [13.4, 0, 14.4, 0.7], "texture": "#2"},
				"south": {"uv": [4.8, 11.8, 5.3, 12.5], "texture": "#2"},
				"west": {"uv": [13.6, 9.4, 14.6, 10.1], "texture": "#2"},
				"up": {"uv": [14.3, 14.6, 13.8, 13.6], "texture": "#2"},
				"down": {"uv": [1.3, 14, 0.8, 15], "texture": "#2"}
			}
		},
		{
			"name": "head",
			"from": [6.68088, 26.25382, -15.94219],
			"to": [9.31913, 29.96484, -13.29147],
			"rotation": {"angle": 0, "axis": "y", "origin": [8, 13.07451, -2.90062]},
			"faces": {
				"north": {"uv": [14, 11, 14.7, 11.7], "texture": "#2"},
				"east": {"uv": [14.6, 3.4, 15.1, 4.1], "texture": "#2"},
				"south": {"uv": [11.4, 14, 12.1, 14.7], "texture": "#2"},
				"west": {"uv": [14.6, 6, 15.1, 6.7], "texture": "#2"},
				"up": {"uv": [15.3, 7.3, 14.6, 6.8], "texture": "#2"},
				"down": {"uv": [15.3, 7.4, 14.6, 7.9], "texture": "#2"}
			}
		},
		{
			"name": "eyes",
			"from": [6.18088, 26.25382, -13.29147],
			"to": [9.81913, 30.6254, -8.52016],
			"rotation": {"angle": 0, "axis": "y", "origin": [8, 13.07451, -2.90062]},
			"faces": {
				"north": {"uv": [4, 13.8, 4.7, 14.7], "texture": "#2"},
				"east": {"uv": [6.4, 12.6, 7.4, 13.5], "texture": "#2"},
				"south": {"uv": [13.8, 6, 14.5, 6.9], "texture": "#2"},
				"west": {"uv": [12.6, 11.8, 13.6, 12.7], "texture": "#2"},
				"up": {"uv": [14.3, 12.8, 13.6, 11.8], "texture": "#2"},
				"down": {"uv": [14.5, 0.8, 13.8, 1.8], "texture": "#2"}
			}
		},
		{
			"name": "neck",
			"from": [4.10187, 8.93938, -6.20873],
			"to": [11.89812, 18.58802, 1.58752],
			"rotation": {"angle": -22.5, "axis": "x", "origin": [8, 13.07451, -2.90062]},
			"faces": {
				"north": {"uv": [5.2, 4.8, 3.6, 6.7], "texture": "#2"},
				"east": {"uv": [8, 2, 6.4, 3.9], "texture": "#2"},
				"south": {"uv": [8, 0, 6.4, 1.9], "texture": "#2"},
				"west": {"uv": [6.8, 4.8, 5.2, 6.7], "texture": "#2"},
				"up": {"uv": [6.4, 9.6, 8, 8], "texture": "#2"},
				"down": {"uv": [8, 8, 9.6, 9.6], "texture": "#2"}
			}
		},
		{
			"name": "neck",
			"from": [4.96812, 18.58802, -5.51954],
			"to": [11.03188, 26.85828, 0.54421],
			"rotation": {"angle": -22.5, "axis": "x", "origin": [7.82675, 13.07451, -2.90062]},
			"faces": {
				"north": {"uv": [1.2, 8.8, 0, 10.5], "texture": "#2"},
				"east": {"uv": [4.8, 8.8, 3.6, 10.5], "texture": "#2"},
				"south": {"uv": [3.6, 8.8, 2.4, 10.5], "texture": "#2"},
				"west": {"uv": [2.4, 8.8, 1.2, 10.5], "texture": "#2"},
				"up": {"uv": [9.8, 1.2, 11, 0], "texture": "#2"},
				"down": {"uv": [9.8, 1.2, 11, 2.4], "texture": "#2"}
			}
		},
		{
			"name": "neck",
			"from": [5.42429, 24.32244, 0.43363],
			"to": [10.57571, 29.09374, 5.58505],
			"rotation": {"angle": -45, "axis": "x", "origin": [7.76317, 13.07451, -2.90062]},
			"faces": {
				"north": {"uv": [3.8, 11.8, 4.8, 12.8], "texture": "#2"},
				"east": {"uv": [11.8, 4.2, 12.8, 5.2], "texture": "#2"},
				"south": {"uv": [11.8, 5.2, 12.8, 6.2], "texture": "#2"},
				"west": {"uv": [11.6, 11.8, 12.6, 12.8], "texture": "#2"},
				"up": {"uv": [1, 13, 0, 12], "texture": "#2"},
				"down": {"uv": [13, 0.8, 12, 1.8], "texture": "#2"}
			}
		}
	],
	"display": {
		"thirdperson_righthand": {
			"rotation": [75, 45, 0],
			"translation": [0, 2.5, 0],
			"scale": [0.375, 0.375, 0.375]
		},
		"thirdperson_lefthand": {
			"rotation": [75, 45, 0],
			"translation": [0, 2.5, 0],
			"scale": [0.375, 0.375, 0.375]
		},
		"firstperson_righthand": {
			"rotation": [0, 45, 0],
			"scale": [0.4, 0.4, 0.4]
		},
		"firstperson_lefthand": {
			"rotation": [0, 225, 0],
			"scale": [0.4, 0.4, -0.4]
		},
		"gui": {
			"rotation": [30, 225, 0],
			"scale": [0.625, 0.625, 0.625]
		},
		"head": {
			"translation": [0, -40.62975, 12],
			"scale": [4, 4, 4]
		},
		"fixed": {
			"translation": [0, 48, 33.5],
			"scale": [4, 4, 4]
		}
	},
	"groups": [
		{
			"name": "body",
			"origin": [8, 3.00674, 8.30294],
			"color": 0,
			"children": [
				{
					"name": "tail",
					"origin": [8, 3.00674, 8.30294],
					"color": 0,
					"children": [0, 1, 2]
				},
				{
					"name": "legs",
					"origin": [8, 3.00674, 8.30294],
					"color": 0,
					"children": [
						{
							"name": "1",
							"origin": [8, 3.00674, 8.30294],
							"color": 0,
							"children": [
								3,
								4,
								5,
								6,
								7,
								{
									"name": "3",
									"origin": [8, 3.00674, 8.30294],
									"color": 0,
									"children": [8, 9, 10, 11, 12]
								}
							]
						},
						{
							"name": "2",
							"origin": [8, 3.00674, 8.30294],
							"color": 0,
							"children": [
								13,
								14,
								15,
								{
									"name": "4",
									"origin": [8, 3.00674, 8.30294],
									"color": 0,
									"children": [16, 17, 18]
								}
							]
						},
						{
							"name": "3",
							"origin": [8, 3.00674, 8.30294],
							"color": 0,
							"children": [
								19,
								20,
								21,
								22,
								23,
								{
									"name": "1",
									"origin": [8, 3.00674, 8.30294],
									"color": 0,
									"children": [24, 25, 26, 27, 28]
								}
							]
						},
						{
							"name": "4",
							"origin": [8, 3.00674, 8.30294],
							"color": 0,
							"children": [
								29,
								30,
								31,
								{
									"name": "2",
									"origin": [8, 3.00674, 8.30294],
									"color": 0,
									"children": [32, 33, 34]
								}
							]
						}
					]
				},
				35,
				36,
				{
					"name": "head_female",
					"origin": [8, 3.00674, 8.30294],
					"color": 0,
					"children": [
						{
							"name": "skull",
							"origin": [8, 3.00674, 8.30294],
							"color": 0,
							"children": [37, 38, 39]
						},
						40,
						41,
						42
					]
				}
			]
		}
	]
}