{
	"credit": "Made with Blockbench",
	"texture_size": [64, 64],
	"textures": {
		"1": "krmc:krmc_mobs/homophaganax",
		"2": "krmc:krmc_mobs/animations/homophaganax",
		"particle": "krmc:krmc_mobs/animations/homophaganax"
	},
	"elements": [
		{
			"name": "shoulder",
			"from": [3.48, 5.6, -0.45],
			"to": [4.92, 10.4, 3.15],
			"rotation": {"angle": -22.5, "axis": "x", "origin": [0, -2.8, -7.65]},
			"faces": {
				"north": {"uv": [2.75, 9.5, 3, 10.75], "texture": "#1"},
				"east": {"uv": [6, 9.75, 7, 11], "texture": "#1"},
				"south": {"uv": [10.75, 9.25, 11, 10.5], "texture": "#1"},
				"west": {"uv": [10.25, 1.75, 11.25, 3], "texture": "#1"},
				"up": {"uv": [3, 7.25, 2.75, 6.25], "texture": "#1"},
				"down": {"uv": [4, 8.75, 3.75, 9.75], "texture": "#1"}
			}
		},
		{
			"name": "feather1",
			"from": [4.22, 5.6, 3.05],
			"to": [4.22, 10.4, 6.65],
			"rotation": {"angle": -22.5, "axis": "x", "origin": [0, -2.8, -7.65]},
			"faces": {
				"north": {"uv": [0, 0, 0, 1.25], "texture": "#1"},
				"east": {"uv": [10.25, 4.25, 11.25, 5.5], "texture": "#1"},
				"south": {"uv": [0, 0, 0, 1.25], "texture": "#1"},
				"west": {"uv": [11.25, 4.25, 10.25, 5.5], "texture": "#1"},
				"up": {"uv": [0, 1, 0, 0], "texture": "#1"},
				"down": {"uv": [0, 0, 0, 1], "texture": "#1"}
			}
		},
		{
			"name": "hand",
			"from": [3.6, 5, -3.93],
			"to": [4.8, 9.8, -1.77],
			"rotation": {"angle": 22.5, "axis": "x", "origin": [6, 8, -4.05]},
			"faces": {
				"north": {"uv": [12.25, 10, 12.5, 11.25], "texture": "#1"},
				"east": {"uv": [11.75, 8.5, 12.25, 9.75], "texture": "#1"},
				"south": {"uv": [11, 12.25, 11.25, 13.5], "texture": "#1"},
				"west": {"uv": [9, 11.75, 9.5, 13], "texture": "#1"},
				"up": {"uv": [4.25, 6.5, 4, 6], "texture": "#1"},
				"down": {"uv": [4.5, 6, 4.25, 6.5], "texture": "#1"}
			}
		},
		{
			"name": "feather2",
			"from": [4.2, 5, -2.83],
			"to": [4.2, 10.8, 0.33],
			"rotation": {"angle": 22.5, "axis": "x", "origin": [6, 8, -4.05]},
			"faces": {
				"north": {"uv": [0, 0, 0, 1.5], "texture": "#1"},
				"east": {"uv": [2.5, 11.25, 3.25, 12.75], "texture": "#1"},
				"south": {"uv": [0, 0, 0, 1.5], "texture": "#1"},
				"west": {"uv": [3.25, 11.25, 2.5, 12.75], "texture": "#1"},
				"up": {"uv": [0, 0.75, 0, 0], "texture": "#1"},
				"down": {"uv": [0, 0, 0, 0.75], "texture": "#1"}
			}
		},
		{
			"name": "shoulder",
			"from": [11.08, 5.6, -0.45],
			"to": [12.52, 10.4, 3.15],
			"rotation": {"angle": -22.5, "axis": "x", "origin": [16, -2.8, -7.65]},
			"faces": {
				"north": {"uv": [1.75, 12.5, 2, 13.75], "texture": "#1"},
				"east": {"uv": [10.25, 5.5, 11.25, 6.75], "texture": "#1"},
				"south": {"uv": [2, 12.5, 2.25, 13.75], "texture": "#1"},
				"west": {"uv": [10.25, 6.75, 11.25, 8], "texture": "#1"},
				"up": {"uv": [6.5, 13.5, 6.25, 12.5], "texture": "#1"},
				"down": {"uv": [6.75, 12.5, 6.5, 13.5], "texture": "#1"}
			}
		},
		{
			"name": "feather1",
			"from": [11.78, 5.6, 3.05],
			"to": [11.78, 10.4, 6.65],
			"rotation": {"angle": -22.5, "axis": "x", "origin": [16, -2.8, -7.65]},
			"faces": {
				"north": {"uv": [0, 0, 0, 1.25], "texture": "#1"},
				"east": {"uv": [10.25, 4.25, 11.25, 5.5], "texture": "#1"},
				"south": {"uv": [0, 0, 0, 1.25], "texture": "#1"},
				"west": {"uv": [11.25, 4.25, 10.25, 5.5], "texture": "#1"},
				"up": {"uv": [0, 1, 0, 0], "texture": "#1"},
				"down": {"uv": [0, 0, 0, 1], "texture": "#1"}
			}
		},
		{
			"name": "hand",
			"from": [11.2, 5, -3.93],
			"to": [12.4, 9.8, -1.77],
			"rotation": {"angle": 22.5, "axis": "x", "origin": [10, 8, -4.05]},
			"faces": {
				"north": {"uv": [2.25, 12.5, 2.5, 13.75], "texture": "#1"},
				"east": {"uv": [11.75, 11, 12.25, 12.25], "texture": "#1"},
				"south": {"uv": [6, 12.5, 6.25, 13.75], "texture": "#1"},
				"west": {"uv": [0.75, 12, 1.25, 13.25], "texture": "#1"},
				"up": {"uv": [8, 9.5, 7.75, 9], "texture": "#1"},
				"down": {"uv": [10.25, 8.25, 10, 8.75], "texture": "#1"}
			}
		},
		{
			"name": "feather2",
			"from": [11.8, 5, -2.83],
			"to": [11.8, 10.8, 0.33],
			"rotation": {"angle": 22.5, "axis": "x", "origin": [10, 8, -4.05]},
			"faces": {
				"north": {"uv": [0, 0, 0, 1.5], "texture": "#1"},
				"east": {"uv": [2.5, 11.25, 3.25, 12.75], "texture": "#1"},
				"south": {"uv": [0, 0, 0, 1.5], "texture": "#1"},
				"west": {"uv": [3.25, 11.25, 2.5, 12.75], "texture": "#1"},
				"up": {"uv": [0, 0.75, 0, 0], "texture": "#1"},
				"down": {"uv": [0, 0, 0, 0.75], "texture": "#1"}
			}
		},
		{
			"name": "toe",
			"from": [10.772, 0.052, 2.76],
			"to": [12.997, 1.40825, 7.4725],
			"rotation": {"angle": 22.5, "axis": "x", "origin": [12.747, 11.552, 5.76]},
			"faces": {
				"north": {"uv": [2.5, 11, 3, 11.25], "texture": "#2"},
				"east": {"uv": [12.25, 11.5, 13.5, 11.75], "texture": "#2"},
				"south": {"uv": [3.25, 11.25, 3.75, 11.5], "texture": "#2"},
				"west": {"uv": [12.25, 11.75, 13.5, 12], "texture": "#2"},
				"up": {"uv": [10.5, 13, 10, 11.75], "texture": "#2"},
				"down": {"uv": [11, 11.75, 10.5, 13], "texture": "#2"}
			}
		},
		{
			"name": "sickle",
			"from": [9.513, 4.07819, -2.07296],
			"to": [10.833, 7.05819, -0.75296],
			"rotation": {"angle": -22.5, "axis": "x", "origin": [12.747, 11.552, 5.76]},
			"faces": {
				"north": {"uv": [11.25, 7.25, 11.5, 8], "texture": "#2"},
				"east": {"uv": [11.5, 8.5, 11.75, 9.25], "texture": "#2"},
				"south": {"uv": [12.5, 10, 12.75, 10.75], "texture": "#2"},
				"west": {"uv": [11.25, 12.5, 11.5, 13.25], "texture": "#2"},
				"up": {"uv": [12.25, 4.25, 12, 4], "texture": "#2"},
				"down": {"uv": [12.75, 12.25, 12.5, 12.5], "texture": "#2"}
			}
		},
		{
			"name": "lower_leg",
			"from": [10.21793, 1.06614, 5.33773],
			"to": [12.60293, 8.20614, 8.51773],
			"rotation": {"angle": 22.5, "axis": "x", "origin": [12.747, 11.552, 5.76]},
			"faces": {
				"north": {"uv": [7.25, 11.75, 7.75, 13.5], "texture": "#2"},
				"east": {"uv": [4.5, 9.75, 5.25, 11.5], "texture": "#2"},
				"south": {"uv": [7.75, 11.75, 8.25, 13.5], "texture": "#2"},
				"west": {"uv": [5.25, 9.75, 6, 11.5], "texture": "#2"},
				"up": {"uv": [1.75, 12.75, 1.25, 12], "texture": "#2"},
				"down": {"uv": [12.75, 7.75, 12.25, 8.5], "texture": "#2"}
			}
		},
		{
			"name": "upper_leg",
			"from": [9.79393, 7.42614, 2.68773],
			"to": [12.97393, 13.78614, 7.98773],
			"rotation": {"angle": 22.5, "axis": "x", "origin": [12.747, 11.552, 5.76]},
			"faces": {
				"north": {"uv": [0, 11.25, 0.75, 12.75], "texture": "#2"},
				"east": {"uv": [4, 8.25, 5.25, 9.75], "texture": "#2"},
				"south": {"uv": [11.25, 1.25, 12, 2.75], "texture": "#2"},
				"west": {"uv": [8.5, 1, 9.75, 2.5], "texture": "#2"},
				"up": {"uv": [5.5, 12.75, 4.75, 11.5], "texture": "#2"},
				"down": {"uv": [12.25, 7.25, 11.5, 8.5], "texture": "#2"}
			}
		},
		{
			"name": "toe",
			"from": [10.772, 0.052, 2.76],
			"to": [12.997, 1.40825, 7.4725],
			"rotation": {"angle": -45, "axis": "x", "origin": [3.253, 11.552, 5.76]},
			"faces": {
				"north": {"uv": [9.25, 6.75, 8.75, 7], "texture": "#2"},
				"east": {"uv": [13.5, 11.25, 12.25, 11.5], "texture": "#2"},
				"south": {"uv": [9.25, 7, 8.75, 7.25], "texture": "#2"},
				"west": {"uv": [12.5, 12.25, 11.25, 12.5], "texture": "#2"},
				"up": {"uv": [9.5, 13, 10, 11.75], "texture": "#2"},
				"down": {"uv": [11.75, 9.75, 12.25, 11], "texture": "#2"}
			}
		},
		{
			"name": "sickle",
			"from": [9.513, 3.71904, 10.25381],
			"to": [10.833, 5.03904, 13.23381],
			"rotation": {"angle": 0, "axis": "x", "origin": [3.253, 11.552, 5.76]},
			"faces": {
				"north": {"uv": [10.5, 9.5, 10.75, 9.25], "rotation": 180, "texture": "#2"},
				"east": {"uv": [1, 11.25, 0.75, 12], "rotation": 90, "texture": "#2"},
				"south": {"uv": [2.75, 10.75, 3, 11], "texture": "#2"},
				"west": {"uv": [10.5, 8, 10.25, 8.75], "rotation": 270, "texture": "#2"},
				"up": {"uv": [7, 11, 6.75, 11.75], "texture": "#2"},
				"down": {"uv": [5.5, 8.25, 5.25, 9], "rotation": 180, "texture": "#2"}
			}
		},
		{
			"name": "lower_leg",
			"from": [10.21793, 1.06614, 5.33773],
			"to": [12.60293, 8.20614, 8.51773],
			"rotation": {"angle": -45, "axis": "x", "origin": [3.253, 11.552, 5.76]},
			"faces": {
				"north": {"uv": [6, 11.5, 5.5, 13.25], "texture": "#2"},
				"east": {"uv": [4.5, 9.75, 3.75, 11.5], "texture": "#2"},
				"south": {"uv": [7.25, 11.75, 6.75, 13.5], "texture": "#2"},
				"west": {"uv": [10.5, 0, 9.75, 1.75], "texture": "#2"},
				"up": {"uv": [5.5, 7.25, 6, 6.5], "texture": "#2"},
				"down": {"uv": [9.75, 1.75, 10.25, 2.5], "texture": "#2"}
			}
		},
		{
			"name": "upper_leg",
			"from": [9.79393, 7.42614, 2.68773],
			"to": [12.97393, 13.78614, 7.98773],
			"rotation": {"angle": -45, "axis": "x", "origin": [3.253, 11.552, 5.76]},
			"faces": {
				"north": {"uv": [11.75, 9.25, 11, 10.75], "texture": "#2"},
				"east": {"uv": [9.25, 7.25, 8, 8.75], "texture": "#2"},
				"south": {"uv": [11.75, 10.75, 11, 12.25], "texture": "#2"},
				"west": {"uv": [9.25, 2.75, 8, 4.25], "texture": "#2"},
				"up": {"uv": [3.25, 12.75, 4, 11.5], "texture": "#2"},
				"down": {"uv": [4, 11.5, 4.75, 12.75], "texture": "#2"}
			}
		},
		{
			"name": "toe",
			"from": [3.003, 0.052, 2.76],
			"to": [5.228, 1.40825, 7.4725],
			"rotation": {"angle": 22.5, "axis": "x", "origin": [12.747, 11.552, 5.76]},
			"faces": {
				"north": {"uv": [8.75, 6.75, 9.25, 7], "texture": "#2"},
				"east": {"uv": [11.25, 12.25, 12.5, 12.5], "texture": "#2"},
				"south": {"uv": [8.75, 7, 9.25, 7.25], "texture": "#2"},
				"west": {"uv": [12.25, 11.25, 13.5, 11.5], "texture": "#2"},
				"up": {"uv": [10, 13, 9.5, 11.75], "texture": "#2"},
				"down": {"uv": [12.25, 9.75, 11.75, 11], "texture": "#2"}
			}
		},
		{
			"name": "sickle",
			"from": [5.167, 4.07819, -2.07296],
			"to": [6.487, 7.05819, -0.75296],
			"rotation": {"angle": -22.5, "axis": "x", "origin": [12.747, 11.552, 5.76]},
			"faces": {
				"north": {"uv": [5.25, 8.25, 5.5, 9], "texture": "#2"},
				"east": {"uv": [10.25, 8, 10.5, 8.75], "texture": "#2"},
				"south": {"uv": [6.75, 11, 7, 11.75], "texture": "#2"},
				"west": {"uv": [0.75, 11.25, 1, 12], "texture": "#2"},
				"up": {"uv": [10.75, 9.5, 10.5, 9.25], "texture": "#2"},
				"down": {"uv": [3, 10.75, 2.75, 11], "texture": "#2"}
			}
		},
		{
			"name": "lower_leg",
			"from": [3.39707, 1.06614, 5.33773],
			"to": [5.78207, 8.20614, 8.51773],
			"rotation": {"angle": 22.5, "axis": "x", "origin": [12.747, 11.552, 5.76]},
			"faces": {
				"north": {"uv": [5.5, 11.5, 6, 13.25], "texture": "#2"},
				"east": {"uv": [9.75, 0, 10.5, 1.75], "texture": "#2"},
				"south": {"uv": [6.75, 11.75, 7.25, 13.5], "texture": "#2"},
				"west": {"uv": [3.75, 9.75, 4.5, 11.5], "texture": "#2"},
				"up": {"uv": [6, 7.25, 5.5, 6.5], "texture": "#2"},
				"down": {"uv": [10.25, 1.75, 9.75, 2.5], "texture": "#2"}
			}
		},
		{
			"name": "upper_leg",
			"from": [3.02607, 7.42614, 2.68773],
			"to": [6.20607, 13.78614, 7.98773],
			"rotation": {"angle": 22.5, "axis": "x", "origin": [12.747, 11.552, 5.76]},
			"faces": {
				"north": {"uv": [11, 9.25, 11.75, 10.75], "texture": "#2"},
				"east": {"uv": [8, 2.75, 9.25, 4.25], "texture": "#2"},
				"south": {"uv": [11, 10.75, 11.75, 12.25], "texture": "#2"},
				"west": {"uv": [8, 7.25, 9.25, 8.75], "texture": "#2"},
				"up": {"uv": [4, 12.75, 3.25, 11.5], "texture": "#2"},
				"down": {"uv": [4.75, 11.5, 4, 12.75], "texture": "#2"}
			}
		},
		{
			"name": "toe",
			"from": [3.003, 0.052, 2.76],
			"to": [5.228, 1.40825, 7.4725],
			"rotation": {"angle": -45, "axis": "x", "origin": [3.253, 11.552, 5.76]},
			"faces": {
				"north": {"uv": [3, 11, 2.5, 11.25], "texture": "#2"},
				"east": {"uv": [13.5, 11.75, 12.25, 12], "texture": "#2"},
				"south": {"uv": [3.75, 11.25, 3.25, 11.5], "texture": "#2"},
				"west": {"uv": [13.5, 11.5, 12.25, 11.75], "texture": "#2"},
				"up": {"uv": [10, 13, 10.5, 11.75], "texture": "#2"},
				"down": {"uv": [10.5, 11.75, 11, 13], "texture": "#2"}
			}
		},
		{
			"name": "sickle",
			"from": [5.167, 3.71904, 10.25381],
			"to": [6.487, 5.03904, 13.23381],
			"rotation": {"angle": 0, "axis": "x", "origin": [3.253, 11.552, 5.76]},
			"faces": {
				"north": {"uv": [12, 4.25, 12.25, 4], "rotation": 180, "texture": "#2"},
				"east": {"uv": [11.5, 12.5, 11.25, 13.25], "rotation": 90, "texture": "#2"},
				"south": {"uv": [12.5, 12.25, 12.75, 12.5], "texture": "#2"},
				"west": {"uv": [11.75, 8.5, 11.5, 9.25], "rotation": 270, "texture": "#2"},
				"up": {"uv": [12.75, 10, 12.5, 10.75], "texture": "#2"},
				"down": {"uv": [11.5, 7.25, 11.25, 8], "rotation": 180, "texture": "#2"}
			}
		},
		{
			"name": "lower_leg",
			"from": [3.39707, 1.06614, 5.33773],
			"to": [5.78207, 8.20614, 8.51773],
			"rotation": {"angle": -45, "axis": "x", "origin": [3.253, 11.552, 5.76]},
			"faces": {
				"north": {"uv": [7.75, 11.75, 7.25, 13.5], "texture": "#2"},
				"east": {"uv": [6, 9.75, 5.25, 11.5], "texture": "#2"},
				"south": {"uv": [8.25, 11.75, 7.75, 13.5], "texture": "#2"},
				"west": {"uv": [5.25, 9.75, 4.5, 11.5], "texture": "#2"},
				"up": {"uv": [1.25, 12.75, 1.75, 12], "texture": "#2"},
				"down": {"uv": [12.25, 7.75, 12.75, 8.5], "texture": "#2"}
			}
		},
		{
			"name": "upper_leg",
			"from": [3.02607, 7.42614, 2.68773],
			"to": [6.20607, 13.78614, 7.98773],
			"rotation": {"angle": -45, "axis": "x", "origin": [3.253, 11.552, 5.76]},
			"faces": {
				"north": {"uv": [0.75, 11.25, 0, 12.75], "texture": "#2"},
				"east": {"uv": [9.75, 1, 8.5, 2.5], "texture": "#2"},
				"south": {"uv": [12, 1.25, 11.25, 2.75], "texture": "#2"},
				"west": {"uv": [5.25, 8.25, 4, 9.75], "texture": "#2"},
				"up": {"uv": [4.75, 12.75, 5.5, 11.5], "texture": "#2"},
				"down": {"uv": [11.5, 7.25, 12.25, 8.5], "texture": "#2"}
			}
		},
		{
			"name": "neck",
			"from": [6.092, 12.59613, -9.22032],
			"to": [9.908, 21.82613, -3.48032],
			"rotation": {"angle": -22.5, "axis": "x", "origin": [9, 19.8629, -9.20094]},
			"faces": {
				"north": {"uv": [1, 7.25, 2, 9.5], "texture": "#1"},
				"east": {"uv": [0, 4, 1.5, 6.25], "texture": "#1"},
				"south": {"uv": [2, 7.25, 3, 9.5], "texture": "#1"},
				"west": {"uv": [1.5, 4, 3, 6.25], "texture": "#1"},
				"up": {"uv": [10.25, 4, 9.25, 2.5], "texture": "#1"},
				"down": {"uv": [10.25, 6.75, 9.25, 8.25], "texture": "#1"}
			}
		},
		{
			"name": "lowerjaw",
			"from": [6.6338, 18.8136, -15.73734],
			"to": [9.3662, 19.8564, -11.26254],
			"rotation": {"angle": -45, "axis": "x", "origin": [8, 19.8629, -9.20094]},
			"faces": {
				"north": {"uv": [8.5, 2.5, 9.25, 2.75], "texture": "#1"},
				"east": {"uv": [9.25, 4, 10.25, 4.25], "texture": "#1"},
				"south": {"uv": [12.5, 10.75, 13.25, 11], "texture": "#1"},
				"west": {"uv": [12.5, 0.25, 13.5, 0.5], "texture": "#1"},
				"up": {"uv": [8.75, 5.25, 8, 4.25], "texture": "#1"},
				"down": {"uv": [9, 11.75, 8.25, 12.75], "texture": "#1"}
			}
		},
		{
			"name": "lowerjaw1",
			"from": [5.8748, 18.6816, -11.26254],
			"to": [10.1252, 19.8564, -5.98254],
			"rotation": {"angle": -45, "axis": "x", "origin": [8, 19.8629, -9.20094]},
			"faces": {
				"north": {"uv": [12.5, 0.5, 13.5, 0.75], "texture": "#1"},
				"east": {"uv": [12.25, 12, 13.5, 12.25], "texture": "#1"},
				"south": {"uv": [12.5, 0.75, 13.5, 1], "texture": "#1"},
				"west": {"uv": [12.5, 0, 13.75, 0.25], "texture": "#1"},
				"up": {"uv": [9, 11.75, 8, 10.5], "texture": "#1"},
				"down": {"uv": [11.5, 8, 10.5, 9.25], "texture": "#1"}
			}
		},
		{
			"name": "skull_main2",
			"from": [6.6008, 19.8828, -15.85614],
			"to": [9.3992, 22.4596, -14.21934],
			"rotation": {"angle": 0, "axis": "x", "origin": [8, 25.8629, -4.50094]},
			"faces": {
				"north": {"uv": [7, 9.75, 7.75, 10.5], "texture": "#1"},
				"east": {"uv": [12.25, 8.5, 12.75, 9.25], "texture": "#1"},
				"south": {"uv": [12, 1, 12.75, 1.75], "texture": "#1"},
				"west": {"uv": [12.25, 9.25, 12.75, 10], "texture": "#1"},
				"up": {"uv": [10, 8.75, 9.25, 8.25], "texture": "#1"},
				"down": {"uv": [11.25, 1.25, 10.5, 1.75], "texture": "#1"}
			}
		},
		{
			"name": "skull_main1",
			"from": [6.6008, 19.8828, -14.21934],
			"to": [9.3992, 22.6716, -11.26254],
			"rotation": {"angle": 0, "axis": "x", "origin": [8, 25.8629, -4.50094]},
			"faces": {
				"north": {"uv": [12, 1.75, 12.75, 2.5], "texture": "#1"},
				"east": {"uv": [12, 2.5, 12.75, 3.25], "texture": "#1"},
				"south": {"uv": [12, 3.25, 12.75, 4], "texture": "#1"},
				"west": {"uv": [12.25, 4, 13, 4.75], "texture": "#1"},
				"up": {"uv": [13, 5.5, 12.25, 4.75], "texture": "#1"},
				"down": {"uv": [13, 5.5, 12.25, 6.25], "texture": "#1"}
			}
		},
		{
			"name": "skull_main",
			"from": [5.8616, 19.8828, -11.26254],
			"to": [10.1384, 23.4996, -5.66574],
			"rotation": {"angle": 0, "axis": "x", "origin": [8, 25.8629, -4.50094]},
			"faces": {
				"north": {"uv": [11.25, 4.25, 12.25, 5.25], "texture": "#1"},
				"east": {"uv": [7.75, 9.5, 9.25, 10.5], "texture": "#1"},
				"south": {"uv": [11.25, 5.25, 12.25, 6.25], "texture": "#1"},
				"west": {"uv": [9.25, 9.5, 10.75, 10.5], "texture": "#1"},
				"up": {"uv": [2.75, 11, 1.75, 9.5], "texture": "#1"},
				"down": {"uv": [1, 9.75, 0, 11.25], "texture": "#1"}
			}
		},
		{
			"name": "torso_main",
			"from": [4.82, 8.48614, -0.93227],
			"to": [11.18, 16.65614, 10.72773],
			"rotation": {"angle": 0, "axis": "y", "origin": [7.68718, 10.23, 6.94]},
			"faces": {
				"north": {"uv": [4.5, 2.5, 6, 4.5], "texture": "#1"},
				"east": {"uv": [0, 0, 3, 2], "texture": "#1"},
				"south": {"uv": [4.5, 4.5, 6, 6.5], "texture": "#1"},
				"west": {"uv": [0, 2, 3, 4], "texture": "#1"},
				"up": {"uv": [4.5, 3, 3, 0], "texture": "#1"},
				"down": {"uv": [4.5, 3, 3, 6], "texture": "#1"}
			}
		},
		{
			"name": "torso_main2",
			"from": [4.92, 9.04614, -6.23227],
			"to": [11.08, 16.15614, -0.93227],
			"rotation": {"angle": 0, "axis": "y", "origin": [7.68718, 10.23, 6.94]},
			"faces": {
				"north": {"uv": [4, 6.5, 5.5, 8.25], "texture": "#1"},
				"east": {"uv": [5.5, 7.25, 6.75, 9], "texture": "#1"},
				"south": {"uv": [7, 1, 8.5, 2.75], "texture": "#1"},
				"west": {"uv": [6.75, 7.25, 8, 9], "texture": "#1"},
				"up": {"uv": [10.25, 5.5, 8.75, 4.25], "texture": "#1"},
				"down": {"uv": [10.25, 5.5, 8.75, 6.75], "texture": "#1"}
			}
		},
		{
			"name": "tail1",
			"from": [5.88, 10.60614, 10.72773],
			"to": [10.12, 15.90614, 21.14773],
			"rotation": {"angle": 0, "axis": "y", "origin": [7.68718, 10.23, 6.94]},
			"faces": {
				"north": {"uv": [9, 10.5, 10, 11.75], "texture": "#1"},
				"east": {"uv": [4.5, 0, 7, 1.25], "texture": "#1"},
				"south": {"uv": [10, 10.5, 11, 11.75], "texture": "#1"},
				"west": {"uv": [4.5, 1.25, 7, 2.5], "texture": "#1"},
				"up": {"uv": [8, 5.25, 7, 2.75], "texture": "#1"},
				"down": {"uv": [1, 7.25, 0, 9.75], "texture": "#1"}
			}
		},
		{
			"name": "tail2",
			"from": [6.66, 12.32614, 21.14773],
			"to": [9.34, 15.50614, 31.50773],
			"rotation": {"angle": 0, "axis": "y", "origin": [7.15718, 10.23, 6.94]},
			"faces": {
				"north": {"uv": [12.25, 6.25, 13, 7], "texture": "#1"},
				"east": {"uv": [8, 8.75, 10.5, 9.5], "texture": "#1"},
				"south": {"uv": [12.25, 7, 13, 7.75], "texture": "#1"},
				"west": {"uv": [5.25, 9, 7.75, 9.75], "texture": "#1"},
				"up": {"uv": [3.75, 11.25, 3, 8.75], "texture": "#1"},
				"down": {"uv": [1.75, 9.5, 1, 12], "texture": "#1"}
			}
		},
		{
			"name": "feathers1",
			"from": [4.875, 14.5, 21.15],
			"to": [11.125, 14.5, 31.75],
			"rotation": {"angle": 0, "axis": "y", "origin": [8, 13.75, 11.75]},
			"faces": {
				"north": {"uv": [0, 0, 1, 0], "texture": "#1"},
				"east": {"uv": [0, 0, 2.75, 0], "texture": "#1"},
				"south": {"uv": [0, 0, 1, 0], "texture": "#1"},
				"west": {"uv": [0, 0, 2.75, 0], "texture": "#1"},
				"up": {"uv": [7, 5.25, 6, 2.5], "texture": "#1"},
				"down": {"uv": [7, 2.5, 6, 5.25], "texture": "#1"}
			}
		},
		{
			"name": "feathers2",
			"from": [4.875, 8.75, 21.15],
			"to": [4.875, 14.5, 31.75],
			"rotation": {"angle": 0, "axis": "y", "origin": [7, 13.75, 11.75]},
			"faces": {
				"north": {"uv": [0, 0, 0, 1], "texture": "#1"},
				"east": {"uv": [0, 6.25, 2.75, 7.25], "texture": "#1"},
				"south": {"uv": [0, 0, 0, 1], "texture": "#1"},
				"west": {"uv": [2.75, 6.25, 0, 7.25], "texture": "#1"},
				"up": {"uv": [0, 2.75, 0, 0], "texture": "#1"},
				"down": {"uv": [0, 0, 0, 2.75], "texture": "#1"}
			}
		},
		{
			"name": "feathers3",
			"from": [11.125, 8.75, 21.15],
			"to": [11.125, 14.5, 31.75],
			"rotation": {"angle": 0, "axis": "y", "origin": [9, 13.75, 11.75]},
			"faces": {
				"north": {"uv": [0, 0, 0, 1], "texture": "#1"},
				"east": {"uv": [0, 6.25, 2.75, 7.25], "texture": "#1"},
				"south": {"uv": [0, 0, 0, 1], "texture": "#1"},
				"west": {"uv": [2.75, 6.25, 0, 7.25], "texture": "#1"},
				"up": {"uv": [0, 2.75, 0, 0], "texture": "#1"},
				"down": {"uv": [0, 0, 0, 2.75], "texture": "#1"}
			}
		},
		{
			"name": "feathers4",
			"from": [4.875, 8.75, 31.75],
			"to": [11.125, 14.5, 31.75],
			"rotation": {"angle": 0, "axis": "y", "origin": [8, 13.75, 11.75]},
			"faces": {
				"north": {"uv": [11.5, 0, 12.5, 1], "texture": "#1"},
				"east": {"uv": [0, 0, 0, 1], "texture": "#1"},
				"south": {"uv": [12.5, 0, 11.5, 1], "texture": "#1"},
				"west": {"uv": [0, 0, 0, 1], "texture": "#1"},
				"up": {"uv": [1, 0, 0, 0], "texture": "#1"},
				"down": {"uv": [1, 0, 0, 0], "texture": "#1"}
			}
		}
	],
	"display": {
		"thirdperson_righthand": {
			"rotation": [75, 45, 0],
			"translation": [0, 2.5, 0],
			"scale": [0.375, 0.375, 0.375]
		},
		"thirdperson_lefthand": {
			"rotation": [75, 45, 0],
			"translation": [0, 2.5, 0],
			"scale": [0.375, 0.375, 0.375]
		},
		"firstperson_righthand": {
			"rotation": [0, 45, 0],
			"scale": [0.4, 0.4, 0.4]
		},
		"firstperson_lefthand": {
			"rotation": [0, 225, 0],
			"scale": [0.4, 0.4, 0.4]
		},
		"gui": {
			"rotation": [30, 225, 0],
			"scale": [0.6, 0.6, 0.6]
		},
		"head": {
			"translation": [0, -26.35, 7.25],
			"scale": [2.3, 2.3, 2.3]
		},
		"fixed": {
			"translation": [0, 31.75, 27.5],
			"scale": [2, 2, 2]
		}
	},
	"groups": [
		{
			"name": "root",
			"origin": [8, 8, 8],
			"color": 0,
			"children": [
				{
					"name": "limbs",
					"origin": [8, 8, 8],
					"color": 0,
					"children": [
						{
							"name": "arm_left",
							"origin": [8, 8, 8],
							"color": 0,
							"children": [0, 1, 2, 3]
						},
						{
							"name": "arm_right",
							"origin": [8, 8, 8],
							"color": 0,
							"children": [4, 5, 6, 7]
						},
						{
							"name": "legs",
							"origin": [8, 8, 8],
							"color": 0,
							"children": [
								{
									"name": "leg_right",
									"origin": [8, 8, 8],
									"color": 0,
									"children": [
										8,
										9,
										10,
										11,
										{
											"name": "leg_left",
											"origin": [8, 8, 8],
											"color": 0,
											"children": [12, 13, 14, 15]
										}
									]
								},
								{
									"name": "leg_left",
									"origin": [8, 8, 8],
									"color": 0,
									"children": [
										16,
										17,
										18,
										19,
										{
											"name": "leg_right",
											"origin": [8, 8, 8],
											"color": 0,
											"children": [20, 21, 22, 23]
										}
									]
								}
							]
						}
					]
				},
				{
					"name": "head",
					"origin": [7.69239, 8, 8],
					"color": 0,
					"children": [
						24,
						{
							"name": "skull",
							"origin": [7.9544, 8, 8],
							"color": 8,
							"children": [
								{
									"name": "lowerjaw",
									"origin": [-0.5756, 18.6, 4.7],
									"color": 0,
									"children": [25, 26]
								},
								27,
								28,
								29
							]
						}
					]
				},
				{
					"name": "torso",
					"origin": [8, 8, 8],
					"color": 0,
					"children": [
						30,
						31,
						{
							"name": "tail",
							"origin": [8, 8, 8],
							"color": 9,
							"children": [
								32,
								33,
								{
									"name": "feathers",
									"origin": [8, 11, 11],
									"color": 1,
									"children": [34, 35, 36, 37]
								}
							]
						}
					]
				}
			]
		}
	]
}