{
	"credit": "Made with Blockbench",
	"texture_size": [32, 32],
	"textures": {
		"2": "krmc:krmc_mobs/jet_jaguar",
		"3": "krmc:krmc_mobs/jet_jaguar_anguirus_spear",
		"5": "krmc:krmc_mobs/animations/jet_jaguar",
		"particle": "krmc:krmc_mobs/jet_jaguar"
	},
	"elements": [
		{
			"name": "foot",
			"from": [3.5, -2, 6],
			"to": [5.5, -1, 10],
			"rotation": {"angle": 22.5, "axis": "x", "origin": [2.5, 8.5, 8.5]},
			"faces": {
				"north": {"uv": [4.75, 1.5, 5.25, 1.75], "texture": "#5"},
				"east": {"uv": [8.25, 1.75, 9.25, 2], "texture": "#5"},
				"south": {"uv": [9, 6.25, 9.5, 6.5], "texture": "#5"},
				"west": {"uv": [8.25, 2, 9.25, 2.25], "texture": "#5"},
				"up": {"uv": [1.75, 4.5, 1.25, 3.5], "texture": "#5"},
				"down": {"uv": [5.25, 0, 4.75, 1], "texture": "#5"}
			}
		},
		{
			"name": "foot2",
			"from": [3.5, -1, 9],
			"to": [5.5, 1, 11],
			"rotation": {"angle": 22.5, "axis": "x", "origin": [2.5, 8.5, 8.5]},
			"faces": {
				"north": {"uv": [4.75, 1, 5.25, 1.5], "texture": "#5"},
				"east": {"uv": [7, 1.75, 7.5, 2.25], "texture": "#5"},
				"south": {"uv": [0, 8.25, 0.5, 8.75], "texture": "#5"},
				"west": {"uv": [8, 8.25, 8.5, 8.75], "texture": "#5"},
				"up": {"uv": [9, 0.5, 8.5, 0], "texture": "#5"},
				"down": {"uv": [1, 8.5, 0.5, 9], "texture": "#5"}
			}
		},
		{
			"name": "leg_half_1",
			"from": [3.5, -1, 7],
			"to": [5.5, 8, 9],
			"rotation": {"angle": 22.5, "axis": "x", "origin": [2.5, 8.5, 8.5]},
			"faces": {
				"north": {"uv": [4.5, 4.5, 5, 6.75], "texture": "#5"},
				"east": {"uv": [5, 3, 5.5, 5.25], "texture": "#5"},
				"south": {"uv": [0, 5.25, 0.5, 7.5], "texture": "#5"},
				"west": {"uv": [5.25, 0, 5.75, 2.25], "texture": "#5"},
				"up": {"uv": [9, 1, 8.5, 0.5], "texture": "#5"},
				"down": {"uv": [9, 1.25, 8.5, 1.75], "texture": "#5"}
			}
		},
		{
			"name": "leg_half_2",
			"from": [3.5, 2, 6],
			"to": [5.5, 4, 7],
			"rotation": {"angle": 22.5, "axis": "x", "origin": [2.5, 8.5, 8.5]},
			"faces": {
				"north": {"uv": [8.5, 2.25, 9, 2.75], "texture": "#5"},
				"east": {"uv": [6.75, 9, 7, 9.5], "texture": "#5"},
				"south": {"uv": [8.5, 2.75, 9, 3.25], "texture": "#5"},
				"west": {"uv": [7, 9, 7.25, 9.5], "texture": "#5"},
				"up": {"uv": [9.5, 8.5, 9, 8.25], "texture": "#5"},
				"down": {"uv": [9.5, 8.5, 9, 8.75], "texture": "#5"}
			}
		},
		{
			"name": "foot",
			"from": [3.5, -2, 6],
			"to": [5.5, -1, 10],
			"rotation": {"angle": -22.5, "axis": "x", "origin": [13.5, 8.5, 8.5]},
			"faces": {
				"north": {"uv": [0.5, 9.25, 0, 9.5], "texture": "#5"},
				"east": {"uv": [5.5, 8.5, 4.5, 8.75], "texture": "#5"},
				"south": {"uv": [9.75, 1.75, 9.25, 2], "texture": "#5"},
				"west": {"uv": [9.5, 3.25, 8.5, 3.5], "texture": "#5"},
				"up": {"uv": [0.75, 8.5, 1.25, 7.5], "texture": "#5"},
				"down": {"uv": [7.5, 2.5, 8, 3.5], "texture": "#5"}
			}
		},
		{
			"name": "foot2",
			"from": [3.5, -1, 9],
			"to": [5.5, 1, 11],
			"rotation": {"angle": -22.5, "axis": "x", "origin": [13.5, 8.5, 8.5]},
			"faces": {
				"north": {"uv": [6, 8.5, 5.5, 9], "texture": "#5"},
				"east": {"uv": [7, 8.5, 6.5, 9], "texture": "#5"},
				"south": {"uv": [9, 6, 8.5, 6.5], "texture": "#5"},
				"west": {"uv": [6.5, 8.5, 6, 9], "texture": "#5"},
				"up": {"uv": [7, 9, 7.5, 8.5], "texture": "#5"},
				"down": {"uv": [8.5, 8.25, 9, 8.75], "texture": "#5"}
			}
		},
		{
			"name": "leg_half_1",
			"from": [3.5, -1, 7],
			"to": [5.5, 8, 9],
			"rotation": {"angle": -22.5, "axis": "x", "origin": [13.5, 8.5, 8.5]},
			"faces": {
				"north": {"uv": [6, 2.25, 5.5, 4.5], "texture": "#5"},
				"east": {"uv": [2.25, 5.75, 1.75, 8], "texture": "#5"},
				"south": {"uv": [1.75, 5.75, 1.25, 8], "texture": "#5"},
				"west": {"uv": [6.25, 0, 5.75, 2.25], "texture": "#5"},
				"up": {"uv": [0, 9.25, 0.5, 8.75], "texture": "#5"},
				"down": {"uv": [2.75, 8.75, 3.25, 9.25], "texture": "#5"}
			}
		},
		{
			"name": "leg_half_2",
			"from": [3.5, 2, 6],
			"to": [5.5, 4, 7],
			"rotation": {"angle": -22.5, "axis": "x", "origin": [13.5, 8.5, 8.5]},
			"faces": {
				"north": {"uv": [3.75, 8.75, 3.25, 9.25], "texture": "#5"},
				"east": {"uv": [3.25, 9.25, 3, 9.75], "texture": "#5"},
				"south": {"uv": [4.25, 8.75, 3.75, 9.25], "texture": "#5"},
				"west": {"uv": [3, 9.25, 2.75, 9.75], "texture": "#5"},
				"up": {"uv": [9.25, 2.25, 9.75, 2], "texture": "#5"},
				"down": {"uv": [3.25, 9.25, 3.75, 9.5], "texture": "#5"}
			}
		},
		{
			"name": "foot",
			"from": [10.5, -2, 6],
			"to": [12.5, -1, 10],
			"rotation": {"angle": 22.5, "axis": "x", "origin": [2.5, 8.5, 8.5]},
			"faces": {
				"north": {"uv": [0, 9.25, 0.5, 9.5], "texture": "#5"},
				"east": {"uv": [8.5, 3.25, 9.5, 3.5], "texture": "#5"},
				"south": {"uv": [9.25, 1.75, 9.75, 2], "texture": "#5"},
				"west": {"uv": [4.5, 8.5, 5.5, 8.75], "texture": "#5"},
				"up": {"uv": [1.25, 8.5, 0.75, 7.5], "texture": "#5"},
				"down": {"uv": [8, 2.5, 7.5, 3.5], "texture": "#5"}
			}
		},
		{
			"name": "foot2",
			"from": [10.5, -1, 9],
			"to": [12.5, 1, 11],
			"rotation": {"angle": 22.5, "axis": "x", "origin": [2.5, 8.5, 8.5]},
			"faces": {
				"north": {"uv": [5.5, 8.5, 6, 9], "texture": "#5"},
				"east": {"uv": [6, 8.5, 6.5, 9], "texture": "#5"},
				"south": {"uv": [8.5, 6, 9, 6.5], "texture": "#5"},
				"west": {"uv": [6.5, 8.5, 7, 9], "texture": "#5"},
				"up": {"uv": [7.5, 9, 7, 8.5], "texture": "#5"},
				"down": {"uv": [9, 8.25, 8.5, 8.75], "texture": "#5"}
			}
		},
		{
			"name": "leg_half_1",
			"from": [10.5, -1, 7],
			"to": [12.5, 8, 9],
			"rotation": {"angle": 22.5, "axis": "x", "origin": [2.5, 8.5, 8.5]},
			"faces": {
				"north": {"uv": [5.5, 2.25, 6, 4.5], "texture": "#5"},
				"east": {"uv": [5.75, 0, 6.25, 2.25], "texture": "#5"},
				"south": {"uv": [1.25, 5.75, 1.75, 8], "texture": "#5"},
				"west": {"uv": [1.75, 5.75, 2.25, 8], "texture": "#5"},
				"up": {"uv": [0.5, 9.25, 0, 8.75], "texture": "#5"},
				"down": {"uv": [3.25, 8.75, 2.75, 9.25], "texture": "#5"}
			}
		},
		{
			"name": "leg_half_2",
			"from": [10.5, 2, 6],
			"to": [12.5, 4, 7],
			"rotation": {"angle": 22.5, "axis": "x", "origin": [2.5, 8.5, 8.5]},
			"faces": {
				"north": {"uv": [3.25, 8.75, 3.75, 9.25], "texture": "#5"},
				"east": {"uv": [2.75, 9.25, 3, 9.75], "texture": "#5"},
				"south": {"uv": [3.75, 8.75, 4.25, 9.25], "texture": "#5"},
				"west": {"uv": [3, 9.25, 3.25, 9.75], "texture": "#5"},
				"up": {"uv": [9.75, 2.25, 9.25, 2], "texture": "#5"},
				"down": {"uv": [3.75, 9.25, 3.25, 9.5], "texture": "#5"}
			}
		},
		{
			"name": "foot",
			"from": [10.5, -2, 6],
			"to": [12.5, -1, 10],
			"rotation": {"angle": -22.5, "axis": "x", "origin": [13.5, 8.5, 8.5]},
			"faces": {
				"north": {"uv": [5.25, 1.5, 4.75, 1.75], "texture": "#5"},
				"east": {"uv": [9.25, 2, 8.25, 2.25], "texture": "#5"},
				"south": {"uv": [9.5, 6.25, 9, 6.5], "texture": "#5"},
				"west": {"uv": [9.25, 1.75, 8.25, 2], "texture": "#5"},
				"up": {"uv": [1.25, 4.5, 1.75, 3.5], "texture": "#5"},
				"down": {"uv": [4.75, 0, 5.25, 1], "texture": "#5"}
			}
		},
		{
			"name": "foot2",
			"from": [10.5, -1, 9],
			"to": [12.5, 1, 11],
			"rotation": {"angle": -22.5, "axis": "x", "origin": [13.5, 8.5, 8.5]},
			"faces": {
				"north": {"uv": [5.25, 1, 4.75, 1.5], "texture": "#5"},
				"east": {"uv": [8.5, 8.25, 8, 8.75], "texture": "#5"},
				"south": {"uv": [0.5, 8.25, 0, 8.75], "texture": "#5"},
				"west": {"uv": [7.5, 1.75, 7, 2.25], "texture": "#5"},
				"up": {"uv": [8.5, 0.5, 9, 0], "texture": "#5"},
				"down": {"uv": [0.5, 8.5, 1, 9], "texture": "#5"}
			}
		},
		{
			"name": "leg_half_1",
			"from": [10.5, -1, 7],
			"to": [12.5, 8, 9],
			"rotation": {"angle": -22.5, "axis": "x", "origin": [13.5, 8.5, 8.5]},
			"faces": {
				"north": {"uv": [5, 4.5, 4.5, 6.75], "texture": "#5"},
				"east": {"uv": [5.75, 0, 5.25, 2.25], "texture": "#5"},
				"south": {"uv": [0.5, 5.25, 0, 7.5], "texture": "#5"},
				"west": {"uv": [5.5, 3, 5, 5.25], "texture": "#5"},
				"up": {"uv": [8.5, 1, 9, 0.5], "texture": "#5"},
				"down": {"uv": [8.5, 1.25, 9, 1.75], "texture": "#5"}
			}
		},
		{
			"name": "leg_half_2",
			"from": [10.5, 2, 6],
			"to": [12.5, 4, 7],
			"rotation": {"angle": -22.5, "axis": "x", "origin": [13.5, 8.5, 8.5]},
			"faces": {
				"north": {"uv": [9, 2.25, 8.5, 2.75], "texture": "#5"},
				"east": {"uv": [7.25, 9, 7, 9.5], "texture": "#5"},
				"south": {"uv": [9, 2.75, 8.5, 3.25], "texture": "#5"},
				"west": {"uv": [7, 9, 6.75, 9.5], "texture": "#5"},
				"up": {"uv": [9, 8.5, 9.5, 8.25], "texture": "#5"},
				"down": {"uv": [9, 8.5, 9.5, 8.75], "texture": "#5"}
			}
		},
		{
			"name": "hand_main",
			"from": [4.47487, 18, 2.98959],
			"to": [6.47487, 20, 4.98959],
			"rotation": {"angle": 45, "axis": "y", "origin": [4, 15, 8.5]},
			"faces": {
				"north": {"uv": [9.25, 7.5, 8.75, 8], "rotation": 180, "texture": "#2"},
				"east": {"uv": [8.75, 5.25, 9.25, 5.75], "rotation": 270, "texture": "#2"},
				"south": {"uv": [8, 9.25, 7.5, 8.75], "texture": "#2"},
				"west": {"uv": [8.75, 7, 9.25, 7.5], "rotation": 90, "texture": "#2"},
				"up": {"uv": [8.75, 4.75, 9.25, 5.25], "rotation": 180, "texture": "#2"},
				"down": {"uv": [8.75, 6.5, 9.25, 7], "texture": "#2"}
			}
		},
		{
			"name": "finger1_and_2",
			"from": [6.47487, 18, 3.98959],
			"to": [7.47487, 20, 4.98959],
			"rotation": {"angle": 45, "axis": "y", "origin": [4, 15, 8.5]},
			"faces": {
				"north": {"uv": [4.5, 9.25, 4.25, 9.75], "rotation": 180, "texture": "#2"},
				"east": {"uv": [9.25, 3.5, 9.75, 3.75], "rotation": 270, "texture": "#2"},
				"south": {"uv": [9.5, 4.25, 9.25, 3.75], "texture": "#2"},
				"west": {"uv": [3.75, 9.25, 4.25, 9.5], "rotation": 90, "texture": "#2"},
				"up": {"uv": [7.75, 6.5, 8, 6.75], "rotation": 180, "texture": "#2"},
				"down": {"uv": [0.5, 8.25, 0.75, 8.5], "texture": "#2"}
			}
		},
		{
			"name": "finger3",
			"from": [6.47487, 18, 2.98959],
			"to": [7.47487, 19, 3.98959],
			"rotation": {"angle": 45, "axis": "y", "origin": [4, 15, 8.5]},
			"faces": {
				"north": {"uv": [9.5, 7, 9.25, 7.25], "rotation": 180, "texture": "#2"},
				"east": {"uv": [6, 9.25, 6.25, 9.5], "rotation": 270, "texture": "#2"},
				"south": {"uv": [9.5, 7, 9.25, 6.75], "texture": "#2"},
				"west": {"uv": [9.25, 6.5, 9.5, 6.75], "rotation": 90, "texture": "#2"},
				"up": {"uv": [8.25, 2.25, 8.5, 2.5], "rotation": 180, "texture": "#2"},
				"down": {"uv": [6.25, 9.25, 6.5, 9.5], "texture": "#2"}
			}
		},
		{
			"name": "arm1",
			"from": [2.46194, 14, 4.69134],
			"to": [4.46194, 16, 8.69134],
			"rotation": {"angle": 22.5, "axis": "y", "origin": [4, 15, 8.5]},
			"faces": {
				"north": {"uv": [4.75, 8.75, 4.25, 9.25], "rotation": 180, "texture": "#2"},
				"east": {"uv": [5, 7.5, 5.5, 8.5], "rotation": 270, "texture": "#2"},
				"south": {"uv": [9.25, 4.25, 8.75, 3.75], "texture": "#2"},
				"west": {"uv": [6, 7.5, 6.5, 8.5], "rotation": 90, "texture": "#2"},
				"up": {"uv": [4.5, 7.5, 5, 8.5], "rotation": 180, "texture": "#2"},
				"down": {"uv": [5.5, 7.5, 6, 8.5], "texture": "#2"}
			}
		},
		{
			"name": "arm2",
			"from": [1, 16.14805, 4.72836],
			"to": [3, 20.14805, 6.72836],
			"rotation": {"angle": -22.5, "axis": "x", "origin": [4, 15, 8.5]},
			"faces": {
				"north": {"uv": [7, 7.5, 7.5, 8.5], "rotation": 180, "texture": "#2"},
				"east": {"uv": [7.5, 6.75, 8, 7.75], "rotation": 180, "texture": "#2"},
				"south": {"uv": [6.5, 7.5, 7, 8.5], "rotation": 180, "texture": "#2"},
				"west": {"uv": [3, 7.75, 3.5, 8.75], "rotation": 180, "texture": "#2"},
				"up": {"uv": [5.25, 8.75, 4.75, 9.25], "texture": "#2"},
				"down": {"uv": [9.25, 4.75, 8.75, 4.25], "texture": "#2"}
			}
		},
		{
			"name": "hand_main",
			"from": [14.5, 9.5, 3.5],
			"to": [16.5, 11.5, 5.5],
			"rotation": {"angle": 45, "axis": "z", "origin": [14.5, 9, 5.5]},
			"faces": {
				"north": {"uv": [9.25, 4.75, 8.75, 5.25], "texture": "#2"},
				"east": {"uv": [9.25, 7, 8.75, 7.5], "texture": "#2"},
				"south": {"uv": [9.25, 6.5, 8.75, 7], "texture": "#2"},
				"west": {"uv": [9.25, 5.25, 8.75, 5.75], "texture": "#2"},
				"up": {"uv": [7.5, 9.25, 8, 8.75], "texture": "#2"},
				"down": {"uv": [8.75, 7.5, 9.25, 8], "texture": "#2"}
			}
		},
		{
			"name": "finger1_and_2",
			"from": [13.5, 10.5, 3.5],
			"to": [14.5, 11.5, 5.5],
			"rotation": {"angle": 45, "axis": "z", "origin": [14.5, 9, 5.5]},
			"faces": {
				"north": {"uv": [8, 6.5, 7.75, 6.75], "texture": "#2"},
				"east": {"uv": [4.25, 9.25, 3.75, 9.5], "texture": "#2"},
				"south": {"uv": [0.75, 8.25, 0.5, 8.5], "texture": "#2"},
				"west": {"uv": [9.75, 3.5, 9.25, 3.75], "texture": "#2"},
				"up": {"uv": [9.25, 4.25, 9.5, 3.75], "texture": "#2"},
				"down": {"uv": [4.25, 9.25, 4.5, 9.75], "texture": "#2"}
			}
		},
		{
			"name": "finger3",
			"from": [13.5, 9.5, 4.5],
			"to": [14.5, 10.5, 5.5],
			"rotation": {"angle": 45, "axis": "z", "origin": [14.5, 9, 5.5]},
			"faces": {
				"north": {"uv": [8.5, 2.25, 8.25, 2.5], "texture": "#2"},
				"east": {"uv": [9.5, 6.5, 9.25, 6.75], "texture": "#2"},
				"south": {"uv": [6.5, 9.25, 6.25, 9.5], "texture": "#2"},
				"west": {"uv": [6.25, 9.25, 6, 9.5], "texture": "#2"},
				"up": {"uv": [9.25, 7, 9.5, 6.75], "texture": "#2"},
				"down": {"uv": [9.25, 7, 9.5, 7.25], "texture": "#2"}
			}
		},
		{
			"name": "arm1",
			"from": [11.5, 11, 7.5],
			"to": [13.5, 15, 9.5],
			"rotation": {"angle": 22.5, "axis": "z", "origin": [11.5, 15, 7.5]},
			"faces": {
				"north": {"uv": [5, 7.5, 4.5, 8.5], "texture": "#2"},
				"east": {"uv": [6.5, 7.5, 6, 8.5], "texture": "#2"},
				"south": {"uv": [6, 7.5, 5.5, 8.5], "texture": "#2"},
				"west": {"uv": [5.5, 7.5, 5, 8.5], "texture": "#2"},
				"up": {"uv": [8.75, 4.25, 9.25, 3.75], "texture": "#2"},
				"down": {"uv": [4.25, 8.75, 4.75, 9.25], "texture": "#2"}
			}
		},
		{
			"name": "arm2",
			"from": [13, 11, 4.5],
			"to": [15, 13, 8.5],
			"rotation": {"angle": -22.5, "axis": "x", "origin": [14.5, 12, 8.5]},
			"faces": {
				"north": {"uv": [4.75, 8.75, 5.25, 9.25], "rotation": 180, "texture": "#2"},
				"east": {"uv": [3, 8.75, 3.5, 7.75], "rotation": 90, "texture": "#2"},
				"south": {"uv": [8.75, 4.75, 9.25, 4.25], "texture": "#2"},
				"west": {"uv": [7.5, 7.75, 8, 6.75], "rotation": 270, "texture": "#2"},
				"up": {"uv": [7, 7.5, 6.5, 8.5], "rotation": 180, "texture": "#2"},
				"down": {"uv": [7.5, 7.5, 7, 8.5], "texture": "#2"}
			}
		},
		{
			"name": "head",
			"from": [6.5, 17, 6.5],
			"to": [9.5, 21, 9.5],
			"rotation": {"angle": 0, "axis": "y", "origin": [-0.5, 0, 0]},
			"faces": {
				"north": {"uv": [10, 13.5, 12, 16], "texture": "#2"},
				"east": {"uv": [8, 13.5, 10, 16], "texture": "#2"},
				"south": {"uv": [14, 13.5, 16, 16], "texture": "#2"},
				"west": {"uv": [12, 13.5, 14, 16], "texture": "#2"},
				"up": {"uv": [12, 13.5, 10, 11.5], "texture": "#2"},
				"down": {"uv": [14, 11.5, 12, 13.5], "texture": "#2"}
			}
		},
		{
			"name": "leg1_base",
			"from": [3.25, 7, 7],
			"to": [4.5, 10, 10],
			"rotation": {"angle": 0, "axis": "y", "origin": [-0.5, 0, 0]},
			"faces": {
				"north": {"uv": [4.75, 3, 5, 3.75], "texture": "#2"},
				"east": {"uv": [6.25, 1, 7, 1.75], "texture": "#2"},
				"south": {"uv": [4.75, 3.75, 5, 4.5], "texture": "#2"},
				"west": {"uv": [3, 6.25, 3.75, 7], "texture": "#2"},
				"up": {"uv": [5.5, 3, 5.25, 2.25], "texture": "#2"},
				"down": {"uv": [5.75, 4.5, 5.5, 5.25], "texture": "#2"}
			}
		},
		{
			"name": "leg2_base",
			"from": [11.5, 7, 7],
			"to": [12.75, 10, 10],
			"rotation": {"angle": 0, "axis": "y", "origin": [-0.5, 0, 0]},
			"faces": {
				"north": {"uv": [2.75, 8, 3, 8.75], "texture": "#2"},
				"east": {"uv": [3.75, 6.25, 4.5, 7], "texture": "#2"},
				"south": {"uv": [5.25, 8.75, 5.5, 9.5], "texture": "#2"},
				"west": {"uv": [6.5, 4.5, 7.25, 5.25], "texture": "#2"},
				"up": {"uv": [2.75, 9.75, 2.5, 9], "texture": "#2"},
				"down": {"uv": [5.75, 9, 5.5, 9.75], "texture": "#2"}
			}
		},
		{
			"name": "leg_base_base",
			"from": [4.5, 8, 8],
			"to": [11.5, 10, 9],
			"rotation": {"angle": 0, "axis": "y", "origin": [-0.5, 0, 0]},
			"faces": {
				"north": {"uv": [6.25, 0, 8, 0.5], "texture": "#2"},
				"east": {"uv": [7.25, 9, 7.5, 9.5], "texture": "#2"},
				"south": {"uv": [6.25, 0.5, 8, 1], "texture": "#2"},
				"west": {"uv": [9, 8.75, 9.25, 9.25], "texture": "#2"},
				"up": {"uv": [9.25, 3.75, 7.5, 3.5], "texture": "#2"},
				"down": {"uv": [9.5, 1, 7.75, 1.25], "texture": "#2"}
			}
		},
		{
			"name": "hip",
			"from": [6.5, 7, 7],
			"to": [9.5, 10, 10],
			"rotation": {"angle": 0, "axis": "y", "origin": [-0.5, 0, 0]},
			"faces": {
				"north": {"uv": [6.5, 5.25, 7.25, 6], "texture": "#2"},
				"east": {"uv": [0.5, 6.75, 1.25, 7.5], "texture": "#2"},
				"south": {"uv": [4.5, 6.75, 5.25, 7.5], "texture": "#2"},
				"west": {"uv": [5.25, 6.75, 6, 7.5], "texture": "#2"},
				"up": {"uv": [6.75, 7.5, 6, 6.75], "texture": "#2"},
				"down": {"uv": [7.5, 6.75, 6.75, 7.5], "texture": "#2"}
			}
		},
		{
			"name": "main_body",
			"from": [4.5, 10, 6],
			"to": [11.5, 17, 11],
			"rotation": {"angle": 0, "axis": "y", "origin": [-0.5, 0, 0]},
			"faces": {
				"north": {"uv": [0, 0, 1.75, 1.75], "texture": "#2"},
				"east": {"uv": [0, 3.5, 1.25, 5.25], "texture": "#2"},
				"south": {"uv": [0, 1.75, 1.75, 3.5], "texture": "#2"},
				"west": {"uv": [3.5, 0, 4.75, 1.75], "texture": "#2"},
				"up": {"uv": [5.25, 3, 3.5, 1.75], "texture": "#2"},
				"down": {"uv": [3, 4.5, 1.25, 5.75], "texture": "#2"}
			}
		},
		{
			"name": "main_body1",
			"from": [6.5, 10, 5],
			"to": [9.5, 16, 11],
			"rotation": {"angle": 0, "axis": "y", "origin": [-0.5, 0, 0]},
			"faces": {
				"north": {"uv": [0.5, 5.25, 1.25, 6.75], "texture": "#2"},
				"east": {"uv": [1.75, 0, 3.5, 1.5], "texture": "#2"},
				"south": {"uv": [5, 5.25, 5.75, 6.75], "texture": "#2"},
				"west": {"uv": [1.75, 1.5, 3.5, 3], "texture": "#2"},
				"up": {"uv": [3.75, 6.25, 3, 4.5], "texture": "#2"},
				"down": {"uv": [4.5, 4.5, 3.75, 6.25], "texture": "#2"}
			}
		},
		{
			"name": "main_body2",
			"from": [11.5, 15, 7],
			"to": [13.5, 17, 10],
			"rotation": {"angle": 0, "axis": "y", "origin": [-0.5, 0, 0]},
			"faces": {
				"north": {"uv": [7.75, 6, 8.5, 6.5], "texture": "#2"},
				"east": {"uv": [8, 3.75, 8.75, 4.25], "texture": "#2"},
				"south": {"uv": [8, 4.25, 8.75, 4.75], "texture": "#2"},
				"west": {"uv": [8, 4.75, 8.75, 5.25], "texture": "#2"},
				"up": {"uv": [7.75, 1.75, 7, 1], "texture": "#2"},
				"down": {"uv": [3.75, 7, 3, 7.75], "texture": "#2"}
			}
		},
		{
			"name": "main_body3",
			"from": [2.5, 15, 7],
			"to": [4.5, 17, 10],
			"rotation": {"angle": 0, "axis": "y", "origin": [-0.5, 0, 0]},
			"faces": {
				"north": {"uv": [8, 5.25, 8.75, 5.75], "texture": "#2"},
				"east": {"uv": [8, 6.5, 8.75, 7], "texture": "#2"},
				"south": {"uv": [8, 7, 8.75, 7.5], "texture": "#2"},
				"west": {"uv": [8, 7.5, 8.75, 8], "texture": "#2"},
				"up": {"uv": [4.5, 7.75, 3.75, 7], "texture": "#2"},
				"down": {"uv": [7.75, 6, 7, 6.75], "texture": "#2"}
			}
		},
		{
			"name": "neck",
			"from": [5.5, 17, 7],
			"to": [10.5, 18, 10],
			"rotation": {"angle": 0, "axis": "y", "origin": [-0.5, 0, 0]},
			"faces": {
				"north": {"uv": [8, 5.75, 9.25, 6], "texture": "#2"},
				"east": {"uv": [5.75, 9, 6.5, 9.25], "texture": "#2"},
				"south": {"uv": [8, 8, 9.25, 8.25], "texture": "#2"},
				"west": {"uv": [9, 6, 9.75, 6.25], "texture": "#2"},
				"up": {"uv": [7.25, 4.5, 6, 3.75], "texture": "#2"},
				"down": {"uv": [7, 6, 5.75, 6.75], "texture": "#2"}
			}
		},
		{
			"name": "main_main",
			"from": [5.5, 10, 11],
			"to": [10.5, 16, 14],
			"rotation": {"angle": 0, "axis": "y", "origin": [-0.5, 0, 0]},
			"faces": {
				"north": {"uv": [1.75, 3, 3.25, 4.5], "texture": "#2"},
				"east": {"uv": [2.25, 5.75, 3, 7.25], "texture": "#2"},
				"south": {"uv": [3.25, 3, 4.75, 4.5], "texture": "#2"},
				"west": {"uv": [5.75, 4.5, 6.5, 6], "texture": "#2"},
				"up": {"uv": [7.5, 3, 6, 2.25], "texture": "#2"},
				"down": {"uv": [7.5, 3, 6, 3.75], "texture": "#2"}
			}
		},
		{
			"name": "spear1",
			"from": [12.5, -5, 9.5],
			"to": [13.5, 9, 10.5],
			"rotation": {"angle": -45, "axis": "x", "origin": [-0.5, 0, 1.5]},
			"faces": {
				"north": {"uv": [0.5, 4, 1, 11.5], "texture": "#3"},
				"east": {"uv": [0.5, 4, 1, 11.5], "texture": "#3"},
				"south": {"uv": [0.5, 4, 1, 11.5], "texture": "#3"},
				"west": {"uv": [0.5, 4, 1, 11.5], "texture": "#3"},
				"up": {"uv": [4, 7, 3.5, 6.5], "texture": "#3"},
				"down": {"uv": [7, 3.5, 6.5, 4], "texture": "#3"}
			}
		},
		{
			"name": "spear2",
			"from": [12.5, -7, 9.5],
			"to": [13.5, -5, 10.5],
			"rotation": {"angle": -45, "axis": "x", "origin": [-0.5, 0, 1.5]},
			"faces": {
				"north": {"uv": [6, 2, 6.5, 3], "texture": "#3"},
				"east": {"uv": [3, 5.5, 4, 6.5], "texture": "#3"},
				"south": {"uv": [6.5, 1.5, 7, 2.5], "texture": "#3"},
				"west": {"uv": [3, 5.5, 4, 6.5], "texture": "#3"},
				"up": {"uv": [7, 3.5, 6.5, 2.5], "texture": "#3"},
				"down": {"uv": [3.5, 6.5, 3, 7.5], "texture": "#3"}
			}
		},
		{
			"name": "spear1",
			"from": [12.5, 9, 6.5],
			"to": [13.5, 13, 12.5],
			"rotation": {"angle": -45, "axis": "x", "origin": [-0.5, 0, 1.5]},
			"faces": {
				"north": {"uv": [4, 5.5, 4.5, 7.5], "texture": "#3"},
				"east": {"uv": [0, 0, 3, 2], "texture": "#3"},
				"south": {"uv": [5.5, 4, 6, 6], "texture": "#3"},
				"west": {"uv": [3, 0, 0, 2], "texture": "#3"},
				"up": {"uv": [5.5, 7, 5, 4], "texture": "#3"},
				"down": {"uv": [6, 0, 5.5, 3], "texture": "#3"}
			}
		},
		{
			"name": "spear1",
			"from": [12.5, 17, 8.5],
			"to": [13.5, 20, 11.5],
			"rotation": {"angle": -45, "axis": "x", "origin": [-0.5, 0, 1.5]},
			"faces": {
				"north": {"uv": [6, 4, 6.5, 5.5], "texture": "#3"},
				"east": {"uv": [2, 4, 3.5, 5.5], "texture": "#3"},
				"south": {"uv": [5.5, 6, 6, 7.5], "texture": "#3"},
				"west": {"uv": [3.5, 4, 2, 5.5], "texture": "#3"},
				"up": {"uv": [6.5, 7, 6, 5.5], "texture": "#3"},
				"down": {"uv": [7, 0, 6.5, 1.5], "texture": "#3"}
			}
		},
		{
			"name": "spear1",
			"from": [12.5, 13, 6.5],
			"to": [13.5, 17, 11.5],
			"rotation": {"angle": -45, "axis": "x", "origin": [-0.5, 0, 1.5]},
			"faces": {
				"north": {"uv": [4.5, 5.5, 5, 7.5], "texture": "#3"},
				"east": {"uv": [3, 0, 5.5, 2], "texture": "#3"},
				"south": {"uv": [6, 0, 6.5, 2], "texture": "#3"},
				"west": {"uv": [5.5, 0, 3, 2], "texture": "#3"},
				"up": {"uv": [2.5, 8, 2, 5.5], "texture": "#3"},
				"down": {"uv": [3, 5.5, 2.5, 8], "texture": "#3"}
			}
		}
	],
	"display": {
		"head": {
			"translation": [0, -77.25, -0.25],
			"scale": [3.5, 3.5, 3.5]
		},
		"fixed": {
			"translation": [0, 55.5, 13.5],
			"scale": [4, 4, 4]
		}
	},
	"groups": [
		{
			"name": "legs",
			"origin": [8, 8, 8],
			"color": 0,
			"children": [
				{
					"name": "leg1",
					"origin": [8, 8, 8],
					"color": 0,
					"children": [
						0,
						1,
						2,
						3,
						{
							"name": "leg2",
							"origin": [8, 8, 8],
							"color": 0,
							"children": [4, 5, 6, 7]
						}
					]
				},
				{
					"name": "leg2",
					"origin": [8, 8, 8],
					"color": 0,
					"children": [
						8,
						9,
						10,
						11,
						{
							"name": "leg1",
							"origin": [8, 8, 8],
							"color": 0,
							"children": [12, 13, 14, 15]
						}
					]
				}
			]
		},
		{
			"name": "arm1",
			"origin": [8, 8, 8],
			"color": 3,
			"children": [
				{
					"name": "hand",
					"origin": [8, 8, 8],
					"color": 3,
					"children": [16, 17, 18]
				},
				19,
				20
			]
		},
		{
			"name": "arm2",
			"origin": [8, 8, 8],
			"color": 3,
			"children": [
				{
					"name": "hand",
					"origin": [8, 8, 8],
					"color": 3,
					"children": [21, 22, 23]
				},
				24,
				25
			]
		},
		{
			"name": "head",
			"origin": [8, 8, 8],
			"color": 4,
			"children": [
				26,
				{
					"name": "head",
					"origin": [8, 8, 8],
					"color": 4,
					"children": []
				}
			]
		},
		{
			"name": "body",
			"origin": [8, 8, 8],
			"color": 0,
			"children": [
				27,
				28,
				29,
				30,
				31,
				32,
				33,
				34,
				35,
				{
					"name": "backpack",
					"origin": [8, 8, 8],
					"color": 0,
					"children": [36]
				}
			]
		},
		{
			"name": "spear",
			"origin": [8, 8, 8],
			"color": 0,
			"children": [
				37,
				38,
				{
					"name": "spearhorn",
					"origin": [0, 0, 0],
					"color": 0,
					"children": [39, 40, 41]
				}
			]
		}
	]
}