{
	"credit": "Made with Blockbench",
	"texture_size": [128, 128],
	"textures": {
		"2": "krmc:krmc_mobs/animations/kong_new",
		"3": "krmc:krmc_items/kong_axe",
		"4": "krmc:krmc_mobs/kong_new",
		"particle": "krmc:krmc_mobs/kong_new"
	},
	"elements": [
		{
			"from": [4, 16.8, -2.6],
			"to": [12, 26.4, 5.4],
			"rotation": {"angle": 0, "axis": "x", "origin": [-4.8, 0, -3.4]},
			"faces": {
				"north": {"uv": [5.625, 0, 6.625, 1.25], "texture": "#4"},
				"east": {"uv": [5.625, 1.25, 6.625, 2.5], "texture": "#4"},
				"south": {"uv": [6.125, 4.875, 7.125, 6.125], "texture": "#4"},
				"west": {"uv": [6.125, 6.125, 7.125, 7.375], "texture": "#4"},
				"up": {"uv": [8.875, 5.375, 7.875, 4.375], "texture": "#4"},
				"down": {"uv": [8.875, 5.375, 7.875, 6.375], "texture": "#4"}
			}
		},
		{
			"from": [4.4, 23.6223, -3.4],
			"to": [11.6, 25.2223, -1.8],
			"rotation": {"angle": 45, "axis": "x", "origin": [-4.8, 24, -2.4]},
			"faces": {
				"north": {"uv": [8.875, 2, 9.75, 2.25], "texture": "#4"},
				"east": {"uv": [3.25, 4.875, 3.5, 5.125], "texture": "#4"},
				"south": {"uv": [8.875, 2.25, 9.75, 2.5], "texture": "#4"},
				"west": {"uv": [3.5, 4.875, 3.75, 5.125], "texture": "#4"},
				"up": {"uv": [9.75, 4.625, 8.875, 4.375], "texture": "#4"},
				"down": {"uv": [9.75, 4.625, 8.875, 4.875], "texture": "#4"}
			}
		},
		{
			"from": [5.6, 14.4, 3],
			"to": [10.4, 20, 6.2],
			"rotation": {"angle": -22.5, "axis": "x", "origin": [-4.8, 0, -3.4]},
			"faces": {
				"north": {"uv": [6.5, 4.125, 7.125, 4.875], "texture": "#4"},
				"east": {"uv": [1.5, 5.375, 1.875, 6.125], "texture": "#4"},
				"south": {"uv": [6.625, 1.625, 7.25, 2.375], "texture": "#4"},
				"west": {"uv": [7.25, 3, 7.625, 3.75], "texture": "#4"},
				"up": {"uv": [7.875, 4.125, 7.25, 3.75], "texture": "#4"},
				"down": {"uv": [1.5, 7.75, 0.875, 8.125], "texture": "#4"}
			}
		},
		{
			"from": [16.5, 1.6, -7],
			"to": [16.5, 16.6, 8],
			"rotation": {"angle": -22.5, "axis": "x", "origin": [0, 8, 9]},
			"faces": {
				"north": {"uv": [16, 16, 0, 0], "rotation": 90, "texture": "#3"},
				"east": {"uv": [0, 16, 16, 0], "rotation": 270, "texture": "#3"},
				"south": {"uv": [16, 16, 0, 0], "rotation": 90, "texture": "#3"},
				"west": {"uv": [16, 16, 0, 0], "rotation": 90, "texture": "#3"},
				"up": {"uv": [16, 16, 0, 0], "rotation": 180, "texture": "#3"},
				"down": {"uv": [16, 16, 0, 0], "texture": "#3"}
			}
		},
		{
			"from": [-5, 0, 0.6],
			"to": [3.2, 11.2, 8.8],
			"rotation": {"angle": -22.5, "axis": "x", "origin": [8, 19.05, 4.6]},
			"faces": {
				"north": {"uv": [7.25, 1.625, 8.125, 3], "texture": "#4"},
				"east": {"uv": [7.375, 0, 8.25, 1.375], "texture": "#4"},
				"south": {"uv": [5.375, 7.375, 6.25, 8.75], "texture": "#4"},
				"west": {"uv": [6.25, 7.375, 7.125, 8.75], "texture": "#4"},
				"up": {"uv": [9.625, 3.5, 8.75, 2.625], "texture": "#4"},
				"down": {"uv": [9.625, 3.5, 8.75, 4.375], "texture": "#4"}
			}
		},
		{
			"from": [-3.8, 11.2, 1.4],
			"to": [2.8, 20.8, 8],
			"rotation": {"angle": -22.5, "axis": "x", "origin": [8, 19.05, 4.6]},
			"faces": {
				"north": {"uv": [8, 6.375, 8.75, 7.625], "texture": "#4"},
				"east": {"uv": [8, 7.625, 8.75, 8.875], "texture": "#4"},
				"south": {"uv": [8.125, 1.375, 8.875, 2.625], "texture": "#4"},
				"west": {"uv": [8.25, 0, 9, 1.25], "texture": "#4"},
				"up": {"uv": [6.375, 3.25, 5.625, 2.5], "texture": "#4"},
				"down": {"uv": [9.5, 6.375, 8.75, 7.125], "texture": "#4"}
			}
		},
		{
			"name": "armhair",
			"from": [-1, 4, 7],
			"to": [-1, 21, 13],
			"rotation": {"angle": -22.5, "axis": "x", "origin": [8, 19.05, 4.6]},
			"faces": {
				"north": {"uv": [0, 0, 0, 2.375], "texture": "#4"},
				"east": {"uv": [10.25, 6.375, 9.5, 8.75], "texture": "#4"},
				"south": {"uv": [0, 0, 0, 2.375], "texture": "#4"},
				"west": {"uv": [9.5, 6.375, 10.25, 8.75], "texture": "#4"},
				"up": {"uv": [0, 0.75, 0, 0], "texture": "#4"},
				"down": {"uv": [0, 0, 0, 0.75], "texture": "#4"}
			}
		},
		{
			"from": [12.8, 0, 0.6],
			"to": [21, 11.2, 8.8],
			"rotation": {"angle": -22.5, "axis": "x", "origin": [8, 19.05, 4.6]},
			"faces": {
				"north": {"uv": [7.125, 7.375, 8, 8.75], "texture": "#4"},
				"east": {"uv": [4.5, 7.5, 5.375, 8.875], "texture": "#4"},
				"south": {"uv": [0, 7.75, 0.875, 9.125], "texture": "#4"},
				"west": {"uv": [7.875, 3, 8.75, 4.375], "texture": "#4"},
				"up": {"uv": [6.25, 9.625, 5.375, 8.75], "texture": "#4"},
				"down": {"uv": [7.125, 8.75, 6.25, 9.625], "texture": "#4"}
			}
		},
		{
			"from": [13.2, 11.2, 1.4],
			"to": [19.8, 20.8, 8],
			"rotation": {"angle": -22.5, "axis": "x", "origin": [8, 19.05, 4.6]},
			"faces": {
				"north": {"uv": [0.875, 8.375, 1.625, 9.625], "texture": "#4"},
				"east": {"uv": [1.625, 8.375, 2.375, 9.625], "texture": "#4"},
				"south": {"uv": [2.375, 8.375, 3.125, 9.625], "texture": "#4"},
				"west": {"uv": [3.125, 8.375, 3.875, 9.625], "texture": "#4"},
				"up": {"uv": [7.875, 9.5, 7.125, 8.75], "texture": "#4"},
				"down": {"uv": [9.5, 7.125, 8.75, 7.875], "texture": "#4"}
			}
		},
		{
			"name": "armhair",
			"from": [17, 4, 7],
			"to": [17, 21, 13],
			"rotation": {"angle": -22.5, "axis": "x", "origin": [8, 19.05, 4.6]},
			"faces": {
				"north": {"uv": [0, 0, 0, 2.375], "texture": "#4"},
				"east": {"uv": [10.25, 6.375, 9.5, 8.75], "texture": "#4"},
				"south": {"uv": [0, 0, 0, 2.375], "texture": "#4"},
				"west": {"uv": [9.5, 6.375, 10.25, 8.75], "texture": "#4"},
				"up": {"uv": [0, 0.75, 0, 0], "texture": "#4"},
				"down": {"uv": [0, 0, 0, 0.75], "texture": "#4"}
			}
		},
		{
			"name": "leg",
			"from": [-3.4, 0, 17.4],
			"to": [4, 12.8, 24.8],
			"rotation": {"angle": 22.5, "axis": "x", "origin": [8, 11.4, 21.1]},
			"faces": {
				"north": {"uv": [6.5, 2.5, 7.25, 4.125], "texture": "#2"},
				"east": {"uv": [6.625, 0, 7.375, 1.625], "texture": "#2"},
				"south": {"uv": [1.5, 6.75, 2.25, 8.375], "texture": "#2"},
				"west": {"uv": [2.25, 6.75, 3, 8.375], "texture": "#2"},
				"up": {"uv": [9.5, 8.625, 8.75, 7.875], "texture": "#2"},
				"down": {"uv": [9.5, 8.625, 8.75, 9.375], "texture": "#2"}
			}
		},
		{
			"name": "leg",
			"from": [-3.4, 0, 17.4],
			"to": [4, 12.8, 24.8],
			"rotation": {"angle": -22.5, "axis": "x", "origin": [8, 11.4, 21.1]},
			"faces": {
				"north": {"uv": [3.75, 6.75, 3, 8.375], "texture": "#2"},
				"east": {"uv": [7.875, 5.75, 7.125, 7.375], "texture": "#2"},
				"south": {"uv": [7.875, 4.125, 7.125, 5.75], "texture": "#2"},
				"west": {"uv": [4.5, 6.75, 3.75, 8.375], "texture": "#2"},
				"up": {"uv": [8.875, 2, 9.625, 1.25], "texture": "#2"},
				"down": {"uv": [3.875, 8.875, 4.625, 9.625], "texture": "#2"}
			}
		},
		{
			"name": "leg",
			"from": [12, 0, 17.4],
			"to": [19.4, 12.8, 24.8],
			"rotation": {"angle": 22.5, "axis": "x", "origin": [8, 11.4, 21.1]},
			"faces": {
				"north": {"uv": [3, 6.75, 3.75, 8.375], "texture": "#2"},
				"east": {"uv": [3.75, 6.75, 4.5, 8.375], "texture": "#2"},
				"south": {"uv": [7.125, 4.125, 7.875, 5.75], "texture": "#2"},
				"west": {"uv": [7.125, 5.75, 7.875, 7.375], "texture": "#2"},
				"up": {"uv": [9.625, 2, 8.875, 1.25], "texture": "#2"},
				"down": {"uv": [4.625, 8.875, 3.875, 9.625], "texture": "#2"}
			}
		},
		{
			"name": "leg",
			"from": [12, 0, 17.4],
			"to": [19.4, 12.8, 24.8],
			"rotation": {"angle": -22.5, "axis": "x", "origin": [8, 11.4, 21.1]},
			"faces": {
				"north": {"uv": [7.25, 2.5, 6.5, 4.125], "texture": "#2"},
				"east": {"uv": [3, 6.75, 2.25, 8.375], "texture": "#2"},
				"south": {"uv": [2.25, 6.75, 1.5, 8.375], "texture": "#2"},
				"west": {"uv": [7.375, 0, 6.625, 1.625], "texture": "#2"},
				"up": {"uv": [8.75, 8.625, 9.5, 7.875], "texture": "#2"},
				"down": {"uv": [8.75, 8.625, 9.5, 9.375], "texture": "#2"}
			}
		},
		{
			"from": [2.5, 6.4, 11],
			"to": [13.5, 19.4, 25.5],
			"rotation": {"angle": 22.5, "axis": "x", "origin": [-4.8, 12.8, 19]},
			"faces": {
				"north": {"uv": [3.25, 5.125, 4.625, 6.75], "texture": "#4"},
				"east": {"uv": [1.875, 0, 3.75, 1.625], "texture": "#4"},
				"south": {"uv": [5.125, 3.25, 6.5, 4.875], "texture": "#4"},
				"west": {"uv": [1.875, 1.625, 3.75, 3.25], "texture": "#4"},
				"up": {"uv": [5.125, 5.125, 3.75, 3.25], "texture": "#4"},
				"down": {"uv": [3.25, 4.875, 1.875, 6.75], "texture": "#4"}
			}
		},
		{
			"from": [0.75, 9.70505, 2.01562],
			"to": [15.25, 22.70505, 16.51562],
			"rotation": {"angle": 0, "axis": "x", "origin": [-4.8, 16, 11]},
			"faces": {
				"north": {"uv": [1.875, 3.25, 3.75, 4.875], "texture": "#4"},
				"east": {"uv": [0, 3.75, 1.875, 5.375], "texture": "#4"},
				"south": {"uv": [3.75, 0, 5.625, 1.625], "texture": "#4"},
				"west": {"uv": [3.75, 1.625, 5.625, 3.25], "texture": "#4"},
				"up": {"uv": [1.875, 1.875, 0, 0], "texture": "#4"},
				"down": {"uv": [1.875, 1.875, 0, 3.75], "texture": "#4"}
			}
		}
	],
	"display": {
		"thirdperson_righthand": {
			"scale": [0.3, 0.3, 0.3]
		},
		"thirdperson_lefthand": {
			"scale": [0.3, 0.3, 0.3]
		},
		"firstperson_righthand": {
			"scale": [0.3, 0.3, 0.3]
		},
		"firstperson_lefthand": {
			"scale": [0.3, 0.3, 0.3]
		},
		"ground": {
			"translation": [0, -2.25, 0],
			"scale": [0.3, 0.3, 0.3]
		},
		"gui": {
			"rotation": [30, 225, 0],
			"scale": [0.625, 0.625, 0.625]
		},
		"head": {
			"translation": [0, -80, -12.5],
			"scale": [4, 4, 4]
		},
		"fixed": {
			"translation": [0, 39.75, 16],
			"scale": [3, 3, 3]
		}
	},
	"groups": [
		{
			"name": "root",
			"origin": [8, 8, 8],
			"color": 0,
			"children": [
				{
					"name": "head",
					"origin": [8, 8, 8],
					"color": 0,
					"children": [
						{
							"name": "skull",
							"origin": [8, 8, 8],
							"color": 0,
							"children": [
								0,
								1,
								{
									"name": "group",
									"origin": [-4.8, 24, -6.4],
									"color": 0,
									"children": []
								},
								{
									"name": "cheekflaps",
									"origin": [0, 0, 0],
									"color": 0,
									"children": []
								},
								2
							]
						}
					]
				},
				{
					"name": "axe",
					"origin": [8, 8, 8],
					"color": 0,
					"children": [3]
				},
				{
					"name": "limbs",
					"origin": [8, 8, 8],
					"color": 0,
					"children": [
						{
							"name": "arms",
							"origin": [8, 8, 8],
							"color": 0,
							"children": [
								{
									"name": "left",
									"origin": [8, 8, 8],
									"color": 0,
									"children": [4, 5, 6]
								},
								{
									"name": "right",
									"origin": [8, 8, 8],
									"color": 0,
									"children": [7, 8, 9]
								}
							]
						},
						{
							"name": "legs",
							"origin": [8, 8, 8],
							"color": 0,
							"children": [
								{
									"name": "left",
									"origin": [8, 8, 8],
									"color": 0,
									"children": [
										10,
										{
											"name": "right",
											"origin": [8, 8, 8],
											"color": 0,
											"children": [11]
										}
									]
								},
								{
									"name": "right",
									"origin": [8, 8, 8],
									"color": 0,
									"children": [
										12,
										{
											"name": "left",
											"origin": [8, 8, 8],
											"color": 0,
											"children": [13]
										}
									]
								}
							]
						}
					]
				},
				14,
				15
			]
		}
	]
}