{
	"credit": "Made with Blockbench",
	"texture_size": [64, 64],
	"textures": {
		"0": "krmc:krmc_mobs/megaloceros",
		"1": "block/red_shulker_box",
		"2": "block/gold_block",
		"3": "block/brown_wool",
		"7": "krmc:krmc_mobs/animations/megaloceros",
		"9": "block/green_shulker_box",
		"10": "block/yellow_shulker_box",
		"11": "block/cyan_shulker_box",
		"particle": "krmc:krmc_mobs/megaloceros"
	},
	"elements": [
		{
			"name": "Body",
			"from": [4.664, -0.734, -8.366],
			"to": [11.336, 5.938, -1.694],
			"rotation": {"angle": 0, "axis": "y", "origin": [8, 4.88884, -3.29827]},
			"faces": {
				"north": {"uv": [0, 5, 1.5, 6.5], "texture": "#0"},
				"east": {"uv": [1.5, 5, 3, 6.5], "texture": "#0"},
				"south": {"uv": [3, 5, 4.5, 6.5], "texture": "#0"},
				"west": {"uv": [4.5, 5, 6, 6.5], "texture": "#0"},
				"up": {"uv": [7.5, 1.5, 6, 0], "texture": "#0"},
				"down": {"uv": [7.5, 1.5, 6, 3], "texture": "#0"}
			}
		},
		{
			"name": "Body",
			"from": [5.22, -0.734, -1.694],
			"to": [10.78, 4.826, 3.866],
			"rotation": {"angle": 0, "axis": "y", "origin": [8, 4.88884, -3.29827]},
			"faces": {
				"north": {"uv": [6, 3, 7.25, 4.25], "texture": "#0"},
				"east": {"uv": [6, 4.25, 7.25, 5.5], "texture": "#0"},
				"south": {"uv": [6, 5.5, 7.25, 6.75], "texture": "#0"},
				"west": {"uv": [0, 6.5, 1.25, 7.75], "texture": "#0"},
				"up": {"uv": [2.5, 7.75, 1.25, 6.5], "texture": "#0"},
				"down": {"uv": [3.75, 6.5, 2.5, 7.75], "texture": "#0"}
			}
		},
		{
			"name": "TailA",
			"from": [7.166, -4.8998, -0.17511],
			"to": [8.834, -0.4518, 2.04889],
			"rotation": {"angle": -45, "axis": "x", "origin": [8, 4.88884, -3.29827]},
			"faces": {
				"north": {"uv": [5.5, 8, 6, 9], "texture": "#0"},
				"east": {"uv": [8, 5.5, 8.5, 6.5], "texture": "#0"},
				"south": {"uv": [6, 8, 6.5, 9], "texture": "#0"},
				"west": {"uv": [6.5, 8, 7, 9], "texture": "#0"},
				"up": {"uv": [9.5, 3.5, 9, 3], "texture": "#0"},
				"down": {"uv": [9.5, 6.5, 9, 7], "texture": "#0"}
			}
		},
		{
			"name": "Neck",
			"from": [6.888, 2.8908, -12.26303],
			"to": [9.112, 6.7828, -5.34103],
			"rotation": {"angle": 22.5, "axis": "x", "origin": [8, 5.3368, -7.30203]},
			"faces": {
				"north": {"uv": [1, 9.5, 0.5, 8.5], "rotation": 180, "texture": "#0"},
				"east": {"uv": [3.75, 6.5, 4.75, 8], "rotation": 90, "texture": "#0"},
				"south": {"uv": [1.5, 8.5, 1, 9.5], "texture": "#0"},
				"west": {"uv": [4.75, 6.5, 5.75, 8], "rotation": 270, "texture": "#0"},
				"up": {"uv": [0, 7.75, 0.5, 9.25], "texture": "#0"},
				"down": {"uv": [7.25, 7.5, 7.75, 9], "rotation": 180, "texture": "#0"}
			}
		},
		{
			"name": "Head",
			"from": [6.332, 12.81472, -12.74771],
			"to": [9.668, 15.84472, -8.85571],
			"rotation": {"angle": -22.5, "axis": "x", "origin": [8, 6.13884, 6.95173]},
			"faces": {
				"north": {"uv": [4, 8, 4.75, 8.75], "texture": "#0"},
				"east": {"uv": [7.5, 2, 8.5, 2.75], "texture": "#0"},
				"south": {"uv": [8, 4, 8.75, 4.75], "texture": "#0"},
				"west": {"uv": [0.5, 7.75, 1.5, 8.5], "texture": "#0"},
				"up": {"uv": [2.25, 8.75, 1.5, 7.75], "texture": "#0"},
				"down": {"uv": [3, 7.75, 2.25, 8.75], "texture": "#0"}
			}
		},
		{
			"name": "Antlers",
			"from": [-4.55206, 5.10969, -10.42003],
			"to": [14.64794, 20.30969, -10.42003],
			"rotation": {"angle": 22.5, "axis": "y", "origin": [8, 6.13884, 6.95173]},
			"faces": {
				"north": {"uv": [0, 2.5, 3, 5], "texture": "#0"},
				"east": {"uv": [0, 0, 0, 2.5], "texture": "#0"},
				"south": {"uv": [3, 2.5, 0, 5], "texture": "#0"},
				"west": {"uv": [0, 0, 0, 2.5], "texture": "#0"},
				"up": {"uv": [3, 0, 0, 0], "texture": "#0"},
				"down": {"uv": [3, 0, 0, 0], "texture": "#0"}
			}
		},
		{
			"name": "Antlers",
			"from": [1.35206, 5.10969, -10.42003],
			"to": [20.55206, 20.30969, -10.42003],
			"rotation": {"angle": -22.5, "axis": "y", "origin": [8, 6.13884, 6.95173]},
			"faces": {
				"north": {"uv": [3, 2.5, 0, 5], "texture": "#0"},
				"east": {"uv": [3, 2.5, 0, 5], "texture": "#0"},
				"south": {"uv": [0, 2.5, 3, 5], "texture": "#0"},
				"west": {"uv": [3, 2.5, 0, 5], "texture": "#0"},
				"up": {"uv": [3, 2.5, 0, 5], "texture": "#0"},
				"down": {"uv": [3, 2.5, 0, 5], "texture": "#0"}
			}
		},
		{
			"name": "UMouth",
			"from": [6.888, 12.81472, -15.27771],
			"to": [9.112, 15.21472, -12.74771],
			"rotation": {"angle": -22.5, "axis": "x", "origin": [8, 6.13884, 6.95173]},
			"faces": {
				"north": {"uv": [9, 5.75, 9.5, 6.5], "texture": "#0"},
				"east": {"uv": [4.75, 8, 5.5, 8.75], "texture": "#0"},
				"south": {"uv": [6, 9, 6.5, 9.75], "texture": "#0"},
				"west": {"uv": [8, 4.75, 8.75, 5.5], "texture": "#0"},
				"up": {"uv": [7, 9.75, 6.5, 9], "texture": "#0"},
				"down": {"uv": [7.5, 9, 7, 9.75], "texture": "#0"}
			}
		},
		{
			"name": "Ear1",
			"from": [5.89435, 7.15686, -11.91864],
			"to": [7.31235, 8.60686, -11.36264],
			"rotation": {"angle": -22.5, "axis": "z", "origin": [7, 9.41171, 0.10936]},
			"faces": {
				"north": {"uv": [7, 8.5, 7.25, 8], "rotation": 270, "texture": "#0"},
				"east": {"uv": [7.75, 3, 7.5, 2.75], "rotation": 90, "texture": "#0"},
				"south": {"uv": [7, 9, 7.25, 8.5], "rotation": 90, "texture": "#0"},
				"west": {"uv": [6, 6.5, 5.75, 6.75], "rotation": 90, "texture": "#0"},
				"up": {"uv": [8.5, 7.5, 8.75, 7], "rotation": 90, "texture": "#0"},
				"down": {"uv": [8.5, 4, 8.75, 3.5], "rotation": 90, "texture": "#0"}
			}
		},
		{
			"name": "Ear2",
			"from": [8.68765, 7.15686, -11.91864],
			"to": [10.10565, 8.60686, -11.36264],
			"rotation": {"angle": 22.5, "axis": "z", "origin": [9, 9.41171, 0.10936]},
			"faces": {
				"north": {"uv": [7, 8, 7.25, 8.5], "rotation": 270, "texture": "#0"},
				"east": {"uv": [6, 6.75, 5.75, 6.5], "rotation": 90, "texture": "#0"},
				"south": {"uv": [7, 8.5, 7.25, 9], "rotation": 90, "texture": "#0"},
				"west": {"uv": [7.75, 2.75, 7.5, 3], "rotation": 90, "texture": "#0"},
				"up": {"uv": [8.5, 7, 8.75, 7.5], "rotation": 90, "texture": "#0"},
				"down": {"uv": [8.5, 3.5, 8.75, 4], "rotation": 90, "texture": "#0"}
			}
		},
		{
			"from": [2, -1.75, 21],
			"to": [14, 9.25, 31.75],
			"faces": {
				"north": {"uv": [0, 0, 16, 16], "texture": "#1"},
				"east": {"uv": [0, 0, 16, 16], "texture": "#1"},
				"south": {"uv": [0, 0, 16, 16], "texture": "#1"},
				"west": {"uv": [0, 0, 16, 16], "texture": "#1"},
				"up": {"uv": [0, 0, 16, 16], "texture": "#1"},
				"down": {"uv": [0, 0, 16, 16], "texture": "#1"}
			}
		},
		{
			"name": "present2",
			"from": [9.1, 9.25, 23],
			"to": [13.1, 13.25, 27],
			"rotation": {"angle": 0, "axis": "y", "origin": [11.1, 11.25, 28]},
			"faces": {
				"north": {"uv": [16, 0, 0, 16], "texture": "#11"},
				"east": {"uv": [16, 0, 0, 16], "texture": "#11"},
				"south": {"uv": [16, 0, 0, 16], "texture": "#11"},
				"west": {"uv": [16, 0, 0, 16], "texture": "#11"},
				"up": {"uv": [16, 0, 0, 16], "rotation": 90, "texture": "#11"},
				"down": {"uv": [16, 16, 0, 0], "rotation": 270, "texture": "#11"}
			}
		},
		{
			"name": "present2",
			"from": [9.1, 9.25, 27],
			"to": [13.1, 13.25, 31],
			"rotation": {"angle": 0, "axis": "y", "origin": [11.1, 11.25, 25]},
			"faces": {
				"north": {"uv": [16, 0, 0, 16], "texture": "#9"},
				"east": {"uv": [16, 0, 0, 16], "texture": "#9"},
				"south": {"uv": [16, 0, 0, 16], "texture": "#9"},
				"west": {"uv": [16, 0, 0, 16], "texture": "#9"},
				"up": {"uv": [16, 0, 0, 16], "rotation": 90, "texture": "#9"},
				"down": {"uv": [16, 16, 0, 0], "rotation": 270, "texture": "#9"}
			}
		},
		{
			"name": "present1",
			"from": [4.1, 9.25, 26],
			"to": [8.1, 13.25, 30],
			"faces": {
				"north": {"uv": [16, 0, 0, 16], "texture": "#10"},
				"east": {"uv": [16, 0, 0, 16], "texture": "#10"},
				"south": {"uv": [16, 0, 0, 16], "texture": "#10"},
				"west": {"uv": [16, 0, 0, 16], "texture": "#10"},
				"up": {"uv": [16, 0, 0, 16], "rotation": 90, "texture": "#10"},
				"down": {"uv": [16, 16, 0, 0], "rotation": 270, "texture": "#10"}
			}
		},
		{
			"name": "present1",
			"from": [10.1, 13.2, 23.25],
			"to": [12.6, 15.7, 25.75],
			"faces": {
				"north": {"uv": [16, 0, 0, 16], "texture": "#9"},
				"east": {"uv": [16, 0, 0, 16], "texture": "#9"},
				"south": {"uv": [16, 0, 0, 16], "texture": "#9"},
				"west": {"uv": [16, 0, 0, 16], "texture": "#9"},
				"up": {"uv": [16, 0, 0, 16], "rotation": 90, "texture": "#9"},
				"down": {"uv": [16, 16, 0, 0], "rotation": 270, "texture": "#9"}
			}
		},
		{
			"name": "present1",
			"from": [9.35, 13.2, 26],
			"to": [10.35, 14.2, 27],
			"faces": {
				"north": {"uv": [16, 0, 0, 16], "texture": "#1"},
				"east": {"uv": [16, 0, 0, 16], "texture": "#1"},
				"south": {"uv": [16, 0, 0, 16], "texture": "#1"},
				"west": {"uv": [16, 0, 0, 16], "texture": "#1"},
				"up": {"uv": [16, 0, 0, 16], "texture": "#1"},
				"down": {"uv": [16, 0, 0, 16], "texture": "#1"}
			}
		},
		{
			"from": [2, -1.75, 10],
			"to": [14, 5.75, 21],
			"faces": {
				"north": {"uv": [0, 0, 16, 16], "texture": "#1"},
				"east": {"uv": [0, 0, 16, 16], "texture": "#1"},
				"south": {"uv": [0, 0, 16, 16], "texture": "#1"},
				"west": {"uv": [0, 0, 16, 16], "texture": "#1"},
				"up": {"uv": [0, 0, 16, 16], "texture": "#1"},
				"down": {"uv": [0, 0, 16, 16], "texture": "#1"}
			}
		},
		{
			"name": "rope2",
			"from": [1.89758, 4.99223, 1.65083],
			"to": [2.39758, 5.49223, 10.65083],
			"rotation": {"angle": 0, "axis": "y", "origin": [3.17258, 5.11723, -0.59917]},
			"faces": {
				"north": {"uv": [9, 0, 6, 3], "texture": "#3"},
				"east": {"uv": [12, 7, 0, 3], "texture": "#3"},
				"south": {"uv": [6, 0, 3, 3], "texture": "#3"},
				"west": {"uv": [12, 7, 0, 3], "texture": "#3"},
				"up": {"uv": [0, 3, 12, 7], "rotation": 90, "texture": "#3"},
				"down": {"uv": [0, 3, 12, 7], "rotation": 90, "texture": "#3"}
			}
		},
		{
			"name": "rope2",
			"from": [2.75, 4.99223, -4.85999],
			"to": [3.25, 5.49223, 2.14001],
			"rotation": {"angle": -22.5, "axis": "y", "origin": [3.75, 6.24223, -0.35999]},
			"faces": {
				"north": {"uv": [9, 0, 6, 3], "texture": "#3"},
				"east": {"uv": [12, 7, 0, 3], "texture": "#3"},
				"south": {"uv": [6, 0, 3, 3], "texture": "#3"},
				"west": {"uv": [12, 7, 0, 3], "texture": "#3"},
				"up": {"uv": [0, 3, 12, 7], "rotation": 90, "texture": "#3"},
				"down": {"uv": [0, 3, 12, 7], "rotation": 90, "texture": "#3"}
			}
		},
		{
			"name": "rope2",
			"from": [13.60242, 4.99223, 1.65083],
			"to": [14.10242, 5.49223, 10.65083],
			"rotation": {"angle": 0, "axis": "y", "origin": [12.82742, 5.11723, -0.59917]},
			"faces": {
				"north": {"uv": [6, 0, 9, 3], "texture": "#3"},
				"east": {"uv": [0, 7, 12, 3], "texture": "#3"},
				"south": {"uv": [3, 0, 6, 3], "texture": "#3"},
				"west": {"uv": [0, 7, 12, 3], "texture": "#3"},
				"up": {"uv": [0, 7, 12, 3], "rotation": 90, "texture": "#3"},
				"down": {"uv": [0, 7, 12, 3], "rotation": 90, "texture": "#3"}
			}
		},
		{
			"name": "rope2",
			"from": [12.75, 4.99223, -4.85999],
			"to": [13.25, 5.49223, 2.14001],
			"rotation": {"angle": 22.5, "axis": "y", "origin": [12.25, 6.24223, -0.35999]},
			"faces": {
				"north": {"uv": [6, 0, 9, 3], "texture": "#3"},
				"east": {"uv": [0, 7, 12, 3], "texture": "#3"},
				"south": {"uv": [3, 0, 6, 3], "texture": "#3"},
				"west": {"uv": [0, 7, 12, 3], "texture": "#3"},
				"up": {"uv": [0, 7, 12, 3], "rotation": 90, "texture": "#3"},
				"down": {"uv": [0, 7, 12, 3], "rotation": 90, "texture": "#3"}
			}
		},
		{
			"from": [13, 8, 28.25],
			"to": [15, 10, 30.25],
			"rotation": {"angle": 0, "axis": "y", "origin": [16, 0, -1.75]},
			"faces": {
				"north": {"uv": [16, 0, 0, 16], "texture": "#2"},
				"east": {"uv": [16, 0, 0, 16], "texture": "#2"},
				"south": {"uv": [16, 0, 0, 16], "texture": "#2"},
				"west": {"uv": [16, 0, 0, 16], "texture": "#2"},
				"up": {"uv": [16, 0, 0, 16], "texture": "#2"},
				"down": {"uv": [16, 0, 0, 16], "texture": "#2"}
			}
		},
		{
			"from": [13, 8, 30.25],
			"to": [15, 10, 32],
			"rotation": {"angle": 0, "axis": "y", "origin": [16, 0, -1.75]},
			"faces": {
				"north": {"uv": [16, 0, 0, 16], "texture": "#2"},
				"east": {"uv": [16, 0, 0, 16], "texture": "#2"},
				"south": {"uv": [16, 0, 0, 16], "texture": "#2"},
				"west": {"uv": [16, 0, 0, 16], "texture": "#2"},
				"up": {"uv": [16, 0, 0, 16], "texture": "#2"},
				"down": {"uv": [16, 0, 0, 16], "texture": "#2"}
			}
		},
		{
			"from": [13, 8, 26.25],
			"to": [15, 10, 28.25],
			"rotation": {"angle": 0, "axis": "y", "origin": [16, 0, -1.75]},
			"faces": {
				"north": {"uv": [16, 0, 0, 16], "texture": "#2"},
				"east": {"uv": [16, 0, 0, 16], "texture": "#2"},
				"south": {"uv": [16, 0, 0, 16], "texture": "#2"},
				"west": {"uv": [16, 0, 0, 16], "texture": "#2"},
				"up": {"uv": [16, 0, 0, 16], "texture": "#2"},
				"down": {"uv": [16, 0, 0, 16], "texture": "#2"}
			}
		},
		{
			"from": [13, 8, 24.25],
			"to": [15, 10, 26.25],
			"rotation": {"angle": 0, "axis": "y", "origin": [16, 0, -1.75]},
			"faces": {
				"north": {"uv": [16, 0, 0, 16], "texture": "#2"},
				"east": {"uv": [16, 0, 0, 16], "texture": "#2"},
				"south": {"uv": [16, 0, 0, 16], "texture": "#2"},
				"west": {"uv": [16, 0, 0, 16], "texture": "#2"},
				"up": {"uv": [16, 0, 0, 16], "texture": "#2"},
				"down": {"uv": [16, 0, 0, 16], "texture": "#2"}
			}
		},
		{
			"from": [13, 8, 22.25],
			"to": [15, 10, 24.25],
			"rotation": {"angle": 0, "axis": "y", "origin": [16, 0, -1.75]},
			"faces": {
				"north": {"uv": [16, 0, 0, 16], "texture": "#2"},
				"east": {"uv": [16, 0, 0, 16], "texture": "#2"},
				"south": {"uv": [16, 0, 0, 16], "texture": "#2"},
				"west": {"uv": [16, 0, 0, 16], "texture": "#2"},
				"up": {"uv": [16, 0, 0, 16], "texture": "#2"},
				"down": {"uv": [16, 0, 0, 16], "texture": "#2"}
			}
		},
		{
			"from": [12.96, 7.49, 21.1],
			"to": [14.56, 9.09, 22.7],
			"rotation": {"angle": -22.5, "axis": "x", "origin": [13.76, 8.64, 20.65]},
			"faces": {
				"north": {"uv": [16, 0, 0, 16], "texture": "#2"},
				"east": {"uv": [16, 0, 0, 16], "texture": "#2"},
				"south": {"uv": [16, 0, 0, 16], "texture": "#2"},
				"west": {"uv": [16, 0, 0, 16], "texture": "#2"},
				"up": {"uv": [16, 0, 0, 16], "texture": "#2"},
				"down": {"uv": [16, 0, 0, 16], "texture": "#2"}
			}
		},
		{
			"from": [13.04, 7.245, 19.805],
			"to": [14.48, 8.685, 21.245],
			"rotation": {"angle": -45, "axis": "x", "origin": [13.76, 8.64, 20.65]},
			"faces": {
				"north": {"uv": [16, 0, 0, 16], "texture": "#2"},
				"east": {"uv": [16, 0, 0, 16], "texture": "#2"},
				"south": {"uv": [16, 0, 0, 16], "texture": "#2"},
				"west": {"uv": [16, 0, 0, 16], "texture": "#2"},
				"up": {"uv": [16, 0, 0, 16], "texture": "#2"},
				"down": {"uv": [16, 0, 0, 16], "texture": "#2"}
			}
		},
		{
			"from": [13.112, 6.56774, 20.39949],
			"to": [14.408, 7.86374, 21.69549],
			"rotation": {"angle": 22.5, "axis": "x", "origin": [13.76, 8.21574, 20.89749]},
			"faces": {
				"north": {"uv": [16, 0, 0, 16], "rotation": 180, "texture": "#2"},
				"east": {"uv": [0, 16, 16, 0], "rotation": 270, "texture": "#2"},
				"south": {"uv": [16, 0, 0, 16], "texture": "#2"},
				"west": {"uv": [0, 16, 16, 0], "rotation": 90, "texture": "#2"},
				"up": {"uv": [16, 0, 0, 16], "texture": "#2"},
				"down": {"uv": [16, 0, 0, 16], "rotation": 180, "texture": "#2"}
			}
		},
		{
			"from": [13.1768, 5.85125, 20.07019],
			"to": [14.3432, 7.01765, 21.23659],
			"rotation": {"angle": 0, "axis": "y", "origin": [13.76, 7.23445, 20.65339]},
			"faces": {
				"north": {"uv": [16, 0, 0, 16], "rotation": 180, "texture": "#2"},
				"east": {"uv": [0, 16, 16, 0], "rotation": 270, "texture": "#2"},
				"south": {"uv": [16, 0, 0, 16], "texture": "#2"},
				"west": {"uv": [0, 16, 16, 0], "rotation": 90, "texture": "#2"},
				"up": {"uv": [16, 0, 0, 16], "texture": "#2"},
				"down": {"uv": [16, 0, 0, 16], "rotation": 180, "texture": "#2"}
			}
		},
		{
			"from": [1, 8, 28.25],
			"to": [3, 10, 30.25],
			"rotation": {"angle": 0, "axis": "y", "origin": [0, 0, -1.75]},
			"faces": {
				"north": {"uv": [0, 0, 16, 16], "texture": "#2"},
				"east": {"uv": [0, 0, 16, 16], "texture": "#2"},
				"south": {"uv": [0, 0, 16, 16], "texture": "#2"},
				"west": {"uv": [0, 0, 16, 16], "texture": "#2"},
				"up": {"uv": [0, 0, 16, 16], "texture": "#2"},
				"down": {"uv": [0, 0, 16, 16], "texture": "#2"}
			}
		},
		{
			"from": [1, 8, 30.25],
			"to": [3, 10, 32],
			"rotation": {"angle": 0, "axis": "y", "origin": [0, 0, -1.75]},
			"faces": {
				"north": {"uv": [0, 0, 16, 16], "texture": "#2"},
				"east": {"uv": [0, 0, 16, 16], "texture": "#2"},
				"south": {"uv": [0, 0, 16, 16], "texture": "#2"},
				"west": {"uv": [0, 0, 16, 16], "texture": "#2"},
				"up": {"uv": [0, 0, 16, 16], "texture": "#2"},
				"down": {"uv": [0, 0, 16, 16], "texture": "#2"}
			}
		},
		{
			"from": [1, 8, 26.25],
			"to": [3, 10, 28.25],
			"rotation": {"angle": 0, "axis": "y", "origin": [0, 0, -1.75]},
			"faces": {
				"north": {"uv": [0, 0, 16, 16], "texture": "#2"},
				"east": {"uv": [0, 0, 16, 16], "texture": "#2"},
				"south": {"uv": [0, 0, 16, 16], "texture": "#2"},
				"west": {"uv": [0, 0, 16, 16], "texture": "#2"},
				"up": {"uv": [0, 0, 16, 16], "texture": "#2"},
				"down": {"uv": [0, 0, 16, 16], "texture": "#2"}
			}
		},
		{
			"from": [1, 8, 24.25],
			"to": [3, 10, 26.25],
			"rotation": {"angle": 0, "axis": "y", "origin": [0, 0, -1.75]},
			"faces": {
				"north": {"uv": [0, 0, 16, 16], "texture": "#2"},
				"east": {"uv": [0, 0, 16, 16], "texture": "#2"},
				"south": {"uv": [0, 0, 16, 16], "texture": "#2"},
				"west": {"uv": [0, 0, 16, 16], "texture": "#2"},
				"up": {"uv": [0, 0, 16, 16], "texture": "#2"},
				"down": {"uv": [0, 0, 16, 16], "texture": "#2"}
			}
		},
		{
			"from": [1, 8, 22.25],
			"to": [3, 10, 24.25],
			"rotation": {"angle": 0, "axis": "y", "origin": [0, 0, -1.75]},
			"faces": {
				"north": {"uv": [0, 0, 16, 16], "texture": "#2"},
				"east": {"uv": [0, 0, 16, 16], "texture": "#2"},
				"south": {"uv": [0, 0, 16, 16], "texture": "#2"},
				"west": {"uv": [0, 0, 16, 16], "texture": "#2"},
				"up": {"uv": [0, 0, 16, 16], "texture": "#2"},
				"down": {"uv": [0, 0, 16, 16], "texture": "#2"}
			}
		},
		{
			"from": [1.44, 7.49, 21.1],
			"to": [3.04, 9.09, 22.7],
			"rotation": {"angle": -22.5, "axis": "x", "origin": [2.24, 8.64, 20.65]},
			"faces": {
				"north": {"uv": [0, 0, 16, 16], "texture": "#2"},
				"east": {"uv": [0, 0, 16, 16], "texture": "#2"},
				"south": {"uv": [0, 0, 16, 16], "texture": "#2"},
				"west": {"uv": [0, 0, 16, 16], "texture": "#2"},
				"up": {"uv": [0, 0, 16, 16], "texture": "#2"},
				"down": {"uv": [0, 0, 16, 16], "texture": "#2"}
			}
		},
		{
			"from": [1.52, 7.245, 19.805],
			"to": [2.96, 8.685, 21.245],
			"rotation": {"angle": -45, "axis": "x", "origin": [2.24, 8.64, 20.65]},
			"faces": {
				"north": {"uv": [0, 0, 16, 16], "texture": "#2"},
				"east": {"uv": [0, 0, 16, 16], "texture": "#2"},
				"south": {"uv": [0, 0, 16, 16], "texture": "#2"},
				"west": {"uv": [0, 0, 16, 16], "texture": "#2"},
				"up": {"uv": [0, 0, 16, 16], "texture": "#2"},
				"down": {"uv": [0, 0, 16, 16], "texture": "#2"}
			}
		},
		{
			"from": [1.592, 6.56774, 20.39949],
			"to": [2.888, 7.86374, 21.69549],
			"rotation": {"angle": 22.5, "axis": "x", "origin": [2.24, 8.21574, 20.89749]},
			"faces": {
				"north": {"uv": [0, 0, 16, 16], "rotation": 180, "texture": "#2"},
				"east": {"uv": [0, 0, 16, 16], "rotation": 90, "texture": "#2"},
				"south": {"uv": [0, 0, 16, 16], "texture": "#2"},
				"west": {"uv": [0, 0, 16, 16], "rotation": 270, "texture": "#2"},
				"up": {"uv": [0, 0, 16, 16], "texture": "#2"},
				"down": {"uv": [0, 0, 16, 16], "rotation": 180, "texture": "#2"}
			}
		},
		{
			"from": [1.6568, 5.85125, 20.07019],
			"to": [2.8232, 7.01765, 21.23659],
			"rotation": {"angle": 0, "axis": "x", "origin": [2.24, 7.23445, 20.65339]},
			"faces": {
				"north": {"uv": [0, 0, 16, 16], "rotation": 180, "texture": "#2"},
				"east": {"uv": [0, 0, 16, 16], "rotation": 90, "texture": "#2"},
				"south": {"uv": [0, 0, 16, 16], "texture": "#2"},
				"west": {"uv": [0, 0, 16, 16], "rotation": 270, "texture": "#2"},
				"up": {"uv": [0, 0, 16, 16], "texture": "#2"},
				"down": {"uv": [0, 0, 16, 16], "rotation": 180, "texture": "#2"}
			}
		},
		{
			"from": [14, -6.75, 30],
			"to": [16, -4.75, 32],
			"rotation": {"angle": 0, "axis": "y", "origin": [16, 0, 0]},
			"faces": {
				"north": {"uv": [16, 0, 0, 16], "texture": "#2"},
				"east": {"uv": [16, 0, 0, 16], "texture": "#2"},
				"south": {"uv": [16, 0, 0, 16], "texture": "#2"},
				"west": {"uv": [16, 0, 0, 16], "texture": "#2"},
				"up": {"uv": [16, 0, 0, 16], "texture": "#2"},
				"down": {"uv": [16, 0, 0, 16], "texture": "#2"}
			}
		},
		{
			"from": [14, -6.75, 28],
			"to": [16, -4.75, 30],
			"rotation": {"angle": 0, "axis": "y", "origin": [16, 0, 0]},
			"faces": {
				"north": {"uv": [16, 0, 0, 16], "texture": "#2"},
				"east": {"uv": [16, 0, 0, 16], "texture": "#2"},
				"south": {"uv": [16, 0, 0, 16], "texture": "#2"},
				"west": {"uv": [16, 0, 0, 16], "texture": "#2"},
				"up": {"uv": [16, 0, 0, 16], "texture": "#2"},
				"down": {"uv": [16, 0, 0, 16], "texture": "#2"}
			}
		},
		{
			"from": [14, -6.75, 26],
			"to": [16, -4.75, 28],
			"rotation": {"angle": 0, "axis": "y", "origin": [16, 0, 0]},
			"faces": {
				"north": {"uv": [16, 0, 0, 16], "texture": "#2"},
				"east": {"uv": [16, 0, 0, 16], "texture": "#2"},
				"south": {"uv": [16, 0, 0, 16], "texture": "#2"},
				"west": {"uv": [16, 0, 0, 16], "texture": "#2"},
				"up": {"uv": [16, 0, 0, 16], "texture": "#2"},
				"down": {"uv": [16, 0, 0, 16], "texture": "#2"}
			}
		},
		{
			"from": [14, -6.75, 24],
			"to": [16, -4.75, 26],
			"rotation": {"angle": 0, "axis": "y", "origin": [16, 0, 0]},
			"faces": {
				"north": {"uv": [16, 0, 0, 16], "texture": "#2"},
				"east": {"uv": [16, 0, 0, 16], "texture": "#2"},
				"south": {"uv": [16, 0, 0, 16], "texture": "#2"},
				"west": {"uv": [16, 0, 0, 16], "texture": "#2"},
				"up": {"uv": [16, 0, 0, 16], "texture": "#2"},
				"down": {"uv": [16, 0, 0, 16], "texture": "#2"}
			}
		},
		{
			"from": [14, -6.75, 22],
			"to": [16, -4.75, 24],
			"rotation": {"angle": 0, "axis": "y", "origin": [16, 0, 0]},
			"faces": {
				"north": {"uv": [16, 0, 0, 16], "texture": "#2"},
				"east": {"uv": [16, 0, 0, 16], "texture": "#2"},
				"south": {"uv": [16, 0, 0, 16], "texture": "#2"},
				"west": {"uv": [16, 0, 0, 16], "texture": "#2"},
				"up": {"uv": [16, 0, 0, 16], "texture": "#2"},
				"down": {"uv": [16, 0, 0, 16], "texture": "#2"}
			}
		},
		{
			"from": [14, -6.75, 20],
			"to": [16, -4.75, 22],
			"rotation": {"angle": 0, "axis": "y", "origin": [16, 0, 0]},
			"faces": {
				"north": {"uv": [16, 0, 0, 16], "texture": "#2"},
				"east": {"uv": [16, 0, 0, 16], "texture": "#2"},
				"south": {"uv": [16, 0, 0, 16], "texture": "#2"},
				"west": {"uv": [16, 0, 0, 16], "texture": "#2"},
				"up": {"uv": [16, 0, 0, 16], "texture": "#2"},
				"down": {"uv": [16, 0, 0, 16], "texture": "#2"}
			}
		},
		{
			"from": [14, -6.75, 18],
			"to": [16, -4.75, 20],
			"rotation": {"angle": 0, "axis": "y", "origin": [16, 0, 0]},
			"faces": {
				"north": {"uv": [16, 0, 0, 16], "texture": "#2"},
				"east": {"uv": [16, 0, 0, 16], "texture": "#2"},
				"south": {"uv": [16, 0, 0, 16], "texture": "#2"},
				"west": {"uv": [16, 0, 0, 16], "texture": "#2"},
				"up": {"uv": [16, 0, 0, 16], "texture": "#2"},
				"down": {"uv": [16, 0, 0, 16], "texture": "#2"}
			}
		},
		{
			"from": [13, -4.75, 14],
			"to": [15, -2.75, 16],
			"rotation": {"angle": 0, "axis": "y", "origin": [16, 0, 0]},
			"faces": {
				"north": {"uv": [16, 0, 0, 16], "texture": "#2"},
				"east": {"uv": [16, 0, 0, 16], "texture": "#2"},
				"south": {"uv": [16, 0, 0, 16], "texture": "#2"},
				"west": {"uv": [16, 0, 0, 16], "texture": "#2"},
				"up": {"uv": [16, 0, 0, 16], "texture": "#2"},
				"down": {"uv": [16, 0, 0, 16], "texture": "#2"}
			}
		},
		{
			"from": [13, -2.75, 14],
			"to": [15, -0.75, 16],
			"rotation": {"angle": 0, "axis": "y", "origin": [16, 0, 0]},
			"faces": {
				"north": {"uv": [16, 0, 0, 16], "texture": "#2"},
				"east": {"uv": [16, 0, 0, 16], "texture": "#2"},
				"south": {"uv": [16, 0, 0, 16], "texture": "#2"},
				"west": {"uv": [16, 0, 0, 16], "texture": "#2"},
				"up": {"uv": [16, 0, 0, 16], "texture": "#2"},
				"down": {"uv": [16, 0, 0, 16], "texture": "#2"}
			}
		},
		{
			"from": [13, -4.75, 22],
			"to": [15, -2.75, 24],
			"rotation": {"angle": 0, "axis": "y", "origin": [16, 0, 0]},
			"faces": {
				"north": {"uv": [16, 0, 0, 16], "texture": "#2"},
				"east": {"uv": [16, 0, 0, 16], "texture": "#2"},
				"south": {"uv": [16, 0, 0, 16], "texture": "#2"},
				"west": {"uv": [16, 0, 0, 16], "texture": "#2"},
				"up": {"uv": [16, 0, 0, 16], "texture": "#2"},
				"down": {"uv": [16, 0, 0, 16], "texture": "#2"}
			}
		},
		{
			"from": [13, -2.75, 22],
			"to": [15, -0.75, 24],
			"rotation": {"angle": 0, "axis": "y", "origin": [16, 0, 0]},
			"faces": {
				"north": {"uv": [16, 0, 0, 16], "texture": "#2"},
				"east": {"uv": [16, 0, 0, 16], "texture": "#2"},
				"south": {"uv": [16, 0, 0, 16], "texture": "#2"},
				"west": {"uv": [16, 0, 0, 16], "texture": "#2"},
				"up": {"uv": [16, 0, 0, 16], "texture": "#2"},
				"down": {"uv": [16, 0, 0, 16], "texture": "#2"}
			}
		},
		{
			"from": [14, -6.75, 16],
			"to": [16, -4.75, 18],
			"rotation": {"angle": 0, "axis": "y", "origin": [16, 0, 0]},
			"faces": {
				"north": {"uv": [16, 0, 0, 16], "texture": "#2"},
				"east": {"uv": [16, 0, 0, 16], "texture": "#2"},
				"south": {"uv": [16, 0, 0, 16], "texture": "#2"},
				"west": {"uv": [16, 0, 0, 16], "texture": "#2"},
				"up": {"uv": [16, 0, 0, 16], "texture": "#2"},
				"down": {"uv": [16, 0, 0, 16], "texture": "#2"}
			}
		},
		{
			"from": [14, -6.75, 14],
			"to": [16, -4.75, 16],
			"rotation": {"angle": 0, "axis": "y", "origin": [16, 0, 0]},
			"faces": {
				"north": {"uv": [16, 0, 0, 16], "texture": "#2"},
				"east": {"uv": [16, 0, 0, 16], "texture": "#2"},
				"south": {"uv": [16, 0, 0, 16], "texture": "#2"},
				"west": {"uv": [16, 0, 0, 16], "texture": "#2"},
				"up": {"uv": [16, 0, 0, 16], "texture": "#2"},
				"down": {"uv": [16, 0, 0, 16], "texture": "#2"}
			}
		},
		{
			"from": [14, -6.75, 12],
			"to": [16, -4.75, 14],
			"rotation": {"angle": 0, "axis": "y", "origin": [16, 0, 0]},
			"faces": {
				"north": {"uv": [16, 0, 0, 16], "texture": "#2"},
				"east": {"uv": [16, 0, 0, 16], "texture": "#2"},
				"south": {"uv": [16, 0, 0, 16], "texture": "#2"},
				"west": {"uv": [16, 0, 0, 16], "texture": "#2"},
				"up": {"uv": [16, 0, 0, 16], "texture": "#2"},
				"down": {"uv": [16, 0, 0, 16], "texture": "#2"}
			}
		},
		{
			"from": [14, -6.75, 10],
			"to": [16, -4.75, 12],
			"rotation": {"angle": 0, "axis": "y", "origin": [16, 0, 0]},
			"faces": {
				"north": {"uv": [16, 0, 0, 16], "texture": "#2"},
				"east": {"uv": [16, 0, 0, 16], "texture": "#2"},
				"south": {"uv": [16, 0, 0, 16], "texture": "#2"},
				"west": {"uv": [16, 0, 0, 16], "texture": "#2"},
				"up": {"uv": [16, 0, 0, 16], "texture": "#2"},
				"down": {"uv": [16, 0, 0, 16], "texture": "#2"}
			}
		},
		{
			"from": [14.1, -6.75, 8.85],
			"to": [15.9, -4.95, 10.65],
			"rotation": {"angle": 22.5, "axis": "x", "origin": [15, -5.75, 11]},
			"faces": {
				"north": {"uv": [16, 0, 0, 16], "texture": "#2"},
				"east": {"uv": [16, 0, 0, 16], "texture": "#2"},
				"south": {"uv": [16, 0, 0, 16], "texture": "#2"},
				"west": {"uv": [16, 0, 0, 16], "texture": "#2"},
				"up": {"uv": [16, 0, 0, 16], "texture": "#2"},
				"down": {"uv": [16, 0, 0, 16], "texture": "#2"}
			}
		},
		{
			"from": [14.12, -6.22893, 7.7667],
			"to": [15.74, -4.60893, 9.3867],
			"rotation": {"angle": 45, "axis": "x", "origin": [14.93, -5.21893, 9.8267]},
			"faces": {
				"north": {"uv": [16, 0, 0, 16], "texture": "#2"},
				"east": {"uv": [16, 0, 0, 16], "texture": "#2"},
				"south": {"uv": [16, 0, 0, 16], "texture": "#2"},
				"west": {"uv": [16, 0, 0, 16], "texture": "#2"},
				"up": {"uv": [16, 0, 0, 16], "texture": "#2"},
				"down": {"uv": [16, 0, 0, 16], "texture": "#2"}
			}
		},
		{
			"from": [14.208, -3.88054, 7.71953],
			"to": [15.666, -2.42254, 9.17753],
			"rotation": {"angle": -22.5, "axis": "x", "origin": [14.237, -3.90154, 8.84853]},
			"faces": {
				"north": {"uv": [16, 0, 0, 16], "rotation": 180, "texture": "#2"},
				"east": {"uv": [0, 16, 16, 0], "rotation": 90, "texture": "#2"},
				"south": {"uv": [16, 0, 0, 16], "texture": "#2"},
				"west": {"uv": [0, 16, 16, 0], "rotation": 270, "texture": "#2"},
				"up": {"uv": [16, 0, 0, 16], "rotation": 180, "texture": "#2"},
				"down": {"uv": [16, 0, 0, 16], "texture": "#2"}
			}
		},
		{
			"from": [14.2809, -2.88264, 7.39243],
			"to": [15.5931, -1.57044, 8.70463],
			"rotation": {"angle": 0, "axis": "y", "origin": [14.237, -3.90154, 8.84853]},
			"faces": {
				"north": {"uv": [16, 0, 0, 16], "rotation": 180, "texture": "#2"},
				"east": {"uv": [0, 16, 16, 0], "rotation": 90, "texture": "#2"},
				"south": {"uv": [16, 0, 0, 16], "texture": "#2"},
				"west": {"uv": [0, 16, 16, 0], "rotation": 270, "texture": "#2"},
				"up": {"uv": [16, 0, 0, 16], "rotation": 180, "texture": "#2"},
				"down": {"uv": [16, 0, 0, 16], "texture": "#2"}
			}
		},
		{
			"from": [14.2809, -1.58264, 7.39243],
			"to": [15.5931, -0.27044, 8.70463],
			"rotation": {"angle": 0, "axis": "y", "origin": [14.237, -3.90154, 8.84853]},
			"faces": {
				"north": {"uv": [16, 0, 0, 16], "rotation": 180, "texture": "#2"},
				"east": {"uv": [0, 16, 16, 0], "rotation": 90, "texture": "#2"},
				"south": {"uv": [16, 0, 0, 16], "texture": "#2"},
				"west": {"uv": [0, 16, 16, 0], "rotation": 270, "texture": "#2"},
				"up": {"uv": [16, 0, 0, 16], "rotation": 180, "texture": "#2"},
				"down": {"uv": [16, 0, 0, 16], "texture": "#2"}
			}
		},
		{
			"from": [14.37714, -0.42077, 7.85756],
			"to": [15.55812, 0.76021, 9.03854],
			"rotation": {"angle": 22.5, "axis": "x", "origin": [14.86763, 0.36972, 8.04805]},
			"faces": {
				"north": {"uv": [16, 0, 0, 16], "rotation": 180, "texture": "#2"},
				"east": {"uv": [0, 16, 16, 0], "rotation": 90, "texture": "#2"},
				"south": {"uv": [16, 0, 0, 16], "texture": "#2"},
				"west": {"uv": [0, 16, 16, 0], "rotation": 270, "texture": "#2"},
				"up": {"uv": [16, 0, 0, 16], "rotation": 180, "texture": "#2"},
				"down": {"uv": [16, 0, 0, 16], "texture": "#2"}
			}
		},
		{
			"from": [14.46651, 0.30012, 7.60621],
			"to": [15.52939, 1.363, 8.66909],
			"rotation": {"angle": 45, "axis": "x", "origin": [14.89795, 0.03156, 8.33765]},
			"faces": {
				"north": {"uv": [16, 0, 0, 16], "rotation": 180, "texture": "#2"},
				"east": {"uv": [0, 16, 16, 0], "rotation": 90, "texture": "#2"},
				"south": {"uv": [16, 0, 0, 16], "texture": "#2"},
				"west": {"uv": [0, 16, 16, 0], "rotation": 270, "texture": "#2"},
				"up": {"uv": [16, 0, 0, 16], "rotation": 180, "texture": "#2"},
				"down": {"uv": [16, 0, 0, 16], "texture": "#2"}
			}
		},
		{
			"from": [0, -6.75, 30],
			"to": [2, -4.75, 32],
			"faces": {
				"north": {"uv": [0, 0, 16, 16], "texture": "#2"},
				"east": {"uv": [0, 0, 16, 16], "texture": "#2"},
				"south": {"uv": [0, 0, 16, 16], "texture": "#2"},
				"west": {"uv": [0, 0, 16, 16], "texture": "#2"},
				"up": {"uv": [0, 0, 16, 16], "texture": "#2"},
				"down": {"uv": [0, 0, 16, 16], "texture": "#2"}
			}
		},
		{
			"from": [0, -6.75, 28],
			"to": [2, -4.75, 30],
			"faces": {
				"north": {"uv": [0, 0, 16, 16], "texture": "#2"},
				"east": {"uv": [0, 0, 16, 16], "texture": "#2"},
				"south": {"uv": [0, 0, 16, 16], "texture": "#2"},
				"west": {"uv": [0, 0, 16, 16], "texture": "#2"},
				"up": {"uv": [0, 0, 16, 16], "texture": "#2"},
				"down": {"uv": [0, 0, 16, 16], "texture": "#2"}
			}
		},
		{
			"from": [0, -6.75, 26],
			"to": [2, -4.75, 28],
			"faces": {
				"north": {"uv": [0, 0, 16, 16], "texture": "#2"},
				"east": {"uv": [0, 0, 16, 16], "texture": "#2"},
				"south": {"uv": [0, 0, 16, 16], "texture": "#2"},
				"west": {"uv": [0, 0, 16, 16], "texture": "#2"},
				"up": {"uv": [0, 0, 16, 16], "texture": "#2"},
				"down": {"uv": [0, 0, 16, 16], "texture": "#2"}
			}
		},
		{
			"from": [0, -6.75, 24],
			"to": [2, -4.75, 26],
			"faces": {
				"north": {"uv": [0, 0, 16, 16], "texture": "#2"},
				"east": {"uv": [0, 0, 16, 16], "texture": "#2"},
				"south": {"uv": [0, 0, 16, 16], "texture": "#2"},
				"west": {"uv": [0, 0, 16, 16], "texture": "#2"},
				"up": {"uv": [0, 0, 16, 16], "texture": "#2"},
				"down": {"uv": [0, 0, 16, 16], "texture": "#2"}
			}
		},
		{
			"from": [0, -6.75, 22],
			"to": [2, -4.75, 24],
			"faces": {
				"north": {"uv": [0, 0, 16, 16], "texture": "#2"},
				"east": {"uv": [0, 0, 16, 16], "texture": "#2"},
				"south": {"uv": [0, 0, 16, 16], "texture": "#2"},
				"west": {"uv": [0, 0, 16, 16], "texture": "#2"},
				"up": {"uv": [0, 0, 16, 16], "texture": "#2"},
				"down": {"uv": [0, 0, 16, 16], "texture": "#2"}
			}
		},
		{
			"from": [0, -6.75, 20],
			"to": [2, -4.75, 22],
			"faces": {
				"north": {"uv": [0, 0, 16, 16], "texture": "#2"},
				"east": {"uv": [0, 0, 16, 16], "texture": "#2"},
				"south": {"uv": [0, 0, 16, 16], "texture": "#2"},
				"west": {"uv": [0, 0, 16, 16], "texture": "#2"},
				"up": {"uv": [0, 0, 16, 16], "texture": "#2"},
				"down": {"uv": [0, 0, 16, 16], "texture": "#2"}
			}
		},
		{
			"from": [0, -6.75, 18],
			"to": [2, -4.75, 20],
			"faces": {
				"north": {"uv": [0, 0, 16, 16], "texture": "#2"},
				"east": {"uv": [0, 0, 16, 16], "texture": "#2"},
				"south": {"uv": [0, 0, 16, 16], "texture": "#2"},
				"west": {"uv": [0, 0, 16, 16], "texture": "#2"},
				"up": {"uv": [0, 0, 16, 16], "texture": "#2"},
				"down": {"uv": [0, 0, 16, 16], "texture": "#2"}
			}
		},
		{
			"from": [1, -4.75, 14],
			"to": [3, -2.75, 16],
			"faces": {
				"north": {"uv": [0, 0, 16, 16], "texture": "#2"},
				"east": {"uv": [0, 0, 16, 16], "texture": "#2"},
				"south": {"uv": [0, 0, 16, 16], "texture": "#2"},
				"west": {"uv": [0, 0, 16, 16], "texture": "#2"},
				"up": {"uv": [0, 0, 16, 16], "texture": "#2"},
				"down": {"uv": [0, 0, 16, 16], "texture": "#2"}
			}
		},
		{
			"from": [1, -2.75, 14],
			"to": [3, -0.75, 16],
			"faces": {
				"north": {"uv": [0, 0, 16, 16], "texture": "#2"},
				"east": {"uv": [0, 0, 16, 16], "texture": "#2"},
				"south": {"uv": [0, 0, 16, 16], "texture": "#2"},
				"west": {"uv": [0, 0, 16, 16], "texture": "#2"},
				"up": {"uv": [0, 0, 16, 16], "texture": "#2"},
				"down": {"uv": [0, 0, 16, 16], "texture": "#2"}
			}
		},
		{
			"from": [1, -4.75, 22],
			"to": [3, -2.75, 24],
			"faces": {
				"north": {"uv": [0, 0, 16, 16], "texture": "#2"},
				"east": {"uv": [0, 0, 16, 16], "texture": "#2"},
				"south": {"uv": [0, 0, 16, 16], "texture": "#2"},
				"west": {"uv": [0, 0, 16, 16], "texture": "#2"},
				"up": {"uv": [0, 0, 16, 16], "texture": "#2"},
				"down": {"uv": [0, 0, 16, 16], "texture": "#2"}
			}
		},
		{
			"from": [1, -2.75, 22],
			"to": [3, -0.75, 24],
			"faces": {
				"north": {"uv": [0, 0, 16, 16], "texture": "#2"},
				"east": {"uv": [0, 0, 16, 16], "texture": "#2"},
				"south": {"uv": [0, 0, 16, 16], "texture": "#2"},
				"west": {"uv": [0, 0, 16, 16], "texture": "#2"},
				"up": {"uv": [0, 0, 16, 16], "texture": "#2"},
				"down": {"uv": [0, 0, 16, 16], "texture": "#2"}
			}
		},
		{
			"from": [0, -6.75, 16],
			"to": [2, -4.75, 18],
			"faces": {
				"north": {"uv": [0, 0, 16, 16], "texture": "#2"},
				"east": {"uv": [0, 0, 16, 16], "texture": "#2"},
				"south": {"uv": [0, 0, 16, 16], "texture": "#2"},
				"west": {"uv": [0, 0, 16, 16], "texture": "#2"},
				"up": {"uv": [0, 0, 16, 16], "texture": "#2"},
				"down": {"uv": [0, 0, 16, 16], "texture": "#2"}
			}
		},
		{
			"from": [0, -6.75, 14],
			"to": [2, -4.75, 16],
			"faces": {
				"north": {"uv": [0, 0, 16, 16], "texture": "#2"},
				"east": {"uv": [0, 0, 16, 16], "texture": "#2"},
				"south": {"uv": [0, 0, 16, 16], "texture": "#2"},
				"west": {"uv": [0, 0, 16, 16], "texture": "#2"},
				"up": {"uv": [0, 0, 16, 16], "texture": "#2"},
				"down": {"uv": [0, 0, 16, 16], "texture": "#2"}
			}
		},
		{
			"from": [0, -6.75, 12],
			"to": [2, -4.75, 14],
			"faces": {
				"north": {"uv": [0, 0, 16, 16], "texture": "#2"},
				"east": {"uv": [0, 0, 16, 16], "texture": "#2"},
				"south": {"uv": [0, 0, 16, 16], "texture": "#2"},
				"west": {"uv": [0, 0, 16, 16], "texture": "#2"},
				"up": {"uv": [0, 0, 16, 16], "texture": "#2"},
				"down": {"uv": [0, 0, 16, 16], "texture": "#2"}
			}
		},
		{
			"from": [0, -6.75, 10],
			"to": [2, -4.75, 12],
			"faces": {
				"north": {"uv": [0, 0, 16, 16], "texture": "#2"},
				"east": {"uv": [0, 0, 16, 16], "texture": "#2"},
				"south": {"uv": [0, 0, 16, 16], "texture": "#2"},
				"west": {"uv": [0, 0, 16, 16], "texture": "#2"},
				"up": {"uv": [0, 0, 16, 16], "texture": "#2"},
				"down": {"uv": [0, 0, 16, 16], "texture": "#2"}
			}
		},
		{
			"from": [0.1, -6.75, 8.85],
			"to": [1.9, -4.95, 10.65],
			"rotation": {"angle": 22.5, "axis": "x", "origin": [1, -5.75, 11]},
			"faces": {
				"north": {"uv": [0, 0, 16, 16], "texture": "#2"},
				"east": {"uv": [0, 0, 16, 16], "texture": "#2"},
				"south": {"uv": [0, 0, 16, 16], "texture": "#2"},
				"west": {"uv": [0, 0, 16, 16], "texture": "#2"},
				"up": {"uv": [0, 0, 16, 16], "texture": "#2"},
				"down": {"uv": [0, 0, 16, 16], "texture": "#2"}
			}
		},
		{
			"from": [0.26, -6.22893, 7.7667],
			"to": [1.88, -4.60893, 9.3867],
			"rotation": {"angle": 45, "axis": "x", "origin": [1.07, -5.21893, 9.8267]},
			"faces": {
				"north": {"uv": [0, 0, 16, 16], "texture": "#2"},
				"east": {"uv": [0, 0, 16, 16], "texture": "#2"},
				"south": {"uv": [0, 0, 16, 16], "texture": "#2"},
				"west": {"uv": [0, 0, 16, 16], "texture": "#2"},
				"up": {"uv": [0, 0, 16, 16], "texture": "#2"},
				"down": {"uv": [0, 0, 16, 16], "texture": "#2"}
			}
		},
		{
			"from": [0.334, -3.88054, 7.71953],
			"to": [1.792, -2.42254, 9.17753],
			"rotation": {"angle": -22.5, "axis": "x", "origin": [1.763, -3.90154, 8.84853]},
			"faces": {
				"north": {"uv": [0, 0, 16, 16], "rotation": 180, "texture": "#2"},
				"east": {"uv": [0, 0, 16, 16], "rotation": 270, "texture": "#2"},
				"south": {"uv": [0, 0, 16, 16], "texture": "#2"},
				"west": {"uv": [0, 0, 16, 16], "rotation": 90, "texture": "#2"},
				"up": {"uv": [0, 0, 16, 16], "rotation": 180, "texture": "#2"},
				"down": {"uv": [0, 0, 16, 16], "texture": "#2"}
			}
		},
		{
			"from": [0.4069, -2.88264, 7.39243],
			"to": [1.7191, -1.57044, 8.70463],
			"rotation": {"angle": 0, "axis": "x", "origin": [1.763, -3.90154, 8.84853]},
			"faces": {
				"north": {"uv": [0, 0, 16, 16], "rotation": 180, "texture": "#2"},
				"east": {"uv": [0, 0, 16, 16], "rotation": 270, "texture": "#2"},
				"south": {"uv": [0, 0, 16, 16], "texture": "#2"},
				"west": {"uv": [0, 0, 16, 16], "rotation": 90, "texture": "#2"},
				"up": {"uv": [0, 0, 16, 16], "rotation": 180, "texture": "#2"},
				"down": {"uv": [0, 0, 16, 16], "texture": "#2"}
			}
		},
		{
			"from": [0.4069, -1.58264, 7.39243],
			"to": [1.7191, -0.27044, 8.70463],
			"rotation": {"angle": 0, "axis": "y", "origin": [1.763, -3.90154, 8.84853]},
			"faces": {
				"north": {"uv": [0, 0, 16, 16], "rotation": 180, "texture": "#2"},
				"east": {"uv": [0, 0, 16, 16], "rotation": 270, "texture": "#2"},
				"south": {"uv": [0, 0, 16, 16], "texture": "#2"},
				"west": {"uv": [0, 0, 16, 16], "rotation": 90, "texture": "#2"},
				"up": {"uv": [0, 0, 16, 16], "rotation": 180, "texture": "#2"},
				"down": {"uv": [0, 0, 16, 16], "texture": "#2"}
			}
		},
		{
			"from": [0.44188, -0.42077, 7.85756],
			"to": [1.62286, 0.76021, 9.03854],
			"rotation": {"angle": 22.5, "axis": "x", "origin": [1.13237, 0.36972, 8.04805]},
			"faces": {
				"north": {"uv": [0, 0, 16, 16], "rotation": 180, "texture": "#2"},
				"east": {"uv": [0, 0, 16, 16], "rotation": 270, "texture": "#2"},
				"south": {"uv": [0, 0, 16, 16], "texture": "#2"},
				"west": {"uv": [0, 0, 16, 16], "rotation": 90, "texture": "#2"},
				"up": {"uv": [0, 0, 16, 16], "rotation": 180, "texture": "#2"},
				"down": {"uv": [0, 0, 16, 16], "texture": "#2"}
			}
		},
		{
			"from": [0.47061, 0.30012, 7.60621],
			"to": [1.53349, 1.363, 8.66909],
			"rotation": {"angle": 45, "axis": "x", "origin": [1.10205, 0.03156, 8.33765]},
			"faces": {
				"north": {"uv": [0, 0, 16, 16], "rotation": 180, "texture": "#2"},
				"east": {"uv": [0, 0, 16, 16], "rotation": 270, "texture": "#2"},
				"south": {"uv": [0, 0, 16, 16], "texture": "#2"},
				"west": {"uv": [0, 0, 16, 16], "rotation": 90, "texture": "#2"},
				"up": {"uv": [0, 0, 16, 16], "rotation": 180, "texture": "#2"},
				"down": {"uv": [0, 0, 16, 16], "texture": "#2"}
			}
		},
		{
			"name": "Leg4A",
			"from": [9.39, -7.1, -7.81],
			"to": [11.614, -3.764, -5.586],
			"rotation": {"angle": -22.5, "axis": "x", "origin": [8, 0.63884, -6.29827]},
			"faces": {
				"north": {"uv": [8.75, 8.5, 9.25, 9.25], "texture": "#7"},
				"east": {"uv": [9, 1.5, 9.5, 2.25], "texture": "#7"},
				"south": {"uv": [9, 2.25, 9.5, 3], "texture": "#7"},
				"west": {"uv": [3, 9, 3.5, 9.75], "texture": "#7"},
				"up": {"uv": [9.75, 4.5, 9.25, 4], "texture": "#7"},
				"down": {"uv": [9.75, 4.5, 9.25, 5], "texture": "#7"}
			}
		},
		{
			"name": "Leg4A",
			"from": [9.39, -3.764, -7.81],
			"to": [11.614, 1.24, -4.474],
			"rotation": {"angle": -22.5, "axis": "x", "origin": [8, 0.63884, -6.29827]},
			"faces": {
				"north": {"uv": [8, 2.75, 8.5, 4], "texture": "#7"},
				"east": {"uv": [7.25, 3, 8, 4.25], "texture": "#7"},
				"south": {"uv": [3.5, 8, 4, 9.25], "texture": "#7"},
				"west": {"uv": [7.25, 4.25, 8, 5.5], "texture": "#7"},
				"up": {"uv": [9.5, 5.75, 9, 5], "texture": "#7"},
				"down": {"uv": [6, 9, 5.5, 9.75], "texture": "#7"}
			}
		},
		{
			"name": "Leg3A",
			"from": [9.39, -3.764, -7.81],
			"to": [11.614, 1.24, -4.474],
			"rotation": {"angle": 22.5, "axis": "x", "origin": [8, 0.63884, -6.29827]},
			"faces": {
				"north": {"uv": [3.5, 7.75, 3, 9], "texture": "#7"},
				"east": {"uv": [7.25, 6.75, 6.5, 8], "texture": "#7"},
				"south": {"uv": [8.25, 7.5, 7.75, 8.75], "texture": "#7"},
				"west": {"uv": [6.5, 6.75, 5.75, 8], "texture": "#7"},
				"up": {"uv": [8.75, 5, 9.25, 4.25], "texture": "#7"},
				"down": {"uv": [4.5, 8.75, 5, 9.5], "texture": "#7"}
			}
		},
		{
			"name": "Leg3A",
			"from": [9.39, -7.1, -7.81],
			"to": [11.614, -3.764, -5.586],
			"rotation": {"angle": 22.5, "axis": "x", "origin": [8, 0.63884, -6.29827]},
			"faces": {
				"north": {"uv": [5.5, 8.75, 5, 9.5], "texture": "#7"},
				"east": {"uv": [9.25, 7.75, 8.75, 8.5], "texture": "#7"},
				"south": {"uv": [8.25, 8.75, 7.75, 9.5], "texture": "#7"},
				"west": {"uv": [9.25, 7, 8.75, 7.75], "texture": "#7"},
				"up": {"uv": [3.5, 9.75, 4, 9.25], "texture": "#7"},
				"down": {"uv": [9.25, 3.5, 9.75, 4], "texture": "#7"}
			}
		},
		{
			"name": "Leg3A",
			"from": [4.386, -3.764, -7.81],
			"to": [6.61, 1.24, -4.474],
			"rotation": {"angle": 22.5, "axis": "x", "origin": [8, 0.63884, -6.29827]},
			"faces": {
				"north": {"uv": [3, 7.75, 3.5, 9], "texture": "#7"},
				"east": {"uv": [5.75, 6.75, 6.5, 8], "texture": "#7"},
				"south": {"uv": [7.75, 7.5, 8.25, 8.75], "texture": "#7"},
				"west": {"uv": [6.5, 6.75, 7.25, 8], "texture": "#7"},
				"up": {"uv": [9.25, 5, 8.75, 4.25], "texture": "#7"},
				"down": {"uv": [5, 8.75, 4.5, 9.5], "texture": "#7"}
			}
		},
		{
			"name": "Leg3A",
			"from": [4.386, -7.1, -7.81],
			"to": [6.61, -3.764, -5.586],
			"rotation": {"angle": 22.5, "axis": "x", "origin": [8, 0.63884, -6.29827]},
			"faces": {
				"north": {"uv": [5, 8.75, 5.5, 9.5], "texture": "#7"},
				"east": {"uv": [8.75, 7, 9.25, 7.75], "texture": "#7"},
				"south": {"uv": [7.75, 8.75, 8.25, 9.5], "texture": "#7"},
				"west": {"uv": [8.75, 7.75, 9.25, 8.5], "texture": "#7"},
				"up": {"uv": [4, 9.75, 3.5, 9.25], "texture": "#7"},
				"down": {"uv": [9.75, 3.5, 9.25, 4], "texture": "#7"}
			}
		},
		{
			"name": "Leg4A",
			"from": [4.386, -7.1, -7.81],
			"to": [6.61, -3.764, -5.586],
			"rotation": {"angle": -22.5, "axis": "x", "origin": [8, 0.63884, -6.29827]},
			"faces": {
				"north": {"uv": [9.25, 8.5, 8.75, 9.25], "texture": "#7"},
				"east": {"uv": [3.5, 9, 3, 9.75], "texture": "#7"},
				"south": {"uv": [9.5, 2.25, 9, 3], "texture": "#7"},
				"west": {"uv": [9.5, 1.5, 9, 2.25], "texture": "#7"},
				"up": {"uv": [9.25, 4.5, 9.75, 4], "texture": "#7"},
				"down": {"uv": [9.25, 4.5, 9.75, 5], "texture": "#7"}
			}
		},
		{
			"name": "Leg4A",
			"from": [4.386, -3.764, -7.81],
			"to": [6.61, 1.24, -4.474],
			"rotation": {"angle": -22.5, "axis": "x", "origin": [8, 0.63884, -6.29827]},
			"faces": {
				"north": {"uv": [8.5, 2.75, 8, 4], "texture": "#7"},
				"east": {"uv": [8, 4.25, 7.25, 5.5], "texture": "#7"},
				"south": {"uv": [4, 8, 3.5, 9.25], "texture": "#7"},
				"west": {"uv": [8, 3, 7.25, 4.25], "texture": "#7"},
				"up": {"uv": [9, 5.75, 9.5, 5], "texture": "#7"},
				"down": {"uv": [5.5, 9, 6, 9.75], "texture": "#7"}
			}
		},
		{
			"name": "Leg2A",
			"from": [9.112, -7.1, 0.53],
			"to": [11.336, -3.764, 2.754],
			"rotation": {"angle": -22.5, "axis": "x", "origin": [8, -0.36116, 0.70173]},
			"faces": {
				"north": {"uv": [8.75, 0.75, 9.25, 1.5], "texture": "#7"},
				"east": {"uv": [1.5, 8.75, 2, 9.5], "texture": "#7"},
				"south": {"uv": [2, 8.75, 2.5, 9.5], "texture": "#7"},
				"west": {"uv": [2.5, 8.75, 3, 9.5], "texture": "#7"},
				"up": {"uv": [9.75, 1, 9.25, 0.5], "texture": "#7"},
				"down": {"uv": [9.75, 1, 9.25, 1.5], "texture": "#7"}
			}
		},
		{
			"name": "Leg2A",
			"from": [9.112, -3.764, -0.582],
			"to": [11.336, 0.128, 2.754],
			"rotation": {"angle": -22.5, "axis": "x", "origin": [8, -0.36116, 0.70173]},
			"faces": {
				"north": {"uv": [8.25, 1, 8.75, 2], "texture": "#7"},
				"east": {"uv": [7.5, 0, 8.25, 1], "texture": "#7"},
				"south": {"uv": [8.25, 7.5, 8.75, 8.5], "texture": "#7"},
				"west": {"uv": [7.5, 1, 8.25, 2], "texture": "#7"},
				"up": {"uv": [9.25, 4.25, 8.75, 3.5], "texture": "#7"},
				"down": {"uv": [4.5, 8.75, 4, 9.5], "texture": "#7"}
			}
		},
		{
			"name": "Leg1A",
			"from": [9.112, -3.764, -0.582],
			"to": [11.336, 0.128, 2.754],
			"rotation": {"angle": 22.5, "axis": "x", "origin": [8, -0.36116, 0.70173]},
			"faces": {
				"north": {"uv": [8.5, 6.5, 8, 7.5], "texture": "#7"},
				"east": {"uv": [8, 6.5, 7.25, 7.5], "texture": "#7"},
				"south": {"uv": [8.75, 0, 8.25, 1], "texture": "#7"},
				"west": {"uv": [8, 5.5, 7.25, 6.5], "texture": "#7"},
				"up": {"uv": [8.5, 2.75, 9, 2], "texture": "#7"},
				"down": {"uv": [8.5, 2.75, 9, 3.5], "texture": "#7"}
			}
		},
		{
			"name": "Leg1A",
			"from": [9.112, -7.1, 0.53],
			"to": [11.336, -3.764, 2.754],
			"rotation": {"angle": 22.5, "axis": "x", "origin": [8, -0.36116, 0.70173]},
			"faces": {
				"north": {"uv": [9, 5.5, 8.5, 6.25], "texture": "#7"},
				"east": {"uv": [9.25, 0, 8.75, 0.75], "texture": "#7"},
				"south": {"uv": [8.75, 8.5, 8.25, 9.25], "texture": "#7"},
				"west": {"uv": [9, 6.25, 8.5, 7], "texture": "#7"},
				"up": {"uv": [0, 9.75, 0.5, 9.25], "texture": "#7"},
				"down": {"uv": [9.25, 0, 9.75, 0.5], "texture": "#7"}
			}
		},
		{
			"name": "Leg1A",
			"from": [4.664, -3.764, -0.582],
			"to": [6.888, 0.128, 2.754],
			"rotation": {"angle": 22.5, "axis": "x", "origin": [8, -0.36116, 0.70173]},
			"faces": {
				"north": {"uv": [8, 6.5, 8.5, 7.5], "texture": "#7"},
				"east": {"uv": [7.25, 5.5, 8, 6.5], "texture": "#7"},
				"south": {"uv": [8.25, 0, 8.75, 1], "texture": "#7"},
				"west": {"uv": [7.25, 6.5, 8, 7.5], "texture": "#7"},
				"up": {"uv": [9, 2.75, 8.5, 2], "texture": "#7"},
				"down": {"uv": [9, 2.75, 8.5, 3.5], "texture": "#7"}
			}
		},
		{
			"name": "Leg1A",
			"from": [4.664, -7.1, 0.53],
			"to": [6.888, -3.764, 2.754],
			"rotation": {"angle": 22.5, "axis": "x", "origin": [8, -0.36116, 0.70173]},
			"faces": {
				"north": {"uv": [8.5, 5.5, 9, 6.25], "texture": "#7"},
				"east": {"uv": [8.5, 6.25, 9, 7], "texture": "#7"},
				"south": {"uv": [8.25, 8.5, 8.75, 9.25], "texture": "#7"},
				"west": {"uv": [8.75, 0, 9.25, 0.75], "texture": "#7"},
				"up": {"uv": [0.5, 9.75, 0, 9.25], "texture": "#7"},
				"down": {"uv": [9.75, 0, 9.25, 0.5], "texture": "#7"}
			}
		},
		{
			"name": "Leg2A",
			"from": [4.664, -7.1, 0.53],
			"to": [6.888, -3.764, 2.754],
			"rotation": {"angle": -22.5, "axis": "x", "origin": [8, -0.36116, 0.70173]},
			"faces": {
				"north": {"uv": [9.25, 0.75, 8.75, 1.5], "texture": "#7"},
				"east": {"uv": [3, 8.75, 2.5, 9.5], "texture": "#7"},
				"south": {"uv": [2.5, 8.75, 2, 9.5], "texture": "#7"},
				"west": {"uv": [2, 8.75, 1.5, 9.5], "texture": "#7"},
				"up": {"uv": [9.25, 1, 9.75, 0.5], "texture": "#7"},
				"down": {"uv": [9.25, 1, 9.75, 1.5], "texture": "#7"}
			}
		},
		{
			"name": "Leg2A",
			"from": [4.664, -3.764, -0.582],
			"to": [6.888, 0.128, 2.754],
			"rotation": {"angle": -22.5, "axis": "x", "origin": [8, -0.36116, 0.70173]},
			"faces": {
				"north": {"uv": [8.75, 1, 8.25, 2], "texture": "#7"},
				"east": {"uv": [8.25, 1, 7.5, 2], "texture": "#7"},
				"south": {"uv": [8.75, 7.5, 8.25, 8.5], "texture": "#7"},
				"west": {"uv": [8.25, 0, 7.5, 1], "texture": "#7"},
				"up": {"uv": [8.75, 4.25, 9.25, 3.5], "texture": "#7"},
				"down": {"uv": [4, 8.75, 4.5, 9.5], "texture": "#7"}
			}
		}
	],
	"display": {
		"gui": {
			"rotation": [30, 225, 0],
			"translation": [-2.5, 6.25, 0],
			"scale": [0.8, 0.8, 0.8]
		},
		"head": {
			"translation": [0, -33.25, -69.25],
			"scale": [4, 4, 4]
		},
		"fixed": {
			"translation": [0, 48, 33.5],
			"scale": [4, 4, 4]
		}
	},
	"groups": [
		{
			"name": "Body",
			"origin": [0, 13, 9],
			"color": 0,
			"children": [0, 1]
		},
		{
			"name": "TailA",
			"origin": [0, 20, 11],
			"color": 0,
			"children": [2]
		},
		{
			"name": "head",
			"origin": [8, 8, 8],
			"color": 0,
			"children": [
				3,
				{
					"name": "Head",
					"origin": [0, 28, -11],
					"rotation": [6, -5, 0],
					"color": 0,
					"children": [
						4,
						{
							"name": "Antlers",
							"origin": [8, 6.13884, 6.95173],
							"color": 0,
							"children": [5, 6]
						},
						7,
						{
							"name": "Ear1",
							"origin": [0, 17, -8],
							"color": 0,
							"children": [8]
						},
						{
							"name": "Ear2",
							"origin": [0, 17, -8],
							"color": 0,
							"children": [9]
						}
					]
				}
			]
		},
		{
			"name": "Sleigh",
			"origin": [8, 8, 8],
			"color": 0,
			"children": [
				{
					"name": "main",
					"origin": [8, 8, 8],
					"color": 0,
					"children": [
						10,
						11,
						12,
						13,
						14,
						15,
						16,
						{
							"name": "rope2",
							"origin": [8, 6.45, 8.5],
							"color": 0,
							"children": [17, 18]
						},
						{
							"name": "rope1",
							"origin": [8, 6.45, 8.5],
							"color": 0,
							"children": [19, 20]
						},
						{
							"name": "right",
							"origin": [0, 0, 0],
							"color": 0,
							"children": [21, 22, 23, 24, 25, 26, 27, 28, 29]
						},
						{
							"name": "left",
							"origin": [0, 0, 0],
							"color": 0,
							"children": [30, 31, 32, 33, 34, 35, 36, 37, 38]
						}
					]
				},
				{
					"name": "leg1",
					"origin": [8, 8, 8],
					"color": 0,
					"children": [39, 40, 41, 42, 43, 44, 45, 46, 47, 48, 49, 50, 51, 52, 53, 54, 55, 56, 57, 58, 59, 60]
				},
				{
					"name": "leg2",
					"origin": [8, 8, 8],
					"color": 0,
					"children": [61, 62, 63, 64, 65, 66, 67, 68, 69, 70, 71, 72, 73, 74, 75, 76, 77, 78, 79, 80, 81, 82]
				}
			]
		},
		{
			"name": "legs",
			"origin": [8, 8, 8],
			"color": 0,
			"children": [
				{
					"name": "Leg4A",
					"origin": [3, 11, -9],
					"color": 0,
					"children": [
						83,
						84,
						{
							"name": "Leg3A",
							"origin": [-3, 11, -9],
							"color": 0,
							"children": [85, 86]
						}
					]
				},
				{
					"name": "Leg3A",
					"origin": [-3, 11, -9],
					"color": 0,
					"children": [
						87,
						88,
						{
							"name": "Leg4A",
							"origin": [3, 11, -9],
							"color": 0,
							"children": [89, 90]
						}
					]
				},
				{
					"name": "Leg2A",
					"origin": [3, 11, 9],
					"color": 0,
					"children": [
						91,
						92,
						{
							"name": "Leg1A",
							"origin": [-3, 11, 9],
							"color": 0,
							"children": [93, 94]
						}
					]
				},
				{
					"name": "Leg1A",
					"origin": [-3, 11, 9],
					"color": 0,
					"children": [
						95,
						96,
						{
							"name": "Leg2A",
							"origin": [3, 11, 9],
							"color": 0,
							"children": [97, 98]
						}
					]
				}
			]
		}
	]
}