{
	"credit": "Made with Blockbench",
	"texture_size": [64, 64],
	"textures": {
		"0": "krmc:krmc_mobs/megaloceros",
		"1": "krmc:krmc_mobs/animations/megaloceros",
		"particle": "krmc:krmc_mobs/megaloceros"
	},
	"elements": [
		{
			"name": "Body",
			"from": [4.664, -0.734, 0.634],
			"to": [11.336, 5.938, 7.306],
			"rotation": {"angle": 0, "axis": "y", "origin": [8, 4.88884, 5.70173]},
			"faces": {
				"north": {"uv": [0, 5, 1.5, 6.5], "texture": "#0"},
				"east": {"uv": [1.5, 5, 3, 6.5], "texture": "#0"},
				"south": {"uv": [3, 5, 4.5, 6.5], "texture": "#0"},
				"west": {"uv": [4.5, 5, 6, 6.5], "texture": "#0"},
				"up": {"uv": [7.5, 1.5, 6, 0], "texture": "#0"},
				"down": {"uv": [7.5, 1.5, 6, 3], "texture": "#0"}
			}
		},
		{
			"name": "Body",
			"from": [5.22, -0.734, 7.306],
			"to": [10.78, 4.826, 12.866],
			"rotation": {"angle": 0, "axis": "y", "origin": [8, 4.88884, 5.70173]},
			"faces": {
				"north": {"uv": [6, 3, 7.25, 4.25], "texture": "#0"},
				"east": {"uv": [6, 4.25, 7.25, 5.5], "texture": "#0"},
				"south": {"uv": [6, 5.5, 7.25, 6.75], "texture": "#0"},
				"west": {"uv": [0, 6.5, 1.25, 7.75], "texture": "#0"},
				"up": {"uv": [2.5, 7.75, 1.25, 6.5], "texture": "#0"},
				"down": {"uv": [3.75, 6.5, 2.5, 7.75], "texture": "#0"}
			}
		},
		{
			"name": "TailA",
			"from": [7.166, -4.8998, 8.82489],
			"to": [8.834, -0.4518, 11.04889],
			"rotation": {"angle": -45, "axis": "x", "origin": [8, 4.88884, 5.70173]},
			"faces": {
				"north": {"uv": [5.5, 8, 6, 9], "texture": "#0"},
				"east": {"uv": [8, 5.5, 8.5, 6.5], "texture": "#0"},
				"south": {"uv": [6, 8, 6.5, 9], "texture": "#0"},
				"west": {"uv": [6.5, 8, 7, 9], "texture": "#0"},
				"up": {"uv": [9.5, 3.5, 9, 3], "texture": "#0"},
				"down": {"uv": [9.5, 6.5, 9, 7], "texture": "#0"}
			}
		},
		{
			"name": "Neck",
			"from": [6.888, 2.8908, -3.26303],
			"to": [9.112, 6.7828, 3.65897],
			"rotation": {"angle": 22.5, "axis": "x", "origin": [8, 5.3368, 1.69797]},
			"faces": {
				"north": {"uv": [1, 9.5, 0.5, 8.5], "rotation": 180, "texture": "#0"},
				"east": {"uv": [3.75, 6.5, 4.75, 8], "rotation": 90, "texture": "#0"},
				"south": {"uv": [1.5, 8.5, 1, 9.5], "texture": "#0"},
				"west": {"uv": [4.75, 6.5, 5.75, 8], "rotation": 270, "texture": "#0"},
				"up": {"uv": [0, 7.75, 0.5, 9.25], "texture": "#0"},
				"down": {"uv": [7.25, 7.5, 7.75, 9], "rotation": 180, "texture": "#0"}
			}
		},
		{
			"name": "Head",
			"from": [6.332, 9.37057, -4.43279],
			"to": [9.668, 12.40057, -0.54079],
			"rotation": {"angle": -22.5, "axis": "x", "origin": [8, 6.13884, 6.95173]},
			"faces": {
				"north": {"uv": [4, 8, 4.75, 8.75], "texture": "#0"},
				"east": {"uv": [7.5, 2, 8.5, 2.75], "texture": "#0"},
				"south": {"uv": [8, 4, 8.75, 4.75], "texture": "#0"},
				"west": {"uv": [0.5, 7.75, 1.5, 8.5], "texture": "#0"},
				"up": {"uv": [2.25, 8.75, 1.5, 7.75], "texture": "#0"},
				"down": {"uv": [3, 7.75, 2.25, 8.75], "texture": "#0"}
			}
		},
		{
			"name": "Antlers",
			"from": [-7.99621, 5.10969, -2.10511],
			"to": [11.20379, 20.30969, -2.10511],
			"rotation": {"angle": 22.5, "axis": "y", "origin": [8, 6.13884, 6.95173]},
			"faces": {
				"north": {"uv": [0, 0, 3, 2.5], "texture": "#0"},
				"east": {"uv": [0, 0, 0, 2.5], "texture": "#0"},
				"south": {"uv": [3, 0, 0, 2.5], "texture": "#0"},
				"west": {"uv": [0, 0, 0, 2.5], "texture": "#0"},
				"up": {"uv": [3, 0, 0, 0], "texture": "#0"},
				"down": {"uv": [3, 0, 0, 0], "texture": "#0"}
			}
		},
		{
			"name": "Antlers",
			"from": [4.79621, 5.10969, -2.10511],
			"to": [23.99621, 20.30969, -2.10511],
			"rotation": {"angle": -22.5, "axis": "y", "origin": [8, 6.13884, 6.95173]},
			"faces": {
				"north": {"uv": [3, 0, 0, 2.5], "texture": "#0"},
				"east": {"uv": [0, 0, 0, 2.5], "texture": "#0"},
				"south": {"uv": [0, 0, 3, 2.5], "texture": "#0"},
				"west": {"uv": [0, 0, 0, 2.5], "texture": "#0"},
				"up": {"uv": [3, 0, 0, 0], "texture": "#0"},
				"down": {"uv": [3, 0, 0, 0], "texture": "#0"}
			}
		},
		{
			"name": "UMouth",
			"from": [6.888, 9.37057, -7.21279],
			"to": [9.112, 12.02057, -4.43279],
			"rotation": {"angle": -22.5, "axis": "x", "origin": [8, 6.13884, 6.95173]},
			"faces": {
				"north": {"uv": [9, 5.75, 9.5, 6.5], "texture": "#0"},
				"east": {"uv": [4.75, 8, 5.5, 8.75], "texture": "#0"},
				"south": {"uv": [6, 9, 6.5, 9.75], "texture": "#0"},
				"west": {"uv": [8, 4.75, 8.75, 5.5], "texture": "#0"},
				"up": {"uv": [7, 9.75, 6.5, 9], "texture": "#0"},
				"down": {"uv": [7.5, 9, 7, 9.75], "texture": "#0"}
			}
		},
		{
			"name": "Ear1",
			"from": [5.89435, 7.15686, -2.91864],
			"to": [7.31235, 8.60686, -2.36264],
			"rotation": {"angle": -22.5, "axis": "z", "origin": [7, 9.41171, 0.10936]},
			"faces": {
				"north": {"uv": [7, 8.5, 7.25, 8], "rotation": 270, "texture": "#0"},
				"east": {"uv": [7.75, 3, 7.5, 2.75], "rotation": 90, "texture": "#0"},
				"south": {"uv": [7, 9, 7.25, 8.5], "rotation": 90, "texture": "#0"},
				"west": {"uv": [6, 6.5, 5.75, 6.75], "rotation": 90, "texture": "#0"},
				"up": {"uv": [8.5, 7.5, 8.75, 7], "rotation": 90, "texture": "#0"},
				"down": {"uv": [8.5, 4, 8.75, 3.5], "rotation": 90, "texture": "#0"}
			}
		},
		{
			"name": "Ear2",
			"from": [8.68765, 7.15686, -2.91864],
			"to": [10.10565, 8.60686, -2.36264],
			"rotation": {"angle": 22.5, "axis": "z", "origin": [9, 9.41171, 0.10936]},
			"faces": {
				"north": {"uv": [7, 8, 7.25, 8.5], "rotation": 270, "texture": "#0"},
				"east": {"uv": [6, 6.75, 5.75, 6.5], "rotation": 90, "texture": "#0"},
				"south": {"uv": [7, 8.5, 7.25, 9], "rotation": 90, "texture": "#0"},
				"west": {"uv": [7.75, 2.75, 7.5, 3], "rotation": 90, "texture": "#0"},
				"up": {"uv": [8.5, 7, 8.75, 7.5], "rotation": 90, "texture": "#0"},
				"down": {"uv": [8.5, 3.5, 8.75, 4], "rotation": 90, "texture": "#0"}
			}
		},
		{
			"name": "Leg4A",
			"from": [9.39, -6.85, 1.19],
			"to": [11.614, -3.514, 3.414],
			"rotation": {"angle": -22.5, "axis": "x", "origin": [8, 0.88884, 2.70173]},
			"faces": {
				"north": {"uv": [8.75, 8.5, 9.25, 9.25], "texture": "#1"},
				"east": {"uv": [9, 1.5, 9.5, 2.25], "texture": "#1"},
				"south": {"uv": [9, 2.25, 9.5, 3], "texture": "#1"},
				"west": {"uv": [3, 9, 3.5, 9.75], "texture": "#1"},
				"up": {"uv": [9.75, 4.5, 9.25, 4], "texture": "#1"},
				"down": {"uv": [9.75, 4.5, 9.25, 5], "texture": "#1"}
			}
		},
		{
			"name": "Leg4A",
			"from": [9.39, -3.514, 1.19],
			"to": [11.614, 1.49, 4.526],
			"rotation": {"angle": -22.5, "axis": "x", "origin": [8, 0.88884, 2.70173]},
			"faces": {
				"north": {"uv": [8, 2.75, 8.5, 4], "texture": "#1"},
				"east": {"uv": [7.25, 3, 8, 4.25], "texture": "#1"},
				"south": {"uv": [3.5, 8, 4, 9.25], "texture": "#1"},
				"west": {"uv": [7.25, 4.25, 8, 5.5], "texture": "#1"},
				"up": {"uv": [9.5, 5.75, 9, 5], "texture": "#1"},
				"down": {"uv": [6, 9, 5.5, 9.75], "texture": "#1"}
			}
		},
		{
			"name": "Leg3A",
			"from": [9.39, -3.514, 1.19],
			"to": [11.614, 1.49, 4.526],
			"rotation": {"angle": 22.5, "axis": "x", "origin": [8, 0.88884, 2.70173]},
			"faces": {
				"north": {"uv": [3.5, 7.75, 3, 9], "texture": "#1"},
				"east": {"uv": [7.25, 6.75, 6.5, 8], "texture": "#1"},
				"south": {"uv": [8.25, 7.5, 7.75, 8.75], "texture": "#1"},
				"west": {"uv": [6.5, 6.75, 5.75, 8], "texture": "#1"},
				"up": {"uv": [8.75, 5, 9.25, 4.25], "texture": "#1"},
				"down": {"uv": [4.5, 8.75, 5, 9.5], "texture": "#1"}
			}
		},
		{
			"name": "Leg3A",
			"from": [9.39, -6.85, 1.19],
			"to": [11.614, -3.514, 3.414],
			"rotation": {"angle": 22.5, "axis": "x", "origin": [8, 0.88884, 2.70173]},
			"faces": {
				"north": {"uv": [5.5, 8.75, 5, 9.5], "texture": "#1"},
				"east": {"uv": [9.25, 7.75, 8.75, 8.5], "texture": "#1"},
				"south": {"uv": [8.25, 8.75, 7.75, 9.5], "texture": "#1"},
				"west": {"uv": [9.25, 7, 8.75, 7.75], "texture": "#1"},
				"up": {"uv": [3.5, 9.75, 4, 9.25], "texture": "#1"},
				"down": {"uv": [9.25, 3.5, 9.75, 4], "texture": "#1"}
			}
		},
		{
			"name": "Leg3A",
			"from": [4.386, -3.514, 1.19],
			"to": [6.61, 1.49, 4.526],
			"rotation": {"angle": 22.5, "axis": "x", "origin": [8, 0.88884, 2.70173]},
			"faces": {
				"north": {"uv": [3, 7.75, 3.5, 9], "texture": "#1"},
				"east": {"uv": [5.75, 6.75, 6.5, 8], "texture": "#1"},
				"south": {"uv": [7.75, 7.5, 8.25, 8.75], "texture": "#1"},
				"west": {"uv": [6.5, 6.75, 7.25, 8], "texture": "#1"},
				"up": {"uv": [9.25, 5, 8.75, 4.25], "texture": "#1"},
				"down": {"uv": [5, 8.75, 4.5, 9.5], "texture": "#1"}
			}
		},
		{
			"name": "Leg3A",
			"from": [4.386, -6.85, 1.19],
			"to": [6.61, -3.514, 3.414],
			"rotation": {"angle": 22.5, "axis": "x", "origin": [8, 0.88884, 2.70173]},
			"faces": {
				"north": {"uv": [5, 8.75, 5.5, 9.5], "texture": "#1"},
				"east": {"uv": [8.75, 7, 9.25, 7.75], "texture": "#1"},
				"south": {"uv": [7.75, 8.75, 8.25, 9.5], "texture": "#1"},
				"west": {"uv": [8.75, 7.75, 9.25, 8.5], "texture": "#1"},
				"up": {"uv": [4, 9.75, 3.5, 9.25], "texture": "#1"},
				"down": {"uv": [9.75, 3.5, 9.25, 4], "texture": "#1"}
			}
		},
		{
			"name": "Leg4A",
			"from": [4.386, -6.85, 1.19],
			"to": [6.61, -3.514, 3.414],
			"rotation": {"angle": -22.5, "axis": "x", "origin": [8, 0.88884, 2.70173]},
			"faces": {
				"north": {"uv": [9.25, 8.5, 8.75, 9.25], "texture": "#1"},
				"east": {"uv": [3.5, 9, 3, 9.75], "texture": "#1"},
				"south": {"uv": [9.5, 2.25, 9, 3], "texture": "#1"},
				"west": {"uv": [9.5, 1.5, 9, 2.25], "texture": "#1"},
				"up": {"uv": [9.25, 4.5, 9.75, 4], "texture": "#1"},
				"down": {"uv": [9.25, 4.5, 9.75, 5], "texture": "#1"}
			}
		},
		{
			"name": "Leg4A",
			"from": [4.386, -3.514, 1.19],
			"to": [6.61, 1.49, 4.526],
			"rotation": {"angle": -22.5, "axis": "x", "origin": [8, 0.88884, 2.70173]},
			"faces": {
				"north": {"uv": [8.5, 2.75, 8, 4], "texture": "#1"},
				"east": {"uv": [8, 4.25, 7.25, 5.5], "texture": "#1"},
				"south": {"uv": [4, 8, 3.5, 9.25], "texture": "#1"},
				"west": {"uv": [8, 3, 7.25, 4.25], "texture": "#1"},
				"up": {"uv": [9, 5.75, 9.5, 5], "texture": "#1"},
				"down": {"uv": [5.5, 9, 6, 9.75], "texture": "#1"}
			}
		},
		{
			"name": "Leg2A",
			"from": [9.112, -6.85, 9.53],
			"to": [11.336, -3.514, 11.754],
			"rotation": {"angle": -22.5, "axis": "x", "origin": [8, -0.11116, 9.70173]},
			"faces": {
				"north": {"uv": [8.75, 0.75, 9.25, 1.5], "texture": "#1"},
				"east": {"uv": [1.5, 8.75, 2, 9.5], "texture": "#1"},
				"south": {"uv": [2, 8.75, 2.5, 9.5], "texture": "#1"},
				"west": {"uv": [2.5, 8.75, 3, 9.5], "texture": "#1"},
				"up": {"uv": [9.75, 1, 9.25, 0.5], "texture": "#1"},
				"down": {"uv": [9.75, 1, 9.25, 1.5], "texture": "#1"}
			}
		},
		{
			"name": "Leg2A",
			"from": [9.112, -3.514, 8.418],
			"to": [11.336, 0.378, 11.754],
			"rotation": {"angle": -22.5, "axis": "x", "origin": [8, -0.11116, 9.70173]},
			"faces": {
				"north": {"uv": [8.25, 1, 8.75, 2], "texture": "#1"},
				"east": {"uv": [7.5, 0, 8.25, 1], "texture": "#1"},
				"south": {"uv": [8.25, 7.5, 8.75, 8.5], "texture": "#1"},
				"west": {"uv": [7.5, 1, 8.25, 2], "texture": "#1"},
				"up": {"uv": [9.25, 4.25, 8.75, 3.5], "texture": "#1"},
				"down": {"uv": [4.5, 8.75, 4, 9.5], "texture": "#1"}
			}
		},
		{
			"name": "Leg1A",
			"from": [9.112, -3.514, 8.418],
			"to": [11.336, 0.378, 11.754],
			"rotation": {"angle": 22.5, "axis": "x", "origin": [8, -0.11116, 9.70173]},
			"faces": {
				"north": {"uv": [8.5, 6.5, 8, 7.5], "texture": "#1"},
				"east": {"uv": [8, 6.5, 7.25, 7.5], "texture": "#1"},
				"south": {"uv": [8.75, 0, 8.25, 1], "texture": "#1"},
				"west": {"uv": [8, 5.5, 7.25, 6.5], "texture": "#1"},
				"up": {"uv": [8.5, 2.75, 9, 2], "texture": "#1"},
				"down": {"uv": [8.5, 2.75, 9, 3.5], "texture": "#1"}
			}
		},
		{
			"name": "Leg1A",
			"from": [9.112, -6.85, 9.53],
			"to": [11.336, -3.514, 11.754],
			"rotation": {"angle": 22.5, "axis": "x", "origin": [8, -0.11116, 9.70173]},
			"faces": {
				"north": {"uv": [9, 5.5, 8.5, 6.25], "texture": "#1"},
				"east": {"uv": [9.25, 0, 8.75, 0.75], "texture": "#1"},
				"south": {"uv": [8.75, 8.5, 8.25, 9.25], "texture": "#1"},
				"west": {"uv": [9, 6.25, 8.5, 7], "texture": "#1"},
				"up": {"uv": [0, 9.75, 0.5, 9.25], "texture": "#1"},
				"down": {"uv": [9.25, 0, 9.75, 0.5], "texture": "#1"}
			}
		},
		{
			"name": "Leg1A",
			"from": [4.664, -3.514, 8.418],
			"to": [6.888, 0.378, 11.754],
			"rotation": {"angle": 22.5, "axis": "x", "origin": [8, -0.11116, 9.70173]},
			"faces": {
				"north": {"uv": [8, 6.5, 8.5, 7.5], "texture": "#1"},
				"east": {"uv": [7.25, 5.5, 8, 6.5], "texture": "#1"},
				"south": {"uv": [8.25, 0, 8.75, 1], "texture": "#1"},
				"west": {"uv": [7.25, 6.5, 8, 7.5], "texture": "#1"},
				"up": {"uv": [9, 2.75, 8.5, 2], "texture": "#1"},
				"down": {"uv": [9, 2.75, 8.5, 3.5], "texture": "#1"}
			}
		},
		{
			"name": "Leg1A",
			"from": [4.664, -6.85, 9.53],
			"to": [6.888, -3.514, 11.754],
			"rotation": {"angle": 22.5, "axis": "x", "origin": [8, -0.11116, 9.70173]},
			"faces": {
				"north": {"uv": [8.5, 5.5, 9, 6.25], "texture": "#1"},
				"east": {"uv": [8.5, 6.25, 9, 7], "texture": "#1"},
				"south": {"uv": [8.25, 8.5, 8.75, 9.25], "texture": "#1"},
				"west": {"uv": [8.75, 0, 9.25, 0.75], "texture": "#1"},
				"up": {"uv": [0.5, 9.75, 0, 9.25], "texture": "#1"},
				"down": {"uv": [9.75, 0, 9.25, 0.5], "texture": "#1"}
			}
		},
		{
			"name": "Leg2A",
			"from": [4.664, -6.85, 9.53],
			"to": [6.888, -3.514, 11.754],
			"rotation": {"angle": -22.5, "axis": "x", "origin": [8, -0.11116, 9.70173]},
			"faces": {
				"north": {"uv": [9.25, 0.75, 8.75, 1.5], "texture": "#1"},
				"east": {"uv": [3, 8.75, 2.5, 9.5], "texture": "#1"},
				"south": {"uv": [2.5, 8.75, 2, 9.5], "texture": "#1"},
				"west": {"uv": [2, 8.75, 1.5, 9.5], "texture": "#1"},
				"up": {"uv": [9.25, 1, 9.75, 0.5], "texture": "#1"},
				"down": {"uv": [9.25, 1, 9.75, 1.5], "texture": "#1"}
			}
		},
		{
			"name": "Leg2A",
			"from": [4.664, -3.514, 8.418],
			"to": [6.888, 0.378, 11.754],
			"rotation": {"angle": -22.5, "axis": "x", "origin": [8, -0.11116, 9.70173]},
			"faces": {
				"north": {"uv": [8.75, 1, 8.25, 2], "texture": "#1"},
				"east": {"uv": [8.25, 1, 7.5, 2], "texture": "#1"},
				"south": {"uv": [8.75, 7.5, 8.25, 8.5], "texture": "#1"},
				"west": {"uv": [8.25, 0, 7.5, 1], "texture": "#1"},
				"up": {"uv": [8.75, 4.25, 9.25, 3.5], "texture": "#1"},
				"down": {"uv": [4, 8.75, 4.5, 9.5], "texture": "#1"}
			}
		}
	],
	"display": {
		"gui": {
			"rotation": [30, 225, 0],
			"translation": [-2.5, 6.25, 0],
			"scale": [0.8, 0.8, 0.8]
		},
		"head": {
			"translation": [0, -33.25, -8.5],
			"scale": [4, 4, 4]
		},
		"fixed": {
			"translation": [0, 48, 33.5],
			"scale": [4, 4, 4]
		}
	},
	"groups": [
		{
			"name": "Body",
			"origin": [0, 13, 9],
			"color": 0,
			"children": [0, 1]
		},
		{
			"name": "TailA",
			"origin": [0, 20, 11],
			"color": 0,
			"children": [2]
		},
		{
			"name": "head",
			"origin": [8, 8, 8],
			"color": 0,
			"children": [
				3,
				{
					"name": "Head",
					"origin": [0, 28, -11],
					"rotation": [6, -5, 0],
					"color": 0,
					"children": [
						4,
						{
							"name": "Antlers",
							"origin": [8, 6.13884, 6.95173],
							"color": 0,
							"children": [5, 6]
						},
						7,
						{
							"name": "Ear1",
							"origin": [0, 17, -8],
							"color": 0,
							"children": [8]
						},
						{
							"name": "Ear2",
							"origin": [0, 17, -8],
							"color": 0,
							"children": [9]
						}
					]
				}
			]
		},
		{
			"name": "legs",
			"origin": [8, 8, 8],
			"color": 0,
			"children": [
				{
					"name": "Leg4A",
					"origin": [3, 11, -9],
					"color": 0,
					"children": [
						10,
						11,
						{
							"name": "Leg3A",
							"origin": [-3, 11, -9],
							"color": 0,
							"children": [12, 13]
						}
					]
				},
				{
					"name": "Leg3A",
					"origin": [-3, 11, -9],
					"color": 0,
					"children": [
						14,
						15,
						{
							"name": "Leg4A",
							"origin": [3, 11, -9],
							"color": 0,
							"children": [16, 17]
						}
					]
				},
				{
					"name": "Leg2A",
					"origin": [3, 11, 9],
					"color": 0,
					"children": [
						18,
						19,
						{
							"name": "Leg1A",
							"origin": [-3, 11, 9],
							"color": 0,
							"children": [20, 21]
						}
					]
				},
				{
					"name": "Leg1A",
					"origin": [-3, 11, 9],
					"color": 0,
					"children": [
						22,
						23,
						{
							"name": "Leg2A",
							"origin": [3, 11, 9],
							"color": 0,
							"children": [24, 25]
						}
					]
				}
			]
		}
	]
}