{
	"credit": "Made with Blockbench",
	"texture_size": [128, 128],
	"textures": {
		"1": "krmc:krmc_mobs/megatherium",
		"3": "krmc:krmc_mobs/animations/megatherium"
	},
	"elements": [
		{
			"name": "main",
			"from": [-1.97312, 1.27813, 13.5675],
			"to": [4.10188, 4.31563, 21.6925],
			"rotation": {"angle": 22.5, "axis": "x", "origin": [1.16563, 14.13875, 19.22688]},
			"faces": {
				"north": {"uv": [6.25, 8.5, 7, 8.875], "texture": "#3"},
				"east": {"uv": [8.125, 7.375, 9.125, 7.75], "texture": "#3"},
				"south": {"uv": [8.625, 0, 9.375, 0.375], "texture": "#3"},
				"west": {"uv": [8.25, 4.75, 9.25, 5.125], "texture": "#3"},
				"up": {"uv": [7.5, 1, 6.75, 0], "texture": "#3"},
				"down": {"uv": [7.5, 1, 6.75, 2], "texture": "#3"}
			}
		},
		{
			"name": "main",
			"from": [-1.625, 2.375, 16],
			"to": [3, 9.125, 22.75],
			"rotation": {"angle": 22.5, "axis": "x", "origin": [1.16563, 14.13875, 19.22688]},
			"faces": {
				"north": {"uv": [5.375, 7.375, 6, 8.25], "texture": "#3"},
				"east": {"uv": [2.875, 6.25, 3.75, 7.125], "texture": "#3"},
				"south": {"uv": [6, 7.375, 6.625, 8.25], "texture": "#3"},
				"west": {"uv": [3.75, 6.25, 4.625, 7.125], "texture": "#3"},
				"up": {"uv": [0.625, 8.375, 0, 7.5], "texture": "#3"},
				"down": {"uv": [8.125, 0, 7.5, 0.875], "texture": "#3"}
			}
		},
		{
			"name": "main",
			"from": [-2.6875, 9.125, 15.4375],
			"to": [4.0625, 15.875, 23.3125],
			"rotation": {"angle": 22.5, "axis": "x", "origin": [1.16563, 14.13875, 19.22688]},
			"faces": {
				"north": {"uv": [4.625, 6.25, 5.5, 7.125], "texture": "#3"},
				"east": {"uv": [1.5, 3.25, 2.5, 4.125], "texture": "#3"},
				"south": {"uv": [0.875, 6.375, 1.75, 7.25], "texture": "#3"},
				"west": {"uv": [5.125, 1.25, 6.125, 2.125], "texture": "#3"},
				"up": {"uv": [6, 3.125, 5.125, 2.125], "texture": "#3"},
				"down": {"uv": [2.25, 5.375, 1.375, 6.375], "texture": "#3"}
			}
		},
		{
			"name": "main",
			"from": [-1.97313, 1.27812, 13.5675],
			"to": [4.10187, 4.31562, 21.6925],
			"rotation": {"angle": -22.5, "axis": "x", "origin": [1.16563, 14.13875, 19.22688]},
			"faces": {
				"north": {"uv": [9.375, 0.375, 8.625, 0.75], "texture": "#3"},
				"east": {"uv": [9.375, 2.75, 8.375, 3.125], "texture": "#3"},
				"south": {"uv": [7.75, 8.625, 7, 9], "texture": "#3"},
				"west": {"uv": [9.375, 2.375, 8.375, 2.75], "texture": "#3"},
				"up": {"uv": [6.75, 6.625, 7.5, 5.625], "texture": "#3"},
				"down": {"uv": [6.75, 6.625, 7.5, 7.625], "texture": "#3"}
			}
		},
		{
			"name": "main",
			"from": [-1.625, 2.375, 16],
			"to": [3, 9.125, 22.75],
			"rotation": {"angle": -22.5, "axis": "x", "origin": [1.16563, 14.13875, 19.22688]},
			"faces": {
				"north": {"uv": [8.125, 0.875, 7.5, 1.75], "texture": "#3"},
				"east": {"uv": [7.25, 3.875, 6.375, 4.75], "texture": "#3"},
				"south": {"uv": [2.875, 7.5, 2.25, 8.375], "texture": "#3"},
				"west": {"uv": [7.25, 3, 6.375, 3.875], "texture": "#3"},
				"up": {"uv": [7.5, 6, 8.125, 5.125], "texture": "#3"},
				"down": {"uv": [7.5, 6, 8.125, 6.875], "texture": "#3"}
			}
		},
		{
			"name": "main",
			"from": [-2.6875, 9.125, 15.4375],
			"to": [4.0625, 15.875, 23.3125],
			"rotation": {"angle": -22.5, "axis": "x", "origin": [1.16563, 14.13875, 19.22688]},
			"faces": {
				"north": {"uv": [7.25, 4.75, 6.375, 5.625], "texture": "#3"},
				"east": {"uv": [4.25, 5.375, 3.25, 6.25], "texture": "#3"},
				"south": {"uv": [0.875, 6.625, 0, 7.5], "texture": "#3"},
				"west": {"uv": [3.25, 5.375, 2.25, 6.25], "texture": "#3"},
				"up": {"uv": [5.5, 4.125, 6.375, 3.125], "texture": "#3"},
				"down": {"uv": [5.5, 4.125, 6.375, 5.125], "texture": "#3"}
			}
		},
		{
			"name": "main",
			"from": [11.89813, 1.27812, 13.5675],
			"to": [17.97313, 4.31562, 21.6925],
			"rotation": {"angle": 22.5, "axis": "x", "origin": [1.16563, 14.13875, 19.22688]},
			"faces": {
				"north": {"uv": [8.625, 0.375, 9.375, 0.75], "texture": "#3"},
				"east": {"uv": [8.375, 2.375, 9.375, 2.75], "texture": "#3"},
				"south": {"uv": [7, 8.625, 7.75, 9], "texture": "#3"},
				"west": {"uv": [8.375, 2.75, 9.375, 3.125], "texture": "#3"},
				"up": {"uv": [7.5, 6.625, 6.75, 5.625], "texture": "#3"},
				"down": {"uv": [7.5, 6.625, 6.75, 7.625], "texture": "#3"}
			}
		},
		{
			"name": "main",
			"from": [13, 2.375, 16],
			"to": [17.625, 9.125, 22.75],
			"rotation": {"angle": 22.5, "axis": "x", "origin": [1.16563, 14.13875, 19.22688]},
			"faces": {
				"north": {"uv": [7.5, 0.875, 8.125, 1.75], "texture": "#3"},
				"east": {"uv": [6.375, 3, 7.25, 3.875], "texture": "#3"},
				"south": {"uv": [2.25, 7.5, 2.875, 8.375], "texture": "#3"},
				"west": {"uv": [6.375, 3.875, 7.25, 4.75], "texture": "#3"},
				"up": {"uv": [8.125, 6, 7.5, 5.125], "texture": "#3"},
				"down": {"uv": [8.125, 6, 7.5, 6.875], "texture": "#3"}
			}
		},
		{
			"name": "main",
			"from": [11.9375, 9.125, 15.4375],
			"to": [18.6875, 15.875, 23.3125],
			"rotation": {"angle": 22.5, "axis": "x", "origin": [1.16563, 14.13875, 19.22688]},
			"faces": {
				"north": {"uv": [6.375, 4.75, 7.25, 5.625], "texture": "#3"},
				"east": {"uv": [2.25, 5.375, 3.25, 6.25], "texture": "#3"},
				"south": {"uv": [0, 6.625, 0.875, 7.5], "texture": "#3"},
				"west": {"uv": [3.25, 5.375, 4.25, 6.25], "texture": "#3"},
				"up": {"uv": [6.375, 4.125, 5.5, 3.125], "texture": "#3"},
				"down": {"uv": [6.375, 4.125, 5.5, 5.125], "texture": "#3"}
			}
		},
		{
			"name": "main",
			"from": [11.89812, 1.27813, 13.5675],
			"to": [17.97312, 4.31563, 21.6925],
			"rotation": {"angle": -22.5, "axis": "x", "origin": [14.83437, 14.13875, 19.22688]},
			"faces": {
				"north": {"uv": [7, 8.5, 6.25, 8.875], "texture": "#3"},
				"east": {"uv": [9.25, 4.75, 8.25, 5.125], "texture": "#3"},
				"south": {"uv": [9.375, 0, 8.625, 0.375], "texture": "#3"},
				"west": {"uv": [9.125, 7.375, 8.125, 7.75], "texture": "#3"},
				"up": {"uv": [6.75, 1, 7.5, 0], "texture": "#3"},
				"down": {"uv": [6.75, 1, 7.5, 2], "texture": "#3"}
			}
		},
		{
			"name": "main",
			"from": [13, 2.375, 16],
			"to": [17.625, 9.125, 22.75],
			"rotation": {"angle": -22.5, "axis": "x", "origin": [14.83437, 14.13875, 19.22688]},
			"faces": {
				"north": {"uv": [6, 7.375, 5.375, 8.25], "texture": "#3"},
				"east": {"uv": [4.625, 6.25, 3.75, 7.125], "texture": "#3"},
				"south": {"uv": [6.625, 7.375, 6, 8.25], "texture": "#3"},
				"west": {"uv": [3.75, 6.25, 2.875, 7.125], "texture": "#3"},
				"up": {"uv": [0, 8.375, 0.625, 7.5], "texture": "#3"},
				"down": {"uv": [7.5, 0, 8.125, 0.875], "texture": "#3"}
			}
		},
		{
			"name": "main",
			"from": [11.9375, 9.125, 15.4375],
			"to": [18.6875, 15.875, 23.3125],
			"rotation": {"angle": -22.5, "axis": "x", "origin": [14.83437, 14.13875, 19.22688]},
			"faces": {
				"north": {"uv": [5.5, 6.25, 4.625, 7.125], "texture": "#3"},
				"east": {"uv": [6.125, 1.25, 5.125, 2.125], "texture": "#3"},
				"south": {"uv": [1.75, 6.375, 0.875, 7.25], "texture": "#3"},
				"west": {"uv": [2.5, 3.25, 1.5, 4.125], "texture": "#3"},
				"up": {"uv": [5.125, 3.125, 6, 2.125], "texture": "#3"},
				"down": {"uv": [1.375, 5.375, 2.25, 6.375], "texture": "#3"}
			}
		},
		{
			"from": [-1.9, 9.85, 0.55],
			"to": [3.05, 19.5125, 6.7375],
			"rotation": {"angle": -22.5, "axis": "x", "origin": [-11.8, 16.95, 3.7]},
			"faces": {
				"north": {"uv": [6.125, 0.875, 6.75, 2.125], "texture": "#1"},
				"east": {"uv": [4.375, 1.25, 5.125, 2.5], "texture": "#1"},
				"south": {"uv": [5.5, 6.125, 6.125, 7.375], "texture": "#1"},
				"west": {"uv": [4.375, 2.5, 5.125, 3.75], "texture": "#1"},
				"up": {"uv": [8.75, 1.75, 8.125, 1], "texture": "#1"},
				"down": {"uv": [8.75, 5.125, 8.125, 5.875], "texture": "#1"}
			}
		},
		{
			"name": "3",
			"from": [0.8425, 3.05229, 8.89902],
			"to": [4.5449, 4.83429, 8.89902],
			"rotation": {"angle": 22.5, "axis": "x", "origin": [-11.8, 16.95, 3.7]},
			"faces": {
				"north": {"uv": [9.25, 5.375, 8.75, 5.125], "rotation": 180, "texture": "#1"},
				"east": {"uv": [2.5, 3.875, 2.75, 4.125], "rotation": 90, "texture": "#1"},
				"south": {"uv": [9.25, 5.125, 8.75, 5.375], "texture": "#1"},
				"west": {"uv": [4.375, 3.75, 4.625, 4], "rotation": 270, "texture": "#1"},
				"up": {"uv": [1.75, 7, 2.25, 7.25], "texture": "#1"},
				"down": {"uv": [4.25, 6, 4.75, 6.25], "rotation": 180, "texture": "#1"}
			}
		},
		{
			"name": "2",
			"from": [0.8425, 2.00598, 5.79712],
			"to": [4.5449, 3.78798, 5.79712],
			"rotation": {"angle": 0, "axis": "x", "origin": [-11.8, 16.95, 3.7]},
			"faces": {
				"north": {"uv": [8.75, 5.125, 9.25, 5.375], "texture": "#1"},
				"east": {"uv": [5.75, 0.875, 6, 1.125], "texture": "#1"},
				"south": {"uv": [9.25, 5.125, 8.75, 5.375], "texture": "#1"},
				"west": {"uv": [6.375, 5.625, 6.625, 5.875], "texture": "#1"},
				"up": {"uv": [9.25, 6.375, 8.75, 6.125], "texture": "#1"},
				"down": {"uv": [9.25, 6.375, 8.75, 6.625], "texture": "#1"}
			}
		},
		{
			"name": "1",
			"from": [0.8425, 1.53065, 2.6433],
			"to": [4.5449, 3.31265, 2.6433],
			"rotation": {"angle": -22.5, "axis": "x", "origin": [-11.8, 16.95, 3.7]},
			"faces": {
				"north": {"uv": [8.75, 5.125, 9.25, 5.375], "texture": "#1"},
				"east": {"uv": [6.375, 5.875, 6.625, 6.125], "texture": "#1"},
				"south": {"uv": [9.25, 5.125, 8.75, 5.375], "texture": "#1"},
				"west": {"uv": [7.25, 5.125, 7.5, 5.375], "texture": "#1"},
				"up": {"uv": [9.25, 7.375, 8.75, 7.125], "texture": "#1"},
				"down": {"uv": [8.25, 8.75, 7.75, 9], "texture": "#1"}
			}
		},
		{
			"name": "main",
			"from": [-0.91, 2.45148, 3.10422],
			"to": [1.763, 11.36148, 8.45022],
			"rotation": {"angle": 0, "axis": "x", "origin": [-11.8, 16.95, 3.7]},
			"faces": {
				"north": {"uv": [1.875, 8.25, 2.25, 9.375], "texture": "#1"},
				"east": {"uv": [2.875, 7.125, 3.5, 8.25], "texture": "#1"},
				"south": {"uv": [4.5, 8.25, 4.875, 9.375], "texture": "#1"},
				"west": {"uv": [3.5, 7.125, 4.125, 8.25], "texture": "#1"},
				"up": {"uv": [2.875, 3.875, 2.5, 3.25], "texture": "#1"},
				"down": {"uv": [5.5, 3.125, 5.125, 3.75], "texture": "#1"}
			}
		},
		{
			"from": [12.95, 9.85, 0.55],
			"to": [17.9, 19.5125, 6.7375],
			"rotation": {"angle": -22.5, "axis": "x", "origin": [-11.8, 16.95, 3.7]},
			"faces": {
				"north": {"uv": [6.125, 6.125, 6.75, 7.375], "texture": "#1"},
				"east": {"uv": [4.75, 3.75, 5.5, 5], "texture": "#1"},
				"south": {"uv": [2.25, 6.25, 2.875, 7.5], "texture": "#1"},
				"west": {"uv": [4.75, 5, 5.5, 6.25], "texture": "#1"},
				"up": {"uv": [8.75, 6.625, 8.125, 5.875], "texture": "#1"},
				"down": {"uv": [8.75, 6.625, 8.125, 7.375], "texture": "#1"}
			}
		},
		{
			"name": "3",
			"from": [11.4551, 3.11495, 8.96064],
			"to": [15.1575, 4.89695, 8.96064],
			"rotation": {"angle": 22.5, "axis": "x", "origin": [-11.8, 16.95, 3.7]},
			"faces": {
				"north": {"uv": [1.625, 9.125, 1.125, 8.875], "rotation": 180, "texture": "#1"},
				"east": {"uv": [7.25, 5.375, 7.5, 5.625], "rotation": 90, "texture": "#1"},
				"south": {"uv": [1.625, 8.875, 1.125, 9.125], "texture": "#1"},
				"west": {"uv": [7.5, 1.75, 7.75, 2], "rotation": 270, "texture": "#1"},
				"up": {"uv": [8.75, 8.75, 9.25, 9], "texture": "#1"},
				"down": {"uv": [8.25, 8.75, 8.75, 9], "rotation": 180, "texture": "#1"}
			}
		},
		{
			"name": "2",
			"from": [11.4551, 2.04685, 5.8622],
			"to": [15.1575, 3.82885, 5.8622],
			"rotation": {"angle": 0, "axis": "x", "origin": [-11.8, 16.95, 3.7]},
			"faces": {
				"north": {"uv": [1.125, 8.875, 1.625, 9.125], "texture": "#1"},
				"east": {"uv": [7.875, 3.625, 8.125, 3.875], "texture": "#1"},
				"south": {"uv": [1.625, 8.875, 1.125, 9.125], "texture": "#1"},
				"west": {"uv": [6.25, 8.25, 6.5, 8.5], "texture": "#1"},
				"up": {"uv": [9.375, 4.625, 8.875, 4.375], "texture": "#1"},
				"down": {"uv": [6.125, 8.875, 5.625, 9.125], "texture": "#1"}
			}
		},
		{
			"name": "1",
			"from": [11.4551, 1.5435, 2.7362],
			"to": [15.1575, 3.3255, 2.7362],
			"rotation": {"angle": -22.5, "axis": "x", "origin": [-11.8, 16.95, 3.7]},
			"faces": {
				"north": {"uv": [1.125, 8.875, 1.625, 9.125], "texture": "#1"},
				"east": {"uv": [1.625, 8.875, 1.875, 9.125], "texture": "#1"},
				"south": {"uv": [1.625, 8.875, 1.125, 9.125], "texture": "#1"},
				"west": {"uv": [3.25, 8.875, 3.5, 9.125], "texture": "#1"},
				"up": {"uv": [9.5, 1.875, 9, 1.625], "texture": "#1"},
				"down": {"uv": [9.5, 1.875, 9, 2.125], "texture": "#1"}
			}
		},
		{
			"name": "main",
			"from": [14.237, 2.48422, 3.09666],
			"to": [16.91, 11.39422, 8.44266],
			"rotation": {"angle": 0, "axis": "x", "origin": [-11.8, 16.95, 3.7]},
			"faces": {
				"north": {"uv": [4.875, 8.25, 5.25, 9.375], "texture": "#1"},
				"east": {"uv": [4.125, 7.125, 4.75, 8.25], "texture": "#1"},
				"south": {"uv": [5.25, 8.25, 5.625, 9.375], "texture": "#1"},
				"west": {"uv": [4.75, 7.125, 5.375, 8.25], "texture": "#1"},
				"up": {"uv": [2.125, 7, 1.75, 6.375], "texture": "#1"},
				"down": {"uv": [9.125, 0.75, 8.75, 1.375], "texture": "#1"}
			}
		},
		{
			"name": "skull",
			"from": [5.1875, 11.5, -7.625],
			"to": [10.8125, 18.25, -2.875],
			"rotation": {"angle": -22.5, "axis": "x", "origin": [8, 14.48612, -5.67766]},
			"faces": {
				"north": {"uv": [7, 2, 7.75, 2.875], "texture": "#1"},
				"east": {"uv": [7.5, 6.875, 8.125, 7.75], "texture": "#1"},
				"south": {"uv": [0.875, 7.25, 1.625, 8.125], "texture": "#1"},
				"west": {"uv": [6.625, 7.625, 7.25, 8.5], "texture": "#1"},
				"up": {"uv": [1.875, 8.875, 1.125, 8.25], "texture": "#1"},
				"down": {"uv": [3.625, 8.25, 2.875, 8.875], "texture": "#1"}
			}
		},
		{
			"name": "eye_left",
			"from": [5.1874, 15, -5.625],
			"to": [5.1874, 16, -4.625],
			"rotation": {"angle": -22.5, "axis": "x", "origin": [8, 14.48612, -5.67766]},
			"faces": {
				"north": {"uv": [7, 2, 7.75, 2.875], "texture": "#1"},
				"east": {"uv": [10.25, 4.875, 10.875, 5.5], "texture": "#1"},
				"south": {"uv": [0.875, 7.25, 1.625, 8.125], "texture": "#1"},
				"west": {"uv": [10.25, 4.875, 10.875, 5.5], "texture": "#1"},
				"up": {"uv": [1.875, 8.875, 1.125, 8.25], "texture": "#1"},
				"down": {"uv": [3.625, 8.25, 2.875, 8.875], "texture": "#1"}
			}
		},
		{
			"name": "eye_right",
			"from": [10.8126, 15, -5.625],
			"to": [10.8126, 16, -4.625],
			"rotation": {"angle": -22.5, "axis": "x", "origin": [8, 14.48612, -5.67766]},
			"faces": {
				"north": {"uv": [7.75, 2, 7, 2.875], "texture": "#1"},
				"east": {"uv": [10.875, 4.875, 10.25, 5.5], "texture": "#1"},
				"south": {"uv": [1.625, 7.25, 0.875, 8.125], "texture": "#1"},
				"west": {"uv": [10.875, 4.875, 10.25, 5.5], "texture": "#1"},
				"up": {"uv": [1.125, 8.875, 1.875, 8.25], "texture": "#1"},
				"down": {"uv": [2.875, 8.25, 3.625, 8.875], "texture": "#1"}
			}
		},
		{
			"name": "lowerjaw",
			"from": [5.6875, 10.81388, -10.59843],
			"to": [10.3125, 12.71388, -7.09843],
			"rotation": {"angle": -22.5, "axis": "x", "origin": [8, 12.81946, -7.13905]},
			"faces": {
				"north": {"uv": [4.5, 8.75, 3.875, 9], "rotation": 180, "texture": "#1"},
				"east": {"uv": [0.625, 7.5, 0.875, 8.125], "rotation": 270, "texture": "#1"},
				"south": {"uv": [9.375, 1.625, 8.75, 1.375], "texture": "#1"},
				"west": {"uv": [3.625, 8.75, 3.875, 9.375], "rotation": 90, "texture": "#1"},
				"up": {"uv": [8.25, 4.125, 8.875, 4.75], "rotation": 180, "texture": "#1"},
				"down": {"uv": [5.625, 8.25, 6.25, 8.875], "texture": "#1"}
			}
		},
		{
			"name": "tongue",
			"from": [7.5, 12.81388, -11.09844],
			"to": [8.5, 12.81388, -7.09844],
			"rotation": {"angle": -22.5, "axis": "x", "origin": [6.8125, 12.81946, -7.13905]},
			"faces": {
				"north": {"uv": [1.5, 4.375, 1.375, 5], "texture": "#1"},
				"east": {"uv": [1.5, 4.375, 1.375, 5], "texture": "#1"},
				"south": {"uv": [1.5, 4.375, 1.375, 5], "texture": "#1"},
				"west": {"uv": [1.5, 4.375, 1.375, 5], "texture": "#1"},
				"up": {"uv": [1.5, 5, 1.375, 4.375], "texture": "#1"},
				"down": {"uv": [1.5, 4.375, 1.375, 5], "texture": "#1"}
			}
		},
		{
			"name": "skull",
			"from": [5.6875, 11.90696, -10.73905],
			"to": [10.3125, 15.40696, -7.23905],
			"rotation": {"angle": -22.5, "axis": "x", "origin": [8, 12.71946, -9.48905]},
			"faces": {
				"north": {"uv": [2.25, 8.375, 2.875, 8.875], "texture": "#1"},
				"east": {"uv": [8.375, 3.125, 9, 3.625], "texture": "#1"},
				"south": {"uv": [8.375, 7.75, 9, 8.25], "texture": "#1"},
				"west": {"uv": [8.375, 8.25, 9, 8.75], "texture": "#1"},
				"up": {"uv": [0.625, 9, 0, 8.375], "texture": "#1"},
				"down": {"uv": [9, 1.75, 8.375, 2.375], "texture": "#1"}
			}
		},
		{
			"name": "neck",
			"from": [4.625, 11.7956, -4.4635],
			"to": [11.375, 19.6706, -0.5885],
			"rotation": {"angle": 0, "axis": "x", "origin": [8, 14.48612, -5.67766]},
			"faces": {
				"north": {"uv": [5.5, 5.125, 6.375, 6.125], "texture": "#1"},
				"east": {"uv": [7.875, 2.625, 8.375, 3.625], "texture": "#1"},
				"south": {"uv": [0, 5.625, 0.875, 6.625], "texture": "#1"},
				"west": {"uv": [7.875, 7.75, 8.375, 8.75], "texture": "#1"},
				"up": {"uv": [4.5, 8.75, 3.625, 8.25], "texture": "#1"},
				"down": {"uv": [9.125, 3.625, 8.25, 4.125], "texture": "#1"}
			}
		},
		{
			"name": "body",
			"from": [1.8125, 6.875, 10.375],
			"to": [14.1875, 18.125, 22.75],
			"rotation": {"angle": 22.5, "axis": "x", "origin": [8, 13.625, 19.375]},
			"faces": {
				"north": {"uv": [2.875, 0, 4.375, 1.375], "texture": "#1"},
				"east": {"uv": [2.875, 1.375, 4.375, 2.75], "texture": "#1"},
				"south": {"uv": [2.875, 2.75, 4.375, 4.125], "texture": "#1"},
				"west": {"uv": [0, 3, 1.5, 4.375], "texture": "#1"},
				"up": {"uv": [1.5, 1.5, 0, 0], "texture": "#1"},
				"down": {"uv": [1.5, 1.5, 0, 3], "texture": "#1"}
			}
		},
		{
			"name": "body",
			"from": [2.375, 10.25, -0.625],
			"to": [13.625, 20.375, 12.625],
			"rotation": {"angle": 0, "axis": "x", "origin": [8, 15.875, 14.875]},
			"faces": {
				"north": {"uv": [0, 4.375, 1.375, 5.625], "texture": "#1"},
				"east": {"uv": [1.5, 4.125, 3.125, 5.375], "texture": "#1"},
				"south": {"uv": [4.375, 0, 5.75, 1.25], "texture": "#1"},
				"west": {"uv": [3.125, 4.125, 4.75, 5.375], "texture": "#1"},
				"up": {"uv": [2.875, 1.625, 1.5, 0], "texture": "#1"},
				"down": {"uv": [2.875, 1.625, 1.5, 3.25], "texture": "#1"}
			}
		},
		{
			"name": "tail_idk",
			"from": [5.3, -0.55, 15.55],
			"to": [10.7, 6.2, 23.65],
			"rotation": {"angle": 45, "axis": "x", "origin": [8, 2.90938, 32.2]},
			"faces": {
				"north": {"uv": [7.75, 1.75, 8.375, 2.625], "texture": "#1"},
				"east": {"uv": [5.75, 0, 6.75, 0.875], "texture": "#1"},
				"south": {"uv": [7.25, 7.75, 7.875, 8.625], "texture": "#1"},
				"west": {"uv": [6, 2.125, 7, 3], "texture": "#1"},
				"up": {"uv": [2.25, 8.25, 1.625, 7.25], "texture": "#1"},
				"down": {"uv": [7.875, 2.875, 7.25, 3.875], "texture": "#1"}
			}
		},
		{
			"name": "tail_idk",
			"from": [5.975, 0.8, 23.65],
			"to": [10.025, 5.525, 31.3],
			"rotation": {"angle": 45, "axis": "x", "origin": [8, 2.90938, 32.2]},
			"faces": {
				"north": {"uv": [4.25, 5.375, 4.75, 6], "texture": "#1"},
				"east": {"uv": [7.25, 3.875, 8.25, 4.5], "texture": "#1"},
				"south": {"uv": [0.875, 5.625, 1.375, 6.25], "texture": "#1"},
				"west": {"uv": [7.25, 4.5, 8.25, 5.125], "texture": "#1"},
				"up": {"uv": [8.625, 1, 8.125, 0], "texture": "#1"},
				"down": {"uv": [1.125, 8.125, 0.625, 9.125], "texture": "#1"}
			}
		}
	],
	"display": {
		"thirdperson_righthand": {
			"rotation": [75, 45, 0],
			"translation": [0, 2.5, 0],
			"scale": [0.375, 0.375, 0.375]
		},
		"thirdperson_lefthand": {
			"rotation": [75, 45, 0],
			"translation": [0, 2.5, 0],
			"scale": [0.375, 0.375, 0.375]
		},
		"firstperson_righthand": {
			"rotation": [0, 45, 0],
			"scale": [0.4, 0.4, 0.4]
		},
		"firstperson_lefthand": {
			"rotation": [0, 225, 0],
			"scale": [0.4, 0.4, -0.4]
		},
		"ground": {
			"translation": [0, 2, 0],
			"scale": [0.5, 0.5, 0.5]
		},
		"gui": {
			"rotation": [30, 225, 0],
			"translation": [1.75, -1.5, 0],
			"scale": [0.625, 0.625, 0.625]
		},
		"head": {
			"translation": [0, -80, 2.5],
			"scale": [3.75, 3.75, 3.75]
		},
		"fixed": {
			"translation": [0, 36.25, 16.25],
			"scale": [2.5, 2.5, 2.5]
		}
	},
	"groups": [
		{
			"name": "root",
			"origin": [8, 8, 8],
			"color": 0,
			"children": [
				{
					"name": "legs",
					"origin": [8, 8, 8],
					"color": 0,
					"children": [
						{
							"name": "1",
							"origin": [8, 8, 8],
							"color": 0,
							"children": [
								{
									"name": "foot",
									"origin": [8, 8, 8],
									"color": 0,
									"children": [0]
								},
								1,
								2,
								{
									"name": "2",
									"origin": [8, 8, 8],
									"color": 0,
									"children": [
										{
											"name": "foot",
											"origin": [8, 8, 8],
											"color": 0,
											"children": [3]
										},
										4,
										5
									]
								}
							]
						},
						{
							"name": "2",
							"origin": [8, 8, 8],
							"color": 0,
							"children": [
								{
									"name": "foot",
									"origin": [8, 8, 8],
									"color": 0,
									"children": [6]
								},
								7,
								8,
								{
									"name": "1",
									"origin": [8, 8, 8],
									"color": 0,
									"children": [
										{
											"name": "foot",
											"origin": [8, 8, 8],
											"color": 0,
											"children": [9]
										},
										10,
										11
									]
								}
							]
						}
					]
				},
				{
					"name": "arms",
					"origin": [8, 8, 8],
					"color": 0,
					"children": [
						{
							"name": "1",
							"origin": [8, 8, 8],
							"color": 0,
							"children": [
								12,
								{
									"name": "hand",
									"origin": [8, 8, 8],
									"color": 0,
									"children": [
										{
											"name": "claws",
											"origin": [8, 8, 8],
											"color": 0,
											"children": [13, 14, 15]
										},
										16
									]
								}
							]
						},
						{
							"name": "2",
							"origin": [8, 8, 8],
							"color": 0,
							"children": [
								17,
								{
									"name": "hand",
									"origin": [8, 8, 8],
									"color": 0,
									"children": [
										{
											"name": "claws",
											"origin": [8, 8, 8],
											"color": 0,
											"children": [18, 19, 20]
										},
										21
									]
								}
							]
						}
					]
				},
				{
					"name": "head",
					"origin": [8, 8, 8],
					"color": 0,
					"children": [
						{
							"name": "skull",
							"origin": [8, 8, 8],
							"color": 0,
							"children": [22, 23, 24, 25, 26, 27]
						},
						28
					]
				},
				29,
				30,
				{
					"name": "tail",
					"origin": [8, 8, 8],
					"color": 0,
					"children": [31, 32]
				}
			]
		}
	]
}