{
	"credit": "Made with Blockbench",
	"texture_size": [64, 64],
	"textures": {
		"1": "krmc:krmc_mobs/nigersaurus",
		"2": "krmc:krmc_mobs/animations/nigersaurus",
		"particle": "krmc:krmc_mobs/animations/nigersaurus"
	},
	"elements": [
		{
			"name": "tail",
			"from": [5.51375, -0.783, 10.9835],
			"to": [10.48625, 5.184, 17.945],
			"rotation": {"angle": 0, "axis": "y", "origin": [0.044, -6.75, -20.8405]},
			"faces": {
				"north": {"uv": [5.5, 0, 6.75, 1.5], "texture": "#1"},
				"east": {"uv": [3, 3.5, 4.75, 5], "texture": "#1"},
				"south": {"uv": [6.25, 3.25, 7.5, 4.75], "texture": "#1"},
				"west": {"uv": [3.75, 0, 5.5, 1.5], "texture": "#1"},
				"up": {"uv": [6.5, 3.25, 5.25, 1.5], "texture": "#1"},
				"down": {"uv": [4.25, 6.25, 3, 8], "texture": "#1"}
			}
		},
		{
			"name": "tail",
			"from": [6.50825, 0.4104, 23.912],
			"to": [9.49175, 4.88565, 31.868],
			"rotation": {"angle": 0, "axis": "y", "origin": [0.044, -6.75, -20.8405]},
			"faces": {
				"north": {"uv": [8.75, 8.75, 9.5, 9.875], "texture": "#1"},
				"east": {"uv": [3, 5, 5, 6.125], "texture": "#1"},
				"south": {"uv": [9, 3.25, 9.75, 4.375], "texture": "#1"},
				"west": {"uv": [5, 5, 7, 6.125], "texture": "#1"},
				"up": {"uv": [0.75, 9.25, 0, 7.25], "texture": "#1"},
				"down": {"uv": [1.5, 7.25, 0.75, 9.25], "texture": "#1"}
			}
		},
		{
			"name": "tail",
			"from": [6.011, 0.11205, 17.945],
			"to": [9.989, 5.08455, 23.912],
			"rotation": {"angle": 0, "axis": "y", "origin": [0.044, -6.75, -20.8405]},
			"faces": {
				"north": {"uv": [7, 4.75, 8, 6], "texture": "#1"},
				"east": {"uv": [4.25, 6.25, 5.75, 7.5], "texture": "#1"},
				"south": {"uv": [1.5, 7.25, 2.5, 8.5], "texture": "#1"},
				"west": {"uv": [5.75, 6.25, 7.25, 7.5], "texture": "#1"},
				"up": {"uv": [7.5, 3, 6.5, 1.5], "texture": "#1"},
				"down": {"uv": [7.75, 0, 6.75, 1.5], "texture": "#1"}
			}
		},
		{
			"name": "head",
			"from": [6.50825, 3.9906, -13.879],
			"to": [7.50275, 4.9851, -11.89],
			"rotation": {"angle": -22.5, "axis": "x", "origin": [8, 3.195, -11.89]},
			"faces": {
				"north": {"uv": [4.5, 3.25, 4.75, 3.5], "texture": "#1"},
				"east": {"uv": [10.5, 1.75, 11, 2], "texture": "#1"},
				"south": {"uv": [7, 6, 7.25, 6.25], "texture": "#1"},
				"west": {"uv": [6, 11, 6.5, 11.25], "texture": "#1"},
				"up": {"uv": [4.25, 9.75, 4, 9.25], "texture": "#1"},
				"down": {"uv": [9.5, 8.25, 9.25, 8.75], "texture": "#1"}
			}
		},
		{
			"name": "head",
			"from": [8.49725, 3.9906, -13.879],
			"to": [9.49175, 4.9851, -11.89],
			"rotation": {"angle": -22.5, "axis": "x", "origin": [8, 3.195, -11.89]},
			"faces": {
				"north": {"uv": [7.25, 3, 7.5, 3.25], "texture": "#1"},
				"east": {"uv": [6.5, 11, 7, 11.25], "texture": "#1"},
				"south": {"uv": [8, 8.5, 8.25, 8.75], "texture": "#1"},
				"west": {"uv": [7.75, 11, 8.25, 11.25], "texture": "#1"},
				"up": {"uv": [10, 4.5, 9.75, 4], "texture": "#1"},
				"down": {"uv": [7.25, 10, 7, 10.5], "texture": "#1"}
			}
		},
		{
			"name": "head",
			"from": [7.0055, 1.70325, -14.8735],
			"to": [8.9945, 4.68675, -10.8955],
			"rotation": {"angle": -22.5, "axis": "x", "origin": [8, 3.195, -11.89]},
			"faces": {
				"north": {"uv": [2.5, 7.25, 3, 8], "texture": "#1"},
				"east": {"uv": [9.5, 1.25, 10.5, 2], "texture": "#1"},
				"south": {"uv": [7.5, 4, 8, 4.75], "texture": "#1"},
				"west": {"uv": [1.5, 9.5, 2.5, 10.25], "texture": "#1"},
				"up": {"uv": [0.5, 11.5, 0, 10.5], "texture": "#1"},
				"down": {"uv": [1, 10.5, 0.5, 11.5], "texture": "#1"}
			}
		},
		{
			"name": "head",
			"from": [6.50825, 2.9961, -15.868],
			"to": [9.49175, 5.73098, -14.8735],
			"rotation": {"angle": -45, "axis": "x", "origin": [8, 3.195, -11.89]},
			"faces": {
				"north": {"uv": [9.5, 10.25, 10.25, 11], "texture": "#1"},
				"east": {"uv": [8, 5.25, 8.25, 6], "texture": "#1"},
				"south": {"uv": [10.25, 10, 11, 10.75], "texture": "#1"},
				"west": {"uv": [8.5, 3.25, 8.75, 4], "texture": "#1"},
				"up": {"uv": [4.5, 3.5, 3.75, 3.25], "texture": "#1"},
				"down": {"uv": [7, 4.75, 6.25, 5], "texture": "#1"}
			}
		},
		{
			"name": "head",
			"from": [6.88119, 2.84693, -14.8735],
			"to": [9.11881, 5.73098, -13.879],
			"rotation": {"angle": -45, "axis": "x", "origin": [8, 3.195, -11.89]},
			"faces": {
				"north": {"uv": [10.5, 1, 11.125, 1.75], "texture": "#1"},
				"east": {"uv": [8.75, 3.25, 9, 4], "texture": "#1"},
				"south": {"uv": [2.25, 10.5, 2.875, 11.25], "texture": "#1"},
				"west": {"uv": [9, 4.5, 9.25, 5.25], "texture": "#1"},
				"up": {"uv": [7.125, 3.25, 6.5, 3], "texture": "#1"},
				"down": {"uv": [8.375, 1.25, 7.75, 1.5], "texture": "#1"}
			}
		},
		{
			"name": "neck",
			"from": [6.011, 0.8082, -7.912],
			"to": [9.989, 5.28345, -3.934],
			"rotation": {"angle": 0, "axis": "y", "origin": [0.044, -6.75, -20.8405]},
			"faces": {
				"north": {"uv": [4.25, 7.5, 5.25, 8.625], "texture": "#1"},
				"east": {"uv": [5.25, 7.5, 6.25, 8.625], "texture": "#1"},
				"south": {"uv": [6.25, 7.5, 7.25, 8.625], "texture": "#1"},
				"west": {"uv": [7.75, 0, 8.75, 1.125], "texture": "#1"},
				"up": {"uv": [9.25, 8.75, 8.25, 7.75], "texture": "#1"},
				"down": {"uv": [9.5, 1.25, 8.5, 2.25], "texture": "#1"}
			}
		},
		{
			"name": "neck",
			"from": [6.50825, 1.4049, -11.89],
			"to": [9.49175, 5.3829, -7.912],
			"rotation": {"angle": 0, "axis": "y", "origin": [0.044, -6.75, -20.8405]},
			"faces": {
				"north": {"uv": [9.5, 2, 10.25, 3], "texture": "#1"},
				"east": {"uv": [1.5, 8.5, 2.5, 9.5], "texture": "#1"},
				"south": {"uv": [9.5, 8.25, 10.25, 9.25], "texture": "#1"},
				"west": {"uv": [8.5, 2.25, 9.5, 3.25], "texture": "#1"},
				"up": {"uv": [10.25, 10.25, 9.5, 9.25], "texture": "#1"},
				"down": {"uv": [10.5, 3, 9.75, 4], "texture": "#1"}
			}
		},
		{
			"name": "leg",
			"from": [4.022, -4.761, -1.945],
			"to": [6.50825, -0.783, 0.54125],
			"rotation": {"angle": 22.5, "axis": "x", "origin": [0.044, 2.25, -0.8405]},
			"faces": {
				"north": {"uv": [10, 7, 10.625, 8], "texture": "#2"},
				"east": {"uv": [8, 10, 8.625, 11], "texture": "#2"},
				"south": {"uv": [8.75, 10, 9.375, 11], "texture": "#2"},
				"west": {"uv": [10.25, 0, 10.875, 1], "texture": "#2"},
				"up": {"uv": [3.625, 11.125, 3, 10.5], "texture": "#2"},
				"down": {"uv": [11.125, 3, 10.5, 3.625], "texture": "#2"}
			}
		},
		{
			"name": "leg",
			"from": [3.77338, -0.783, -2.9395],
			"to": [6.75688, 4.1895, 1.0385],
			"rotation": {"angle": 22.5, "axis": "x", "origin": [0.044, 2.25, -0.8405]},
			"faces": {
				"north": {"uv": [3.5, 8, 4.25, 9.25], "texture": "#2"},
				"east": {"uv": [7.25, 6, 8.25, 7.25], "texture": "#2"},
				"south": {"uv": [7.25, 8.5, 8, 9.75], "texture": "#2"},
				"west": {"uv": [7.25, 7.25, 8.25, 8.5], "texture": "#2"},
				"up": {"uv": [8, 10.75, 7.25, 9.75], "texture": "#2"},
				"down": {"uv": [4.75, 10, 4, 11], "texture": "#2"}
			}
		},
		{
			"name": "leg",
			"from": [4.022, -6.75, -1.945],
			"to": [6.50825, -4.761, -0.9505],
			"rotation": {"angle": 22.5, "axis": "x", "origin": [0.044, 2.25, -0.8405]},
			"faces": {
				"north": {"uv": [10.75, 7.5, 11.375, 8], "texture": "#2"},
				"east": {"uv": [3.75, 10.5, 4, 11], "texture": "#2"},
				"south": {"uv": [10.25, 10.75, 10.875, 11.25], "texture": "#2"},
				"west": {"uv": [11, 8, 11.25, 8.5], "texture": "#2"},
				"up": {"uv": [11.625, 3, 11, 2.75], "texture": "#2"},
				"down": {"uv": [4.375, 11, 3.75, 11.25], "texture": "#2"}
			}
		},
		{
			"name": "leg",
			"from": [4.022, -6.75, -0.9505],
			"to": [5.0165, -4.761, 0.54125],
			"rotation": {"angle": 22.5, "axis": "x", "origin": [0.044, 2.25, -0.8405]},
			"faces": {
				"north": {"uv": [8.25, 11, 8.5, 11.5], "texture": "#2"},
				"east": {"uv": [1, 10.5, 1.375, 11], "texture": "#2"},
				"south": {"uv": [8.5, 11, 8.75, 11.5], "texture": "#2"},
				"west": {"uv": [1, 11, 1.375, 11.5], "texture": "#2"},
				"up": {"uv": [10.25, 11.375, 10, 11], "texture": "#2"},
				"down": {"uv": [11.25, 10, 11, 10.375], "texture": "#2"}
			}
		},
		{
			"name": "leg",
			"from": [5.51375, -6.75, -2.44225],
			"to": [6.50825, -4.761, -1.945],
			"rotation": {"angle": 22.5, "axis": "x", "origin": [0.044, 2.25, -0.8405]},
			"faces": {
				"north": {"uv": [11, 8.5, 11.25, 9], "texture": "#2"},
				"east": {"uv": [11.25, 8.75, 11.375, 9.25], "texture": "#2"},
				"south": {"uv": [8.75, 11, 9, 11.5], "texture": "#2"},
				"west": {"uv": [11.25, 9.25, 11.375, 9.75], "texture": "#2"},
				"up": {"uv": [11.5, 11.375, 11.25, 11.25], "texture": "#2"},
				"down": {"uv": [0.25, 11.5, 0, 11.625], "texture": "#2"}
			}
		},
		{
			"name": "leg",
			"from": [4.022, -4.761, -1.945],
			"to": [6.50825, -0.783, 0.54125],
			"rotation": {"angle": -22.5, "axis": "x", "origin": [0.044, 2.25, -0.8405]},
			"faces": {
				"north": {"uv": [2.125, 10.25, 1.5, 11.25], "texture": "#2"},
				"east": {"uv": [10.875, 9, 10.25, 10], "texture": "#2"},
				"south": {"uv": [10.875, 8, 10.25, 9], "texture": "#2"},
				"west": {"uv": [10.875, 2, 10.25, 3], "texture": "#2"},
				"up": {"uv": [10.75, 5.875, 11.375, 5.25], "texture": "#2"},
				"down": {"uv": [10.75, 6, 11.375, 6.625], "texture": "#2"}
			}
		},
		{
			"name": "leg",
			"from": [3.77337, -0.783, -2.9395],
			"to": [6.75688, 4.1895, 1.0385],
			"rotation": {"angle": -22.5, "axis": "x", "origin": [0.044, 2.25, -0.8405]},
			"faces": {
				"north": {"uv": [5.75, 8.75, 5, 10], "texture": "#2"},
				"east": {"uv": [8.5, 2.75, 7.5, 4], "texture": "#2"},
				"south": {"uv": [6.5, 8.75, 5.75, 10], "texture": "#2"},
				"west": {"uv": [8.5, 1.5, 7.5, 2.75], "texture": "#2"},
				"up": {"uv": [10, 5, 10.75, 4], "texture": "#2"},
				"down": {"uv": [4.75, 10, 5.5, 11], "texture": "#2"}
			}
		},
		{
			"name": "leg",
			"from": [4.022, -6.75, -1.945],
			"to": [6.50825, -4.761, -0.9505],
			"rotation": {"angle": -22.5, "axis": "x", "origin": [0.044, 2.25, -0.8405]},
			"faces": {
				"north": {"uv": [11.625, 0, 11, 0.5], "texture": "#2"},
				"east": {"uv": [11.25, 9, 11, 9.5], "texture": "#2"},
				"south": {"uv": [11.625, 0.5, 11, 1], "texture": "#2"},
				"west": {"uv": [9.25, 11, 9, 11.5], "texture": "#2"},
				"up": {"uv": [4.5, 11.25, 5.125, 11], "texture": "#2"},
				"down": {"uv": [5.25, 11, 5.875, 11.25], "texture": "#2"}
			}
		},
		{
			"name": "leg",
			"from": [4.022, -6.75, -0.9505],
			"to": [5.0165, -4.761, 0.54125],
			"rotation": {"angle": -22.5, "axis": "x", "origin": [0.044, 2.25, -0.8405]},
			"faces": {
				"north": {"uv": [9.5, 11, 9.25, 11.5], "texture": "#2"},
				"east": {"uv": [11.375, 2.25, 11, 2.75], "texture": "#2"},
				"south": {"uv": [9.75, 11, 9.5, 11.5], "texture": "#2"},
				"west": {"uv": [11.375, 1.75, 11, 2.25], "texture": "#2"},
				"up": {"uv": [3.25, 11.625, 3.5, 11.25], "texture": "#2"},
				"down": {"uv": [3.5, 11.25, 3.75, 11.625], "texture": "#2"}
			}
		},
		{
			"name": "leg",
			"from": [5.51375, -6.75, -2.44225],
			"to": [6.50825, -4.761, -1.945],
			"rotation": {"angle": -22.5, "axis": "x", "origin": [0.044, 2.25, -0.8405]},
			"faces": {
				"north": {"uv": [11.25, 9.5, 11, 10], "texture": "#2"},
				"east": {"uv": [10.375, 11.25, 10.25, 11.75], "texture": "#2"},
				"south": {"uv": [10, 11, 9.75, 11.5], "texture": "#2"},
				"west": {"uv": [11.375, 9.75, 11.25, 10.25], "texture": "#2"},
				"up": {"uv": [0.25, 11.625, 0.5, 11.5], "texture": "#2"},
				"down": {"uv": [0.5, 11.5, 0.75, 11.625], "texture": "#2"}
			}
		},
		{
			"name": "leg",
			"from": [4.022, -6.50137, 7.0055],
			"to": [6.50825, -1.7775, 9.49175],
			"rotation": {"angle": 22.5, "axis": "x", "origin": [0.044, 1.25, 8.1595]},
			"faces": {
				"north": {"uv": [0, 9.25, 0.625, 10.5], "texture": "#2"},
				"east": {"uv": [0.75, 9.25, 1.375, 10.5], "texture": "#2"},
				"south": {"uv": [2.5, 9.25, 3.125, 10.5], "texture": "#2"},
				"west": {"uv": [3.25, 9.25, 3.875, 10.5], "texture": "#2"},
				"up": {"uv": [11.375, 4.375, 10.75, 3.75], "texture": "#2"},
				"down": {"uv": [11.375, 4.5, 10.75, 5.125], "texture": "#2"}
			}
		},
		{
			"name": "leg",
			"from": [3.77338, -1.7775, 6.50825],
			"to": [6.75688, 3.195, 9.989],
			"rotation": {"angle": 22.5, "axis": "x", "origin": [0.044, 1.25, 8.1595]},
			"faces": {
				"north": {"uv": [8.75, 0, 9.5, 1.25], "texture": "#2"},
				"east": {"uv": [2.5, 8, 3.375, 9.25], "texture": "#2"},
				"south": {"uv": [4.25, 8.75, 5, 10], "texture": "#2"},
				"west": {"uv": [8, 4, 8.875, 5.25], "texture": "#2"},
				"up": {"uv": [10.75, 5.875, 10, 5], "texture": "#2"},
				"down": {"uv": [6.25, 10, 5.5, 10.875], "texture": "#2"}
			}
		},
		{
			"name": "leg",
			"from": [5.16568, -6.75, 6.25963],
			"to": [6.4088, -5.7555, 7.25413],
			"rotation": {"angle": 22.5, "axis": "x", "origin": [0.044, 1.25, 8.1595]},
			"faces": {
				"north": {"uv": [11, 10.5, 11.375, 10.75], "texture": "#2"},
				"east": {"uv": [9.5, 3, 9.75, 3.25], "texture": "#2"},
				"south": {"uv": [11, 10.75, 11.375, 11], "texture": "#2"},
				"west": {"uv": [4, 9.75, 4.25, 10], "texture": "#2"},
				"up": {"uv": [11.375, 11.25, 11, 11], "texture": "#2"},
				"down": {"uv": [11.625, 1, 11.25, 1.25], "texture": "#2"}
			}
		},
		{
			"name": "leg",
			"from": [3.77338, -6.75, 6.25963],
			"to": [4.76788, -5.7555, 7.50275],
			"rotation": {"angle": 22.5, "axis": "x", "origin": [0.044, 1.25, 8.1595]},
			"faces": {
				"north": {"uv": [10, 8, 10.25, 8.25], "texture": "#2"},
				"east": {"uv": [11.25, 1.25, 11.625, 1.5], "texture": "#2"},
				"south": {"uv": [10.25, 1, 10.5, 1.25], "texture": "#2"},
				"west": {"uv": [1.5, 11.25, 1.875, 11.5], "texture": "#2"},
				"up": {"uv": [2.25, 11.625, 2, 11.25], "texture": "#2"},
				"down": {"uv": [2.5, 11.25, 2.25, 11.625], "texture": "#2"}
			}
		},
		{
			"name": "leg",
			"from": [3.77338, -6.75, 8],
			"to": [4.76788, -5.7555, 9.24312],
			"rotation": {"angle": 22.5, "axis": "x", "origin": [0.044, 1.25, 8.1595]},
			"faces": {
				"north": {"uv": [2.25, 10.25, 2.5, 10.5], "texture": "#2"},
				"east": {"uv": [11.25, 1.5, 11.625, 1.75], "texture": "#2"},
				"south": {"uv": [10.5, 3.75, 10.75, 4], "texture": "#2"},
				"west": {"uv": [2.5, 11.25, 2.875, 11.5], "texture": "#2"},
				"up": {"uv": [3.25, 11.625, 3, 11.25], "texture": "#2"},
				"down": {"uv": [11.5, 3, 11.25, 3.375], "texture": "#2"}
			}
		},
		{
			"name": "leg",
			"from": [4.022, -6.50137, 7.0055],
			"to": [6.50825, -1.7775, 9.49175],
			"rotation": {"angle": -22.5, "axis": "x", "origin": [0.044, 1.25, 8.1595]},
			"faces": {
				"north": {"uv": [9.875, 4.5, 9.25, 5.75], "texture": "#2"},
				"east": {"uv": [10.125, 0, 9.5, 1.25], "texture": "#2"},
				"south": {"uv": [9.875, 7, 9.25, 8.25], "texture": "#2"},
				"west": {"uv": [9.875, 5.75, 9.25, 7], "texture": "#2"},
				"up": {"uv": [10.75, 7.375, 11.375, 6.75], "texture": "#2"},
				"down": {"uv": [7, 10.75, 7.625, 11.375], "texture": "#2"}
			}
		},
		{
			"name": "leg",
			"from": [3.77337, -1.7775, 6.50825],
			"to": [6.75688, 3.195, 9.989],
			"rotation": {"angle": -22.5, "axis": "x", "origin": [0.044, 1.25, 8.1595]},
			"faces": {
				"north": {"uv": [7.25, 8.75, 6.5, 10], "texture": "#2"},
				"east": {"uv": [9.125, 6.5, 8.25, 7.75], "texture": "#2"},
				"south": {"uv": [8.75, 8.75, 8, 10], "texture": "#2"},
				"west": {"uv": [9.125, 5.25, 8.25, 6.5], "texture": "#2"},
				"up": {"uv": [10, 6.875, 10.75, 6], "texture": "#2"},
				"down": {"uv": [6.25, 10, 7, 10.875], "texture": "#2"}
			}
		},
		{
			"name": "leg",
			"from": [5.19054, -6.75, 6.25963],
			"to": [6.43366, -5.7555, 7.25413],
			"rotation": {"angle": -22.5, "axis": "x", "origin": [0.044, 1.25, 8.1595]},
			"faces": {
				"north": {"uv": [11.625, 3.5, 11.25, 3.75], "texture": "#2"},
				"east": {"uv": [8, 10.75, 7.75, 11], "texture": "#2"},
				"south": {"uv": [4.125, 11.25, 3.75, 11.5], "texture": "#2"},
				"west": {"uv": [7.25, 10.5, 7, 10.75], "texture": "#2"},
				"up": {"uv": [4.25, 11.5, 4.625, 11.25], "texture": "#2"},
				"down": {"uv": [4.75, 11.25, 5.125, 11.5], "texture": "#2"}
			}
		},
		{
			"name": "leg",
			"from": [3.77337, -6.75, 6.25963],
			"to": [4.76787, -5.7555, 7.50275],
			"rotation": {"angle": -22.5, "axis": "x", "origin": [0.044, 1.25, 8.1595]},
			"faces": {
				"north": {"uv": [11.5, 10.25, 11.25, 10.5], "texture": "#2"},
				"east": {"uv": [6.125, 11.25, 5.75, 11.5], "texture": "#2"},
				"south": {"uv": [10.75, 11.25, 10.5, 11.5], "texture": "#2"},
				"west": {"uv": [5.625, 11.25, 5.25, 11.5], "texture": "#2"},
				"up": {"uv": [6.25, 11.625, 6.5, 11.25], "texture": "#2"},
				"down": {"uv": [6.5, 11.25, 6.75, 11.625], "texture": "#2"}
			}
		},
		{
			"name": "leg",
			"from": [3.77337, -6.75, 8],
			"to": [4.76787, -5.7555, 9.24312],
			"rotation": {"angle": -22.5, "axis": "x", "origin": [0.044, 1.25, 8.1595]},
			"faces": {
				"north": {"uv": [11, 11.25, 10.75, 11.5], "texture": "#2"},
				"east": {"uv": [11.625, 8, 11.25, 8.25], "texture": "#2"},
				"south": {"uv": [11.25, 11.25, 11, 11.5], "texture": "#2"},
				"west": {"uv": [8.125, 11.25, 7.75, 11.5], "texture": "#2"},
				"up": {"uv": [6.75, 11.625, 7, 11.25], "texture": "#2"},
				"down": {"uv": [11.25, 8.25, 11.5, 8.625], "texture": "#2"}
			}
		},
		{
			"name": "leg",
			"from": [9.49175, -4.761, -1.945],
			"to": [11.978, -0.783, 0.54125],
			"rotation": {"angle": 22.5, "axis": "x", "origin": [0.044, 2.25, -0.8405]},
			"faces": {
				"north": {"uv": [1.5, 10.25, 2.125, 11.25], "texture": "#2"},
				"east": {"uv": [10.25, 2, 10.875, 3], "texture": "#2"},
				"south": {"uv": [10.25, 8, 10.875, 9], "texture": "#2"},
				"west": {"uv": [10.25, 9, 10.875, 10], "texture": "#2"},
				"up": {"uv": [11.375, 5.875, 10.75, 5.25], "texture": "#2"},
				"down": {"uv": [11.375, 6, 10.75, 6.625], "texture": "#2"}
			}
		},
		{
			"name": "leg",
			"from": [9.24312, -0.783, -2.9395],
			"to": [12.22663, 4.1895, 1.0385],
			"rotation": {"angle": 22.5, "axis": "x", "origin": [0.044, 2.25, -0.8405]},
			"faces": {
				"north": {"uv": [5, 8.75, 5.75, 10], "texture": "#2"},
				"east": {"uv": [7.5, 1.5, 8.5, 2.75], "texture": "#2"},
				"south": {"uv": [5.75, 8.75, 6.5, 10], "texture": "#2"},
				"west": {"uv": [7.5, 2.75, 8.5, 4], "texture": "#2"},
				"up": {"uv": [10.75, 5, 10, 4], "texture": "#2"},
				"down": {"uv": [5.5, 10, 4.75, 11], "texture": "#2"}
			}
		},
		{
			"name": "leg",
			"from": [9.49175, -6.75, -1.945],
			"to": [11.978, -4.761, -0.9505],
			"rotation": {"angle": 22.5, "axis": "x", "origin": [0.044, 2.25, -0.8405]},
			"faces": {
				"north": {"uv": [11, 0, 11.625, 0.5], "texture": "#2"},
				"east": {"uv": [9, 11, 9.25, 11.5], "texture": "#2"},
				"south": {"uv": [11, 0.5, 11.625, 1], "texture": "#2"},
				"west": {"uv": [11, 9, 11.25, 9.5], "texture": "#2"},
				"up": {"uv": [5.125, 11.25, 4.5, 11], "texture": "#2"},
				"down": {"uv": [5.875, 11, 5.25, 11.25], "texture": "#2"}
			}
		},
		{
			"name": "leg",
			"from": [10.9835, -6.75, -0.9505],
			"to": [11.978, -4.761, 0.54125],
			"rotation": {"angle": 22.5, "axis": "x", "origin": [0.044, 2.25, -0.8405]},
			"faces": {
				"north": {"uv": [9.25, 11, 9.5, 11.5], "texture": "#2"},
				"east": {"uv": [11, 1.75, 11.375, 2.25], "texture": "#2"},
				"south": {"uv": [9.5, 11, 9.75, 11.5], "texture": "#2"},
				"west": {"uv": [11, 2.25, 11.375, 2.75], "texture": "#2"},
				"up": {"uv": [3.5, 11.625, 3.25, 11.25], "texture": "#2"},
				"down": {"uv": [3.75, 11.25, 3.5, 11.625], "texture": "#2"}
			}
		},
		{
			"name": "leg",
			"from": [9.49175, -6.75, -2.44225],
			"to": [10.48625, -4.761, -1.945],
			"rotation": {"angle": 22.5, "axis": "x", "origin": [0.044, 2.25, -0.8405]},
			"faces": {
				"north": {"uv": [11, 9.5, 11.25, 10], "texture": "#2"},
				"east": {"uv": [11.25, 9.75, 11.375, 10.25], "texture": "#2"},
				"south": {"uv": [9.75, 11, 10, 11.5], "texture": "#2"},
				"west": {"uv": [10.25, 11.25, 10.375, 11.75], "texture": "#2"},
				"up": {"uv": [0.5, 11.625, 0.25, 11.5], "texture": "#2"},
				"down": {"uv": [0.75, 11.5, 0.5, 11.625], "texture": "#2"}
			}
		},
		{
			"name": "leg",
			"from": [9.49175, -4.761, -1.945],
			"to": [11.978, -0.783, 0.54125],
			"rotation": {"angle": -22.5, "axis": "x", "origin": [0.044, 2.25, -0.8405]},
			"faces": {
				"north": {"uv": [10.625, 7, 10, 8], "texture": "#2"},
				"east": {"uv": [10.875, 0, 10.25, 1], "texture": "#2"},
				"south": {"uv": [9.375, 10, 8.75, 11], "texture": "#2"},
				"west": {"uv": [8.625, 10, 8, 11], "texture": "#2"},
				"up": {"uv": [3, 11.125, 3.625, 10.5], "texture": "#2"},
				"down": {"uv": [10.5, 3, 11.125, 3.625], "texture": "#2"}
			}
		},
		{
			"name": "leg",
			"from": [9.24312, -0.783, -2.9395],
			"to": [12.22662, 4.1895, 1.0385],
			"rotation": {"angle": -22.5, "axis": "x", "origin": [0.044, 2.25, -0.8405]},
			"faces": {
				"north": {"uv": [4.25, 8, 3.5, 9.25], "texture": "#2"},
				"east": {"uv": [8.25, 7.25, 7.25, 8.5], "texture": "#2"},
				"south": {"uv": [8, 8.5, 7.25, 9.75], "texture": "#2"},
				"west": {"uv": [8.25, 6, 7.25, 7.25], "texture": "#2"},
				"up": {"uv": [7.25, 10.75, 8, 9.75], "texture": "#2"},
				"down": {"uv": [4, 10, 4.75, 11], "texture": "#2"}
			}
		},
		{
			"name": "leg",
			"from": [9.49175, -6.75, -1.945],
			"to": [11.978, -4.761, -0.9505],
			"rotation": {"angle": -22.5, "axis": "x", "origin": [0.044, 2.25, -0.8405]},
			"faces": {
				"north": {"uv": [11.375, 7.5, 10.75, 8], "texture": "#2"},
				"east": {"uv": [11.25, 8, 11, 8.5], "texture": "#2"},
				"south": {"uv": [10.875, 10.75, 10.25, 11.25], "texture": "#2"},
				"west": {"uv": [4, 10.5, 3.75, 11], "texture": "#2"},
				"up": {"uv": [11, 3, 11.625, 2.75], "texture": "#2"},
				"down": {"uv": [3.75, 11, 4.375, 11.25], "texture": "#2"}
			}
		},
		{
			"name": "leg",
			"from": [10.9835, -6.75, -0.9505],
			"to": [11.978, -4.761, 0.54125],
			"rotation": {"angle": -22.5, "axis": "x", "origin": [0.044, 2.25, -0.8405]},
			"faces": {
				"north": {"uv": [8.5, 11, 8.25, 11.5], "texture": "#2"},
				"east": {"uv": [1.375, 11, 1, 11.5], "texture": "#2"},
				"south": {"uv": [8.75, 11, 8.5, 11.5], "texture": "#2"},
				"west": {"uv": [1.375, 10.5, 1, 11], "texture": "#2"},
				"up": {"uv": [10, 11.375, 10.25, 11], "texture": "#2"},
				"down": {"uv": [11, 10, 11.25, 10.375], "texture": "#2"}
			}
		},
		{
			"name": "leg",
			"from": [9.49175, -6.75, -2.44225],
			"to": [10.48625, -4.761, -1.945],
			"rotation": {"angle": -22.5, "axis": "x", "origin": [0.044, 2.25, -0.8405]},
			"faces": {
				"north": {"uv": [11.25, 8.5, 11, 9], "texture": "#2"},
				"east": {"uv": [11.375, 9.25, 11.25, 9.75], "texture": "#2"},
				"south": {"uv": [9, 11, 8.75, 11.5], "texture": "#2"},
				"west": {"uv": [11.375, 8.75, 11.25, 9.25], "texture": "#2"},
				"up": {"uv": [11.25, 11.375, 11.5, 11.25], "texture": "#2"},
				"down": {"uv": [0, 11.5, 0.25, 11.625], "texture": "#2"}
			}
		},
		{
			"name": "leg",
			"from": [9.49175, -6.50137, 7.0055],
			"to": [11.978, -1.7775, 9.49175],
			"rotation": {"angle": 22.5, "axis": "x", "origin": [0.044, 1.25, 8.1595]},
			"faces": {
				"north": {"uv": [9.25, 4.5, 9.875, 5.75], "texture": "#2"},
				"east": {"uv": [9.25, 5.75, 9.875, 7], "texture": "#2"},
				"south": {"uv": [9.25, 7, 9.875, 8.25], "texture": "#2"},
				"west": {"uv": [9.5, 0, 10.125, 1.25], "texture": "#2"},
				"up": {"uv": [11.375, 7.375, 10.75, 6.75], "texture": "#2"},
				"down": {"uv": [7.625, 10.75, 7, 11.375], "texture": "#2"}
			}
		},
		{
			"name": "leg",
			"from": [9.24312, -1.7775, 6.50825],
			"to": [12.22663, 3.195, 9.989],
			"rotation": {"angle": 22.5, "axis": "x", "origin": [0.044, 1.25, 8.1595]},
			"faces": {
				"north": {"uv": [6.5, 8.75, 7.25, 10], "texture": "#2"},
				"east": {"uv": [8.25, 5.25, 9.125, 6.5], "texture": "#2"},
				"south": {"uv": [8, 8.75, 8.75, 10], "texture": "#2"},
				"west": {"uv": [8.25, 6.5, 9.125, 7.75], "texture": "#2"},
				"up": {"uv": [10.75, 6.875, 10, 6], "texture": "#2"},
				"down": {"uv": [7, 10, 6.25, 10.875], "texture": "#2"}
			}
		},
		{
			"name": "leg",
			"from": [9.56634, -6.75, 6.25963],
			"to": [10.80946, -5.7555, 7.25413],
			"rotation": {"angle": 22.5, "axis": "x", "origin": [0.044, 1.25, 8.1595]},
			"faces": {
				"north": {"uv": [11.25, 3.5, 11.625, 3.75], "texture": "#2"},
				"east": {"uv": [7, 10.5, 7.25, 10.75], "texture": "#2"},
				"south": {"uv": [3.75, 11.25, 4.125, 11.5], "texture": "#2"},
				"west": {"uv": [7.75, 10.75, 8, 11], "texture": "#2"},
				"up": {"uv": [4.625, 11.5, 4.25, 11.25], "texture": "#2"},
				"down": {"uv": [5.125, 11.25, 4.75, 11.5], "texture": "#2"}
			}
		},
		{
			"name": "leg",
			"from": [11.23213, -6.75, 6.25963],
			"to": [12.22663, -5.7555, 7.50275],
			"rotation": {"angle": 22.5, "axis": "x", "origin": [0.044, 1.25, 8.1595]},
			"faces": {
				"north": {"uv": [11.25, 10.25, 11.5, 10.5], "texture": "#2"},
				"east": {"uv": [5.25, 11.25, 5.625, 11.5], "texture": "#2"},
				"south": {"uv": [10.5, 11.25, 10.75, 11.5], "texture": "#2"},
				"west": {"uv": [5.75, 11.25, 6.125, 11.5], "texture": "#2"},
				"up": {"uv": [6.5, 11.625, 6.25, 11.25], "texture": "#2"},
				"down": {"uv": [6.75, 11.25, 6.5, 11.625], "texture": "#2"}
			}
		},
		{
			"name": "leg",
			"from": [11.23213, -6.75, 8],
			"to": [12.22663, -5.7555, 9.24312],
			"rotation": {"angle": 22.5, "axis": "x", "origin": [0.044, 1.25, 8.1595]},
			"faces": {
				"north": {"uv": [10.75, 11.25, 11, 11.5], "texture": "#2"},
				"east": {"uv": [7.75, 11.25, 8.125, 11.5], "texture": "#2"},
				"south": {"uv": [11, 11.25, 11.25, 11.5], "texture": "#2"},
				"west": {"uv": [11.25, 8, 11.625, 8.25], "texture": "#2"},
				"up": {"uv": [7, 11.625, 6.75, 11.25], "texture": "#2"},
				"down": {"uv": [11.5, 8.25, 11.25, 8.625], "texture": "#2"}
			}
		},
		{
			"name": "leg",
			"from": [9.49175, -6.50137, 7.0055],
			"to": [11.978, -1.7775, 9.49175],
			"rotation": {"angle": -22.5, "axis": "x", "origin": [0.044, 1.25, 8.1595]},
			"faces": {
				"north": {"uv": [0.625, 9.25, 0, 10.5], "texture": "#2"},
				"east": {"uv": [3.875, 9.25, 3.25, 10.5], "texture": "#2"},
				"south": {"uv": [3.125, 9.25, 2.5, 10.5], "texture": "#2"},
				"west": {"uv": [1.375, 9.25, 0.75, 10.5], "texture": "#2"},
				"up": {"uv": [10.75, 4.375, 11.375, 3.75], "texture": "#2"},
				"down": {"uv": [10.75, 4.5, 11.375, 5.125], "texture": "#2"}
			}
		},
		{
			"name": "leg",
			"from": [9.24312, -1.7775, 6.50825],
			"to": [12.22662, 3.195, 9.989],
			"rotation": {"angle": -22.5, "axis": "x", "origin": [0.044, 1.25, 8.1595]},
			"faces": {
				"north": {"uv": [9.5, 0, 8.75, 1.25], "texture": "#2"},
				"east": {"uv": [8.875, 4, 8, 5.25], "texture": "#2"},
				"south": {"uv": [5, 8.75, 4.25, 10], "texture": "#2"},
				"west": {"uv": [3.375, 8, 2.5, 9.25], "texture": "#2"},
				"up": {"uv": [10, 5.875, 10.75, 5], "texture": "#2"},
				"down": {"uv": [5.5, 10, 6.25, 10.875], "texture": "#2"}
			}
		},
		{
			"name": "leg",
			"from": [9.5912, -6.75, 6.25963],
			"to": [10.83432, -5.7555, 7.25413],
			"rotation": {"angle": -22.5, "axis": "x", "origin": [0.044, 1.25, 8.1595]},
			"faces": {
				"north": {"uv": [11.375, 10.5, 11, 10.75], "texture": "#2"},
				"east": {"uv": [4.25, 9.75, 4, 10], "texture": "#2"},
				"south": {"uv": [11.375, 10.75, 11, 11], "texture": "#2"},
				"west": {"uv": [9.75, 3, 9.5, 3.25], "texture": "#2"},
				"up": {"uv": [11, 11.25, 11.375, 11], "texture": "#2"},
				"down": {"uv": [11.25, 1, 11.625, 1.25], "texture": "#2"}
			}
		},
		{
			"name": "leg",
			"from": [11.23212, -6.75, 6.25963],
			"to": [12.22662, -5.7555, 7.50275],
			"rotation": {"angle": -22.5, "axis": "x", "origin": [0.044, 1.25, 8.1595]},
			"faces": {
				"north": {"uv": [10.25, 8, 10, 8.25], "texture": "#2"},
				"east": {"uv": [1.875, 11.25, 1.5, 11.5], "texture": "#2"},
				"south": {"uv": [10.5, 1, 10.25, 1.25], "texture": "#2"},
				"west": {"uv": [11.625, 1.25, 11.25, 1.5], "texture": "#2"},
				"up": {"uv": [2, 11.625, 2.25, 11.25], "texture": "#2"},
				"down": {"uv": [2.25, 11.25, 2.5, 11.625], "texture": "#2"}
			}
		},
		{
			"name": "leg",
			"from": [11.23212, -6.75, 8],
			"to": [12.22662, -5.7555, 9.24312],
			"rotation": {"angle": -22.5, "axis": "x", "origin": [0.044, 1.25, 8.1595]},
			"faces": {
				"north": {"uv": [2.5, 10.25, 2.25, 10.5], "texture": "#2"},
				"east": {"uv": [2.875, 11.25, 2.5, 11.5], "texture": "#2"},
				"south": {"uv": [10.75, 3.75, 10.5, 4], "texture": "#2"},
				"west": {"uv": [11.625, 1.5, 11.25, 1.75], "texture": "#2"},
				"up": {"uv": [3, 11.625, 3.25, 11.25], "texture": "#2"},
				"down": {"uv": [11.25, 3, 11.5, 3.375], "texture": "#2"}
			}
		},
		{
			"name": "body",
			"from": [5.0165, -1.72777, -3.934],
			"to": [10.9835, 5.23373, 10.9835],
			"rotation": {"angle": 0, "axis": "y", "origin": [0.044, -6.75, -20.8405]},
			"faces": {
				"north": {"uv": [3.75, 1.5, 5.25, 3.25], "texture": "#1"},
				"east": {"uv": [0, 0, 3.75, 1.75], "texture": "#1"},
				"south": {"uv": [4.75, 3.25, 6.25, 5], "texture": "#1"},
				"west": {"uv": [0, 1.75, 3.75, 3.5], "texture": "#1"},
				"up": {"uv": [1.5, 7.25, 0, 3.5], "texture": "#1"},
				"down": {"uv": [3, 3.5, 1.5, 7.25], "texture": "#1"}
			}
		}
	],
	"display": {
		"thirdperson_righthand": {
			"rotation": [75, 45, 0],
			"translation": [0, 2.5, 0],
			"scale": [0.375, 0.375, 0.375]
		},
		"thirdperson_lefthand": {
			"rotation": [75, 45, 0],
			"translation": [0, 2.5, 0],
			"scale": [0.375, 0.375, 0.375]
		},
		"firstperson_righthand": {
			"rotation": [0, 45, 0],
			"translation": [0, 5.5, 0],
			"scale": [0.4, 0.4, 0.4]
		},
		"firstperson_lefthand": {
			"rotation": [0, 45, 0],
			"translation": [0, 5.5, 0],
			"scale": [0.4, 0.4, 0.4]
		},
		"gui": {
			"rotation": [30, 225, 0],
			"translation": [0, 4.75, 0],
			"scale": [0.625, 0.625, 0.625]
		},
		"head": {
			"translation": [0, -33.25, -8.5],
			"scale": [4, 4, 4]
		},
		"fixed": {
			"translation": [0, 75, 33.5],
			"scale": [4, 4, 4]
		}
	},
	"groups": [
		{
			"name": "body",
			"origin": [8, 8, 8],
			"color": 0,
			"children": [
				{
					"name": "tail",
					"origin": [8, 8, 8],
					"color": 0,
					"children": [0, 1, 2]
				},
				{
					"name": "head",
					"origin": [8, 8, 8],
					"color": 0,
					"children": [
						{
							"name": "skull",
							"origin": [8, 8, 8],
							"color": 0,
							"children": [3, 4, 5, 6, 7]
						},
						8,
						9
					]
				},
				{
					"name": "legs",
					"origin": [8, 8, 8],
					"color": 0,
					"children": [
						{
							"name": "1",
							"origin": [8, 8, 8],
							"color": 0,
							"children": [
								10,
								11,
								12,
								13,
								14,
								{
									"name": "3",
									"origin": [8, 8, 8],
									"color": 0,
									"children": [15, 16, 17, 18, 19]
								}
							]
						},
						{
							"name": "2",
							"origin": [8, 8, 8],
							"color": 0,
							"children": [
								20,
								21,
								22,
								23,
								24,
								{
									"name": "4",
									"origin": [8, 8, 8],
									"color": 0,
									"children": [25, 26, 27, 28, 29]
								}
							]
						},
						{
							"name": "3",
							"origin": [8, 8, 8],
							"color": 0,
							"children": [
								30,
								31,
								32,
								33,
								34,
								{
									"name": "1",
									"origin": [8, 8, 8],
									"color": 0,
									"children": [35, 36, 37, 38, 39]
								}
							]
						},
						{
							"name": "4",
							"origin": [8, 8, 8],
							"color": 0,
							"children": [
								40,
								41,
								42,
								43,
								44,
								{
									"name": "2",
									"origin": [8, 8, 8],
									"color": 0,
									"children": [45, 46, 47, 48, 49]
								}
							]
						}
					]
				},
				50
			]
		}
	]
}