{
	"credit": "Made with Blockbench",
	"texture_size": [64, 64],
	"textures": {
		"1": "krmc:krmc_mobs/otodus",
		"2": "krmc:krmc_items/otodus_tooth",
		"3": "krmc:krmc_items/otodus_shooter",
		"5": "krmc:krmc_mobs/animations/otodus",
		"particle": "krmc:krmc_items/otodus_tooth"
	},
	"elements": [
		{
			"name": "fin1",
			"from": [6.91475, 2.88362, 22.682],
			"to": [9.08525, 13.10825, 28.8525],
			"rotation": {"angle": -22.5, "axis": "y", "origin": [8, 9.65914, 6.9294]},
			"faces": {
				"north": {"uv": [2.5, 8.75, 3, 11.25], "texture": "#5"},
				"east": {"uv": [0, 0, 1.5, 2.5], "texture": "#5"},
				"south": {"uv": [3, 9.25, 3.5, 11.75], "texture": "#5"},
				"west": {"uv": [1.5, 0, 3, 2.5], "texture": "#5"},
				"up": {"uv": [1.5, 11, 1, 9.5], "texture": "#5"},
				"down": {"uv": [7, 9.5, 6.5, 11], "texture": "#5"}
			}
		},
		{
			"name": "tail1",
			"from": [6.37213, 4.71313, 17.55413],
			"to": [9.62788, 9.84675, 23.8525],
			"rotation": {"angle": -22.5, "axis": "y", "origin": [8, 9.65914, 6.9294]},
			"faces": {
				"north": {"uv": [0, 9.5, 0.875, 10.75], "texture": "#5"},
				"east": {"uv": [8, 0, 9.625, 1.25], "texture": "#5"},
				"south": {"uv": [4.5, 9.5, 5.375, 10.75], "texture": "#5"},
				"west": {"uv": [3.25, 8, 4.875, 9.25], "texture": "#5"},
				"up": {"uv": [8.875, 9.875, 8, 8.25], "texture": "#5"},
				"down": {"uv": [9.375, 6.25, 8.5, 7.875], "texture": "#5"}
			}
		},
		{
			"name": "body2",
			"from": [4.74425, 4.5, 4.96313],
			"to": [11.25575, 10.59675, 10.341],
			"rotation": {"angle": -22.5, "axis": "y", "origin": [8.03806, 9.65914, 6.9294]},
			"faces": {
				"north": {"uv": [4.5, 2, 6.125, 3.5], "texture": "#5"},
				"east": {"uv": [5.5, 6.75, 6.875, 8.25], "texture": "#5"},
				"south": {"uv": [4.5, 3.5, 6.125, 5], "texture": "#5"},
				"west": {"uv": [7, 6.75, 8.375, 8.25], "texture": "#5"},
				"up": {"uv": [7.875, 5.125, 6.25, 3.75], "texture": "#5"},
				"down": {"uv": [7.875, 5.25, 6.25, 6.625], "texture": "#5"}
			}
		},
		{
			"name": "body2",
			"from": [5.3295, 5.08525, 10.341],
			"to": [10.6705, 9.59675, 18.30413],
			"rotation": {"angle": -22.5, "axis": "y", "origin": [7.96194, 9.65914, 6.9294]},
			"faces": {
				"north": {"uv": [5, 8.25, 6.375, 9.375], "texture": "#5"},
				"east": {"uv": [6.25, 1.25, 8.25, 2.375], "texture": "#5"},
				"south": {"uv": [6.5, 8.25, 7.875, 9.375], "texture": "#5"},
				"west": {"uv": [6.25, 2.5, 8.25, 3.625], "texture": "#5"},
				"up": {"uv": [4.375, 6, 3, 4], "texture": "#5"},
				"down": {"uv": [5.875, 0, 4.5, 2], "texture": "#5"}
			}
		},
		{
			"name": "fin1",
			"from": [4.90174, 5.18451, 11.83697],
			"to": [7.15174, 5.97713, 14.33697],
			"rotation": {"angle": 22.5, "axis": "y", "origin": [8, 9.65914, 6.9294]},
			"faces": {
				"north": {"uv": [2.5, 5.75, 3, 6], "texture": "#5"},
				"east": {"uv": [5.5, 6.5, 6.125, 6.75], "texture": "#5"},
				"south": {"uv": [5, 8, 5.5, 8.25], "texture": "#5"},
				"west": {"uv": [9.75, 6, 10.375, 6.25], "texture": "#5"},
				"up": {"uv": [3, 5.625, 2.5, 5], "texture": "#5"},
				"down": {"uv": [3.75, 7.25, 3.25, 7.875], "texture": "#5"}
			}
		},
		{
			"name": "fin1",
			"from": [0.59243, 5.18451, 7.77766],
			"to": [3.09243, 5.97713, 10.02766],
			"rotation": {"angle": 22.5, "axis": "y", "origin": [8, 9.65914, 6.9294]},
			"faces": {
				"north": {"uv": [10, 9.5, 10.625, 9.75], "texture": "#5"},
				"east": {"uv": [10.5, 0, 11.125, 0.25], "texture": "#5"},
				"south": {"uv": [10.5, 0.25, 11.125, 0.5], "texture": "#5"},
				"west": {"uv": [10.5, 0.5, 11.125, 0.75], "texture": "#5"},
				"up": {"uv": [10.375, 10.375, 9.75, 9.75], "texture": "#5"},
				"down": {"uv": [10.625, 7.5, 10, 8.125], "texture": "#5"}
			}
		},
		{
			"from": [8, 2.9388, 13.65522],
			"to": [8, 6.74292, 16.20359],
			"rotation": {"angle": -22.5, "axis": "y", "origin": [8, 9.65914, 6.9294]},
			"faces": {
				"north": {"uv": [0, 0, 0, 1], "texture": "#5"},
				"east": {"uv": [1.75, 5, 2.375, 6], "texture": "#5"},
				"south": {"uv": [0, 0, 0, 1], "texture": "#5"},
				"west": {"uv": [9.75, 0, 10.375, 1], "texture": "#5"},
				"up": {"uv": [0, 0.625, 0, 0], "texture": "#5"},
				"down": {"uv": [0, 0, 0, 0.625], "texture": "#5"}
			}
		},
		{
			"from": [8, 8.00708, 13.40522],
			"to": [8, 11.8112, 15.95359],
			"rotation": {"angle": -22.5, "axis": "y", "origin": [8, 9.65914, 6.9294]},
			"faces": {
				"north": {"uv": [0, 0, 0, 1], "texture": "#5"},
				"east": {"uv": [9.75, 1, 10.375, 2], "texture": "#5"},
				"south": {"uv": [0, 0, 0, 1], "texture": "#5"},
				"west": {"uv": [9.75, 2, 10.375, 3], "texture": "#5"},
				"up": {"uv": [0, 0.625, 0, 0], "texture": "#5"},
				"down": {"uv": [0, 0, 0, 0.625], "texture": "#5"}
			}
		},
		{
			"name": "fin1",
			"from": [6.91475, 2.88362, 22.682],
			"to": [9.08525, 13.10825, 28.8525],
			"rotation": {"angle": 22.5, "axis": "y", "origin": [8, 9.65914, 6.9294]},
			"faces": {
				"north": {"uv": [3.5, 9.25, 4, 11.75], "texture": "#5"},
				"east": {"uv": [0, 2.5, 1.5, 5], "texture": "#5"},
				"south": {"uv": [4, 9.25, 4.5, 11.75], "texture": "#5"},
				"west": {"uv": [1.5, 2.5, 3, 5], "texture": "#5"},
				"up": {"uv": [7.5, 11, 7, 9.5], "texture": "#5"},
				"down": {"uv": [8, 9.5, 7.5, 11], "texture": "#5"}
			}
		},
		{
			"name": "tail1",
			"from": [6.37213, 4.71313, 17.55413],
			"to": [9.62788, 9.84675, 23.8525],
			"rotation": {"angle": 22.5, "axis": "y", "origin": [8, 9.65914, 6.9294]},
			"faces": {
				"north": {"uv": [5.5, 9.5, 6.375, 10.75], "texture": "#5"},
				"east": {"uv": [8, 3.75, 9.625, 5], "texture": "#5"},
				"south": {"uv": [9.5, 6.25, 10.375, 7.5], "texture": "#5"},
				"west": {"uv": [8, 5, 9.625, 6.25], "texture": "#5"},
				"up": {"uv": [2.375, 10.375, 1.5, 8.75], "texture": "#5"},
				"down": {"uv": [9.875, 8, 9, 9.625], "texture": "#5"}
			}
		},
		{
			"name": "body2",
			"from": [4.74425, 4.5, 4.96313],
			"to": [11.25575, 10.59675, 10.341],
			"rotation": {"angle": 22.5, "axis": "y", "origin": [8.03806, 9.65914, 6.9294]},
			"faces": {
				"north": {"uv": [0, 5, 1.625, 6.5], "texture": "#5"},
				"east": {"uv": [1.75, 7.25, 3.125, 8.75], "texture": "#5"},
				"south": {"uv": [4.5, 5, 6.125, 6.5], "texture": "#5"},
				"west": {"uv": [0, 8, 1.375, 9.5], "texture": "#5"},
				"up": {"uv": [1.625, 7.875, 0, 6.5], "texture": "#5"},
				"down": {"uv": [5.375, 6.5, 3.75, 7.875], "texture": "#5"}
			}
		},
		{
			"name": "body2",
			"from": [5.3295, 5.08525, 10.341],
			"to": [10.6705, 9.59675, 18.30413],
			"rotation": {"angle": 22.5, "axis": "y", "origin": [7.96194, 9.65914, 6.9294]},
			"faces": {
				"north": {"uv": [8.25, 1.25, 9.625, 2.375], "texture": "#5"},
				"east": {"uv": [6, 0, 8, 1.125], "texture": "#5"},
				"south": {"uv": [8.25, 2.5, 9.625, 3.625], "texture": "#5"},
				"west": {"uv": [1.75, 6, 3.75, 7.125], "texture": "#5"},
				"up": {"uv": [4.375, 2, 3, 0], "texture": "#5"},
				"down": {"uv": [4.375, 2, 3, 4], "texture": "#5"}
			}
		},
		{
			"name": "fin1",
			"from": [12.90757, 5.18451, 7.77766],
			"to": [15.40757, 5.97713, 10.02766],
			"rotation": {"angle": -22.5, "axis": "y", "origin": [8, 9.65914, 6.9294]},
			"faces": {
				"north": {"uv": [10.5, 0.75, 11.125, 1], "texture": "#5"},
				"east": {"uv": [8, 6.25, 8.5, 6.5], "texture": "#5"},
				"south": {"uv": [10.5, 1, 11.125, 1.25], "texture": "#5"},
				"west": {"uv": [8, 6.5, 8.5, 6.75], "texture": "#5"},
				"up": {"uv": [4.375, 6.5, 3.75, 6], "texture": "#5"},
				"down": {"uv": [10.625, 9, 10, 9.5], "texture": "#5"}
			}
		},
		{
			"name": "fin1",
			"from": [8.84826, 5.18451, 11.83697],
			"to": [11.09826, 5.97713, 14.33697],
			"rotation": {"angle": -22.5, "axis": "y", "origin": [8, 9.65914, 6.9294]},
			"faces": {
				"north": {"uv": [10.5, 1.25, 11.125, 1.5], "texture": "#5"},
				"east": {"uv": [1.5, 10.5, 2.125, 10.75], "texture": "#5"},
				"south": {"uv": [10.5, 1.5, 11.125, 1.75], "texture": "#5"},
				"west": {"uv": [10.5, 1.75, 11.125, 2], "texture": "#5"},
				"up": {"uv": [8.625, 10.625, 8, 10], "texture": "#5"},
				"down": {"uv": [10.625, 8.25, 10, 8.875], "texture": "#5"}
			}
		},
		{
			"from": [8, 2.9388, 13.65522],
			"to": [8, 6.74292, 16.20359],
			"rotation": {"angle": 22.5, "axis": "y", "origin": [8, 9.65914, 6.9294]},
			"faces": {
				"north": {"uv": [0, 0, 0, 1], "texture": "#5"},
				"east": {"uv": [9.75, 3, 10.375, 4], "texture": "#5"},
				"south": {"uv": [0, 0, 0, 1], "texture": "#5"},
				"west": {"uv": [9.75, 4, 10.375, 5], "texture": "#5"},
				"up": {"uv": [0, 0.625, 0, 0], "texture": "#5"},
				"down": {"uv": [0, 0, 0, 0.625], "texture": "#5"}
			}
		},
		{
			"from": [8, 8.00708, 13.40522],
			"to": [8, 11.8112, 15.95359],
			"rotation": {"angle": 22.5, "axis": "y", "origin": [8, 9.65914, 6.9294]},
			"faces": {
				"north": {"uv": [0, 0, 0, 1], "texture": "#5"},
				"east": {"uv": [9.75, 5, 10.375, 6], "texture": "#5"},
				"south": {"uv": [0, 0, 0, 1], "texture": "#5"},
				"west": {"uv": [9, 9.75, 9.625, 10.75], "texture": "#5"},
				"up": {"uv": [0, 0.625, 0, 0], "texture": "#5"},
				"down": {"uv": [0, 0, 0, 0.625], "texture": "#5"}
			}
		},
		{
			"name": "fin1",
			"from": [11.46769, 7.25, -5.091],
			"to": [16.80869, 8.04263, -0.33525],
			"rotation": {"angle": -45, "axis": "z", "origin": [9.88244, 7.25, -5.091]},
			"faces": {
				"north": {"uv": [9, 1.5, 10.375, 1.75], "texture": "#1"},
				"east": {"uv": [8.25, 11.75, 9.5, 12], "texture": "#1"},
				"south": {"uv": [11.75, 4.25, 13.125, 4.5], "texture": "#1"},
				"west": {"uv": [11.75, 9.5, 13, 9.75], "texture": "#1"},
				"up": {"uv": [10.625, 7, 9.25, 5.75], "texture": "#1"},
				"down": {"uv": [4.875, 9.75, 3.5, 11], "texture": "#1"}
			}
		},
		{
			"name": "fin1",
			"from": [-0.80869, 7.25, -5.091],
			"to": [4.53231, 8.04263, -0.33525],
			"rotation": {"angle": 45, "axis": "z", "origin": [6.11756, 7.25, -5.091]},
			"faces": {
				"north": {"uv": [11.75, 9, 13.125, 9.25], "texture": "#1"},
				"east": {"uv": [11.75, 11.25, 13, 11.5], "texture": "#1"},
				"south": {"uv": [11.75, 9.25, 13.125, 9.5], "texture": "#1"},
				"west": {"uv": [12, 0, 13.25, 0.25], "texture": "#1"},
				"up": {"uv": [1.375, 11.25, 0, 10], "texture": "#1"},
				"down": {"uv": [2.875, 10.25, 1.5, 11.5], "texture": "#1"}
			}
		},
		{
			"name": "jaw",
			"from": [4.68189, 7.54509, -16],
			"to": [11.31811, 10.46923, -10.62621],
			"rotation": {"angle": 0, "axis": "y", "origin": [4.57586, 4.905, -8.91414]},
			"faces": {
				"north": {"uv": [10.5, 8.25, 12.125, 9], "texture": "#1"},
				"east": {"uv": [10.75, 4.5, 12.125, 5.25], "texture": "#1"},
				"south": {"uv": [10.75, 1.25, 12.375, 2], "texture": "#1"},
				"west": {"uv": [10.75, 5.25, 12.125, 6], "texture": "#1"},
				"up": {"uv": [10.625, 4.375, 9, 3], "texture": "#1"},
				"down": {"uv": [8.625, 9, 7, 10.375], "texture": "#1"}
			}
		},
		{
			"name": "eye1",
			"from": [4.58189, 8.79509, -12.3],
			"to": [4.58189, 9.29509, -11.8],
			"rotation": {"angle": 0, "axis": "y", "origin": [4.47586, 5.655, -5.71414]},
			"faces": {
				"north": {"uv": [10.5, 8.25, 12.125, 9], "texture": "#1"},
				"east": {"uv": [14.5, 14.625, 15.875, 16], "texture": "#1"},
				"south": {"uv": [10.75, 1.25, 12.375, 2], "texture": "#1"},
				"west": {"uv": [15.875, 14.625, 14.5, 16], "texture": "#1"},
				"up": {"uv": [10.625, 4.375, 9, 3], "texture": "#1"},
				"down": {"uv": [8.625, 9, 7, 10.375], "texture": "#1"}
			}
		},
		{
			"name": "eye2",
			"from": [11.41811, 8.79509, -12.3],
			"to": [11.41811, 9.29509, -11.8],
			"rotation": {"angle": 0, "axis": "y", "origin": [11.52414, 5.655, -5.71414]},
			"faces": {
				"north": {"uv": [12.125, 8.25, 10.5, 9], "texture": "#1"},
				"east": {"uv": [14.5, 14.625, 15.875, 16], "texture": "#1"},
				"south": {"uv": [12.375, 1.25, 10.75, 2], "texture": "#1"},
				"west": {"uv": [15.875, 14.625, 14.5, 16], "texture": "#1"},
				"up": {"uv": [9, 4.375, 10.625, 3], "texture": "#1"},
				"down": {"uv": [7, 9, 8.625, 10.375], "texture": "#1"}
			}
		},
		{
			"name": "jaw2",
			"from": [6.18189, 7.29509, -14.5],
			"to": [9.81811, 7.54509, -10.62621],
			"rotation": {"angle": 0, "axis": "y", "origin": [4.57586, 4.905, -8.91414]},
			"faces": {
				"north": {"uv": [11.5, 12, 12.625, 12.125], "texture": "#1"},
				"east": {"uv": [12, 11.5, 13.125, 11.625], "texture": "#1"},
				"south": {"uv": [12, 11.75, 13.125, 11.875], "texture": "#1"},
				"west": {"uv": [12.25, 2, 13.375, 2.125], "texture": "#1"},
				"up": {"uv": [9.375, 11.625, 8.25, 10.5], "texture": "#1"},
				"down": {"uv": [11.875, 0, 10.75, 1.125], "texture": "#1"}
			}
		},
		{
			"name": "1",
			"from": [4.9, 6.87527, -15.07608],
			"to": [4.9, 7.62527, -14.07608],
			"rotation": {"angle": 0, "axis": "z", "origin": [7, 7.25355, -14.80684]},
			"faces": {
				"north": {"uv": [10.5, 4, 14, 7], "rotation": 180, "texture": "#2"},
				"east": {"uv": [16, 0, 0, 13.5], "rotation": 180, "texture": "#2"},
				"south": {"uv": [10, 10, 6.5, 13], "rotation": 180, "texture": "#2"},
				"west": {"uv": [16, 0, 0, 13.5], "rotation": 180, "texture": "#2"},
				"up": {"uv": [14, 4, 10.5, 7], "rotation": 180, "texture": "#2"},
				"down": {"uv": [3.5, 10, 0, 13], "texture": "#2"}
			}
		},
		{
			"name": "1",
			"from": [4.9, 6.87527, -15.82608],
			"to": [4.9, 7.62527, -14.82608],
			"rotation": {"angle": 0, "axis": "z", "origin": [7, 7.25355, -14.80684]},
			"faces": {
				"north": {"uv": [10.5, 4, 14, 7], "rotation": 180, "texture": "#2"},
				"east": {"uv": [16, 0, 0, 13.5], "rotation": 180, "texture": "#2"},
				"south": {"uv": [10, 10, 6.5, 13], "rotation": 180, "texture": "#2"},
				"west": {"uv": [16, 0, 0, 13.5], "rotation": 180, "texture": "#2"},
				"up": {"uv": [14, 4, 10.5, 7], "rotation": 180, "texture": "#2"},
				"down": {"uv": [3.5, 10, 0, 13], "texture": "#2"}
			}
		},
		{
			"name": "1",
			"from": [5.65, 6.87527, -15.82608],
			"to": [6.65, 7.62527, -15.82608],
			"rotation": {"angle": 0, "axis": "z", "origin": [8, 7.25355, -14.80684]},
			"faces": {
				"north": {"uv": [16, 0, 0, 13.5], "rotation": 180, "texture": "#2"},
				"east": {"uv": [10.5, 4, 14, 7], "rotation": 180, "texture": "#2"},
				"south": {"uv": [16, 0, 0, 13.5], "rotation": 180, "texture": "#2"},
				"west": {"uv": [10, 10, 6.5, 13], "rotation": 180, "texture": "#2"},
				"up": {"uv": [10.5, 7, 14, 4], "rotation": 90, "texture": "#2"},
				"down": {"uv": [0, 13, 3.5, 10], "rotation": 90, "texture": "#2"}
			}
		},
		{
			"name": "1",
			"from": [4.9, 6.87527, -15.82608],
			"to": [5.9, 7.62527, -15.82608],
			"rotation": {"angle": 0, "axis": "y", "origin": [7.25, 7.25355, -14.80684]},
			"faces": {
				"north": {"uv": [16, 0, 0, 13.5], "rotation": 180, "texture": "#2"},
				"east": {"uv": [10.5, 4, 14, 7], "rotation": 180, "texture": "#2"},
				"south": {"uv": [16, 0, 0, 13.5], "rotation": 180, "texture": "#2"},
				"west": {"uv": [10, 10, 6.5, 13], "rotation": 180, "texture": "#2"},
				"up": {"uv": [10.5, 7, 14, 4], "rotation": 90, "texture": "#2"},
				"down": {"uv": [0, 13, 3.5, 10], "rotation": 90, "texture": "#2"}
			}
		},
		{
			"name": "1",
			"from": [8.6, 6.87526, -15.82608],
			"to": [9.6, 7.62526, -15.82608],
			"rotation": {"angle": 0, "axis": "z", "origin": [8, 7.25355, -14.80684]},
			"faces": {
				"north": {"uv": [0, 0, 16, 13.5], "rotation": 180, "texture": "#2"},
				"east": {"uv": [6.5, 10, 10, 13], "rotation": 180, "texture": "#2"},
				"south": {"uv": [0, 0, 16, 13.5], "rotation": 180, "texture": "#2"},
				"west": {"uv": [14, 4, 10.5, 7], "rotation": 180, "texture": "#2"},
				"up": {"uv": [10.5, 4, 14, 7], "rotation": 90, "texture": "#2"},
				"down": {"uv": [0, 10, 3.5, 13], "rotation": 90, "texture": "#2"}
			}
		},
		{
			"name": "1",
			"from": [7.15, 6.87526, -15.82608],
			"to": [8.15, 7.62526, -15.82608],
			"rotation": {"angle": 0, "axis": "z", "origin": [8, 7.25355, -14.80684]},
			"faces": {
				"north": {"uv": [16, 0, 0, 13.5], "rotation": 180, "texture": "#2"},
				"east": {"uv": [10.5, 4, 14, 7], "rotation": 180, "texture": "#2"},
				"south": {"uv": [16, 0, 0, 13.5], "rotation": 180, "texture": "#2"},
				"west": {"uv": [10, 10, 6.5, 13], "rotation": 180, "texture": "#2"},
				"up": {"uv": [10.5, 7, 14, 4], "rotation": 90, "texture": "#2"},
				"down": {"uv": [0, 13, 3.5, 10], "rotation": 90, "texture": "#2"}
			}
		},
		{
			"name": "1",
			"from": [9.35, 6.87527, -15.82608],
			"to": [10.35, 7.62527, -15.82608],
			"rotation": {"angle": 0, "axis": "z", "origin": [8, 7.25355, -14.80684]},
			"faces": {
				"north": {"uv": [0, 0, 16, 13.5], "rotation": 180, "texture": "#2"},
				"east": {"uv": [6.5, 10, 10, 13], "rotation": 180, "texture": "#2"},
				"south": {"uv": [0, 0, 16, 13.5], "rotation": 180, "texture": "#2"},
				"west": {"uv": [14, 4, 10.5, 7], "rotation": 180, "texture": "#2"},
				"up": {"uv": [10.5, 4, 14, 7], "rotation": 90, "texture": "#2"},
				"down": {"uv": [0, 10, 3.5, 13], "rotation": 90, "texture": "#2"}
			}
		},
		{
			"name": "1",
			"from": [10.1, 6.87527, -15.82608],
			"to": [11.1, 7.62527, -15.82608],
			"rotation": {"angle": 0, "axis": "y", "origin": [8.75, 7.25355, -14.80684]},
			"faces": {
				"north": {"uv": [0, 0, 16, 13.5], "rotation": 180, "texture": "#2"},
				"east": {"uv": [6.5, 10, 10, 13], "rotation": 180, "texture": "#2"},
				"south": {"uv": [0, 0, 16, 13.5], "rotation": 180, "texture": "#2"},
				"west": {"uv": [14, 4, 10.5, 7], "rotation": 180, "texture": "#2"},
				"up": {"uv": [10.5, 4, 14, 7], "rotation": 90, "texture": "#2"},
				"down": {"uv": [0, 10, 3.5, 13], "rotation": 90, "texture": "#2"}
			}
		},
		{
			"name": "1",
			"from": [11.25, 7.06276, -14.95108],
			"to": [11.25, 7.43776, -14.45108],
			"rotation": {"angle": 0, "axis": "z", "origin": [10.2, 7.25355, -14.80684]},
			"faces": {
				"north": {"uv": [14, 4, 10.5, 7], "rotation": 180, "texture": "#2"},
				"east": {"uv": [0, 0, 16, 13.5], "rotation": 180, "texture": "#2"},
				"south": {"uv": [6.5, 10, 10, 13], "rotation": 180, "texture": "#2"},
				"west": {"uv": [0, 0, 16, 13.5], "rotation": 180, "texture": "#2"},
				"up": {"uv": [10.5, 4, 14, 7], "rotation": 180, "texture": "#2"},
				"down": {"uv": [0, 10, 3.5, 13], "texture": "#2"}
			}
		},
		{
			"name": "1",
			"from": [11.1, 6.87527, -14.32608],
			"to": [11.1, 7.62527, -13.32608],
			"rotation": {"angle": 0, "axis": "z", "origin": [9, 7.25355, -14.80684]},
			"faces": {
				"north": {"uv": [14, 4, 10.5, 7], "rotation": 180, "texture": "#2"},
				"east": {"uv": [0, 0, 16, 13.5], "rotation": 180, "texture": "#2"},
				"south": {"uv": [6.5, 10, 10, 13], "rotation": 180, "texture": "#2"},
				"west": {"uv": [0, 0, 16, 13.5], "rotation": 180, "texture": "#2"},
				"up": {"uv": [10.5, 4, 14, 7], "rotation": 180, "texture": "#2"},
				"down": {"uv": [0, 10, 3.5, 13], "texture": "#2"}
			}
		},
		{
			"name": "1",
			"from": [11.1, 6.87527, -13.57608],
			"to": [11.1, 7.62527, -12.57608],
			"rotation": {"angle": 0, "axis": "y", "origin": [9, 7.25355, -14.05684]},
			"faces": {
				"north": {"uv": [14, 4, 10.5, 7], "rotation": 180, "texture": "#2"},
				"east": {"uv": [0, 0, 16, 13.5], "rotation": 180, "texture": "#2"},
				"south": {"uv": [6.5, 10, 10, 13], "rotation": 180, "texture": "#2"},
				"west": {"uv": [0, 0, 16, 13.5], "rotation": 180, "texture": "#2"},
				"up": {"uv": [10.5, 4, 14, 7], "rotation": 180, "texture": "#2"},
				"down": {"uv": [0, 10, 3.5, 13], "texture": "#2"}
			}
		},
		{
			"name": "1",
			"from": [11.1, 6.87527, -12.82608],
			"to": [11.1, 7.62527, -11.82608],
			"rotation": {"angle": 0, "axis": "y", "origin": [9, 7.25355, -13.30684]},
			"faces": {
				"north": {"uv": [14, 4, 10.5, 7], "rotation": 180, "texture": "#2"},
				"east": {"uv": [0, 0, 16, 13.5], "rotation": 180, "texture": "#2"},
				"south": {"uv": [6.5, 10, 10, 13], "rotation": 180, "texture": "#2"},
				"west": {"uv": [0, 0, 16, 13.5], "rotation": 180, "texture": "#2"},
				"up": {"uv": [10.5, 4, 14, 7], "rotation": 180, "texture": "#2"},
				"down": {"uv": [0, 10, 3.5, 13], "texture": "#2"}
			}
		},
		{
			"name": "1",
			"from": [4.9, 6.87527, -14.32608],
			"to": [4.9, 7.62527, -13.32608],
			"rotation": {"angle": 0, "axis": "z", "origin": [7, 7.25355, -14.80684]},
			"faces": {
				"north": {"uv": [10.5, 4, 14, 7], "rotation": 180, "texture": "#2"},
				"east": {"uv": [16, 0, 0, 13.5], "rotation": 180, "texture": "#2"},
				"south": {"uv": [10, 10, 6.5, 13], "rotation": 180, "texture": "#2"},
				"west": {"uv": [16, 0, 0, 13.5], "rotation": 180, "texture": "#2"},
				"up": {"uv": [14, 4, 10.5, 7], "rotation": 180, "texture": "#2"},
				"down": {"uv": [3.5, 10, 0, 13], "texture": "#2"}
			}
		},
		{
			"name": "1",
			"from": [4.9, 6.87527, -13.57608],
			"to": [4.9, 7.62527, -12.57608],
			"rotation": {"angle": 0, "axis": "y", "origin": [7, 7.25355, -14.05684]},
			"faces": {
				"north": {"uv": [10.5, 4, 14, 7], "rotation": 180, "texture": "#2"},
				"east": {"uv": [16, 0, 0, 13.5], "rotation": 180, "texture": "#2"},
				"south": {"uv": [10, 10, 6.5, 13], "rotation": 180, "texture": "#2"},
				"west": {"uv": [16, 0, 0, 13.5], "rotation": 180, "texture": "#2"},
				"up": {"uv": [14, 4, 10.5, 7], "rotation": 180, "texture": "#2"},
				"down": {"uv": [3.5, 10, 0, 13], "texture": "#2"}
			}
		},
		{
			"name": "1",
			"from": [4.9, 6.87527, -12.82608],
			"to": [4.9, 7.62527, -11.82608],
			"rotation": {"angle": 0, "axis": "y", "origin": [7, 7.25355, -13.30684]},
			"faces": {
				"north": {"uv": [10.5, 4, 14, 7], "rotation": 180, "texture": "#2"},
				"east": {"uv": [16, 0, 0, 13.5], "rotation": 180, "texture": "#2"},
				"south": {"uv": [10, 10, 6.5, 13], "rotation": 180, "texture": "#2"},
				"west": {"uv": [16, 0, 0, 13.5], "rotation": 180, "texture": "#2"},
				"up": {"uv": [14, 4, 10.5, 7], "rotation": 180, "texture": "#2"},
				"down": {"uv": [3.5, 10, 0, 13], "texture": "#2"}
			}
		},
		{
			"name": "1",
			"from": [7.85, 6.87526, -15.82608],
			"to": [8.85, 7.62526, -15.82608],
			"rotation": {"angle": 0, "axis": "z", "origin": [8, 7.25355, -14.80684]},
			"faces": {
				"north": {"uv": [0, 0, 16, 13.5], "rotation": 180, "texture": "#2"},
				"east": {"uv": [6.5, 10, 10, 13], "rotation": 180, "texture": "#2"},
				"south": {"uv": [0, 0, 16, 13.5], "rotation": 180, "texture": "#2"},
				"west": {"uv": [14, 4, 10.5, 7], "rotation": 180, "texture": "#2"},
				"up": {"uv": [10.5, 4, 14, 7], "rotation": 90, "texture": "#2"},
				"down": {"uv": [0, 10, 3.5, 13], "rotation": 90, "texture": "#2"}
			}
		},
		{
			"name": "1",
			"from": [6.4, 6.87526, -15.82608],
			"to": [7.4, 7.62526, -15.82608],
			"rotation": {"angle": 0, "axis": "z", "origin": [8, 7.25355, -14.80684]},
			"faces": {
				"north": {"uv": [16, 0, 0, 13.5], "rotation": 180, "texture": "#2"},
				"east": {"uv": [10.5, 4, 14, 7], "rotation": 180, "texture": "#2"},
				"south": {"uv": [16, 0, 0, 13.5], "rotation": 180, "texture": "#2"},
				"west": {"uv": [10, 10, 6.5, 13], "rotation": 180, "texture": "#2"},
				"up": {"uv": [10.5, 7, 14, 4], "rotation": 90, "texture": "#2"},
				"down": {"uv": [0, 13, 3.5, 10], "rotation": 90, "texture": "#2"}
			}
		},
		{
			"name": "1",
			"from": [11.1, 6.87526, -15.82608],
			"to": [11.1, 7.62526, -14.82608],
			"rotation": {"angle": 0, "axis": "z", "origin": [9, 7.25355, -14.80684]},
			"faces": {
				"north": {"uv": [14, 4, 10.5, 7], "rotation": 180, "texture": "#2"},
				"east": {"uv": [0, 0, 16, 13.5], "rotation": 180, "texture": "#2"},
				"south": {"uv": [6.5, 10, 10, 13], "rotation": 180, "texture": "#2"},
				"west": {"uv": [0, 0, 16, 13.5], "rotation": 180, "texture": "#2"},
				"up": {"uv": [10.5, 4, 14, 7], "rotation": 180, "texture": "#2"},
				"down": {"uv": [0, 10, 3.5, 13], "texture": "#2"}
			}
		},
		{
			"name": "1",
			"from": [6.45, 6.81933, -13.9126],
			"to": [6.45, 7.29433, -13.4126],
			"rotation": {"angle": 0, "axis": "z", "origin": [7.5, 7.10355, -14.30684]},
			"faces": {
				"north": {"uv": [10.5, 4, 14, 7], "rotation": 180, "texture": "#2"},
				"east": {"uv": [16, 0, 0, 13.5], "rotation": 180, "texture": "#2"},
				"south": {"uv": [10, 10, 6.5, 13], "rotation": 180, "texture": "#2"},
				"west": {"uv": [16, 0, 0, 13.5], "rotation": 180, "texture": "#2"},
				"up": {"uv": [14, 4, 10.5, 7], "rotation": 180, "texture": "#2"},
				"down": {"uv": [3.5, 10, 0, 13], "texture": "#2"}
			}
		},
		{
			"name": "1",
			"from": [6.45, 6.81933, -14.2876],
			"to": [6.45, 7.29433, -13.7876],
			"rotation": {"angle": 0, "axis": "z", "origin": [7.5, 7.10355, -14.30684]},
			"faces": {
				"north": {"uv": [10.5, 4, 14, 7], "rotation": 180, "texture": "#2"},
				"east": {"uv": [16, 0, 0, 13.5], "rotation": 180, "texture": "#2"},
				"south": {"uv": [10, 10, 6.5, 13], "rotation": 180, "texture": "#2"},
				"west": {"uv": [16, 0, 0, 13.5], "rotation": 180, "texture": "#2"},
				"up": {"uv": [14, 4, 10.5, 7], "rotation": 180, "texture": "#2"},
				"down": {"uv": [3.5, 10, 0, 13], "texture": "#2"}
			}
		},
		{
			"name": "1",
			"from": [6.825, 6.81933, -14.2876],
			"to": [7.325, 7.29433, -14.2876],
			"rotation": {"angle": 0, "axis": "z", "origin": [8, 7.10355, -14.30684]},
			"faces": {
				"north": {"uv": [16, 0, 0, 13.5], "rotation": 180, "texture": "#2"},
				"east": {"uv": [10.5, 4, 14, 7], "rotation": 180, "texture": "#2"},
				"south": {"uv": [16, 0, 0, 13.5], "rotation": 180, "texture": "#2"},
				"west": {"uv": [10, 10, 6.5, 13], "rotation": 180, "texture": "#2"},
				"up": {"uv": [10.5, 7, 14, 4], "rotation": 90, "texture": "#2"},
				"down": {"uv": [0, 13, 3.5, 10], "rotation": 90, "texture": "#2"}
			}
		},
		{
			"name": "1",
			"from": [6.425, 6.81933, -14.2876],
			"to": [6.925, 7.29433, -14.2876],
			"rotation": {"angle": 0, "axis": "y", "origin": [7.6, 7.10355, -14.30684]},
			"faces": {
				"north": {"uv": [16, 0, 0, 13.5], "rotation": 180, "texture": "#2"},
				"east": {"uv": [10.5, 4, 14, 7], "rotation": 180, "texture": "#2"},
				"south": {"uv": [16, 0, 0, 13.5], "rotation": 180, "texture": "#2"},
				"west": {"uv": [10, 10, 6.5, 13], "rotation": 180, "texture": "#2"},
				"up": {"uv": [10.5, 7, 14, 4], "rotation": 90, "texture": "#2"},
				"down": {"uv": [0, 13, 3.5, 10], "rotation": 90, "texture": "#2"}
			}
		},
		{
			"name": "1",
			"from": [8.3, 6.81933, -14.2876],
			"to": [8.8, 7.29433, -14.2876],
			"rotation": {"angle": 0, "axis": "z", "origin": [8, 7.10355, -14.30684]},
			"faces": {
				"north": {"uv": [0, 0, 16, 13.5], "rotation": 180, "texture": "#2"},
				"east": {"uv": [6.5, 10, 10, 13], "rotation": 180, "texture": "#2"},
				"south": {"uv": [0, 0, 16, 13.5], "rotation": 180, "texture": "#2"},
				"west": {"uv": [14, 4, 10.5, 7], "rotation": 180, "texture": "#2"},
				"up": {"uv": [10.5, 4, 14, 7], "rotation": 90, "texture": "#2"},
				"down": {"uv": [0, 10, 3.5, 13], "rotation": 90, "texture": "#2"}
			}
		},
		{
			"name": "1",
			"from": [7.575, 6.81933, -14.2876],
			"to": [8.075, 7.29433, -14.2876],
			"rotation": {"angle": 0, "axis": "z", "origin": [8, 7.10355, -14.30684]},
			"faces": {
				"north": {"uv": [16, 0, 0, 13.5], "rotation": 180, "texture": "#2"},
				"east": {"uv": [10.5, 4, 14, 7], "rotation": 180, "texture": "#2"},
				"south": {"uv": [16, 0, 0, 13.5], "rotation": 180, "texture": "#2"},
				"west": {"uv": [10, 10, 6.5, 13], "rotation": 180, "texture": "#2"},
				"up": {"uv": [10.5, 7, 14, 4], "rotation": 90, "texture": "#2"},
				"down": {"uv": [0, 13, 3.5, 10], "rotation": 90, "texture": "#2"}
			}
		},
		{
			"name": "1",
			"from": [8.675, 6.81933, -14.2876],
			"to": [9.175, 7.29433, -14.2876],
			"rotation": {"angle": 0, "axis": "z", "origin": [8, 7.10355, -14.30684]},
			"faces": {
				"north": {"uv": [0, 0, 16, 13.5], "rotation": 180, "texture": "#2"},
				"east": {"uv": [6.5, 10, 10, 13], "rotation": 180, "texture": "#2"},
				"south": {"uv": [0, 0, 16, 13.5], "rotation": 180, "texture": "#2"},
				"west": {"uv": [14, 4, 10.5, 7], "rotation": 180, "texture": "#2"},
				"up": {"uv": [10.5, 4, 14, 7], "rotation": 90, "texture": "#2"},
				"down": {"uv": [0, 10, 3.5, 13], "rotation": 90, "texture": "#2"}
			}
		},
		{
			"name": "1",
			"from": [9.075, 6.81933, -14.2876],
			"to": [9.575, 7.29433, -14.2876],
			"rotation": {"angle": 0, "axis": "y", "origin": [8.4, 7.10355, -14.30684]},
			"faces": {
				"north": {"uv": [0, 0, 16, 13.5], "rotation": 180, "texture": "#2"},
				"east": {"uv": [6.5, 10, 10, 13], "rotation": 180, "texture": "#2"},
				"south": {"uv": [0, 0, 16, 13.5], "rotation": 180, "texture": "#2"},
				"west": {"uv": [14, 4, 10.5, 7], "rotation": 180, "texture": "#2"},
				"up": {"uv": [10.5, 4, 14, 7], "rotation": 90, "texture": "#2"},
				"down": {"uv": [0, 10, 3.5, 13], "rotation": 90, "texture": "#2"}
			}
		},
		{
			"name": "1",
			"from": [9.55, 6.81933, -13.9126],
			"to": [9.55, 7.29433, -13.4126],
			"rotation": {"angle": 0, "axis": "z", "origin": [8.5, 7.10355, -14.30684]},
			"faces": {
				"north": {"uv": [14, 4, 10.5, 7], "rotation": 180, "texture": "#2"},
				"east": {"uv": [0, 0, 16, 13.5], "rotation": 180, "texture": "#2"},
				"south": {"uv": [6.5, 10, 10, 13], "rotation": 180, "texture": "#2"},
				"west": {"uv": [0, 0, 16, 13.5], "rotation": 180, "texture": "#2"},
				"up": {"uv": [10.5, 4, 14, 7], "rotation": 180, "texture": "#2"},
				"down": {"uv": [0, 10, 3.5, 13], "texture": "#2"}
			}
		},
		{
			"name": "1",
			"from": [9.55, 6.81933, -13.5376],
			"to": [9.55, 7.29433, -13.0376],
			"rotation": {"angle": 0, "axis": "z", "origin": [8.5, 7.10355, -14.30684]},
			"faces": {
				"north": {"uv": [14, 4, 10.5, 7], "rotation": 180, "texture": "#2"},
				"east": {"uv": [0, 0, 16, 13.5], "rotation": 180, "texture": "#2"},
				"south": {"uv": [6.5, 10, 10, 13], "rotation": 180, "texture": "#2"},
				"west": {"uv": [0, 0, 16, 13.5], "rotation": 180, "texture": "#2"},
				"up": {"uv": [10.5, 4, 14, 7], "rotation": 180, "texture": "#2"},
				"down": {"uv": [0, 10, 3.5, 13], "texture": "#2"}
			}
		},
		{
			"name": "1",
			"from": [9.55, 6.81933, -13.0376],
			"to": [9.55, 7.29433, -12.5376],
			"rotation": {"angle": 0, "axis": "y", "origin": [8.5, 7.10355, -13.80684]},
			"faces": {
				"north": {"uv": [14, 4, 10.5, 7], "rotation": 180, "texture": "#2"},
				"east": {"uv": [0, 0, 16, 13.5], "rotation": 180, "texture": "#2"},
				"south": {"uv": [6.5, 10, 10, 13], "rotation": 180, "texture": "#2"},
				"west": {"uv": [0, 0, 16, 13.5], "rotation": 180, "texture": "#2"},
				"up": {"uv": [10.5, 4, 14, 7], "rotation": 180, "texture": "#2"},
				"down": {"uv": [0, 10, 3.5, 13], "texture": "#2"}
			}
		},
		{
			"name": "1",
			"from": [9.55, 6.81933, -12.5376],
			"to": [9.55, 7.29433, -12.0376],
			"rotation": {"angle": 0, "axis": "y", "origin": [8.5, 7.10355, -13.30684]},
			"faces": {
				"north": {"uv": [14, 4, 10.5, 7], "rotation": 180, "texture": "#2"},
				"east": {"uv": [0, 0, 16, 13.5], "rotation": 180, "texture": "#2"},
				"south": {"uv": [6.5, 10, 10, 13], "rotation": 180, "texture": "#2"},
				"west": {"uv": [0, 0, 16, 13.5], "rotation": 180, "texture": "#2"},
				"up": {"uv": [10.5, 4, 14, 7], "rotation": 180, "texture": "#2"},
				"down": {"uv": [0, 10, 3.5, 13], "texture": "#2"}
			}
		},
		{
			"name": "1",
			"from": [6.45, 6.81933, -13.5376],
			"to": [6.45, 7.29433, -13.0376],
			"rotation": {"angle": 0, "axis": "z", "origin": [7.5, 7.10355, -14.30684]},
			"faces": {
				"north": {"uv": [10.5, 4, 14, 7], "rotation": 180, "texture": "#2"},
				"east": {"uv": [16, 0, 0, 13.5], "rotation": 180, "texture": "#2"},
				"south": {"uv": [10, 10, 6.5, 13], "rotation": 180, "texture": "#2"},
				"west": {"uv": [16, 0, 0, 13.5], "rotation": 180, "texture": "#2"},
				"up": {"uv": [14, 4, 10.5, 7], "rotation": 180, "texture": "#2"},
				"down": {"uv": [3.5, 10, 0, 13], "texture": "#2"}
			}
		},
		{
			"name": "1",
			"from": [6.45, 6.81933, -13.0376],
			"to": [6.45, 7.29433, -12.5376],
			"rotation": {"angle": 0, "axis": "y", "origin": [7.5, 7.10355, -13.80684]},
			"faces": {
				"north": {"uv": [10.5, 4, 14, 7], "rotation": 180, "texture": "#2"},
				"east": {"uv": [16, 0, 0, 13.5], "rotation": 180, "texture": "#2"},
				"south": {"uv": [10, 10, 6.5, 13], "rotation": 180, "texture": "#2"},
				"west": {"uv": [16, 0, 0, 13.5], "rotation": 180, "texture": "#2"},
				"up": {"uv": [14, 4, 10.5, 7], "rotation": 180, "texture": "#2"},
				"down": {"uv": [3.5, 10, 0, 13], "texture": "#2"}
			}
		},
		{
			"name": "1",
			"from": [6.45, 6.81933, -12.5376],
			"to": [6.45, 7.29433, -12.0376],
			"rotation": {"angle": 0, "axis": "y", "origin": [7.5, 7.10355, -13.30684]},
			"faces": {
				"north": {"uv": [10.5, 4, 14, 7], "rotation": 180, "texture": "#2"},
				"east": {"uv": [16, 0, 0, 13.5], "rotation": 180, "texture": "#2"},
				"south": {"uv": [10, 10, 6.5, 13], "rotation": 180, "texture": "#2"},
				"west": {"uv": [16, 0, 0, 13.5], "rotation": 180, "texture": "#2"},
				"up": {"uv": [14, 4, 10.5, 7], "rotation": 180, "texture": "#2"},
				"down": {"uv": [3.5, 10, 0, 13], "texture": "#2"}
			}
		},
		{
			"name": "1",
			"from": [7.925, 6.81933, -14.2876],
			"to": [8.425, 7.29433, -14.2876],
			"rotation": {"angle": 0, "axis": "z", "origin": [8, 7.10355, -14.30684]},
			"faces": {
				"north": {"uv": [0, 0, 16, 13.5], "rotation": 180, "texture": "#2"},
				"east": {"uv": [6.5, 10, 10, 13], "rotation": 180, "texture": "#2"},
				"south": {"uv": [0, 0, 16, 13.5], "rotation": 180, "texture": "#2"},
				"west": {"uv": [14, 4, 10.5, 7], "rotation": 180, "texture": "#2"},
				"up": {"uv": [10.5, 4, 14, 7], "rotation": 90, "texture": "#2"},
				"down": {"uv": [0, 10, 3.5, 13], "rotation": 90, "texture": "#2"}
			}
		},
		{
			"name": "1",
			"from": [7.2, 6.81933, -14.2876],
			"to": [7.7, 7.29433, -14.2876],
			"rotation": {"angle": 0, "axis": "z", "origin": [8, 7.10355, -14.30684]},
			"faces": {
				"north": {"uv": [16, 0, 0, 13.5], "rotation": 180, "texture": "#2"},
				"east": {"uv": [10.5, 4, 14, 7], "rotation": 180, "texture": "#2"},
				"south": {"uv": [16, 0, 0, 13.5], "rotation": 180, "texture": "#2"},
				"west": {"uv": [10, 10, 6.5, 13], "rotation": 180, "texture": "#2"},
				"up": {"uv": [10.5, 7, 14, 4], "rotation": 90, "texture": "#2"},
				"down": {"uv": [0, 13, 3.5, 10], "rotation": 90, "texture": "#2"}
			}
		},
		{
			"name": "1",
			"from": [9.55, 6.81933, -14.2876],
			"to": [9.55, 7.29433, -13.7876],
			"rotation": {"angle": 0, "axis": "z", "origin": [8.5, 7.10355, -14.30684]},
			"faces": {
				"north": {"uv": [14, 4, 10.5, 7], "rotation": 180, "texture": "#2"},
				"east": {"uv": [0, 0, 16, 13.5], "rotation": 180, "texture": "#2"},
				"south": {"uv": [6.5, 10, 10, 13], "rotation": 180, "texture": "#2"},
				"west": {"uv": [0, 0, 16, 13.5], "rotation": 180, "texture": "#2"},
				"up": {"uv": [10.5, 4, 14, 7], "rotation": 180, "texture": "#2"},
				"down": {"uv": [0, 10, 3.5, 13], "texture": "#2"}
			}
		},
		{
			"name": "jaw",
			"from": [5.53793, 4.47698, -14.05035],
			"to": [10.46207, 6.61707, -9.77018],
			"rotation": {"angle": -22.5, "axis": "x", "origin": [8.25, 4.905, -10.62621]},
			"faces": {
				"north": {"uv": [9.25, 7, 10.5, 7.5], "texture": "#1"},
				"east": {"uv": [11.75, 3.75, 12.875, 4.25], "texture": "#1"},
				"south": {"uv": [10.75, 11.5, 12, 12], "texture": "#1"},
				"west": {"uv": [11.75, 7, 12.875, 7.5], "texture": "#1"},
				"up": {"uv": [8.25, 11.625, 7, 10.5], "texture": "#1"},
				"down": {"uv": [11.75, 7, 10.5, 8.125], "texture": "#1"}
			}
		},
		{
			"name": "shooter",
			"from": [7.25, 6, -12.45035],
			"to": [8.75, 7.5, -10.95035],
			"rotation": {"angle": 0, "axis": "y", "origin": [8, 6.75, -11.70035]},
			"faces": {
				"north": {"uv": [0, 0, 3, 3], "texture": "#3"},
				"east": {"uv": [0, 4, 3, 7], "texture": "#3"},
				"south": {"uv": [4, 0, 7, 3], "texture": "#3"},
				"west": {"uv": [4, 4, 7, 7], "texture": "#3"},
				"up": {"uv": [3, 11, 0, 8], "texture": "#3"},
				"down": {"uv": [7, 0, 4, 3], "texture": "#3"}
			}
		},
		{
			"name": "jaw",
			"from": [6.78793, 6.57698, -12.80035],
			"to": [9.21207, 6.82698, -9.77018],
			"rotation": {"angle": -22.5, "axis": "x", "origin": [8.25, 4.905, -10.62621]},
			"faces": {
				"north": {"uv": [5.5, 12.25, 6.25, 12.375], "texture": "#1"},
				"east": {"uv": [12.25, 5, 13.125, 5.125], "texture": "#1"},
				"south": {"uv": [12.25, 5.5, 13, 5.625], "texture": "#1"},
				"west": {"uv": [12.25, 5.25, 13.125, 5.375], "texture": "#1"},
				"up": {"uv": [11.5, 6.875, 10.75, 6], "texture": "#1"},
				"down": {"uv": [0.75, 11.25, 0, 12.125], "texture": "#1"}
			}
		},
		{
			"name": "1",
			"from": [10.1, 5.24153, -13.49975],
			"to": [10.1, 5.99153, -12.49975],
			"rotation": {"angle": -22.5, "axis": "x", "origin": [9.85, 5.61653, -14.24975]},
			"faces": {
				"north": {"uv": [10.5, 4, 14, 7], "texture": "#2"},
				"east": {"uv": [16, 0, 0, 13.5], "texture": "#2"},
				"south": {"uv": [10, 10, 6.5, 13], "texture": "#2"},
				"west": {"uv": [16, 0, 0, 13.5], "texture": "#2"},
				"up": {"uv": [3.5, 10, 0, 13], "rotation": 180, "texture": "#2"},
				"down": {"uv": [14, 4, 10.5, 7], "texture": "#2"}
			}
		},
		{
			"name": "1",
			"from": [10.1, 5.24153, -14.24975],
			"to": [10.1, 5.99153, -13.24975],
			"rotation": {"angle": -22.5, "axis": "x", "origin": [9.85, 5.61653, -14.24975]},
			"faces": {
				"north": {"uv": [10.5, 4, 14, 7], "texture": "#2"},
				"east": {"uv": [16, 0, 0, 13.5], "texture": "#2"},
				"south": {"uv": [10, 10, 6.5, 13], "texture": "#2"},
				"west": {"uv": [16, 0, 0, 13.5], "texture": "#2"},
				"up": {"uv": [3.5, 10, 0, 13], "rotation": 180, "texture": "#2"},
				"down": {"uv": [14, 4, 10.5, 7], "texture": "#2"}
			}
		},
		{
			"name": "1",
			"from": [9.35, 5.24153, -14.24975],
			"to": [10.35, 5.99153, -14.24975],
			"rotation": {"angle": -22.5, "axis": "x", "origin": [9.85, 5.61653, -14.24975]},
			"faces": {
				"north": {"uv": [16, 0, 0, 13.5], "texture": "#2"},
				"east": {"uv": [10, 10, 6.5, 13], "texture": "#2"},
				"south": {"uv": [16, 0, 0, 13.5], "texture": "#2"},
				"west": {"uv": [10.5, 4, 14, 7], "texture": "#2"},
				"up": {"uv": [0, 13, 3.5, 10], "rotation": 270, "texture": "#2"},
				"down": {"uv": [10.5, 7, 14, 4], "rotation": 270, "texture": "#2"}
			}
		},
		{
			"name": "1",
			"from": [6.4, 5.5, -14.45035],
			"to": [7.4, 6.25, -14.45035],
			"rotation": {"angle": -22.5, "axis": "x", "origin": [6.65, 6.25, -13.70035]},
			"faces": {
				"north": {"uv": [0, 0, 16, 13.5], "texture": "#2"},
				"east": {"uv": [14, 4, 10.5, 7], "texture": "#2"},
				"south": {"uv": [0, 0, 16, 13.5], "texture": "#2"},
				"west": {"uv": [6.5, 10, 10, 13], "texture": "#2"},
				"up": {"uv": [0, 10, 3.5, 13], "rotation": 270, "texture": "#2"},
				"down": {"uv": [10.5, 4, 14, 7], "rotation": 270, "texture": "#2"}
			}
		},
		{
			"name": "1",
			"from": [7.85, 5.5, -14.45035],
			"to": [8.85, 6.25, -14.45035],
			"rotation": {"angle": -22.5, "axis": "x", "origin": [8.6, 6.25, -13.70035]},
			"faces": {
				"north": {"uv": [16, 0, 0, 13.5], "texture": "#2"},
				"east": {"uv": [10, 10, 6.5, 13], "texture": "#2"},
				"south": {"uv": [16, 0, 0, 13.5], "texture": "#2"},
				"west": {"uv": [10.5, 4, 14, 7], "texture": "#2"},
				"up": {"uv": [0, 13, 3.5, 10], "rotation": 270, "texture": "#2"},
				"down": {"uv": [10.5, 7, 14, 4], "rotation": 270, "texture": "#2"}
			}
		},
		{
			"name": "1",
			"from": [5.65, 5.24153, -14.24975],
			"to": [6.65, 5.99153, -14.24975],
			"rotation": {"angle": -22.5, "axis": "x", "origin": [6.15, 5.61653, -14.24975]},
			"faces": {
				"north": {"uv": [0, 0, 16, 13.5], "texture": "#2"},
				"east": {"uv": [14, 4, 10.5, 7], "texture": "#2"},
				"south": {"uv": [0, 0, 16, 13.5], "texture": "#2"},
				"west": {"uv": [6.5, 10, 10, 13], "texture": "#2"},
				"up": {"uv": [0, 10, 3.5, 13], "rotation": 270, "texture": "#2"},
				"down": {"uv": [10.5, 4, 14, 7], "rotation": 270, "texture": "#2"}
			}
		},
		{
			"name": "1",
			"from": [6.95, 5.81172, -13.45087],
			"to": [6.95, 6.18672, -12.95087],
			"rotation": {"angle": -22.5, "axis": "x", "origin": [8, 5.99922, -13.32587]},
			"faces": {
				"north": {"uv": [14, 4, 10.5, 7], "texture": "#2"},
				"east": {"uv": [0, 0, 16, 13.5], "texture": "#2"},
				"south": {"uv": [6.5, 10, 10, 13], "texture": "#2"},
				"west": {"uv": [0, 0, 16, 13.5], "texture": "#2"},
				"up": {"uv": [0, 10, 3.5, 13], "rotation": 180, "texture": "#2"},
				"down": {"uv": [10.5, 4, 14, 7], "texture": "#2"}
			}
		},
		{
			"name": "1",
			"from": [5.9, 5.24153, -12.74975],
			"to": [5.9, 5.99153, -11.74975],
			"rotation": {"angle": -22.5, "axis": "x", "origin": [6.15, 5.61653, -14.24975]},
			"faces": {
				"north": {"uv": [14, 4, 10.5, 7], "texture": "#2"},
				"east": {"uv": [0, 0, 16, 13.5], "texture": "#2"},
				"south": {"uv": [6.5, 10, 10, 13], "texture": "#2"},
				"west": {"uv": [0, 0, 16, 13.5], "texture": "#2"},
				"up": {"uv": [0, 10, 3.5, 13], "rotation": 180, "texture": "#2"},
				"down": {"uv": [10.5, 4, 14, 7], "texture": "#2"}
			}
		},
		{
			"name": "1",
			"from": [5.9, 5.24153, -13.49975],
			"to": [5.9, 6.24153, -12.49975],
			"rotation": {"angle": -22.5, "axis": "x", "origin": [6.15, 5.61653, -14.24975]},
			"faces": {
				"north": {"uv": [14, 4, 10.5, 7], "texture": "#2"},
				"east": {"uv": [0, 0, 16, 13.5], "texture": "#2"},
				"south": {"uv": [6.5, 10, 10, 13], "texture": "#2"},
				"west": {"uv": [0, 0, 16, 13.5], "texture": "#2"},
				"up": {"uv": [0, 10, 3.5, 13], "rotation": 180, "texture": "#2"},
				"down": {"uv": [10.5, 4, 14, 7], "texture": "#2"}
			}
		},
		{
			"name": "1",
			"from": [10.1, 5.24153, -12.74975],
			"to": [10.1, 5.99153, -11.74975],
			"rotation": {"angle": -22.5, "axis": "x", "origin": [9.85, 5.61653, -14.24975]},
			"faces": {
				"north": {"uv": [10.5, 4, 14, 7], "texture": "#2"},
				"east": {"uv": [16, 0, 0, 13.5], "texture": "#2"},
				"south": {"uv": [10, 10, 6.5, 13], "texture": "#2"},
				"west": {"uv": [16, 0, 0, 13.5], "texture": "#2"},
				"up": {"uv": [3.5, 10, 0, 13], "rotation": 180, "texture": "#2"},
				"down": {"uv": [14, 4, 10.5, 7], "texture": "#2"}
			}
		},
		{
			"name": "1",
			"from": [7.15, 5.5, -14.45035],
			"to": [8.15, 6.25, -14.45035],
			"rotation": {"angle": -22.5, "axis": "x", "origin": [7.4, 6.25, -13.70035]},
			"faces": {
				"north": {"uv": [0, 0, 16, 13.5], "texture": "#2"},
				"east": {"uv": [14, 4, 10.5, 7], "texture": "#2"},
				"south": {"uv": [0, 0, 16, 13.5], "texture": "#2"},
				"west": {"uv": [6.5, 10, 10, 13], "texture": "#2"},
				"up": {"uv": [0, 10, 3.5, 13], "rotation": 270, "texture": "#2"},
				"down": {"uv": [10.5, 4, 14, 7], "rotation": 270, "texture": "#2"}
			}
		},
		{
			"name": "1",
			"from": [8.6, 5.5, -14.45035],
			"to": [9.6, 6.25, -14.45035],
			"rotation": {"angle": -22.5, "axis": "x", "origin": [9.35, 6.25, -13.70035]},
			"faces": {
				"north": {"uv": [16, 0, 0, 13.5], "texture": "#2"},
				"east": {"uv": [10, 10, 6.5, 13], "texture": "#2"},
				"south": {"uv": [16, 0, 0, 13.5], "texture": "#2"},
				"west": {"uv": [10.5, 4, 14, 7], "texture": "#2"},
				"up": {"uv": [0, 13, 3.5, 10], "rotation": 270, "texture": "#2"},
				"down": {"uv": [10.5, 7, 14, 4], "rotation": 270, "texture": "#2"}
			}
		},
		{
			"name": "1",
			"from": [5.9, 5.62422, -14.32587],
			"to": [5.9, 6.37422, -13.32587],
			"rotation": {"angle": -22.5, "axis": "x", "origin": [8, 5.99922, -13.32587]},
			"faces": {
				"north": {"uv": [14, 4, 10.5, 7], "texture": "#2"},
				"east": {"uv": [0, 0, 16, 13.5], "texture": "#2"},
				"south": {"uv": [6.5, 10, 10, 13], "texture": "#2"},
				"west": {"uv": [0, 0, 16, 13.5], "texture": "#2"},
				"up": {"uv": [0, 10, 3.5, 13], "rotation": 180, "texture": "#2"},
				"down": {"uv": [10.5, 4, 14, 7], "texture": "#2"}
			}
		},
		{
			"name": "1",
			"from": [9.05, 6.01172, -12.95087],
			"to": [9.05, 6.48672, -12.45087],
			"rotation": {"angle": -22.5, "axis": "x", "origin": [8, 6.19922, -12.82587]},
			"faces": {
				"north": {"uv": [10.5, 4, 14, 7], "texture": "#2"},
				"east": {"uv": [16, 0, 0, 13.5], "texture": "#2"},
				"south": {"uv": [10, 10, 6.5, 13], "texture": "#2"},
				"west": {"uv": [16, 0, 0, 13.5], "texture": "#2"},
				"up": {"uv": [3.5, 10, 0, 13], "rotation": 180, "texture": "#2"},
				"down": {"uv": [14, 4, 10.5, 7], "texture": "#2"}
			}
		},
		{
			"name": "1",
			"from": [9.05, 6.01172, -13.32587],
			"to": [9.05, 6.48672, -12.82587],
			"rotation": {"angle": -22.5, "axis": "x", "origin": [8, 6.19922, -12.82587]},
			"faces": {
				"north": {"uv": [10.5, 4, 14, 7], "texture": "#2"},
				"east": {"uv": [16, 0, 0, 13.5], "texture": "#2"},
				"south": {"uv": [10, 10, 6.5, 13], "texture": "#2"},
				"west": {"uv": [16, 0, 0, 13.5], "texture": "#2"},
				"up": {"uv": [3.5, 10, 0, 13], "rotation": 180, "texture": "#2"},
				"down": {"uv": [14, 4, 10.5, 7], "texture": "#2"}
			}
		},
		{
			"name": "1",
			"from": [8.675, 6.01172, -13.32587],
			"to": [9.175, 6.48672, -13.32587],
			"rotation": {"angle": -22.5, "axis": "x", "origin": [8, 6.19922, -12.82587]},
			"faces": {
				"north": {"uv": [16, 0, 0, 13.5], "texture": "#2"},
				"east": {"uv": [10, 10, 6.5, 13], "texture": "#2"},
				"south": {"uv": [16, 0, 0, 13.5], "texture": "#2"},
				"west": {"uv": [10.5, 4, 14, 7], "texture": "#2"},
				"up": {"uv": [0, 13, 3.5, 10], "rotation": 270, "texture": "#2"},
				"down": {"uv": [10.5, 7, 14, 4], "rotation": 270, "texture": "#2"}
			}
		},
		{
			"name": "1",
			"from": [7.2, 6.01172, -13.32587],
			"to": [7.7, 6.48672, -13.32587],
			"rotation": {"angle": -22.5, "axis": "x", "origin": [8, 6.19922, -12.82587]},
			"faces": {
				"north": {"uv": [0, 0, 16, 13.5], "texture": "#2"},
				"east": {"uv": [14, 4, 10.5, 7], "texture": "#2"},
				"south": {"uv": [0, 0, 16, 13.5], "texture": "#2"},
				"west": {"uv": [6.5, 10, 10, 13], "texture": "#2"},
				"up": {"uv": [0, 10, 3.5, 13], "rotation": 270, "texture": "#2"},
				"down": {"uv": [10.5, 4, 14, 7], "rotation": 270, "texture": "#2"}
			}
		},
		{
			"name": "1",
			"from": [7.925, 6.01172, -13.32587],
			"to": [8.425, 6.48672, -13.32587],
			"rotation": {"angle": -22.5, "axis": "x", "origin": [8, 6.19922, -12.82587]},
			"faces": {
				"north": {"uv": [16, 0, 0, 13.5], "texture": "#2"},
				"east": {"uv": [10, 10, 6.5, 13], "texture": "#2"},
				"south": {"uv": [16, 0, 0, 13.5], "texture": "#2"},
				"west": {"uv": [10.5, 4, 14, 7], "texture": "#2"},
				"up": {"uv": [0, 13, 3.5, 10], "rotation": 270, "texture": "#2"},
				"down": {"uv": [10.5, 7, 14, 4], "rotation": 270, "texture": "#2"}
			}
		},
		{
			"name": "1",
			"from": [6.825, 6.01172, -13.32587],
			"to": [7.325, 6.48672, -13.32587],
			"rotation": {"angle": -22.5, "axis": "x", "origin": [8, 6.19922, -12.82587]},
			"faces": {
				"north": {"uv": [0, 0, 16, 13.5], "texture": "#2"},
				"east": {"uv": [14, 4, 10.5, 7], "texture": "#2"},
				"south": {"uv": [0, 0, 16, 13.5], "texture": "#2"},
				"west": {"uv": [6.5, 10, 10, 13], "texture": "#2"},
				"up": {"uv": [0, 10, 3.5, 13], "rotation": 270, "texture": "#2"},
				"down": {"uv": [10.5, 4, 14, 7], "rotation": 270, "texture": "#2"}
			}
		},
		{
			"name": "1",
			"from": [6.95, 6.01172, -12.95087],
			"to": [6.95, 6.48672, -12.45087],
			"rotation": {"angle": -22.5, "axis": "x", "origin": [8, 6.19922, -12.82587]},
			"faces": {
				"north": {"uv": [14, 4, 10.5, 7], "texture": "#2"},
				"east": {"uv": [0, 0, 16, 13.5], "texture": "#2"},
				"south": {"uv": [6.5, 10, 10, 13], "texture": "#2"},
				"west": {"uv": [0, 0, 16, 13.5], "texture": "#2"},
				"up": {"uv": [0, 10, 3.5, 13], "rotation": 180, "texture": "#2"},
				"down": {"uv": [10.5, 4, 14, 7], "texture": "#2"}
			}
		},
		{
			"name": "1",
			"from": [6.95, 6.01172, -12.57587],
			"to": [6.95, 6.48672, -12.07587],
			"rotation": {"angle": -22.5, "axis": "x", "origin": [8, 6.19922, -12.82587]},
			"faces": {
				"north": {"uv": [14, 4, 10.5, 7], "texture": "#2"},
				"east": {"uv": [0, 0, 16, 13.5], "texture": "#2"},
				"south": {"uv": [6.5, 10, 10, 13], "texture": "#2"},
				"west": {"uv": [0, 0, 16, 13.5], "texture": "#2"},
				"up": {"uv": [0, 10, 3.5, 13], "rotation": 180, "texture": "#2"},
				"down": {"uv": [10.5, 4, 14, 7], "texture": "#2"}
			}
		},
		{
			"name": "1",
			"from": [9.05, 6.01172, -12.57587],
			"to": [9.05, 6.48672, -12.07587],
			"rotation": {"angle": -22.5, "axis": "x", "origin": [8, 6.19922, -12.82587]},
			"faces": {
				"north": {"uv": [10.5, 4, 14, 7], "texture": "#2"},
				"east": {"uv": [16, 0, 0, 13.5], "texture": "#2"},
				"south": {"uv": [10, 10, 6.5, 13], "texture": "#2"},
				"west": {"uv": [16, 0, 0, 13.5], "texture": "#2"},
				"up": {"uv": [3.5, 10, 0, 13], "rotation": 180, "texture": "#2"},
				"down": {"uv": [14, 4, 10.5, 7], "texture": "#2"}
			}
		},
		{
			"name": "1",
			"from": [7.575, 6.01172, -13.32587],
			"to": [8.075, 6.48672, -13.32587],
			"rotation": {"angle": -22.5, "axis": "x", "origin": [8, 6.19922, -12.82587]},
			"faces": {
				"north": {"uv": [0, 0, 16, 13.5], "texture": "#2"},
				"east": {"uv": [14, 4, 10.5, 7], "texture": "#2"},
				"south": {"uv": [0, 0, 16, 13.5], "texture": "#2"},
				"west": {"uv": [6.5, 10, 10, 13], "texture": "#2"},
				"up": {"uv": [0, 10, 3.5, 13], "rotation": 270, "texture": "#2"},
				"down": {"uv": [10.5, 4, 14, 7], "rotation": 270, "texture": "#2"}
			}
		},
		{
			"name": "1",
			"from": [8.3, 6.01172, -13.32587],
			"to": [8.8, 6.48672, -13.32587],
			"rotation": {"angle": -22.5, "axis": "x", "origin": [8, 6.19922, -12.82587]},
			"faces": {
				"north": {"uv": [16, 0, 0, 13.5], "texture": "#2"},
				"east": {"uv": [10, 10, 6.5, 13], "texture": "#2"},
				"south": {"uv": [16, 0, 0, 13.5], "texture": "#2"},
				"west": {"uv": [10.5, 4, 14, 7], "texture": "#2"},
				"up": {"uv": [0, 13, 3.5, 10], "rotation": 270, "texture": "#2"},
				"down": {"uv": [10.5, 7, 14, 4], "rotation": 270, "texture": "#2"}
			}
		},
		{
			"name": "1",
			"from": [6.95, 6.01172, -13.32587],
			"to": [6.95, 6.48672, -12.82587],
			"rotation": {"angle": -22.5, "axis": "x", "origin": [8, 6.19922, -12.82587]},
			"faces": {
				"north": {"uv": [14, 4, 10.5, 7], "texture": "#2"},
				"east": {"uv": [0, 0, 16, 13.5], "texture": "#2"},
				"south": {"uv": [6.5, 10, 10, 13], "texture": "#2"},
				"west": {"uv": [0, 0, 16, 13.5], "texture": "#2"},
				"up": {"uv": [0, 10, 3.5, 13], "rotation": 180, "texture": "#2"},
				"down": {"uv": [10.5, 4, 14, 7], "texture": "#2"}
			}
		},
		{
			"from": [7.20738, 9.118, -3.15544],
			"to": [8.79263, 16.17212, 3.34456],
			"rotation": {"angle": 22.5, "axis": "x", "origin": [8.5, 11.27006, 3.11874]},
			"faces": {
				"north": {"uv": [4.5, 11, 4.875, 12.75], "texture": "#1"},
				"east": {"uv": [3.5, 6.5, 5.125, 8.25], "texture": "#1"},
				"south": {"uv": [0.75, 11.25, 1.125, 13], "texture": "#1"},
				"west": {"uv": [7.25, 0, 8.875, 1.75], "texture": "#1"},
				"up": {"uv": [12.125, 3.625, 11.75, 2], "texture": "#1"},
				"down": {"uv": [7.375, 11.75, 7, 13.375], "texture": "#1"}
			}
		},
		{
			"name": "body1",
			"from": [4.74425, 4.5, -11.0115],
			"to": [11.25575, 10.84675, -2.341],
			"rotation": {"angle": 0, "axis": "y", "origin": [8, 7.67338, -6.67625]},
			"faces": {
				"north": {"uv": [5.25, 7.5, 6.875, 9.125], "texture": "#1"},
				"east": {"uv": [5.25, 4, 7.375, 5.625], "texture": "#1"},
				"south": {"uv": [7.5, 5.75, 9.125, 7.375], "texture": "#1"},
				"west": {"uv": [5.25, 5.75, 7.375, 7.375], "texture": "#1"},
				"up": {"uv": [1.625, 8.625, 0, 6.5], "texture": "#1"},
				"down": {"uv": [3.375, 6.5, 1.75, 8.625], "texture": "#1"}
			}
		},
		{
			"name": "body3",
			"from": [4.159, 4, -5.341],
			"to": [11.841, 11.88938, 6.96312],
			"rotation": {"angle": 0, "axis": "y", "origin": [1.159, 1, -2.341]},
			"faces": {
				"north": {"uv": [5.25, 0, 7.125, 2], "texture": "#1"},
				"east": {"uv": [0, 0, 3.125, 2], "texture": "#1"},
				"south": {"uv": [5.25, 2, 7.125, 4], "texture": "#1"},
				"west": {"uv": [0, 2, 3.125, 4], "texture": "#1"},
				"up": {"uv": [5.125, 3.125, 3.25, 0], "texture": "#1"},
				"down": {"uv": [5.125, 3.25, 3.25, 6.375], "texture": "#1"}
			}
		}
	],
	"display": {
		"gui": {
			"rotation": [30, 225, 0],
			"scale": [0.625, 0.625, 0.625]
		},
		"head": {
			"rotation": [2.8125, 0, 0],
			"translation": [0, -62.25, 48.5],
			"scale": [4, 4, 4]
		},
		"fixed": {
			"translation": [0, 47, 14],
			"scale": [4, 4, 4]
		}
	},
	"groups": [
		{
			"name": "root",
			"origin": [8.25, 4.905, -10.62621],
			"color": 0,
			"children": [
				{
					"name": "tail",
					"origin": [8, 8, 8],
					"color": 0,
					"children": [
						{
							"name": "tail_fin",
							"origin": [8, 8, 8],
							"color": 0,
							"children": []
						},
						{
							"name": "tail",
							"origin": [8, 8, 8],
							"color": 2,
							"children": [
								{
									"name": "tail_fin",
									"origin": [8, 8, 8],
									"color": 2,
									"children": [0]
								},
								1
							]
						},
						2,
						3,
						{
							"name": "back",
							"origin": [8, 8, 8],
							"color": 0,
							"children": [4, 5]
						},
						6,
						7,
						{
							"name": "tail_2",
							"origin": [8, 8, 8],
							"color": 0,
							"children": [
								{
									"name": "tail_fin",
									"origin": [8, 8, 8],
									"color": 0,
									"children": []
								},
								{
									"name": "tail",
									"origin": [8, 8, 8],
									"color": 2,
									"children": [
										{
											"name": "tail_fin",
											"origin": [8, 8, 8],
											"color": 2,
											"children": [8]
										},
										9
									]
								},
								10,
								11,
								{
									"name": "back",
									"origin": [8, 8, 8],
									"color": 0,
									"children": [12, 13]
								},
								14,
								15
							]
						}
					]
				},
				{
					"name": "fins",
					"origin": [8, 8, 8],
					"color": 0,
					"children": [16, 17]
				},
				{
					"name": "body",
					"origin": [7.75, 4.905, -10.62621],
					"color": 0,
					"children": [
						{
							"name": "head",
							"origin": [8.25, 4.905, -10.62621],
							"color": 0,
							"children": [
								{
									"name": "jaw1",
									"origin": [3.21806, 0, 0],
									"color": 4,
									"children": [
										18,
										19,
										20,
										21,
										{
											"name": "teeth",
											"origin": [8.25, 4.905, -10.62621],
											"color": 0,
											"children": [
												22,
												23,
												24,
												25,
												26,
												27,
												28,
												29,
												30,
												31,
												32,
												33,
												34,
												35,
												36,
												37,
												38,
												39,
												{
													"name": "row2",
													"origin": [7.75, 4.905, -10.62621],
													"color": 0,
													"children": [40, 41, 42, 43, 44, 45, 46, 47, 48, 49, 50, 51, 52, 53, 54, 55, 56, 57]
												}
											]
										}
									]
								},
								{
									"name": "jaw2",
									"origin": [7.75, 4.905, -10.62621],
									"color": 0,
									"children": [
										58,
										59,
										60,
										{
											"name": "teeth",
											"origin": [8.25, 4.905, -10.62621],
											"color": 0,
											"children": [
												61,
												62,
												63,
												64,
												65,
												66,
												67,
												68,
												69,
												70,
												71,
												72,
												73,
												{
													"name": "row2",
													"origin": [7.75, 4.905, -10.62621],
													"color": 0,
													"children": [74, 75, 76, 77, 78, 79, 80, 81, 82, 83, 84, 85]
												}
											]
										}
									]
								}
							]
						},
						{
							"name": "teeth",
							"origin": [8.25, 4.905, -10.62621],
							"color": 0,
							"children": []
						},
						{
							"name": "back_fin",
							"origin": [0, 0, 0],
							"color": 0,
							"children": [86]
						},
						87,
						88
					]
				}
			]
		}
	]
}