{
	"credit": "Made with Blockbench",
	"texture_size": [64, 64],
	"textures": {
		"0": "krmc:krmc_mobs/pyrodontotherium",
		"2": "krmc:krmc_mobs/animations/pyrodontotherium",
		"particle": "krmc:krmc_mobs/pyrodontotherium"
	},
	"elements": [
		{
			"name": "1",
			"from": [1.2632, -1.328, 6.4352],
			"to": [6.2692, 7.4236, 11.4412],
			"rotation": {"angle": 22.5, "axis": "x", "origin": [3.6952, 5.4368, 8.5592]},
			"faces": {
				"north": {"uv": [2.5, 5.5, 3.75, 7.75], "texture": "#2"},
				"east": {"uv": [7, 2.75, 8.25, 5], "texture": "#2"},
				"south": {"uv": [7, 5, 8.25, 7.25], "texture": "#2"},
				"west": {"uv": [7, 7.25, 8.25, 9.5], "texture": "#2"},
				"up": {"uv": [3.25, 13.5, 2, 12.25], "texture": "#2"},
				"down": {"uv": [11, 12.25, 9.75, 13.5], "texture": "#2"}
			}
		},
		{
			"name": "2",
			"from": [1.8352, -8.97678, 6.50308],
			"to": [5.9832, 0.17522, 10.65108],
			"rotation": {"angle": 22.5, "axis": "x", "origin": [3.6952, 5.4368, 8.5592]},
			"faces": {
				"north": {"uv": [2.5, 10, 3.5, 12.25], "texture": "#2"},
				"east": {"uv": [0, 10.5, 1, 12.75], "texture": "#2"},
				"south": {"uv": [1, 10.5, 2, 12.75], "texture": "#2"},
				"west": {"uv": [10.75, 0, 11.75, 2.25], "texture": "#2"},
				"up": {"uv": [8.5, 14.25, 7.5, 13.25], "texture": "#2"},
				"down": {"uv": [9.5, 13.5, 8.5, 14.5], "texture": "#2"}
			}
		},
		{
			"name": "1",
			"from": [1.2632, -1.328, 6.4352],
			"to": [6.2692, 7.4236, 11.4412],
			"rotation": {"angle": -22.5, "axis": "x", "origin": [3.6952, 5.4368, 8.5592]},
			"faces": {
				"north": {"uv": [9.5, 5, 8.25, 7.25], "texture": "#2"},
				"east": {"uv": [6.25, 9, 5, 11.25], "texture": "#2"},
				"south": {"uv": [5, 9, 3.75, 11.25], "texture": "#2"},
				"west": {"uv": [9.5, 7.25, 8.25, 9.5], "texture": "#2"},
				"up": {"uv": [13, 2.75, 14.25, 1.5], "texture": "#2"},
				"down": {"uv": [13, 2.75, 14.25, 4], "texture": "#2"}
			}
		},
		{
			"name": "2",
			"from": [1.8352, -8.97678, 6.50308],
			"to": [5.9832, 0.17522, 10.65108],
			"rotation": {"angle": -22.5, "axis": "x", "origin": [3.6952, 5.4368, 8.5592]},
			"faces": {
				"north": {"uv": [11.75, 2.25, 10.75, 4.5], "texture": "#2"},
				"east": {"uv": [8.5, 11, 7.5, 13.25], "texture": "#2"},
				"south": {"uv": [11.75, 10, 10.75, 12.25], "texture": "#2"},
				"west": {"uv": [11.75, 4.5, 10.75, 6.75], "texture": "#2"},
				"up": {"uv": [9.5, 14.5, 10.5, 13.5], "texture": "#2"},
				"down": {"uv": [13.75, 8, 14.75, 9], "texture": "#2"}
			}
		},
		{
			"name": "1",
			"from": [1.9792, -1.658, 19.8142],
			"to": [7.1272, 5.778, 24.9622],
			"rotation": {"angle": 22.5, "axis": "x", "origin": [4.5532, 4.21, 21.9292]},
			"faces": {
				"north": {"uv": [5, 11.25, 6.25, 13], "texture": "#2"},
				"east": {"uv": [11.75, 1.5, 13, 3.25], "texture": "#2"},
				"south": {"uv": [11.75, 3.25, 13, 5], "texture": "#2"},
				"west": {"uv": [11.75, 5, 13, 6.75], "texture": "#2"},
				"up": {"uv": [13.75, 9.5, 12.5, 8.25], "texture": "#2"},
				"down": {"uv": [1.25, 12.75, 0, 14], "texture": "#2"}
			}
		},
		{
			"name": "2",
			"from": [2.2652, -9.01482, 20.14508],
			"to": [6.8412, -0.43482, 24.72108],
			"rotation": {"angle": 22.5, "axis": "x", "origin": [4.5532, 4.21, 21.9292]},
			"faces": {
				"north": {"uv": [2.5, 7.75, 3.75, 10], "texture": "#2"},
				"east": {"uv": [0, 8.25, 1.25, 10.5], "texture": "#2"},
				"south": {"uv": [1.25, 8.25, 2.5, 10.5], "texture": "#2"},
				"west": {"uv": [8.25, 2.75, 9.5, 5], "texture": "#2"},
				"up": {"uv": [4.5, 14, 3.25, 12.75], "texture": "#2"},
				"down": {"uv": [14, 6.75, 12.75, 8], "texture": "#2"}
			}
		},
		{
			"name": "1",
			"from": [1.9792, -1.658, 19.8142],
			"to": [7.1272, 5.778, 24.9622],
			"rotation": {"angle": -22.5, "axis": "x", "origin": [4.5532, 4.21, 21.9292]},
			"faces": {
				"north": {"uv": [7.5, 11.75, 6.25, 13.5], "texture": "#2"},
				"east": {"uv": [13, 11.5, 11.75, 13.25], "texture": "#2"},
				"south": {"uv": [13, 9.75, 11.75, 11.5], "texture": "#2"},
				"west": {"uv": [9.75, 11.75, 8.5, 13.5], "texture": "#2"},
				"up": {"uv": [13, 5.25, 14.25, 4], "texture": "#2"},
				"down": {"uv": [4.5, 13, 5.75, 14.25], "texture": "#2"}
			}
		},
		{
			"name": "2",
			"from": [2.2652, -9.01482, 20.14508],
			"to": [6.8412, -0.43482, 24.72108],
			"rotation": {"angle": -22.5, "axis": "x", "origin": [4.5532, 4.21, 21.9292]},
			"faces": {
				"north": {"uv": [10.75, 0, 9.5, 2.25], "texture": "#2"},
				"east": {"uv": [7.5, 9.5, 6.25, 11.75], "texture": "#2"},
				"south": {"uv": [10.75, 4.5, 9.5, 6.75], "texture": "#2"},
				"west": {"uv": [10.75, 2.25, 9.5, 4.5], "texture": "#2"},
				"up": {"uv": [13, 6.5, 14.25, 5.25], "texture": "#2"},
				"down": {"uv": [13, 9.5, 14.25, 10.75], "texture": "#2"}
			}
		},
		{
			"name": "1",
			"from": [9.7308, -1.328, 6.4352],
			"to": [14.7368, 7.4236, 11.4412],
			"rotation": {"angle": 22.5, "axis": "x", "origin": [12.3048, 5.4368, 8.5592]},
			"faces": {
				"north": {"uv": [8.25, 5, 9.5, 7.25], "texture": "#2"},
				"east": {"uv": [8.25, 7.25, 9.5, 9.5], "texture": "#2"},
				"south": {"uv": [3.75, 9, 5, 11.25], "texture": "#2"},
				"west": {"uv": [5, 9, 6.25, 11.25], "texture": "#2"},
				"up": {"uv": [14.25, 2.75, 13, 1.5], "texture": "#2"},
				"down": {"uv": [14.25, 2.75, 13, 4], "texture": "#2"}
			}
		},
		{
			"name": "2",
			"from": [10.0168, -8.97678, 6.50308],
			"to": [14.1648, 0.17522, 10.65108],
			"rotation": {"angle": 22.5, "axis": "x", "origin": [12.3048, 5.4368, 8.5592]},
			"faces": {
				"north": {"uv": [10.75, 2.25, 11.75, 4.5], "texture": "#2"},
				"east": {"uv": [10.75, 4.5, 11.75, 6.75], "texture": "#2"},
				"south": {"uv": [10.75, 10, 11.75, 12.25], "texture": "#2"},
				"west": {"uv": [7.5, 11, 8.5, 13.25], "texture": "#2"},
				"up": {"uv": [10.5, 14.5, 9.5, 13.5], "texture": "#2"},
				"down": {"uv": [14.75, 8, 13.75, 9], "texture": "#2"}
			}
		},
		{
			"name": "1",
			"from": [9.7308, -1.328, 6.4352],
			"to": [14.7368, 7.4236, 11.4412],
			"rotation": {"angle": -22.5, "axis": "x", "origin": [12.3048, 5.4368, 8.5592]},
			"faces": {
				"north": {"uv": [3.75, 5.5, 2.5, 7.75], "texture": "#2"},
				"east": {"uv": [8.25, 7.25, 7, 9.5], "texture": "#2"},
				"south": {"uv": [8.25, 5, 7, 7.25], "texture": "#2"},
				"west": {"uv": [8.25, 2.75, 7, 5], "texture": "#2"},
				"up": {"uv": [2, 13.5, 3.25, 12.25], "texture": "#2"},
				"down": {"uv": [9.75, 12.25, 11, 13.5], "texture": "#2"}
			}
		},
		{
			"name": "2",
			"from": [10.0168, -8.97678, 6.50308],
			"to": [14.1648, 0.17522, 10.65108],
			"rotation": {"angle": -22.5, "axis": "x", "origin": [12.3048, 5.4368, 8.5592]},
			"faces": {
				"north": {"uv": [3.5, 10, 2.5, 12.25], "texture": "#2"},
				"east": {"uv": [11.75, 0, 10.75, 2.25], "texture": "#2"},
				"south": {"uv": [2, 10.5, 1, 12.75], "texture": "#2"},
				"west": {"uv": [1, 10.5, 0, 12.75], "texture": "#2"},
				"up": {"uv": [7.5, 14.25, 8.5, 13.25], "texture": "#2"},
				"down": {"uv": [8.5, 13.5, 9.5, 14.5], "texture": "#2"}
			}
		},
		{
			"name": "1",
			"from": [8.8728, -1.658, 19.8142],
			"to": [14.0208, 5.778, 24.9622],
			"rotation": {"angle": 22.5, "axis": "x", "origin": [11.4468, 4.21, 21.9292]},
			"faces": {
				"north": {"uv": [6.25, 11.75, 7.5, 13.5], "texture": "#2"},
				"east": {"uv": [8.5, 11.75, 9.75, 13.5], "texture": "#2"},
				"south": {"uv": [11.75, 9.75, 13, 11.5], "texture": "#2"},
				"west": {"uv": [11.75, 11.5, 13, 13.25], "texture": "#2"},
				"up": {"uv": [14.25, 5.25, 13, 4], "texture": "#2"},
				"down": {"uv": [5.75, 13, 4.5, 14.25], "texture": "#2"}
			}
		},
		{
			"name": "2",
			"from": [9.1588, -9.01482, 20.14508],
			"to": [13.7348, -0.43482, 24.72108],
			"rotation": {"angle": 22.5, "axis": "x", "origin": [11.4468, 4.21, 21.9292]},
			"faces": {
				"north": {"uv": [9.5, 0, 10.75, 2.25], "texture": "#2"},
				"east": {"uv": [9.5, 2.25, 10.75, 4.5], "texture": "#2"},
				"south": {"uv": [9.5, 4.5, 10.75, 6.75], "texture": "#2"},
				"west": {"uv": [6.25, 9.5, 7.5, 11.75], "texture": "#2"},
				"up": {"uv": [14.25, 6.5, 13, 5.25], "texture": "#2"},
				"down": {"uv": [14.25, 9.5, 13, 10.75], "texture": "#2"}
			}
		},
		{
			"name": "1",
			"from": [8.8728, -1.658, 19.8142],
			"to": [14.0208, 5.778, 24.9622],
			"rotation": {"angle": -22.5, "axis": "x", "origin": [11.4468, 4.21, 21.9292]},
			"faces": {
				"north": {"uv": [6.25, 11.25, 5, 13], "texture": "#2"},
				"east": {"uv": [13, 5, 11.75, 6.75], "texture": "#2"},
				"south": {"uv": [13, 3.25, 11.75, 5], "texture": "#2"},
				"west": {"uv": [13, 1.5, 11.75, 3.25], "texture": "#2"},
				"up": {"uv": [12.5, 9.5, 13.75, 8.25], "texture": "#2"},
				"down": {"uv": [0, 12.75, 1.25, 14], "texture": "#2"}
			}
		},
		{
			"name": "2",
			"from": [9.1588, -9.01482, 20.14508],
			"to": [13.7348, -0.43482, 24.72108],
			"rotation": {"angle": -22.5, "axis": "x", "origin": [11.4468, 4.21, 21.9292]},
			"faces": {
				"north": {"uv": [3.75, 7.75, 2.5, 10], "texture": "#2"},
				"east": {"uv": [9.5, 2.75, 8.25, 5], "texture": "#2"},
				"south": {"uv": [2.5, 8.25, 1.25, 10.5], "texture": "#2"},
				"west": {"uv": [1.25, 8.25, 0, 10.5], "texture": "#2"},
				"up": {"uv": [3.25, 14, 4.5, 12.75], "texture": "#2"},
				"down": {"uv": [12.75, 6.75, 14, 8], "texture": "#2"}
			}
		},
		{
			"name": "tail",
			"from": [7.22, 5.664, 25.212],
			"to": [8.78, 11.072, 26.772],
			"rotation": {"angle": -22.5, "axis": "x", "origin": [8, 4.728, 29.892]},
			"faces": {
				"north": {"uv": [2, 10.5, 2.5, 11.75], "texture": "#0"},
				"east": {"uv": [10.5, 13.5, 11, 14.75], "texture": "#0"},
				"south": {"uv": [14.25, 2.5, 14.75, 3.75], "texture": "#0"},
				"west": {"uv": [14.25, 3.75, 14.75, 5], "texture": "#0"},
				"up": {"uv": [2.5, 12.25, 2, 11.75], "texture": "#0"},
				"down": {"uv": [10.25, 11.75, 9.75, 12.25], "texture": "#0"}
			}
		},
		{
			"name": "trunk",
			"from": [5.8784, 8.80647, -6.6908],
			"to": [10.1216, 12.19967, -1.0027],
			"rotation": {"angle": 0, "axis": "x", "origin": [8, 8.30262, -4.20784]},
			"faces": {
				"north": {"uv": [3.75, 14, 2.75, 14.75], "rotation": 180, "texture": "#0"},
				"east": {"uv": [3.75, 5.5, 4.5, 7], "rotation": 270, "texture": "#0"},
				"south": {"uv": [1, 14.75, 0, 14], "texture": "#0"},
				"west": {"uv": [3.75, 7, 4.5, 8.5], "rotation": 90, "texture": "#0"},
				"up": {"uv": [13, 10.75, 14, 12.25], "rotation": 180, "texture": "#0"},
				"down": {"uv": [13, 12.25, 14, 13.75], "texture": "#0"}
			}
		},
		{
			"name": "trunk2",
			"from": [6.4088, 10.09958, -9.47616],
			"to": [9.5912, 12.85698, -5.05616],
			"rotation": {"angle": -22.5, "axis": "x", "origin": [8, 8.30262, -4.20784]},
			"faces": {
				"north": {"uv": [2, 12.75, 1.25, 13.5], "rotation": 180, "texture": "#0"},
				"east": {"uv": [3.75, 14, 4.5, 15], "rotation": 270, "texture": "#0"},
				"south": {"uv": [9.25, 11.75, 8.5, 11], "texture": "#0"},
				"west": {"uv": [14, 10.75, 14.75, 11.75], "rotation": 90, "texture": "#0"},
				"up": {"uv": [11, 12.25, 11.75, 13.25], "rotation": 180, "texture": "#0"},
				"down": {"uv": [14, 6.5, 14.75, 7.5], "texture": "#0"}
			}
		},
		{
			"name": "trunk3",
			"from": [6.8508, 0.85969, -10.39467],
			"to": [9.1492, 5.24569, -8.48727],
			"rotation": {"angle": 45, "axis": "x", "origin": [8, 8.30262, -4.20784]},
			"faces": {
				"north": {"uv": [4.5, 14.25, 5, 15.25], "texture": "#0"},
				"east": {"uv": [5, 14.25, 5.5, 15.25], "texture": "#0"},
				"south": {"uv": [14.25, 5, 14.75, 6], "texture": "#0"},
				"west": {"uv": [7.25, 14.25, 7.75, 15.25], "texture": "#0"},
				"up": {"uv": [10.75, 12.25, 10.25, 11.75], "texture": "#0"},
				"down": {"uv": [6.25, 13, 5.75, 13.5], "texture": "#0"}
			}
		},
		{
			"name": "2",
			"from": [6.0756, 6.62432, -1.98755],
			"to": [7.6056, 8.20872, -0.07845],
			"rotation": {"angle": 45, "axis": "x", "origin": [8, 8.30262, -4.20784]},
			"faces": {
				"north": {"uv": [13.25, 1, 13.75, 1.5], "texture": "#0"},
				"east": {"uv": [12.5, 13.25, 13, 13.75], "texture": "#0"},
				"south": {"uv": [2.75, 13.5, 3.25, 14], "texture": "#0"},
				"west": {"uv": [13.75, 1, 14.25, 1.5], "texture": "#0"},
				"up": {"uv": [14.5, 13.75, 14, 13.25], "texture": "#0"},
				"down": {"uv": [14.75, 6, 14.25, 6.5], "texture": "#0"}
			}
		},
		{
			"name": "1",
			"from": [6.2881, 1.86441, -3.70739],
			"to": [7.6056, 5.57381, -1.58579],
			"rotation": {"angle": 0, "axis": "x", "origin": [8, 8.30262, -4.20784]},
			"faces": {
				"north": {"uv": [3.5, 10, 3.75, 11], "texture": "#0"},
				"east": {"uv": [7.75, 14.25, 8.25, 15.25], "texture": "#0"},
				"south": {"uv": [1, 14, 1.25, 15], "texture": "#0"},
				"west": {"uv": [14.25, 9.5, 14.75, 10.5], "texture": "#0"},
				"up": {"uv": [9.5, 10, 9.25, 9.5], "texture": "#0"},
				"down": {"uv": [3.5, 12.25, 3.25, 12.75], "texture": "#0"}
			}
		},
		{
			"name": "2",
			"from": [8.3944, 6.62432, -1.98755],
			"to": [9.9244, 8.20872, -0.07845],
			"rotation": {"angle": 45, "axis": "x", "origin": [8, 8.30262, -4.20784]},
			"faces": {
				"north": {"uv": [12, 14.25, 12.5, 14.75], "texture": "#0"},
				"east": {"uv": [1.25, 14.5, 1.75, 15], "texture": "#0"},
				"south": {"uv": [1.75, 14.5, 2.25, 15], "texture": "#0"},
				"west": {"uv": [2.25, 14.5, 2.75, 15], "texture": "#0"},
				"up": {"uv": [6, 15, 5.5, 14.5], "texture": "#0"},
				"down": {"uv": [6.5, 14.5, 6, 15], "texture": "#0"}
			}
		},
		{
			"name": "1",
			"from": [8.3944, 1.86441, -3.70739],
			"to": [9.7119, 5.57381, -1.58579],
			"rotation": {"angle": 0, "axis": "x", "origin": [8, 8.30262, -4.20784]},
			"faces": {
				"north": {"uv": [8.25, 14.25, 8.5, 15.25], "texture": "#0"},
				"east": {"uv": [11, 14.25, 11.5, 15.25], "texture": "#0"},
				"south": {"uv": [6.5, 14.5, 6.75, 15.5], "texture": "#0"},
				"west": {"uv": [11.5, 14.25, 12, 15.25], "texture": "#0"},
				"up": {"uv": [10, 15, 9.75, 14.5], "texture": "#0"},
				"down": {"uv": [10.25, 14.5, 10, 15], "texture": "#0"}
			}
		},
		{
			"name": "head",
			"from": [5.6676, 5.36009, -2.85685],
			"to": [10.3324, 7.06009, 0.52955],
			"rotation": {"angle": 0, "axis": "x", "origin": [8, 8.30262, -4.20784]},
			"faces": {
				"north": {"uv": [13.75, 9, 15, 9.5], "texture": "#0"},
				"east": {"uv": [3.75, 8.5, 4.5, 9], "texture": "#0"},
				"south": {"uv": [14, 7.5, 15.25, 8], "texture": "#0"},
				"west": {"uv": [6.25, 9, 7, 9.5], "texture": "#0"},
				"up": {"uv": [13.75, 14.5, 12.5, 13.75], "texture": "#0"},
				"down": {"uv": [15, 13.75, 13.75, 14.5], "texture": "#0"}
			}
		},
		{
			"name": "head",
			"from": [4.8176, 8.9509, -2.71657],
			"to": [11.1824, 13.1089, 3.21983],
			"rotation": {"angle": 22.5, "axis": "x", "origin": [8, 8.30262, -4.20784]},
			"faces": {
				"north": {"uv": [13.25, 0, 14.75, 1], "texture": "#0"},
				"east": {"uv": [11, 13.25, 12.5, 14.25], "texture": "#0"},
				"south": {"uv": [1.25, 13.5, 2.75, 14.5], "texture": "#0"},
				"west": {"uv": [5.75, 13.5, 7.25, 14.5], "texture": "#0"},
				"up": {"uv": [12.5, 9.75, 11, 8.25], "texture": "#0"},
				"down": {"uv": [5, 11.25, 3.5, 12.75], "texture": "#0"}
			}
		},
		{
			"name": "ear_left",
			"from": [4.22566, 7.45267, 1.65053],
			"to": [5.70976, 10.63507, 5.36333],
			"rotation": {"angle": 0, "axis": "x", "origin": [8, 8.30262, -4.20784]},
			"faces": {
				"north": {"uv": [7.25, 13.5, 7.5, 14.25], "texture": "#0"},
				"east": {"uv": [14, 11.75, 15, 12.5], "texture": "#0"},
				"south": {"uv": [9, 14.5, 9.25, 15.25], "texture": "#0"},
				"west": {"uv": [14, 12.5, 15, 13.25], "texture": "#0"},
				"up": {"uv": [7, 15.5, 6.75, 14.5], "texture": "#0"},
				"down": {"uv": [7.25, 14.5, 7, 15.5], "texture": "#0"}
			}
		},
		{
			"name": "ear_right",
			"from": [10.29024, 7.45267, 1.65053],
			"to": [11.77434, 10.63507, 5.36333],
			"rotation": {"angle": 0, "axis": "x", "origin": [8, 8.30262, -4.20784]},
			"faces": {
				"north": {"uv": [9.25, 14.5, 9.5, 15.25], "texture": "#0"},
				"east": {"uv": [14.25, 1, 15.25, 1.75], "texture": "#0"},
				"south": {"uv": [9.5, 14.5, 9.75, 15.25], "texture": "#0"},
				"west": {"uv": [14.25, 1.75, 15.25, 2.5], "texture": "#0"},
				"up": {"uv": [8.75, 15.5, 8.5, 14.5], "texture": "#0"},
				"down": {"uv": [9, 14.5, 8.75, 15.5], "texture": "#0"}
			}
		},
		{
			"name": "body",
			"from": [2.8, 1.412, 6.156],
			"to": [13.2, 11.968, 24.64],
			"rotation": {"angle": 0, "axis": "y", "origin": [-11.968, -9, -5.728]},
			"faces": {
				"north": {"uv": [0, 5.5, 2.5, 8.25], "texture": "#0"},
				"east": {"uv": [0, 0, 4.5, 2.75], "texture": "#0"},
				"south": {"uv": [7, 0, 9.5, 2.75], "texture": "#0"},
				"west": {"uv": [0, 2.75, 4.5, 5.5], "texture": "#0"},
				"up": {"uv": [7, 4.5, 4.5, 0], "texture": "#0"},
				"down": {"uv": [7, 4.5, 4.5, 9], "texture": "#0"}
			}
		},
		{
			"name": "body",
			"from": [8, 11.912, 7.156],
			"to": [8, 16.412, 17.406],
			"rotation": {"angle": 0, "axis": "y", "origin": [-17.168, 1.5, -4.728]},
			"faces": {
				"north": {"uv": [12.5, 14.5, 16, 16], "texture": "#0"},
				"east": {"uv": [12.5, 14.5, 16, 16], "texture": "#0"},
				"south": {"uv": [12.5, 14.5, 16, 16], "texture": "#0"},
				"west": {"uv": [16, 14.5, 12.5, 16], "texture": "#0"},
				"up": {"uv": [12.5, 14.5, 16, 16], "texture": "#0"},
				"down": {"uv": [12.5, 14.5, 16, 16], "texture": "#0"}
			}
		},
		{
			"name": "neck",
			"from": [5, 5.15436, 0.37452],
			"to": [11, 11.15436, 6.87452],
			"rotation": {"angle": 0, "axis": "y", "origin": [10.408, 10.45349, -9.39149]},
			"faces": {
				"north": {"uv": [11.25, 6.75, 12.75, 8.25], "texture": "#0"},
				"east": {"uv": [9.5, 6.75, 11.25, 8.25], "texture": "#0"},
				"south": {"uv": [11.75, 0, 13.25, 1.5], "texture": "#0"},
				"west": {"uv": [7.5, 9.5, 9.25, 11], "texture": "#0"},
				"up": {"uv": [11, 10, 9.5, 8.25], "texture": "#0"},
				"down": {"uv": [10.75, 10, 9.25, 11.75], "texture": "#0"}
			}
		}
	],
	"display": {
		"thirdperson_righthand": {
			"rotation": [75, 45, 0],
			"translation": [0, 2.5, 0],
			"scale": [0.375, 0.375, 0.375]
		},
		"thirdperson_lefthand": {
			"rotation": [75, 45, 0],
			"translation": [0, 2.5, 0],
			"scale": [0.375, 0.375, 0.375]
		},
		"firstperson_righthand": {
			"rotation": [0, 45, 0],
			"scale": [0.4, 0.4, 0.4]
		},
		"firstperson_lefthand": {
			"rotation": [0, 225, 0],
			"scale": [0.4, 0.4, -0.4]
		},
		"ground": {
			"translation": [0, 2, 0],
			"scale": [0.5, 0.5, 0.5]
		},
		"gui": {
			"rotation": [30, 225, 0],
			"scale": [0.625, 0.625, 0.625]
		},
		"head": {
			"translation": [0, -54.25, -20.75],
			"scale": [3.25, 3.25, 3.25]
		},
		"fixed": {
			"translation": [0, 45.8, -4.75],
			"scale": [3.75, 3.75, 3.75]
		}
	},
	"groups": [
		{
			"name": "root",
			"origin": [8, 8, 8],
			"color": 0,
			"children": [
				{
					"name": "legs",
					"origin": [8, 8, 8],
					"color": 9,
					"children": [
						{
							"name": "left",
							"origin": [8, 8, 8],
							"color": 0,
							"children": [
								{
									"name": "front",
									"origin": [3.8, 7.2, 9.8],
									"color": 0,
									"children": [
										0,
										1,
										{
											"name": "front",
											"origin": [3.8, 7.2, 9.8],
											"color": 0,
											"children": [2, 3]
										}
									]
								},
								{
									"name": "back",
									"origin": [-11.2, 8.4, 21.2],
									"color": 0,
									"children": [
										4,
										5,
										{
											"name": "back",
											"origin": [-11.2, 8.4, 21.2],
											"color": 0,
											"children": [6, 7]
										}
									]
								}
							]
						},
						{
							"name": "right",
							"origin": [8, 8, 8],
							"color": 0,
							"children": [
								{
									"name": "front",
									"origin": [3.8, 7.2, 9.8],
									"color": 0,
									"children": [
										8,
										9,
										{
											"name": "front",
											"origin": [3.8, 7.2, 9.8],
											"color": 0,
											"children": [10, 11]
										}
									]
								},
								{
									"name": "back",
									"origin": [-11.2, 8.4, 21.2],
									"color": 0,
									"children": [
										12,
										13,
										{
											"name": "back",
											"origin": [-11.2, 8.4, 21.2],
											"color": 0,
											"children": [14, 15]
										}
									]
								}
							]
						}
					]
				},
				{
					"name": "body",
					"origin": [8, 8, 8],
					"color": 0,
					"children": [
						{
							"name": "tail",
							"origin": [8, 8, 8],
							"color": 0,
							"children": [16]
						},
						{
							"name": "skull",
							"origin": [8, 8, 8],
							"color": 0,
							"children": [
								{
									"name": "head",
									"origin": [8, 8, 8],
									"color": 0,
									"children": [
										{
											"name": "trunk",
											"origin": [7.78784, 8, 8],
											"color": 0,
											"children": [17, 18, 19]
										},
										{
											"name": "lowerjaw",
											"origin": [9.45184, 11.95349, -9.14149],
											"color": 0,
											"children": [
												{
													"name": "tusks",
													"origin": [7.78784, 8, 8],
													"color": 0,
													"children": [
														{
															"name": "1",
															"origin": [7.78784, 8, 8],
															"color": 0,
															"children": [20, 21]
														},
														{
															"name": "2",
															"origin": [7.78784, 8, 8],
															"color": 0,
															"children": [22, 23]
														}
													]
												},
												24
											]
										},
										25,
										26,
										27
									]
								}
							]
						},
						28,
						29,
						30
					]
				}
			]
		}
	]
}