{
	"credit": "Made with Blockbench",
	"texture_size": [40, 40],
	"textures": {
		"1": "krmc:krmc_mobs/rodan",
		"2": "krmc:krmc_mobs/animations/rodan",
		"particle": "krmc:krmc_mobs/animations/rodan"
	},
	"elements": [
		{
			"name": "head2",
			"from": [7.47215, 8.68139, -0.28205],
			"to": [8.52785, 10.09709, 4.96315],
			"rotation": {"angle": 0, "axis": "y", "origin": [7.82405, 11.32865, 4.61743]},
			"faces": {
				"north": {"uv": [10, 11.6, 10.4, 12.2], "texture": "#1"},
				"east": {"uv": [8, 6.8, 10, 7.4], "texture": "#1"},
				"south": {"uv": [10.4, 11.6, 10.8, 12.2], "texture": "#1"},
				"west": {"uv": [4.4, 8.8, 6.4, 9.4], "texture": "#1"},
				"up": {"uv": [4, 12, 3.6, 10], "texture": "#1"},
				"down": {"uv": [4.4, 10, 4, 12], "texture": "#1"}
			}
		},
		{
			"name": "head2",
			"from": [7.2962, 9.04139, -2.07485],
			"to": [8.7038, 10.80089, 0.74035],
			"rotation": {"angle": 0, "axis": "y", "origin": [7.82405, 11.32865, 4.61743]},
			"faces": {
				"north": {"uv": [4.4, 7.2, 5, 8], "texture": "#1"},
				"east": {"uv": [5.6, 10, 6.8, 10.8], "texture": "#1"},
				"south": {"uv": [0, 11.2, 0.6, 12], "texture": "#1"},
				"west": {"uv": [6.8, 10, 8, 10.8], "texture": "#1"},
				"up": {"uv": [11.4, 3.2, 10.8, 2], "texture": "#1"},
				"down": {"uv": [11.4, 3.2, 10.8, 4.4], "texture": "#1"}
			}
		},
		{
			"name": "upperjaw",
			"from": [7.6481, 9.64139, -6.64955],
			"to": [8.3519, 10.44899, -2.07485],
			"rotation": {"angle": 0, "axis": "y", "origin": [7.82405, 11.32865, 4.61743]},
			"faces": {
				"north": {"uv": [4, 12, 4.2, 12.4], "texture": "#1"},
				"east": {"uv": [10.4, 8.4, 12.2, 8.8], "texture": "#1"},
				"south": {"uv": [8, 12, 8.2, 12.4], "texture": "#1"},
				"west": {"uv": [4.4, 10.8, 6.2, 11.2], "texture": "#1"},
				"up": {"uv": [11.8, 3.8, 11.6, 2], "texture": "#1"},
				"down": {"uv": [2.6, 11.6, 2.4, 13.4], "texture": "#1"}
			}
		},
		{
			"name": "upperjaw",
			"from": [7.7481, 9.0338, -6.54955],
			"to": [8.2519, 9.6414, -2.07485],
			"rotation": {"angle": 0, "axis": "x", "origin": [7.82405, 10.32865, 4.61743]},
			"faces": {
				"north": {"uv": [3.6, 12.4, 3.8, 12.6], "texture": "#1"},
				"east": {"uv": [11.6, 4, 13.4, 4.2], "texture": "#1"},
				"south": {"uv": [4, 12.4, 4.2, 12.6], "texture": "#1"},
				"west": {"uv": [6.4, 11.6, 8.2, 11.8], "texture": "#1"},
				"up": {"uv": [3, 13.4, 2.8, 11.6], "texture": "#1"},
				"down": {"uv": [4.6, 11.6, 4.4, 13.4], "texture": "#1"}
			}
		},
		{
			"name": "1",
			"from": [7.8731, 8.89139, -6.64955],
			"to": [8.1269, 9.64139, -6.39575],
			"rotation": {"angle": 0, "axis": "y", "origin": [7.79905, 11.32865, 4.61743]},
			"faces": {
				"north": {"uv": [12, 8, 12.2, 8.4], "texture": "#1"},
				"east": {"uv": [10.8, 12, 11, 12.4], "texture": "#1"},
				"south": {"uv": [11.2, 12, 11.4, 12.4], "texture": "#1"},
				"west": {"uv": [12, 11.6, 12.2, 12], "texture": "#1"},
				"up": {"uv": [5, 12.6, 4.8, 12.4], "texture": "#1"},
				"down": {"uv": [5.4, 12.4, 5.2, 12.6], "texture": "#1"}
			}
		},
		{
			"name": "2",
			"from": [7.6731, 9.14139, -6.29955],
			"to": [7.8269, 9.79139, -6.04575],
			"rotation": {"angle": 22.5, "axis": "x", "origin": [7.75, 9.51639, -6.17265]},
			"faces": {
				"north": {"uv": [5.6, 12.4, 5.8, 12.6], "texture": "#1"},
				"east": {"uv": [6, 12.4, 6.2, 12.6], "texture": "#1"},
				"south": {"uv": [6.4, 12.4, 6.6, 12.6], "texture": "#1"},
				"west": {"uv": [6.8, 12.4, 7, 12.6], "texture": "#1"},
				"up": {"uv": [12.6, 7, 12.4, 6.8], "texture": "#1"},
				"down": {"uv": [7.4, 12.4, 7.2, 12.6], "texture": "#1"}
			}
		},
		{
			"name": "3",
			"from": [8.1731, 9.14139, -6.29955],
			"to": [8.3269, 9.79139, -6.04575],
			"rotation": {"angle": 22.5, "axis": "x", "origin": [8.25, 9.51639, -6.17265]},
			"faces": {
				"north": {"uv": [12.4, 7.2, 12.6, 7.4], "texture": "#1"},
				"east": {"uv": [7.6, 12.4, 7.8, 12.6], "texture": "#1"},
				"south": {"uv": [8, 12.4, 8.2, 12.6], "texture": "#1"},
				"west": {"uv": [12.4, 8, 12.6, 8.2], "texture": "#1"},
				"up": {"uv": [8.6, 12.6, 8.4, 12.4], "texture": "#1"},
				"down": {"uv": [12.6, 8.4, 12.4, 8.6], "texture": "#1"}
			}
		},
		{
			"name": "crest1",
			"from": [7.65, 10.44899, -2.64955],
			"to": [7.65, 12.15409, 2.85175],
			"rotation": {"angle": 22.5, "axis": "z", "origin": [7.65, 10.45154, 0.1011]},
			"faces": {
				"north": {"uv": [0, 0, 0, 0.6], "texture": "#1"},
				"east": {"uv": [8, 6, 10.2, 6.6], "texture": "#1"},
				"south": {"uv": [0, 0, 0, 0.6], "texture": "#1"},
				"west": {"uv": [10.2, 6, 8, 6.6], "texture": "#1"},
				"up": {"uv": [0, 2.2, 0, 0], "texture": "#1"},
				"down": {"uv": [0, 0, 0, 2.2], "texture": "#1"}
			}
		},
		{
			"name": "crest1",
			"from": [8, 10.44899, -6.64955],
			"to": [8, 11.40409, -2.14825],
			"rotation": {"angle": 0, "axis": "z", "origin": [8, 10.45154, 0.1011]},
			"faces": {
				"north": {"uv": [0, 0, 0, 0.4], "texture": "#1"},
				"east": {"uv": [10.8, 4.4, 12.6, 4.8], "texture": "#1"},
				"south": {"uv": [0, 0, 0, 0.4], "texture": "#1"},
				"west": {"uv": [12.6, 4.4, 10.8, 4.8], "texture": "#1"},
				"up": {"uv": [0, 1.8, 0, 0], "texture": "#1"},
				"down": {"uv": [0, 0, 0, 1.8], "texture": "#1"}
			}
		},
		{
			"name": "crest2",
			"from": [8.35, 10.44899, -2.64955],
			"to": [8.35, 12.15409, 2.85175],
			"rotation": {"angle": -22.5, "axis": "z", "origin": [8.35, 10.45154, 0.1011]},
			"faces": {
				"north": {"uv": [0, 0, 0, 0.6], "texture": "#1"},
				"east": {"uv": [8, 6, 10.2, 6.6], "texture": "#1"},
				"south": {"uv": [0, 0, 0, 0.6], "texture": "#1"},
				"west": {"uv": [10.2, 6, 8, 6.6], "texture": "#1"},
				"up": {"uv": [0, 2.2, 0, 0], "texture": "#1"},
				"down": {"uv": [0, 0, 0, 2.2], "texture": "#1"}
			}
		},
		{
			"name": "body",
			"from": [6.66835, 8.05607, 4.7872],
			"to": [9.33165, 10.51937, 7.5467],
			"rotation": {"angle": 0, "axis": "y", "origin": [7.82405, 11.32865, 4.61743]},
			"faces": {
				"north": {"uv": [4.4, 9.6, 5.4, 10.6], "texture": "#1"},
				"east": {"uv": [6.4, 8.8, 7.6, 9.8], "texture": "#1"},
				"south": {"uv": [0, 10, 1, 11], "texture": "#1"},
				"west": {"uv": [7.6, 8.8, 8.8, 9.8], "texture": "#1"},
				"up": {"uv": [9.8, 10, 8.8, 8.8], "texture": "#1"},
				"down": {"uv": [10.2, 7.6, 9.2, 8.8], "texture": "#1"}
			}
		},
		{
			"name": "body",
			"from": [6.76835, 8.75987, 7.5062],
			"to": [9.23165, 10.41747, 10.0657],
			"rotation": {"angle": 0, "axis": "y", "origin": [7.82405, 11.32865, 4.61743]},
			"faces": {
				"north": {"uv": [6.4, 10.8, 7.4, 11.4], "texture": "#1"},
				"east": {"uv": [7.6, 10.8, 8.6, 11.4], "texture": "#1"},
				"south": {"uv": [8.8, 10.8, 9.8, 11.4], "texture": "#1"},
				"west": {"uv": [10, 10.8, 11, 11.4], "texture": "#1"},
				"up": {"uv": [2.2, 11, 1.2, 10], "texture": "#1"},
				"down": {"uv": [3.4, 10, 2.4, 11], "texture": "#1"}
			}
		},
		{
			"name": "wingtip",
			"from": [-13.0798, 9.54152, 4.7872],
			"to": [-0.0937, 9.54152, 10.0657],
			"rotation": {"angle": -22.5, "axis": "z", "origin": [8, 9.37865, 4.61743]},
			"faces": {
				"north": {"uv": [0, 0, 5.2, 0], "texture": "#2"},
				"east": {"uv": [0, 0, 2.2, 0], "texture": "#2"},
				"south": {"uv": [0, 0, 5.2, 0], "texture": "#2"},
				"west": {"uv": [0, 0, 2.2, 0], "texture": "#2"},
				"up": {"uv": [5.2, 2.2, 0, 0], "texture": "#2"},
				"down": {"uv": [5.2, 0, 0, 2.2], "texture": "#2"}
			}
		},
		{
			"name": "wing",
			"from": [-0.0937, 9.54152, 4.7872],
			"to": [6.9443, 9.54152, 11.1214],
			"rotation": {"angle": -22.5, "axis": "z", "origin": [8, 9.37865, 4.61743]},
			"faces": {
				"north": {"uv": [0, 0, 2.8, 0], "texture": "#2"},
				"east": {"uv": [0, 0, 2.6, 0], "texture": "#2"},
				"south": {"uv": [0, 0, 2.8, 0], "texture": "#2"},
				"west": {"uv": [0, 0, 2.6, 0], "texture": "#2"},
				"up": {"uv": [8, 5, 5.2, 2.4], "texture": "#2"},
				"down": {"uv": [8, 2.4, 5.2, 5], "texture": "#2"}
			}
		},
		{
			"name": "finger",
			"from": [-0.0937, 8.83772, 4.0834],
			"to": [1.3139, 9.54152, 4.7872],
			"rotation": {"angle": -22.5, "axis": "z", "origin": [8, 9.37865, 4.61743]},
			"faces": {
				"north": {"uv": [12, 3.6, 12.6, 3.8], "texture": "#2"},
				"east": {"uv": [8.8, 12.4, 9, 12.6], "texture": "#2"},
				"south": {"uv": [12, 5.2, 12.6, 5.4], "texture": "#2"},
				"west": {"uv": [12.4, 8.8, 12.6, 9], "texture": "#2"},
				"up": {"uv": [12.6, 5.8, 12, 5.6], "texture": "#2"},
				"down": {"uv": [12.6, 6, 12, 6.2], "texture": "#2"}
			}
		},
		{
			"name": "wing",
			"from": [-3.18326, 9.13174, 4.51725],
			"to": [2.94385, 9.75015, 5.3944],
			"rotation": {"angle": -22.5, "axis": "z", "origin": [8, 9.37865, 4.61743]},
			"faces": {
				"north": {"uv": [0.8, 11.2, 3.2, 11.4], "texture": "#2"},
				"east": {"uv": [12, 12, 12.4, 12.2], "texture": "#2"},
				"south": {"uv": [11.2, 10, 13.6, 10.2], "texture": "#2"},
				"west": {"uv": [12.4, 0, 12.8, 0.2], "texture": "#2"},
				"up": {"uv": [12.4, 7.2, 10, 6.8], "texture": "#2"},
				"down": {"uv": [12.4, 7.2, 10, 7.6], "texture": "#2"}
			}
		},
		{
			"name": "leg",
			"from": [2.85296, 8.5724, 4.61694],
			"to": [7.09984, 9.93294, 6.12105],
			"rotation": {"angle": -22.5, "axis": "z", "origin": [8, 9.37865, 4.61743]},
			"faces": {
				"north": {"uv": [8, 10, 9.6, 10.6], "texture": "#2"},
				"east": {"uv": [4.8, 11.6, 5.4, 12.2], "texture": "#2"},
				"south": {"uv": [10, 8.8, 11.6, 9.4], "texture": "#2"},
				"west": {"uv": [8.4, 11.6, 9, 12.2], "texture": "#2"},
				"up": {"uv": [11.2, 10.6, 9.6, 10], "texture": "#2"},
				"down": {"uv": [12, 0, 10.4, 0.6], "texture": "#2"}
			}
		},
		{
			"name": "wingtip",
			"from": [-13.0798, 10.44152, 4.7872],
			"to": [-0.0937, 10.44152, 10.0657],
			"rotation": {"angle": 22.5, "axis": "z", "origin": [8, 10.27865, 4.61743]},
			"faces": {
				"north": {"uv": [5.2, 0, 0, 0], "texture": "#2"},
				"east": {"uv": [2.2, 0, 0, 0], "texture": "#2"},
				"south": {"uv": [5.2, 0, 0, 0], "texture": "#2"},
				"west": {"uv": [2.2, 0, 0, 0], "texture": "#2"},
				"up": {"uv": [0, 7, 5.2, 4.8], "texture": "#2"},
				"down": {"uv": [0, 4.8, 5.2, 7], "texture": "#2"}
			}
		},
		{
			"name": "wing",
			"from": [-0.0937, 10.44152, 4.7872],
			"to": [6.9443, 10.44152, 11.1214],
			"rotation": {"angle": 22.5, "axis": "z", "origin": [8, 10.27865, 4.61743]},
			"faces": {
				"north": {"uv": [2.8, 0, 0, 0], "texture": "#2"},
				"east": {"uv": [2.6, 0, 0, 0], "texture": "#2"},
				"south": {"uv": [2.8, 0, 0, 0], "texture": "#2"},
				"west": {"uv": [2.6, 0, 0, 0], "texture": "#2"},
				"up": {"uv": [0, 9.8, 2.8, 7.2], "texture": "#2"},
				"down": {"uv": [0, 7.2, 2.8, 9.8], "texture": "#2"}
			}
		},
		{
			"name": "finger",
			"from": [-0.0937, 9.73772, 4.0834],
			"to": [1.3139, 10.44152, 4.7872],
			"rotation": {"angle": 22.5, "axis": "z", "origin": [8, 10.27865, 4.61743]},
			"faces": {
				"north": {"uv": [7, 12, 6.4, 12.2], "texture": "#2"},
				"east": {"uv": [12.6, 9.2, 12.4, 9.4], "texture": "#2"},
				"south": {"uv": [12.6, 6.4, 12, 6.6], "texture": "#2"},
				"west": {"uv": [9.4, 12.4, 9.2, 12.6], "texture": "#2"},
				"up": {"uv": [7.2, 12.2, 7.8, 12], "texture": "#2"},
				"down": {"uv": [12, 7.6, 12.6, 7.8], "texture": "#2"}
			}
		},
		{
			"name": "wing",
			"from": [-3.18326, 10.03174, 4.51725],
			"to": [2.94385, 10.65015, 5.3944],
			"rotation": {"angle": 22.5, "axis": "z", "origin": [8, 10.27865, 4.61743]},
			"faces": {
				"north": {"uv": [13.6, 10.4, 11.2, 10.6], "texture": "#2"},
				"east": {"uv": [12.8, 0.4, 12.4, 0.6], "texture": "#2"},
				"south": {"uv": [13.6, 10.8, 11.2, 11], "texture": "#2"},
				"west": {"uv": [0.8, 12.4, 0.4, 12.6], "texture": "#2"},
				"up": {"uv": [10, 10, 12.4, 9.6], "texture": "#2"},
				"down": {"uv": [10.4, 0.8, 12.8, 1.2], "texture": "#2"}
			}
		},
		{
			"name": "leg",
			"from": [2.85296, 9.4724, 4.61694],
			"to": [7.09984, 10.83294, 6.12105],
			"rotation": {"angle": 22.5, "axis": "z", "origin": [8, 10.27865, 4.61743]},
			"faces": {
				"north": {"uv": [12, 1.2, 10.4, 1.8], "texture": "#2"},
				"east": {"uv": [9.8, 11.6, 9.2, 12.2], "texture": "#2"},
				"south": {"uv": [12, 5.2, 10.4, 5.8], "texture": "#2"},
				"west": {"uv": [12.2, 8.8, 11.6, 9.4], "texture": "#2"},
				"up": {"uv": [10.4, 6.6, 12, 6], "texture": "#2"},
				"down": {"uv": [10.4, 7.6, 12, 8.2], "texture": "#2"}
			}
		},
		{
			"name": "wingtip",
			"from": [16.0937, 10.44152, 4.7872],
			"to": [29.0798, 10.44152, 10.0657],
			"rotation": {"angle": -22.5, "axis": "z", "origin": [8, 10.27865, 4.61743]},
			"faces": {
				"north": {"uv": [0, 0, 5.2, 0], "texture": "#2"},
				"east": {"uv": [0, 0, 2.2, 0], "texture": "#2"},
				"south": {"uv": [0, 0, 5.2, 0], "texture": "#2"},
				"west": {"uv": [0, 0, 2.2, 0], "texture": "#2"},
				"up": {"uv": [5.2, 7, 0, 4.8], "texture": "#2"},
				"down": {"uv": [5.2, 4.8, 0, 7], "texture": "#2"}
			}
		},
		{
			"name": "wing",
			"from": [9.0557, 10.44152, 4.7872],
			"to": [16.0937, 10.44152, 11.1214],
			"rotation": {"angle": -22.5, "axis": "z", "origin": [8, 10.27865, 4.61743]},
			"faces": {
				"north": {"uv": [0, 0, 2.8, 0], "texture": "#2"},
				"east": {"uv": [0, 0, 2.6, 0], "texture": "#2"},
				"south": {"uv": [0, 0, 2.8, 0], "texture": "#2"},
				"west": {"uv": [0, 0, 2.6, 0], "texture": "#2"},
				"up": {"uv": [2.8, 9.8, 0, 7.2], "texture": "#2"},
				"down": {"uv": [2.8, 7.2, 0, 9.8], "texture": "#2"}
			}
		},
		{
			"name": "finger",
			"from": [14.6861, 9.73772, 4.0834],
			"to": [16.0937, 10.44152, 4.7872],
			"rotation": {"angle": -22.5, "axis": "z", "origin": [8, 10.27865, 4.61743]},
			"faces": {
				"north": {"uv": [6.4, 12, 7, 12.2], "texture": "#2"},
				"east": {"uv": [9.2, 12.4, 9.4, 12.6], "texture": "#2"},
				"south": {"uv": [12, 6.4, 12.6, 6.6], "texture": "#2"},
				"west": {"uv": [12.4, 9.2, 12.6, 9.4], "texture": "#2"},
				"up": {"uv": [7.8, 12.2, 7.2, 12], "texture": "#2"},
				"down": {"uv": [12.6, 7.6, 12, 7.8], "texture": "#2"}
			}
		},
		{
			"name": "wing",
			"from": [13.05615, 10.03174, 4.51725],
			"to": [19.18326, 10.65015, 5.3944],
			"rotation": {"angle": -22.5, "axis": "z", "origin": [8, 10.27865, 4.61743]},
			"faces": {
				"north": {"uv": [11.2, 10.4, 13.6, 10.6], "texture": "#2"},
				"east": {"uv": [0.4, 12.4, 0.8, 12.6], "texture": "#2"},
				"south": {"uv": [11.2, 10.8, 13.6, 11], "texture": "#2"},
				"west": {"uv": [12.4, 0.4, 12.8, 0.6], "texture": "#2"},
				"up": {"uv": [12.4, 10, 10, 9.6], "texture": "#2"},
				"down": {"uv": [12.8, 0.8, 10.4, 1.2], "texture": "#2"}
			}
		},
		{
			"name": "leg",
			"from": [8.90016, 9.4724, 4.61694],
			"to": [13.14704, 10.83294, 6.12105],
			"rotation": {"angle": -22.5, "axis": "z", "origin": [8, 10.27865, 4.61743]},
			"faces": {
				"north": {"uv": [10.4, 1.2, 12, 1.8], "texture": "#2"},
				"east": {"uv": [11.6, 8.8, 12.2, 9.4], "texture": "#2"},
				"south": {"uv": [10.4, 5.2, 12, 5.8], "texture": "#2"},
				"west": {"uv": [9.2, 11.6, 9.8, 12.2], "texture": "#2"},
				"up": {"uv": [12, 6.6, 10.4, 6], "texture": "#2"},
				"down": {"uv": [12, 7.6, 10.4, 8.2], "texture": "#2"}
			}
		},
		{
			"name": "wingtip",
			"from": [16.0937, 9.54152, 4.7872],
			"to": [29.0798, 9.54152, 10.0657],
			"rotation": {"angle": 22.5, "axis": "z", "origin": [8, 9.37865, 4.61743]},
			"faces": {
				"north": {"uv": [5.2, 0, 0, 0], "texture": "#2"},
				"east": {"uv": [2.2, 0, 0, 0], "texture": "#2"},
				"south": {"uv": [5.2, 0, 0, 0], "texture": "#2"},
				"west": {"uv": [2.2, 0, 0, 0], "texture": "#2"},
				"up": {"uv": [0, 2.2, 5.2, 0], "texture": "#2"},
				"down": {"uv": [0, 0, 5.2, 2.2], "texture": "#2"}
			}
		},
		{
			"name": "wing",
			"from": [9.0557, 9.54152, 4.7872],
			"to": [16.0937, 9.54152, 11.1214],
			"rotation": {"angle": 22.5, "axis": "z", "origin": [8, 9.37865, 4.61743]},
			"faces": {
				"north": {"uv": [2.8, 0, 0, 0], "texture": "#2"},
				"east": {"uv": [2.6, 0, 0, 0], "texture": "#2"},
				"south": {"uv": [2.8, 0, 0, 0], "texture": "#2"},
				"west": {"uv": [2.6, 0, 0, 0], "texture": "#2"},
				"up": {"uv": [5.2, 5, 8, 2.4], "texture": "#2"},
				"down": {"uv": [5.2, 2.4, 8, 5], "texture": "#2"}
			}
		},
		{
			"name": "finger",
			"from": [14.6861, 8.83772, 4.0834],
			"to": [16.0937, 9.54152, 4.7872],
			"rotation": {"angle": 22.5, "axis": "z", "origin": [8, 9.37865, 4.61743]},
			"faces": {
				"north": {"uv": [12.6, 3.6, 12, 3.8], "texture": "#2"},
				"east": {"uv": [12.6, 8.8, 12.4, 9], "texture": "#2"},
				"south": {"uv": [12.6, 5.2, 12, 5.4], "texture": "#2"},
				"west": {"uv": [9, 12.4, 8.8, 12.6], "texture": "#2"},
				"up": {"uv": [12, 5.8, 12.6, 5.6], "texture": "#2"},
				"down": {"uv": [12, 6, 12.6, 6.2], "texture": "#2"}
			}
		},
		{
			"name": "wing",
			"from": [13.05615, 9.13174, 4.51725],
			"to": [19.18326, 9.75015, 5.3944],
			"rotation": {"angle": 22.5, "axis": "z", "origin": [8, 9.37865, 4.61743]},
			"faces": {
				"north": {"uv": [3.2, 11.2, 0.8, 11.4], "texture": "#2"},
				"east": {"uv": [12.8, 0, 12.4, 0.2], "texture": "#2"},
				"south": {"uv": [13.6, 10, 11.2, 10.2], "texture": "#2"},
				"west": {"uv": [12.4, 12, 12, 12.2], "texture": "#2"},
				"up": {"uv": [10, 7.2, 12.4, 6.8], "texture": "#2"},
				"down": {"uv": [10, 7.2, 12.4, 7.6], "texture": "#2"}
			}
		},
		{
			"name": "leg",
			"from": [8.90016, 8.5724, 4.61694],
			"to": [13.14704, 9.93294, 6.12105],
			"rotation": {"angle": 22.5, "axis": "z", "origin": [8, 9.37865, 4.61743]},
			"faces": {
				"north": {"uv": [9.6, 10, 8, 10.6], "texture": "#2"},
				"east": {"uv": [9, 11.6, 8.4, 12.2], "texture": "#2"},
				"south": {"uv": [11.6, 8.8, 10, 9.4], "texture": "#2"},
				"west": {"uv": [5.4, 11.6, 4.8, 12.2], "texture": "#2"},
				"up": {"uv": [9.6, 10.6, 11.2, 10], "texture": "#2"},
				"down": {"uv": [10.4, 0, 12, 0.6], "texture": "#2"}
			}
		},
		{
			"name": "leg",
			"from": [6.91969, 8.19757, 12.05965],
			"to": [7.58485, 8.86273, 14.02246],
			"rotation": {"angle": 0, "axis": "x", "origin": [7.25227, 8.53015, 13.04105]},
			"faces": {
				"north": {"uv": [9.6, 12.4, 9.8, 12.6], "texture": "#1"},
				"east": {"uv": [5.6, 9.6, 6.4, 9.8], "texture": "#1"},
				"south": {"uv": [12.4, 9.6, 12.6, 9.8], "texture": "#1"},
				"west": {"uv": [10.8, 11.6, 11.6, 11.8], "texture": "#1"},
				"up": {"uv": [11.8, 12.4, 11.6, 11.6], "texture": "#1"},
				"down": {"uv": [0.2, 12, 0, 12.8], "texture": "#1"}
			}
		},
		{
			"name": "leg",
			"from": [6.83654, 11.2507, 10.08212],
			"to": [7.66798, 12.16989, 12.67744],
			"rotation": {"angle": 22.5, "axis": "x", "origin": [8, 11.32865, 4.61743]},
			"faces": {
				"north": {"uv": [10.4, 2, 10.8, 2.4], "texture": "#1"},
				"east": {"uv": [8, 7.6, 9, 8], "texture": "#1"},
				"south": {"uv": [12, 0, 12.4, 0.4], "texture": "#1"},
				"west": {"uv": [4.4, 11.2, 5.4, 11.6], "texture": "#1"},
				"up": {"uv": [3.6, 12.2, 3.2, 11.2], "texture": "#1"},
				"down": {"uv": [6, 11.2, 5.6, 12.2], "texture": "#1"}
			}
		},
		{
			"name": "foot",
			"from": [6.81969, 7.96577, 13.88984],
			"to": [7.68485, 8.18714, 15.04569],
			"rotation": {"angle": 22.5, "axis": "x", "origin": [7.25227, 8.07646, 14.46777]},
			"faces": {
				"north": {"uv": [12.8, 1.8, 12.4, 1.6], "rotation": 180, "texture": "#1"},
				"east": {"uv": [0.8, 12.4, 1, 12.8], "rotation": 90, "texture": "#1"},
				"south": {"uv": [12.8, 2, 12.4, 2.2], "texture": "#1"},
				"west": {"uv": [1.2, 12.4, 1.4, 12.8], "rotation": 270, "texture": "#1"},
				"up": {"uv": [12, 0.4, 12.4, 0.8], "texture": "#1"},
				"down": {"uv": [0.4, 12, 0.8, 12.4], "rotation": 180, "texture": "#1"}
			}
		},
		{
			"name": "leg",
			"from": [8.41515, 8.19757, 12.05965],
			"to": [9.08031, 8.86273, 14.02246],
			"rotation": {"angle": 0, "axis": "x", "origin": [8.74773, 8.53015, 13.04105]},
			"faces": {
				"north": {"uv": [10, 12.4, 10.2, 12.6], "texture": "#1"},
				"east": {"uv": [0.8, 12, 1.6, 12.2], "texture": "#1"},
				"south": {"uv": [10.4, 12.4, 10.6, 12.6], "texture": "#1"},
				"west": {"uv": [12, 1.2, 12.8, 1.4], "texture": "#1"},
				"up": {"uv": [1.8, 12.8, 1.6, 12], "texture": "#1"},
				"down": {"uv": [12.2, 1.6, 12, 2.4], "texture": "#1"}
			}
		},
		{
			"name": "leg",
			"from": [8.33202, 11.2507, 10.08212],
			"to": [9.16346, 12.16989, 12.67744],
			"rotation": {"angle": 22.5, "axis": "x", "origin": [8, 11.32865, 4.61743]},
			"faces": {
				"north": {"uv": [12, 2.4, 12.4, 2.8], "texture": "#1"},
				"east": {"uv": [11.2, 11.2, 12.2, 11.6], "texture": "#1"},
				"south": {"uv": [12, 2.8, 12.4, 3.2], "texture": "#1"},
				"west": {"uv": [0.8, 11.6, 1.8, 12], "texture": "#1"},
				"up": {"uv": [6.4, 12.2, 6, 11.2], "texture": "#1"},
				"down": {"uv": [2.4, 11.6, 2, 12.6], "texture": "#1"}
			}
		},
		{
			"name": "foot",
			"from": [8.31515, 7.96577, 13.88984],
			"to": [9.18031, 8.18714, 15.04569],
			"rotation": {"angle": 22.5, "axis": "x", "origin": [8.74773, 8.07646, 14.46777]},
			"faces": {
				"north": {"uv": [12.4, 2.4, 12.8, 2.6], "texture": "#1"},
				"east": {"uv": [12.4, 2.8, 12.8, 3], "texture": "#1"},
				"south": {"uv": [3.2, 12.4, 3.6, 12.6], "texture": "#1"},
				"west": {"uv": [12.4, 3.2, 12.8, 3.4], "texture": "#1"},
				"up": {"uv": [12.4, 3.6, 12, 3.2], "texture": "#1"},
				"down": {"uv": [4, 12, 3.6, 12.4], "texture": "#1"}
			}
		},
		{
			"name": "tail",
			"from": [6.92025, 9.99152, 10.0657],
			"to": [9.07975, 9.99152, 16.4809],
			"rotation": {"angle": 0, "axis": "y", "origin": [7.77405, 11.32865, 4.61743]},
			"faces": {
				"north": {"uv": [0, 0, 0.8, 0], "texture": "#1"},
				"east": {"uv": [0, 0, 2.6, 0], "texture": "#1"},
				"south": {"uv": [0, 0, 0.8, 0], "texture": "#1"},
				"west": {"uv": [0, 0, 2.6, 0], "texture": "#1"},
				"up": {"uv": [3.6, 7.2, 2.8, 9.8], "texture": "#1"},
				"down": {"uv": [3.6, 9.8, 2.8, 7.2], "texture": "#1"}
			}
		}
	],
	"display": {
		"thirdperson_righthand": {
			"rotation": [75, 45, 0],
			"translation": [0, 2.5, 0],
			"scale": [0.375, 0.375, 0.375]
		},
		"thirdperson_lefthand": {
			"rotation": [75, 45, 0],
			"translation": [0, 2.5, 0],
			"scale": [0.375, 0.375, 0.375]
		},
		"firstperson_righthand": {
			"rotation": [0, 45, 0],
			"scale": [0.4, 0.4, 0.4]
		},
		"firstperson_lefthand": {
			"rotation": [0, 225, 0],
			"scale": [0.4, 0.4, 0.4]
		},
		"gui": {
			"rotation": [30, 225, 0],
			"translation": [0, -1.75, 0],
			"scale": [1.75, 1.75, 1.75]
		},
		"head": {
			"translation": [0, -74.5, 7.5],
			"scale": [4, 4, 4]
		},
		"fixed": {
			"translation": [0, 25.75, 20],
			"scale": [4, 4, 4]
		}
	},
	"groups": [
		{
			"name": "root",
			"origin": [8, 8, 8],
			"color": 0,
			"children": [
				{
					"name": "head",
					"origin": [7.99405, 8.432, 5.45],
					"color": 0,
					"children": [
						0,
						1,
						2,
						3,
						{
							"name": "teeth",
							"origin": [7.79905, 11.32865, 4.61743],
							"color": 0,
							"children": [4, 5, 6]
						},
						7,
						8,
						9
					]
				},
				{
					"name": "body",
					"origin": [8, 8.16, 8],
					"color": 0,
					"children": [10, 11]
				},
				{
					"name": "wings",
					"origin": [7.32, 8.84, 5.28],
					"color": 0,
					"children": [
						{
							"name": "1",
							"origin": [8, 8, 8],
							"color": 0,
							"children": [
								12,
								13,
								14,
								15,
								16,
								{
									"name": "2",
									"origin": [8, 8, 8],
									"color": 0,
									"children": [17, 18, 19, 20, 21]
								}
							]
						},
						{
							"name": "2",
							"origin": [8, 8, 8],
							"color": 0,
							"children": [
								22,
								23,
								24,
								25,
								26,
								{
									"name": "1",
									"origin": [8, 8, 8],
									"color": 0,
									"children": [27, 28, 29, 30, 31]
								}
							]
						}
					]
				},
				{
					"name": "legs",
					"origin": [7.75, 8, 8],
					"color": 0,
					"children": [
						{
							"name": "1",
							"origin": [7.73241, 8, 8],
							"color": 0,
							"children": [32, 33, 34]
						},
						{
							"name": "2",
							"origin": [7.73241, 8, 8],
							"color": 0,
							"children": [35, 36, 37]
						}
					]
				},
				{
					"name": "tail",
					"origin": [7.82405, 8.84, 8.34],
					"color": 0,
					"children": [38]
				}
			]
		}
	]
}