{
	"credit": "Made with Blockbench",
	"texture_size": [64, 64],
	"textures": {
		"0": "krmc:krmc_mobs/scylla",
		"particle": "krmc:krmc_mobs/scylla"
	},
	"elements": [
		{
			"name": "shell",
			"from": [3.2, 14.4, 8],
			"to": [12.8, 26.4, 20],
			"rotation": {"angle": 0, "axis": "y", "origin": [-11.2, 12, -11.2]},
			"faces": {
				"north": {"uv": [3, 0, 5.5, 3], "texture": "#0"},
				"east": {"uv": [0, 0, 3, 3], "texture": "#0"},
				"south": {"uv": [3, 3, 5.5, 6], "texture": "#0"},
				"west": {"uv": [0, 3, 3, 6], "texture": "#0"},
				"up": {"uv": [8, 3, 5.5, 0], "texture": "#0"},
				"down": {"uv": [8, 3, 5.5, 6], "texture": "#0"}
			}
		},
		{
			"name": "shell",
			"from": [4.4, 14.4, 1],
			"to": [11.6, 21.6, 8],
			"rotation": {"angle": 0, "axis": "y", "origin": [-11.2, 12, -11.6]},
			"faces": {
				"north": {"uv": [4, 6, 5.75, 7.75], "texture": "#0"},
				"east": {"uv": [5.75, 6, 7.5, 7.75], "texture": "#0"},
				"south": {"uv": [7.5, 6, 9.25, 7.75], "texture": "#0"},
				"west": {"uv": [4, 7.75, 5.75, 9.5], "texture": "#0"},
				"up": {"uv": [7.5, 9.5, 5.75, 7.75], "texture": "#0"},
				"down": {"uv": [9.25, 7.75, 7.5, 9.5], "texture": "#0"}
			}
		},
		{
			"name": "tentacles",
			"from": [4.6, 8.2, 1.2],
			"to": [5.6, 14.4, 2.2],
			"rotation": {"angle": 0, "axis": "y", "origin": [-11, 4.8, -11.4]},
			"faces": {
				"north": {"uv": [9, 3.5, 9.25, 5.25], "texture": "#0"},
				"east": {"uv": [9, 9.5, 9.25, 11.25], "texture": "#0"},
				"south": {"uv": [6.25, 10.5, 6.5, 12.25], "texture": "#0"},
				"west": {"uv": [6.5, 10.5, 6.75, 12.25], "texture": "#0"},
				"up": {"uv": [9.25, 5.5, 9, 5.25], "texture": "#0"},
				"down": {"uv": [9.25, 5.5, 9, 5.75], "texture": "#0"}
			}
		},
		{
			"name": "tentacles",
			"from": [10.4, 8.2, 1.2],
			"to": [11.4, 14.4, 2.2],
			"rotation": {"angle": 0, "axis": "x", "origin": [27, 4.8, -11.4]},
			"faces": {
				"north": {"uv": [9.25, 3.5, 9, 5.25], "texture": "#0"},
				"east": {"uv": [6.75, 10.5, 6.5, 12.25], "texture": "#0"},
				"south": {"uv": [6.5, 10.5, 6.25, 12.25], "texture": "#0"},
				"west": {"uv": [9.25, 9.5, 9, 11.25], "texture": "#0"},
				"up": {"uv": [9, 5.5, 9.25, 5.25], "texture": "#0"},
				"down": {"uv": [9, 5.5, 9.25, 5.75], "texture": "#0"}
			}
		},
		{
			"name": "tentacles",
			"from": [10.4, 8.2, 5.7],
			"to": [11.4, 14.4, 6.7],
			"rotation": {"angle": 0, "axis": "y", "origin": [10.9, 11.3, 6.2]},
			"faces": {
				"north": {"uv": [9.25, 9.5, 9, 11.25], "texture": "#0"},
				"east": {"uv": [9.25, 3.5, 9, 5.25], "texture": "#0"},
				"south": {"uv": [6.75, 10.5, 6.5, 12.25], "texture": "#0"},
				"west": {"uv": [6.5, 10.5, 6.25, 12.25], "texture": "#0"},
				"up": {"uv": [9, 5.5, 9.25, 5.25], "rotation": 90, "texture": "#0"},
				"down": {"uv": [9, 5.5, 9.25, 5.75], "rotation": 270, "texture": "#0"}
			}
		},
		{
			"name": "tentacles",
			"from": [4.6, 8.2, 5.7],
			"to": [5.6, 14.4, 6.7],
			"rotation": {"angle": 0, "axis": "y", "origin": [5.1, 11.3, 6.2]},
			"faces": {
				"north": {"uv": [9, 9.5, 9.25, 11.25], "texture": "#0"},
				"east": {"uv": [6.25, 10.5, 6.5, 12.25], "texture": "#0"},
				"south": {"uv": [6.5, 10.5, 6.75, 12.25], "texture": "#0"},
				"west": {"uv": [9, 3.5, 9.25, 5.25], "texture": "#0"},
				"up": {"uv": [9, 5.25, 9.25, 5.5], "rotation": 90, "texture": "#0"},
				"down": {"uv": [9, 5.75, 9.25, 5.5], "rotation": 270, "texture": "#0"}
			}
		},
		{
			"name": "tentacles",
			"from": [7.5, 9.2, 5.7],
			"to": [8.5, 14.4, 6.7],
			"rotation": {"angle": 0, "axis": "y", "origin": [8, 11.3, 6.2]},
			"faces": {
				"north": {"uv": [9, 9.5, 9.25, 11.25], "texture": "#0"},
				"east": {"uv": [6.25, 10.5, 6.5, 12.25], "texture": "#0"},
				"south": {"uv": [6.5, 10.5, 6.75, 12.25], "texture": "#0"},
				"west": {"uv": [9, 3.5, 9.25, 5.25], "texture": "#0"},
				"up": {"uv": [9, 5.25, 9.25, 5.5], "rotation": 90, "texture": "#0"},
				"down": {"uv": [9, 5.75, 9.25, 5.5], "rotation": 270, "texture": "#0"}
			}
		},
		{
			"name": "tentacles",
			"from": [4.6, 7.2, 3.45],
			"to": [5.6, 14.4, 4.45],
			"rotation": {"angle": 0, "axis": "y", "origin": [5.1, 11.3, 3.95]},
			"faces": {
				"north": {"uv": [9, 9.5, 9.25, 11.25], "texture": "#0"},
				"east": {"uv": [6.25, 10.5, 6.5, 12.25], "texture": "#0"},
				"south": {"uv": [6.5, 10.5, 6.75, 12.25], "texture": "#0"},
				"west": {"uv": [9, 3.5, 9.25, 5.25], "texture": "#0"},
				"up": {"uv": [9, 5.25, 9.25, 5.5], "rotation": 90, "texture": "#0"},
				"down": {"uv": [9, 5.75, 9.25, 5.5], "rotation": 270, "texture": "#0"}
			}
		},
		{
			"name": "tentacles",
			"from": [10.4, 7.2, 3.45],
			"to": [11.4, 14.4, 4.45],
			"rotation": {"angle": 0, "axis": "y", "origin": [10.9, 11.3, 3.95]},
			"faces": {
				"north": {"uv": [9.25, 9.5, 9, 11.25], "texture": "#0"},
				"east": {"uv": [9.25, 3.5, 9, 5.25], "texture": "#0"},
				"south": {"uv": [6.75, 10.5, 6.5, 12.25], "texture": "#0"},
				"west": {"uv": [6.5, 10.5, 6.25, 12.25], "texture": "#0"},
				"up": {"uv": [9, 5.5, 9.25, 5.25], "rotation": 90, "texture": "#0"},
				"down": {"uv": [9, 5.5, 9.25, 5.75], "rotation": 270, "texture": "#0"}
			}
		},
		{
			"name": "tentacles",
			"from": [10.5, 4.95, 2.95],
			"to": [11.25, 7.4, 4.95],
			"rotation": {"angle": 0, "axis": "y", "origin": [10.825, 6.175, 3.95]},
			"faces": {
				"north": {"uv": [9.25, 9.5, 9, 11.25], "texture": "#0"},
				"east": {"uv": [9.25, 3.5, 9, 5.25], "texture": "#0"},
				"south": {"uv": [6.75, 10.5, 6.5, 12.25], "texture": "#0"},
				"west": {"uv": [6.5, 10.5, 6.25, 12.25], "texture": "#0"},
				"up": {"uv": [9, 5.5, 9.25, 5.25], "rotation": 90, "texture": "#0"},
				"down": {"uv": [9, 5.5, 9.25, 5.75], "rotation": 270, "texture": "#0"}
			}
		},
		{
			"name": "tentacles",
			"from": [4.75, 4.95, 2.95],
			"to": [5.5, 7.4, 4.95],
			"rotation": {"angle": 0, "axis": "y", "origin": [5.075, 6.175, 3.95]},
			"faces": {
				"north": {"uv": [9, 9.5, 9.25, 11.25], "texture": "#0"},
				"east": {"uv": [6.25, 10.5, 6.5, 12.25], "texture": "#0"},
				"south": {"uv": [6.5, 10.5, 6.75, 12.25], "texture": "#0"},
				"west": {"uv": [9, 3.5, 9.25, 5.25], "texture": "#0"},
				"up": {"uv": [9, 5.25, 9.25, 5.5], "rotation": 90, "texture": "#0"},
				"down": {"uv": [9, 5.75, 9.25, 5.5], "rotation": 270, "texture": "#0"}
			}
		},
		{
			"name": "tentacles",
			"from": [7.5, 9.2, 1.2],
			"to": [8.5, 14.4, 2.2],
			"rotation": {"angle": 0, "axis": "y", "origin": [8, 11.3, 1.7]},
			"faces": {
				"north": {"uv": [9, 9.5, 9.25, 11.25], "texture": "#0"},
				"east": {"uv": [6.25, 10.5, 6.5, 12.25], "texture": "#0"},
				"south": {"uv": [6.5, 10.5, 6.75, 12.25], "texture": "#0"},
				"west": {"uv": [9, 3.5, 9.25, 5.25], "texture": "#0"},
				"up": {"uv": [9, 5.25, 9.25, 5.5], "rotation": 90, "texture": "#0"},
				"down": {"uv": [9, 5.75, 9.25, 5.5], "rotation": 270, "texture": "#0"}
			}
		},
		{
			"name": "seg1",
			"from": [-1.6, 12.75, 5.25],
			"to": [5.6, 16.25, 8.75],
			"rotation": {"angle": -45, "axis": "y", "origin": [2, 14.5, 7]},
			"faces": {
				"north": {"uv": [5.5, 9.5, 7.25, 10.5], "texture": "#0"},
				"east": {"uv": [10, 5.5, 11, 6.5], "texture": "#0"},
				"south": {"uv": [9.5, 2.5, 11.25, 3.5], "texture": "#0"},
				"west": {"uv": [10, 4.5, 11, 5.5], "texture": "#0"},
				"up": {"uv": [7.25, 9.5, 9, 10.5], "texture": "#0"},
				"down": {"uv": [10, 4.5, 11.75, 3.5], "texture": "#0"}
			}
		},
		{
			"name": "seg2",
			"from": [1, 13.18553, 3.25],
			"to": [4, 27.63553, 6.25],
			"rotation": {"angle": 45, "axis": "z", "origin": [-0.5, 10.25, 5.75]},
			"faces": {
				"north": {"uv": [9.25, 3.5, 10, 7], "texture": "#0"},
				"east": {"uv": [9.25, 7, 10, 10.5], "texture": "#0"},
				"south": {"uv": [8, 0, 8.75, 3.5], "texture": "#0"},
				"west": {"uv": [8.75, 0, 9.5, 3.5], "texture": "#0"},
				"up": {"uv": [10.5, 1.5, 11.25, 2.25], "texture": "#0"},
				"down": {"uv": [5.5, 11.25, 6.25, 10.5], "texture": "#0"}
			}
		},
		{
			"name": "seg3",
			"from": [-10.81429, 13.70512, 2.75],
			"to": [-7.06429, 27.90512, 6.5],
			"rotation": {"angle": -22.5, "axis": "z", "origin": [-9.5, 27, 4.5]},
			"faces": {
				"north": {"uv": [2, 6, 3, 9.5], "texture": "#0"},
				"east": {"uv": [3, 6, 4, 9.5], "texture": "#0"},
				"south": {"uv": [0, 6, 1, 9.5], "texture": "#0"},
				"west": {"uv": [1, 6, 2, 9.5], "texture": "#0"},
				"up": {"uv": [10, 6.5, 11, 7.5], "texture": "#0"},
				"down": {"uv": [10, 8.5, 11, 7.5], "texture": "#0"}
			}
		},
		{
			"name": "seg4",
			"from": [-15.79289, 5.21858, 2.5],
			"to": [-12.04289, 15.41858, 6.75],
			"rotation": {"angle": 0, "axis": "z", "origin": [-17.5, 12.25, 4.5]},
			"faces": {
				"north": {"uv": [9.5, 0, 10.5, 2.5], "texture": "#0"},
				"east": {"uv": [1, 9.5, 2, 12], "texture": "#0"},
				"south": {"uv": [8, 3.5, 9, 6], "texture": "#0"},
				"west": {"uv": [0, 9.5, 1, 12], "texture": "#0"},
				"up": {"uv": [10, 8.5, 11, 9.5], "texture": "#0"},
				"down": {"uv": [10, 10.5, 11, 9.5], "texture": "#0"}
			}
		},
		{
			"name": "seg5",
			"from": [-15.29289, -3.78142, 3],
			"to": [-11.04289, 5.21858, 6.25],
			"rotation": {"angle": 0, "axis": "z", "origin": [-17.5, 12.25, 4.5]},
			"faces": {
				"north": {"uv": [3, 9.5, 4, 12], "texture": "#0"},
				"east": {"uv": [4.75, 9.5, 5.5, 12], "texture": "#0"},
				"south": {"uv": [2, 9.5, 3, 12], "texture": "#0"},
				"west": {"uv": [4, 9.5, 4.75, 12], "texture": "#0"},
				"up": {"uv": [10.5, 0, 11.5, 0.75], "texture": "#0"},
				"down": {"uv": [10.5, 1.5, 11.5, 0.75], "texture": "#0"}
			}
		},
		{
			"name": "seg1",
			"from": [10.4, 15.75, 5.25],
			"to": [17.6, 19.25, 8.75],
			"rotation": {"angle": 45, "axis": "y", "origin": [14, 17.5, 7]},
			"faces": {
				"north": {"uv": [7.25, 9.5, 5.5, 10.5], "texture": "#0"},
				"east": {"uv": [11, 4.5, 10, 5.5], "texture": "#0"},
				"south": {"uv": [11.25, 2.5, 9.5, 3.5], "texture": "#0"},
				"west": {"uv": [11, 5.5, 10, 6.5], "texture": "#0"},
				"up": {"uv": [9, 9.5, 7.25, 10.5], "texture": "#0"},
				"down": {"uv": [11.75, 4.5, 10, 3.5], "texture": "#0"}
			}
		},
		{
			"name": "seg2",
			"from": [12, 16.18553, 3.25],
			"to": [15, 30.63553, 6.25],
			"rotation": {"angle": -45, "axis": "z", "origin": [16.5, 13.25, 5.75]},
			"faces": {
				"north": {"uv": [10, 3.5, 9.25, 7], "texture": "#0"},
				"east": {"uv": [9.5, 0, 8.75, 3.5], "texture": "#0"},
				"south": {"uv": [8.75, 0, 8, 3.5], "texture": "#0"},
				"west": {"uv": [10, 7, 9.25, 10.5], "texture": "#0"},
				"up": {"uv": [11.25, 1.5, 10.5, 2.25], "texture": "#0"},
				"down": {"uv": [6.25, 11.25, 5.5, 10.5], "texture": "#0"}
			}
		},
		{
			"name": "seg3",
			"from": [23.06429, 16.70512, 2.75],
			"to": [26.81429, 30.90512, 6.5],
			"rotation": {"angle": 22.5, "axis": "z", "origin": [25.5, 30, 4.5]},
			"faces": {
				"north": {"uv": [3, 6, 2, 9.5], "texture": "#0"},
				"east": {"uv": [2, 6, 1, 9.5], "texture": "#0"},
				"south": {"uv": [1, 6, 0, 9.5], "texture": "#0"},
				"west": {"uv": [4, 6, 3, 9.5], "texture": "#0"},
				"up": {"uv": [11, 6.5, 10, 7.5], "texture": "#0"},
				"down": {"uv": [11, 8.5, 10, 7.5], "texture": "#0"}
			}
		},
		{
			"name": "seg4",
			"from": [28.04289, 8.21858, 2.5],
			"to": [31.79289, 18.41858, 6.75],
			"rotation": {"angle": -22.5, "axis": "z", "origin": [33.5, 15.25, 4.5]},
			"faces": {
				"north": {"uv": [10.5, 0, 9.5, 2.5], "texture": "#0"},
				"east": {"uv": [1, 9.5, 0, 12], "texture": "#0"},
				"south": {"uv": [9, 3.5, 8, 6], "texture": "#0"},
				"west": {"uv": [2, 9.5, 1, 12], "texture": "#0"},
				"up": {"uv": [11, 8.5, 10, 9.5], "texture": "#0"},
				"down": {"uv": [11, 10.5, 10, 9.5], "texture": "#0"}
			}
		},
		{
			"name": "seg5",
			"from": [27.04289, -1.78142, 3],
			"to": [31.29289, 8.21858, 6.25],
			"rotation": {"angle": -22.5, "axis": "z", "origin": [33.5, 15.25, 4.5]},
			"faces": {
				"north": {"uv": [4, 9.5, 3, 12], "texture": "#0"},
				"east": {"uv": [4.75, 9.5, 4, 12], "texture": "#0"},
				"south": {"uv": [3, 9.5, 2, 12], "texture": "#0"},
				"west": {"uv": [5.5, 9.5, 4.75, 12], "texture": "#0"},
				"up": {"uv": [11.5, 0, 10.5, 0.75], "texture": "#0"},
				"down": {"uv": [11.5, 1.5, 10.5, 0.75], "texture": "#0"}
			}
		},
		{
			"name": "seg1",
			"from": [-1.6, 12, 12.25],
			"to": [5.6, 15.5, 15.75],
			"rotation": {"angle": 45, "axis": "z", "origin": [2, 13.75, 14]},
			"faces": {
				"north": {"uv": [11.25, 2.5, 9.5, 3.5], "texture": "#0"},
				"east": {"uv": [11, 5.5, 10, 6.5], "texture": "#0"},
				"south": {"uv": [7.25, 9.5, 5.5, 10.5], "texture": "#0"},
				"west": {"uv": [11, 4.5, 10, 5.5], "texture": "#0"},
				"up": {"uv": [7.25, 10.5, 9, 9.5], "texture": "#0"},
				"down": {"uv": [10, 3.5, 11.75, 4.5], "texture": "#0"}
			}
		},
		{
			"name": "seg2",
			"from": [-2, 10.18553, 12.5],
			"to": [1, 24.63553, 15.5],
			"rotation": {"angle": 22.5, "axis": "z", "origin": [-0.5, 11.25, 14]},
			"faces": {
				"north": {"uv": [8.75, 0, 8, 3.5], "texture": "#0"},
				"east": {"uv": [10, 7, 9.25, 10.5], "texture": "#0"},
				"south": {"uv": [10, 3.5, 9.25, 7], "texture": "#0"},
				"west": {"uv": [9.5, 0, 8.75, 3.5], "texture": "#0"},
				"up": {"uv": [10.5, 2.25, 11.25, 1.5], "texture": "#0"},
				"down": {"uv": [5.5, 10.5, 6.25, 11.25], "texture": "#0"}
			}
		},
		{
			"name": "seg3",
			"from": [-6.81429, 12.95512, 12],
			"to": [-3.06429, 27.15512, 15.75],
			"rotation": {"angle": -45, "axis": "z", "origin": [-6.5, 25.25, 14]},
			"faces": {
				"north": {"uv": [1, 6, 0, 9.5], "texture": "#0"},
				"east": {"uv": [4, 6, 3, 9.5], "texture": "#0"},
				"south": {"uv": [3, 6, 2, 9.5], "texture": "#0"},
				"west": {"uv": [2, 6, 1, 9.5], "texture": "#0"},
				"up": {"uv": [10, 7.5, 11, 6.5], "texture": "#0"},
				"down": {"uv": [10, 7.5, 11, 8.5], "texture": "#0"}
			}
		},
		{
			"name": "seg4",
			"from": [-15.04289, 6.21858, 11.75],
			"to": [-11.29289, 16.41858, 16],
			"rotation": {"angle": 0, "axis": "y", "origin": [-16.75, 13.25, 14]},
			"faces": {
				"north": {"uv": [9, 3.5, 8, 6], "texture": "#0"},
				"east": {"uv": [2, 9.5, 1, 12], "texture": "#0"},
				"south": {"uv": [10.5, 0, 9.5, 2.5], "texture": "#0"},
				"west": {"uv": [1, 9.5, 0, 12], "texture": "#0"},
				"up": {"uv": [10, 9.5, 11, 8.5], "texture": "#0"},
				"down": {"uv": [10, 9.5, 11, 10.5], "texture": "#0"}
			}
		},
		{
			"name": "seg5",
			"from": [-14.54289, -3.78142, 12.25],
			"to": [-10.29289, 6.21858, 15.5],
			"rotation": {"angle": 0, "axis": "y", "origin": [-16.75, 13.25, 14]},
			"faces": {
				"north": {"uv": [3, 9.5, 2, 12], "texture": "#0"},
				"east": {"uv": [5.5, 9.5, 4.75, 12], "texture": "#0"},
				"south": {"uv": [4, 9.5, 3, 12], "texture": "#0"},
				"west": {"uv": [4.75, 9.5, 4, 12], "texture": "#0"},
				"up": {"uv": [10.5, 0.75, 11.5, 0], "texture": "#0"},
				"down": {"uv": [10.5, 0.75, 11.5, 1.5], "texture": "#0"}
			}
		},
		{
			"name": "seg1",
			"from": [10.4, 12, 12.25],
			"to": [17.6, 15.5, 15.75],
			"rotation": {"angle": -45, "axis": "z", "origin": [14, 13.75, 14]},
			"faces": {
				"north": {"uv": [9.5, 2.5, 11.25, 3.5], "texture": "#0"},
				"east": {"uv": [10, 4.5, 11, 5.5], "texture": "#0"},
				"south": {"uv": [5.5, 9.5, 7.25, 10.5], "texture": "#0"},
				"west": {"uv": [10, 5.5, 11, 6.5], "texture": "#0"},
				"up": {"uv": [9, 10.5, 7.25, 9.5], "texture": "#0"},
				"down": {"uv": [11.75, 3.5, 10, 4.5], "texture": "#0"}
			}
		},
		{
			"name": "seg2",
			"from": [15, 10.18553, 12.5],
			"to": [18, 24.63553, 15.5],
			"rotation": {"angle": -22.5, "axis": "z", "origin": [16.5, 11.25, 14]},
			"faces": {
				"north": {"uv": [8, 0, 8.75, 3.5], "texture": "#0"},
				"east": {"uv": [8.75, 0, 9.5, 3.5], "texture": "#0"},
				"south": {"uv": [9.25, 3.5, 10, 7], "texture": "#0"},
				"west": {"uv": [9.25, 7, 10, 10.5], "texture": "#0"},
				"up": {"uv": [11.25, 2.25, 10.5, 1.5], "texture": "#0"},
				"down": {"uv": [6.25, 10.5, 5.5, 11.25], "texture": "#0"}
			}
		},
		{
			"name": "seg3",
			"from": [19.06429, 12.95512, 12],
			"to": [22.81429, 27.15512, 15.75],
			"rotation": {"angle": 45, "axis": "z", "origin": [22.5, 25.25, 14]},
			"faces": {
				"north": {"uv": [0, 6, 1, 9.5], "texture": "#0"},
				"east": {"uv": [1, 6, 2, 9.5], "texture": "#0"},
				"south": {"uv": [2, 6, 3, 9.5], "texture": "#0"},
				"west": {"uv": [3, 6, 4, 9.5], "texture": "#0"},
				"up": {"uv": [11, 7.5, 10, 6.5], "texture": "#0"},
				"down": {"uv": [11, 7.5, 10, 8.5], "texture": "#0"}
			}
		},
		{
			"name": "seg4",
			"from": [27.29289, 6.21858, 11.75],
			"to": [31.04289, 16.41858, 16],
			"rotation": {"angle": 0, "axis": "z", "origin": [32.75, 13.25, 14]},
			"faces": {
				"north": {"uv": [8, 3.5, 9, 6], "texture": "#0"},
				"east": {"uv": [0, 9.5, 1, 12], "texture": "#0"},
				"south": {"uv": [9.5, 0, 10.5, 2.5], "texture": "#0"},
				"west": {"uv": [1, 9.5, 2, 12], "texture": "#0"},
				"up": {"uv": [11, 9.5, 10, 8.5], "texture": "#0"},
				"down": {"uv": [11, 9.5, 10, 10.5], "texture": "#0"}
			}
		},
		{
			"name": "seg5",
			"from": [26.29289, -3.78142, 12.25],
			"to": [30.54289, 6.21858, 15.5],
			"rotation": {"angle": 0, "axis": "z", "origin": [32.75, 13.25, 14]},
			"faces": {
				"north": {"uv": [2, 9.5, 3, 12], "texture": "#0"},
				"east": {"uv": [4, 9.5, 4.75, 12], "texture": "#0"},
				"south": {"uv": [3, 9.5, 4, 12], "texture": "#0"},
				"west": {"uv": [4.75, 9.5, 5.5, 12], "texture": "#0"},
				"up": {"uv": [11.5, 0.75, 10.5, 0], "texture": "#0"},
				"down": {"uv": [11.5, 0.75, 10.5, 1.5], "texture": "#0"}
			}
		},
		{
			"name": "seg1",
			"from": [1.75, 15.75, 17.9],
			"to": [5.25, 19.25, 25.1],
			"rotation": {"angle": -22.5, "axis": "y", "origin": [3.5, 17.5, 21.5]},
			"faces": {
				"north": {"uv": [11, 5.5, 10, 6.5], "texture": "#0"},
				"east": {"uv": [7.25, 9.5, 5.5, 10.5], "texture": "#0"},
				"south": {"uv": [11, 4.5, 10, 5.5], "texture": "#0"},
				"west": {"uv": [11.25, 2.5, 9.5, 3.5], "texture": "#0"},
				"up": {"uv": [7.25, 10.5, 9, 9.5], "rotation": 270, "texture": "#0"},
				"down": {"uv": [10, 3.5, 11.75, 4.5], "rotation": 90, "texture": "#0"}
			}
		},
		{
			"name": "seg2",
			"from": [4.25, 16.18553, 22.25],
			"to": [7.25, 30.63553, 25.25],
			"rotation": {"angle": 45, "axis": "z", "origin": [2.75, 13.25, 22.75]},
			"faces": {
				"north": {"uv": [8.75, 0, 8, 3.5], "texture": "#0"},
				"east": {"uv": [10, 7, 9.25, 10.5], "texture": "#0"},
				"south": {"uv": [10, 3.5, 9.25, 7], "texture": "#0"},
				"west": {"uv": [9.5, 0, 8.75, 3.5], "texture": "#0"},
				"up": {"uv": [10.5, 2.25, 11.25, 1.5], "texture": "#0"},
				"down": {"uv": [5.5, 10.5, 6.25, 11.25], "texture": "#0"}
			}
		},
		{
			"name": "seg3",
			"from": [-7.56429, 16.70512, 22],
			"to": [-3.81429, 30.90512, 25.75],
			"rotation": {"angle": -22.5, "axis": "z", "origin": [-6.25, 30, 24]},
			"faces": {
				"north": {"uv": [1, 6, 0, 9.5], "texture": "#0"},
				"east": {"uv": [4, 6, 3, 9.5], "texture": "#0"},
				"south": {"uv": [3, 6, 2, 9.5], "texture": "#0"},
				"west": {"uv": [2, 6, 1, 9.5], "texture": "#0"},
				"up": {"uv": [10, 7.5, 11, 6.5], "texture": "#0"},
				"down": {"uv": [10, 7.5, 11, 8.5], "texture": "#0"}
			}
		},
		{
			"name": "seg4",
			"from": [-12.54289, 8.21858, 21.75],
			"to": [-8.79289, 18.41858, 26],
			"rotation": {"angle": 22.5, "axis": "z", "origin": [-14.25, 15.25, 24]},
			"faces": {
				"north": {"uv": [9, 3.5, 8, 6], "texture": "#0"},
				"east": {"uv": [2, 9.5, 1, 12], "texture": "#0"},
				"south": {"uv": [10.5, 0, 9.5, 2.5], "texture": "#0"},
				"west": {"uv": [1, 9.5, 0, 12], "texture": "#0"},
				"up": {"uv": [10, 9.5, 11, 8.5], "texture": "#0"},
				"down": {"uv": [10, 9.5, 11, 10.5], "texture": "#0"}
			}
		},
		{
			"name": "seg5",
			"from": [-12.04289, -1.78142, 22.25],
			"to": [-7.79289, 8.21858, 25.5],
			"rotation": {"angle": 22.5, "axis": "z", "origin": [-14.25, 15.25, 24]},
			"faces": {
				"north": {"uv": [3, 9.5, 2, 12], "texture": "#0"},
				"east": {"uv": [5.5, 9.5, 4.75, 12], "texture": "#0"},
				"south": {"uv": [4, 9.5, 3, 12], "texture": "#0"},
				"west": {"uv": [4.75, 9.5, 4, 12], "texture": "#0"},
				"up": {"uv": [10.5, 0.75, 11.5, 0], "texture": "#0"},
				"down": {"uv": [10.5, 0.75, 11.5, 1.5], "texture": "#0"}
			}
		},
		{
			"name": "seg2",
			"from": [8.75, 13.18553, 22.25],
			"to": [11.75, 27.63553, 25.25],
			"rotation": {"angle": -45, "axis": "z", "origin": [13.25, 10.25, 22.75]},
			"faces": {
				"north": {"uv": [8, 0, 8.75, 3.5], "texture": "#0"},
				"east": {"uv": [8.75, 0, 9.5, 3.5], "texture": "#0"},
				"south": {"uv": [9.25, 3.5, 10, 7], "texture": "#0"},
				"west": {"uv": [9.25, 7, 10, 10.5], "texture": "#0"},
				"up": {"uv": [11.25, 2.25, 10.5, 1.5], "texture": "#0"},
				"down": {"uv": [6.25, 10.5, 5.5, 11.25], "texture": "#0"}
			}
		},
		{
			"name": "seg3",
			"from": [19.81429, 13.70512, 22],
			"to": [23.56429, 27.90512, 25.75],
			"rotation": {"angle": 22.5, "axis": "z", "origin": [22.25, 27, 24]},
			"faces": {
				"north": {"uv": [0, 6, 1, 9.5], "texture": "#0"},
				"east": {"uv": [1, 6, 2, 9.5], "texture": "#0"},
				"south": {"uv": [2, 6, 3, 9.5], "texture": "#0"},
				"west": {"uv": [3, 6, 4, 9.5], "texture": "#0"},
				"up": {"uv": [11, 7.5, 10, 6.5], "texture": "#0"},
				"down": {"uv": [11, 7.5, 10, 8.5], "texture": "#0"}
			}
		},
		{
			"name": "seg4",
			"from": [24.79289, 5.21858, 21.75],
			"to": [28.54289, 15.41858, 26],
			"rotation": {"angle": 0, "axis": "z", "origin": [30.25, 12.25, 24]},
			"faces": {
				"north": {"uv": [8, 3.5, 9, 6], "texture": "#0"},
				"east": {"uv": [0, 9.5, 1, 12], "texture": "#0"},
				"south": {"uv": [9.5, 0, 10.5, 2.5], "texture": "#0"},
				"west": {"uv": [1, 9.5, 2, 12], "texture": "#0"},
				"up": {"uv": [11, 9.5, 10, 8.5], "texture": "#0"},
				"down": {"uv": [11, 9.5, 10, 10.5], "texture": "#0"}
			}
		},
		{
			"name": "seg5",
			"from": [23.79289, -3.78142, 22.25],
			"to": [28.04289, 5.21858, 25.5],
			"rotation": {"angle": 0, "axis": "z", "origin": [30.25, 12.25, 24]},
			"faces": {
				"north": {"uv": [2, 9.5, 3, 12], "texture": "#0"},
				"east": {"uv": [4, 9.5, 4.75, 12], "texture": "#0"},
				"south": {"uv": [3, 9.5, 4, 12], "texture": "#0"},
				"west": {"uv": [4.75, 9.5, 5.5, 12], "texture": "#0"},
				"up": {"uv": [11.5, 0.75, 10.5, 0], "texture": "#0"},
				"down": {"uv": [11.5, 0.75, 10.5, 1.5], "texture": "#0"}
			}
		},
		{
			"name": "seg1",
			"from": [10.75, 12.75, 17.9],
			"to": [14.25, 16.25, 25.1],
			"rotation": {"angle": 22.5, "axis": "y", "origin": [12.5, 14.5, 21.5]},
			"faces": {
				"north": {"uv": [10, 5.5, 11, 6.5], "texture": "#0"},
				"east": {"uv": [9.5, 2.5, 11.25, 3.5], "texture": "#0"},
				"south": {"uv": [10, 4.5, 11, 5.5], "texture": "#0"},
				"west": {"uv": [5.5, 9.5, 7.25, 10.5], "texture": "#0"},
				"up": {"uv": [9, 10.5, 7.25, 9.5], "rotation": 90, "texture": "#0"},
				"down": {"uv": [11.75, 3.5, 10, 4.5], "rotation": 270, "texture": "#0"}
			}
		}
	],
	"display": {
		"gui": {
			"rotation": [30, 225, 0],
			"translation": [2, -3, 0],
			"scale": [0.5, 0.5, 0.5]
		},
		"head": {
			"translation": [0, 4.25, -4.5],
			"scale": [4, 4, 4]
		},
		"fixed": {
			"translation": [0, 40, 3.5],
			"scale": [3, 3, 3]
		}
	},
	"groups": [
		{
			"name": "shell",
			"origin": [0, 0, 0],
			"color": 0,
			"children": [0, 1]
		},
		{
			"name": "tentacles",
			"origin": [8, 8, 8],
			"color": 0,
			"children": [2, 3, 4, 5, 6, 7, 8, 9, 10, 11]
		},
		{
			"name": "legs",
			"origin": [8, 8, 8],
			"color": 0,
			"children": [
				{
					"name": "1",
					"origin": [8, 8, 8],
					"color": 0,
					"children": [12, 13, 14, 15, 16]
				},
				{
					"name": "2",
					"origin": [8, 8, 8],
					"color": 0,
					"children": [17, 18, 19, 20, 21]
				},
				{
					"name": "3",
					"origin": [8, 8, 8],
					"color": 0,
					"children": [22, 23, 24, 25, 26]
				},
				{
					"name": "4",
					"origin": [8, 8, 8],
					"color": 0,
					"children": [27, 28, 29, 30, 31]
				},
				{
					"name": "5",
					"origin": [8, 8, 8],
					"color": 0,
					"children": [32, 33, 34, 35, 36]
				},
				{
					"name": "6",
					"origin": [8, 8, 8],
					"color": 0,
					"children": [37, 38, 39, 40, 41]
				}
			]
		}
	]
}