{
	"credit": "Made with Blockbench",
	"texture_size": [64, 64],
	"textures": {
		"1": "krmc:krmc_mobs/silurian_scorpion",
		"2": "krmc:krmc_mobs/animations/silurian_scorpion",
		"particle": "krmc:krmc_mobs/animations/silurian_scorpion"
	},
	"elements": [
		{
			"name": "tail",
			"from": [8, 9.07875, 7.90538],
			"to": [8, 29.87875, 25.50538],
			"rotation": {"angle": 45, "axis": "x", "origin": [8, 5.10948, 10.45165]},
			"faces": {
				"north": {"uv": [2.75, 0, 5.5, 3.25], "texture": "#1"},
				"east": {"uv": [5.5, 0, 2.75, 3.25], "texture": "#1"},
				"south": {"uv": [2.75, 0, 5.5, 3.25], "texture": "#1"},
				"west": {"uv": [2.75, 0, 5.5, 3.25], "texture": "#1"},
				"up": {"uv": [2.75, 0, 5.5, 3.25], "texture": "#1"},
				"down": {"uv": [2.75, 0, 5.5, 3.25], "texture": "#1"}
			}
		},
		{
			"name": "head",
			"from": [3.2, -1.5, -1.6],
			"to": [12.8, 3.3, 3.2],
			"rotation": {"angle": 0, "axis": "y", "origin": [8, 5.10948, 10.45165]},
			"faces": {
				"north": {"uv": [7.5, 7.75, 9, 8.5], "texture": "#1"},
				"east": {"uv": [8.75, 4.75, 9.5, 5.5], "texture": "#1"},
				"south": {"uv": [8, 6.25, 9.5, 7], "texture": "#1"},
				"west": {"uv": [8.75, 5.5, 9.5, 6.25], "texture": "#1"},
				"up": {"uv": [9.5, 7.75, 8, 7], "texture": "#1"},
				"down": {"uv": [10, 0, 8.5, 0.75], "texture": "#1"}
			}
		},
		{
			"name": "1",
			"from": [6.4, 0.9, -1.76],
			"to": [7.2, 1.7, -1.76],
			"rotation": {"angle": 0, "axis": "y", "origin": [8, 5.10948, 10.45165]},
			"faces": {
				"north": {"uv": [0, 15, 0.5, 15.5], "texture": "#1"},
				"east": {"uv": [0, 0, 0, 0.5], "texture": "#1"},
				"south": {"uv": [0, 0, 0.5, 0.5], "texture": "#1"},
				"west": {"uv": [0, 0, 0, 0.5], "texture": "#1"},
				"up": {"uv": [0, 0, 0.5, 0], "texture": "#1"},
				"down": {"uv": [0, 0, 0.5, 0], "texture": "#1"}
			}
		},
		{
			"name": "2",
			"from": [8.8, 0.9, -1.76],
			"to": [9.6, 1.7, -1.76],
			"rotation": {"angle": 0, "axis": "y", "origin": [8, 5.10948, 10.45165]},
			"faces": {
				"north": {"uv": [0.5, 15, 0, 15.5], "texture": "#1"},
				"east": {"uv": [0, 0, 0, 0.5], "texture": "#1"},
				"south": {"uv": [0.5, 0, 0, 0.5], "texture": "#1"},
				"west": {"uv": [0, 0, 0, 0.5], "texture": "#1"},
				"up": {"uv": [0.5, 0, 0, 0], "texture": "#1"},
				"down": {"uv": [0.5, 0, 0, 0], "texture": "#1"}
			}
		},
		{
			"name": "3",
			"from": [4.8, 1.3, -1.76],
			"to": [5.6, 2.1, -1.76],
			"rotation": {"angle": 0, "axis": "y", "origin": [8, 5.10948, 10.45165]},
			"faces": {
				"north": {"uv": [0, 15, 0.5, 15.5], "texture": "#1"},
				"east": {"uv": [0, 0, 0, 0.5], "texture": "#1"},
				"south": {"uv": [0, 0, 0.5, 0.5], "texture": "#1"},
				"west": {"uv": [0, 0, 0, 0.5], "texture": "#1"},
				"up": {"uv": [0, 0, 0.5, 0], "texture": "#1"},
				"down": {"uv": [0, 0, 0.5, 0], "texture": "#1"}
			}
		},
		{
			"name": "4",
			"from": [10.4, 1.3, -1.76],
			"to": [11.2, 2.1, -1.76],
			"rotation": {"angle": 0, "axis": "y", "origin": [8, 5.10948, 10.45165]},
			"faces": {
				"north": {"uv": [0.5, 15, 0, 15.5], "texture": "#1"},
				"east": {"uv": [0, 0, 0, 0.5], "texture": "#1"},
				"south": {"uv": [0.5, 0, 0, 0.5], "texture": "#1"},
				"west": {"uv": [0, 0, 0, 0.5], "texture": "#1"},
				"up": {"uv": [0.5, 0, 0, 0], "texture": "#1"},
				"down": {"uv": [0.5, 0, 0, 0], "texture": "#1"}
			}
		},
		{
			"name": "5",
			"from": [6.4, 2.1, -1.76],
			"to": [6.8, 2.5, -1.76],
			"rotation": {"angle": 0, "axis": "y", "origin": [8, 5.10948, 10.45165]},
			"faces": {
				"north": {"uv": [0, 15, 0.5, 15.5], "texture": "#1"},
				"east": {"uv": [0, 0, 0, 0.5], "texture": "#1"},
				"south": {"uv": [0, 0, 0.5, 0.5], "texture": "#1"},
				"west": {"uv": [0, 0, 0, 0.5], "texture": "#1"},
				"up": {"uv": [0, 0, 0.5, 0], "texture": "#1"},
				"down": {"uv": [0, 0, 0.5, 0], "texture": "#1"}
			}
		},
		{
			"name": "6",
			"from": [9.2, 2.1, -1.76],
			"to": [9.6, 2.5, -1.76],
			"rotation": {"angle": 0, "axis": "y", "origin": [8, 5.10948, 10.45165]},
			"faces": {
				"north": {"uv": [0.5, 15, 0, 15.5], "texture": "#1"},
				"east": {"uv": [0, 0, 0, 0.5], "texture": "#1"},
				"south": {"uv": [0.5, 0, 0, 0.5], "texture": "#1"},
				"west": {"uv": [0, 0, 0, 0.5], "texture": "#1"},
				"up": {"uv": [0.5, 0, 0, 0], "texture": "#1"},
				"down": {"uv": [0.5, 0, 0, 0], "texture": "#1"}
			}
		},
		{
			"name": "7",
			"from": [5.84, 2.34, -1.76],
			"to": [6.24, 2.74, -1.76],
			"rotation": {"angle": 0, "axis": "y", "origin": [8, 5.10948, 10.45165]},
			"faces": {
				"north": {"uv": [0, 15, 0.5, 15.5], "texture": "#1"},
				"east": {"uv": [0, 0, 0, 0.5], "texture": "#1"},
				"south": {"uv": [0, 0, 0.5, 0.5], "texture": "#1"},
				"west": {"uv": [0, 0, 0, 0.5], "texture": "#1"},
				"up": {"uv": [0, 0, 0.5, 0], "texture": "#1"},
				"down": {"uv": [0, 0, 0.5, 0], "texture": "#1"}
			}
		},
		{
			"name": "7",
			"from": [9.76, 2.34, -1.76],
			"to": [10.16, 2.74, -1.76],
			"rotation": {"angle": 0, "axis": "y", "origin": [8, 5.10948, 10.45165]},
			"faces": {
				"north": {"uv": [0.5, 15, 0, 15.5], "texture": "#1"},
				"east": {"uv": [0, 0, 0, 0.5], "texture": "#1"},
				"south": {"uv": [0.5, 0, 0, 0.5], "texture": "#1"},
				"west": {"uv": [0, 0, 0, 0.5], "texture": "#1"},
				"up": {"uv": [0.5, 0, 0, 0], "texture": "#1"},
				"down": {"uv": [0.5, 0, 0, 0], "texture": "#1"}
			}
		},
		{
			"name": "body",
			"from": [1.6, -3.1, 3.2],
			"to": [14.4, 4.9, 14.4],
			"rotation": {"angle": 0, "axis": "y", "origin": [8, 5.10948, 10.45165]},
			"faces": {
				"north": {"uv": [1.75, 5, 3.75, 6.25], "texture": "#1"},
				"east": {"uv": [5.5, 0, 7.25, 1.25], "texture": "#1"},
				"south": {"uv": [3.75, 5, 5.75, 6.25], "texture": "#1"},
				"west": {"uv": [5.5, 1.25, 7.25, 2.5], "texture": "#1"},
				"up": {"uv": [2, 5, 0, 3.25], "texture": "#1"},
				"down": {"uv": [4, 3.25, 2, 5], "texture": "#1"}
			}
		},
		{
			"name": "body",
			"from": [2.4, -2.3, 14.4],
			"to": [13.6, 3.7, 25.6],
			"rotation": {"angle": 0, "axis": "y", "origin": [8, 5.10948, 10.45165]},
			"faces": {
				"north": {"uv": [5.75, 2.5, 7.5, 3.5], "texture": "#1"},
				"east": {"uv": [5.75, 3.5, 7.5, 4.5], "texture": "#1"},
				"south": {"uv": [5.75, 4.5, 7.5, 5.5], "texture": "#1"},
				"west": {"uv": [5.75, 5.5, 7.5, 6.5], "texture": "#1"},
				"up": {"uv": [5.75, 5, 4, 3.25], "texture": "#1"},
				"down": {"uv": [1.75, 5, 0, 6.75], "texture": "#1"}
			}
		},
		{
			"from": [-5.5498, -0.33515, 4.70423],
			"to": [0.9502, 2.26485, 7.30423],
			"rotation": {"angle": -22.5, "axis": "y", "origin": [8, 5.10948, 10.45165]},
			"faces": {
				"north": {"uv": [0, 9, 1, 9.5], "texture": "#1"},
				"east": {"uv": [8.75, 9.5, 9.25, 10], "texture": "#1"},
				"south": {"uv": [4.75, 9, 5.75, 9.5], "texture": "#1"},
				"west": {"uv": [1.25, 6.75, 1.75, 7.25], "texture": "#1"},
				"up": {"uv": [6.25, 10, 5.75, 9], "rotation": 270, "texture": "#1"},
				"down": {"uv": [6.75, 9, 6.25, 10], "rotation": 90, "texture": "#1"}
			}
		},
		{
			"from": [-0.89568, -2.33515, -6.76898],
			"to": [3.70432, 4.26485, -0.26898],
			"rotation": {"angle": 22.5, "axis": "y", "origin": [8, 5.10948, 10.45165]},
			"faces": {
				"north": {"uv": [1, 8.75, 1.75, 9.75], "texture": "#1"},
				"east": {"uv": [0, 8, 1, 9], "texture": "#1"},
				"south": {"uv": [1.75, 8.75, 2.5, 9.75], "texture": "#1"},
				"west": {"uv": [8.5, 0.75, 9.5, 1.75], "texture": "#1"},
				"up": {"uv": [9.5, 2.75, 8.75, 1.75], "texture": "#1"},
				"down": {"uv": [3.25, 8.75, 2.5, 9.75], "texture": "#1"}
			}
		},
		{
			"from": [-4.90315, 0.16485, -7.23102],
			"to": [-2.50315, 2.76485, -1.03102],
			"rotation": {"angle": 0, "axis": "y", "origin": [8, 5.10948, 10.45165]},
			"faces": {
				"north": {"uv": [9.5, 8.75, 10, 9.25], "texture": "#1"},
				"east": {"uv": [9, 7.75, 10, 8.25], "texture": "#1"},
				"south": {"uv": [9.25, 9.5, 9.75, 10], "texture": "#1"},
				"west": {"uv": [0, 9.5, 1, 10], "texture": "#1"},
				"up": {"uv": [7.25, 10, 6.75, 9], "texture": "#1"},
				"down": {"uv": [10, 0.75, 9.5, 1.75], "texture": "#1"}
			}
		},
		{
			"from": [-7.14995, 0.46485, -1.42668],
			"to": [-5.64995, 2.76485, 3.77332],
			"rotation": {"angle": -22.5, "axis": "y", "origin": [8, 5.10948, 10.45165]},
			"faces": {
				"north": {"uv": [7.25, 9, 7.5, 9.5], "texture": "#1"},
				"east": {"uv": [7.25, 9.5, 8, 10], "texture": "#1"},
				"south": {"uv": [3.25, 9.75, 3.5, 10.25], "texture": "#1"},
				"west": {"uv": [9.5, 7.25, 10.25, 7.75], "texture": "#1"},
				"up": {"uv": [5.75, 3.25, 5.5, 2.5], "texture": "#1"},
				"down": {"uv": [1.25, 8, 1, 8.75], "texture": "#1"}
			}
		},
		{
			"from": [15.0498, -0.33515, 4.70423],
			"to": [21.5498, 2.26485, 7.30423],
			"rotation": {"angle": 22.5, "axis": "y", "origin": [8, 5.10948, 10.45165]},
			"faces": {
				"north": {"uv": [9.5, 2.25, 10.5, 2.75], "texture": "#1"},
				"east": {"uv": [1, 9.75, 1.5, 10.25], "texture": "#1"},
				"south": {"uv": [9.5, 1.75, 10.5, 2.25], "texture": "#1"},
				"west": {"uv": [1.5, 9.75, 2, 10.25], "texture": "#1"},
				"up": {"uv": [10, 3.75, 9.5, 2.75], "rotation": 90, "texture": "#1"},
				"down": {"uv": [10, 3.75, 9.5, 4.75], "rotation": 270, "texture": "#1"}
			}
		},
		{
			"from": [12.29568, -2.33515, -6.76898],
			"to": [16.89568, 4.26485, -0.26898],
			"rotation": {"angle": -22.5, "axis": "y", "origin": [8, 5.10948, 10.45165]},
			"faces": {
				"north": {"uv": [8.75, 2.75, 9.5, 3.75], "texture": "#1"},
				"east": {"uv": [7.5, 8.5, 8.5, 9.5], "texture": "#1"},
				"south": {"uv": [3.25, 8.75, 4, 9.75], "texture": "#1"},
				"west": {"uv": [8.5, 8.5, 9.5, 9.5], "texture": "#1"},
				"up": {"uv": [9.5, 4.75, 8.75, 3.75], "texture": "#1"},
				"down": {"uv": [4.75, 8.75, 4, 9.75], "texture": "#1"}
			}
		},
		{
			"from": [18.50315, 0.16485, -7.23102],
			"to": [20.90315, 2.76485, -1.03102],
			"rotation": {"angle": 0, "axis": "y", "origin": [8, 5.10948, 10.45165]},
			"faces": {
				"north": {"uv": [2, 9.75, 2.5, 10.25], "texture": "#1"},
				"east": {"uv": [4.75, 9.5, 5.75, 10], "texture": "#1"},
				"south": {"uv": [2.5, 9.75, 3, 10.25], "texture": "#1"},
				"west": {"uv": [9.5, 4.75, 10.5, 5.25], "texture": "#1"},
				"up": {"uv": [10, 6.25, 9.5, 5.25], "texture": "#1"},
				"down": {"uv": [10, 6.25, 9.5, 7.25], "texture": "#1"}
			}
		},
		{
			"from": [21.64995, 0.46485, -1.42668],
			"to": [23.14995, 2.76485, 3.77332],
			"rotation": {"angle": 22.5, "axis": "y", "origin": [8, 5.10948, 10.45165]},
			"faces": {
				"north": {"uv": [7.5, 9, 7.25, 9.5], "texture": "#1"},
				"east": {"uv": [10.25, 7.25, 9.5, 7.75], "texture": "#1"},
				"south": {"uv": [3.5, 9.75, 3.25, 10.25], "texture": "#1"},
				"west": {"uv": [8, 9.5, 7.25, 10], "texture": "#1"},
				"up": {"uv": [5.5, 3.25, 5.75, 2.5], "texture": "#1"},
				"down": {"uv": [1, 8, 1.25, 8.75], "texture": "#1"}
			}
		},
		{
			"name": "1",
			"from": [-3.4123, -8.17216, 6.08715],
			"to": [4.5877, -0.17216, 6.08715],
			"rotation": {"angle": -22.5, "axis": "z", "origin": [8, 5.10948, 10.45165]},
			"faces": {
				"north": {"uv": [1.75, 6.25, 3, 7.5], "texture": "#2"},
				"east": {"uv": [1.75, 6.25, 3, 7.5], "texture": "#2"},
				"south": {"uv": [3, 6.25, 1.75, 7.5], "texture": "#2"},
				"west": {"uv": [1.75, 6.25, 3, 7.5], "texture": "#2"},
				"up": {"uv": [1.75, 6.25, 3, 7.5], "texture": "#2"},
				"down": {"uv": [1.75, 6.25, 3, 7.5], "texture": "#2"}
			}
		},
		{
			"name": "2",
			"from": [11.4123, -8.17216, 6.08715],
			"to": [19.4123, -0.17216, 6.08715],
			"rotation": {"angle": 22.5, "axis": "z", "origin": [8, 5.10948, 10.45165]},
			"faces": {
				"north": {"uv": [4.25, 6.25, 5.5, 7.5], "texture": "#2"},
				"east": {"uv": [4.25, 6.25, 5.5, 7.5], "texture": "#2"},
				"south": {"uv": [5.5, 6.25, 4.25, 7.5], "texture": "#2"},
				"west": {"uv": [4.25, 6.25, 5.5, 7.5], "texture": "#2"},
				"up": {"uv": [4.25, 6.25, 5.5, 7.5], "texture": "#2"},
				"down": {"uv": [4.25, 6.25, 5.5, 7.5], "texture": "#2"}
			}
		},
		{
			"name": "3",
			"from": [-3.4123, -8.17216, 8.88715],
			"to": [4.5877, -0.17216, 8.88715],
			"rotation": {"angle": -22.5, "axis": "z", "origin": [8, 5.10948, 10.45165]},
			"faces": {
				"north": {"uv": [5.5, 6.25, 4.25, 7.5], "texture": "#2"},
				"east": {"uv": [4.25, 6.25, 5.5, 7.5], "texture": "#2"},
				"south": {"uv": [4.25, 6.25, 5.5, 7.5], "texture": "#2"},
				"west": {"uv": [4.25, 6.25, 5.5, 7.5], "texture": "#2"},
				"up": {"uv": [4.25, 6.25, 5.5, 7.5], "texture": "#2"},
				"down": {"uv": [4.25, 6.25, 5.5, 7.5], "texture": "#2"}
			}
		},
		{
			"name": "4",
			"from": [11.4123, -8.17216, 8.88715],
			"to": [19.4123, -0.17216, 8.88715],
			"rotation": {"angle": 22.5, "axis": "z", "origin": [8, 5.10948, 10.45165]},
			"faces": {
				"north": {"uv": [3, 6.25, 1.75, 7.5], "texture": "#2"},
				"east": {"uv": [3, 6.25, 1.75, 7.5], "texture": "#2"},
				"south": {"uv": [1.75, 6.25, 3, 7.5], "texture": "#2"},
				"west": {"uv": [3, 6.25, 1.75, 7.5], "texture": "#2"},
				"up": {"uv": [3, 6.25, 1.75, 7.5], "texture": "#2"},
				"down": {"uv": [3, 6.25, 1.75, 7.5], "texture": "#2"}
			}
		},
		{
			"name": "5",
			"from": [-3.4123, -8.17216, 11.28715],
			"to": [4.5877, -0.17216, 11.28715],
			"rotation": {"angle": -22.5, "axis": "z", "origin": [8, 5.10948, 10.45165]},
			"faces": {
				"north": {"uv": [1.75, 6.25, 3, 7.5], "texture": "#2"},
				"east": {"uv": [1.75, 6.25, 3, 7.5], "texture": "#2"},
				"south": {"uv": [3, 6.25, 1.75, 7.5], "texture": "#2"},
				"west": {"uv": [1.75, 6.25, 3, 7.5], "texture": "#2"},
				"up": {"uv": [1.75, 6.25, 3, 7.5], "texture": "#2"},
				"down": {"uv": [1.75, 6.25, 3, 7.5], "texture": "#2"}
			}
		},
		{
			"name": "6",
			"from": [11.4123, -8.17216, 11.28715],
			"to": [19.4123, -0.17216, 11.28715],
			"rotation": {"angle": 22.5, "axis": "z", "origin": [8, 5.10948, 10.45165]},
			"faces": {
				"north": {"uv": [4.25, 6.25, 5.5, 7.5], "texture": "#2"},
				"east": {"uv": [4.25, 6.25, 5.5, 7.5], "texture": "#2"},
				"south": {"uv": [5.5, 6.25, 4.25, 7.5], "texture": "#2"},
				"west": {"uv": [4.25, 6.25, 5.5, 7.5], "texture": "#2"},
				"up": {"uv": [4.25, 6.25, 5.5, 7.5], "texture": "#2"},
				"down": {"uv": [4.25, 6.25, 5.5, 7.5], "texture": "#2"}
			}
		},
		{
			"name": "7",
			"from": [-3.4123, -8.17216, 13.68715],
			"to": [4.5877, -0.17216, 13.68715],
			"rotation": {"angle": -22.5, "axis": "z", "origin": [8, 5.10948, 10.45165]},
			"faces": {
				"north": {"uv": [5.5, 6.25, 4.25, 7.5], "texture": "#2"},
				"east": {"uv": [4.25, 6.25, 5.5, 7.5], "texture": "#2"},
				"south": {"uv": [4.25, 6.25, 5.5, 7.5], "texture": "#2"},
				"west": {"uv": [4.25, 6.25, 5.5, 7.5], "texture": "#2"},
				"up": {"uv": [4.25, 6.25, 5.5, 7.5], "texture": "#2"},
				"down": {"uv": [4.25, 6.25, 5.5, 7.5], "texture": "#2"}
			}
		},
		{
			"name": "8",
			"from": [11.4123, -8.17216, 13.68715],
			"to": [19.4123, -0.17216, 13.68715],
			"rotation": {"angle": 22.5, "axis": "z", "origin": [8, 5.10948, 10.45165]},
			"faces": {
				"north": {"uv": [3, 6.25, 1.75, 7.5], "texture": "#2"},
				"east": {"uv": [3, 6.25, 1.75, 7.5], "texture": "#2"},
				"south": {"uv": [1.75, 6.25, 3, 7.5], "texture": "#2"},
				"west": {"uv": [3, 6.25, 1.75, 7.5], "texture": "#2"},
				"up": {"uv": [3, 6.25, 1.75, 7.5], "texture": "#2"},
				"down": {"uv": [3, 6.25, 1.75, 7.5], "texture": "#2"}
			}
		}
	],
	"display": {
		"gui": {
			"rotation": [30, 225, 0],
			"translation": [-3.5, 0, 0],
			"scale": [0.625, 0.625, 0.625]
		},
		"head": {
			"translation": [0, -35, -4.5],
			"scale": [4, 4, 4]
		},
		"fixed": {
			"translation": [0, 38, 9.25],
			"scale": [2.5, 2.5, 2.5]
		}
	},
	"groups": [
		{
			"name": "body",
			"origin": [8, 8, 8],
			"color": 0,
			"children": [
				{
					"name": "tail",
					"origin": [8, 8, 8],
					"color": 0,
					"children": [
						{
							"name": "tail",
							"origin": [8, 8, 8],
							"color": 0,
							"children": [0]
						}
					]
				},
				{
					"name": "body_main",
					"origin": [8, 8, 8],
					"color": 0,
					"children": [
						{
							"name": "head",
							"origin": [8, 8, 8],
							"color": 0,
							"children": [
								1,
								{
									"name": "eyes",
									"origin": [8, 8, 8],
									"color": 0,
									"children": [2, 3, 4, 5, 6, 7, 8, 9]
								}
							]
						},
						10,
						11,
						{
							"name": "claws",
							"origin": [8, 8, 8],
							"color": 0,
							"children": [
								{
									"name": "left",
									"origin": [8, 8, 8],
									"color": 0,
									"children": [12, 13, 14, 15]
								},
								{
									"name": "right",
									"origin": [8, 8, 8],
									"color": 0,
									"children": [16, 17, 18, 19]
								}
							]
						}
					]
				},
				{
					"name": "legs",
					"origin": [8, 8, 8],
					"color": 0,
					"children": [20, 21, 22, 23, 24, 25, 26, 27]
				}
			]
		}
	]
}