{
	"credit": "Made with Blockbench",
	"texture_size": [80, 80],
	"textures": {
		"0": "item/bone",
		"1": "krmc:krmc_mobs/skar_king",
		"2": "block/bone_block_top",
		"3": "krmc:krmc_mobs/animations/skar_king",
		"1_1": "block/bone_block_side",
		"particle": "krmc:krmc_mobs/shimo",
		"1_2": "krmc:krmc_mobs/shimo"
	},
	"elements": [
		{
			"from": [4, 12.8, 16.9],
			"to": [12, 20.4, 24.9],
			"rotation": {"angle": 0, "axis": "x", "origin": [8, 11.00276, 25.74182]},
			"faces": {
				"north": {"uv": [9.4, 0, 11, 1.6], "texture": "#1"},
				"east": {"uv": [0, 9.8, 1.6, 11.4], "texture": "#1"},
				"south": {"uv": [1.6, 9.8, 3.2, 11.4], "texture": "#1"},
				"west": {"uv": [9.8, 6.6, 11.4, 8.2], "texture": "#1"},
				"up": {"uv": [11.4, 9.8, 9.8, 8.2], "texture": "#1"},
				"down": {"uv": [10.2, 9.8, 8.6, 11.4], "texture": "#1"}
			}
		},
		{
			"from": [4.25, 15.6188, 14.36802],
			"to": [11.75, 20.2188, 21.36802],
			"rotation": {"angle": 22.5, "axis": "x", "origin": [8, 11.00276, 25.74182]},
			"faces": {
				"north": {"uv": [11, 0, 12.6, 1], "texture": "#1"},
				"east": {"uv": [8, 11.4, 9.4, 12.4], "texture": "#1"},
				"south": {"uv": [11.4, 7, 13, 8], "texture": "#1"},
				"west": {"uv": [11.4, 8, 12.8, 9], "texture": "#1"},
				"up": {"uv": [11.8, 11.2, 10.2, 9.8], "texture": "#1"},
				"down": {"uv": [12, 1.6, 10.4, 3], "texture": "#1"}
			}
		},
		{
			"from": [4.4, 15.44377, 13.58723],
			"to": [11.6, 17.04377, 15.18723],
			"rotation": {"angle": 22.5, "axis": "x", "origin": [8, 11.00276, 25.74182]},
			"faces": {
				"north": {"uv": [12.6, 0.6, 14, 1], "texture": "#1"},
				"east": {"uv": [6, 4, 6.4, 4.4], "texture": "#1"},
				"south": {"uv": [6.2, 12.6, 7.6, 13], "texture": "#1"},
				"west": {"uv": [4, 7, 4.4, 7.4], "texture": "#1"},
				"up": {"uv": [14.2, 8.4, 12.8, 8], "texture": "#1"},
				"down": {"uv": [14.2, 8.4, 12.8, 8.8], "texture": "#1"}
			}
		},
		{
			"from": [5.6, 16.38941, 14.16823],
			"to": [10.4, 18.98941, 17.36823],
			"rotation": {"angle": 0, "axis": "x", "origin": [8, 18.93801, 16.93485]},
			"faces": {
				"north": {"uv": [9.4, 1.6, 10.4, 2.2], "texture": "#1"},
				"east": {"uv": [6, 8.4, 6.6, 9], "texture": "#1"},
				"south": {"uv": [11, 1, 12, 1.6], "texture": "#1"},
				"west": {"uv": [8.6, 2.2, 9.2, 2.8], "texture": "#1"},
				"up": {"uv": [13.6, 0.6, 12.6, 0], "texture": "#1"},
				"down": {"uv": [6.2, 12.6, 5.2, 13.2], "texture": "#1"}
			}
		},
		{
			"from": [5.1, 16.65566, 17.12531],
			"to": [10.9, 19.15566, 21.07531],
			"rotation": {"angle": -22.5, "axis": "x", "origin": [8, 11.00276, 25.74182]},
			"faces": {
				"north": {"uv": [12.8, 8.8, 14, 9.2], "texture": "#1"},
				"east": {"uv": [3.2, 9.8, 4, 10.2], "texture": "#1"},
				"south": {"uv": [12.8, 9.2, 14, 9.6], "texture": "#1"},
				"west": {"uv": [3.2, 10.2, 4, 10.6], "texture": "#1"},
				"up": {"uv": [13.6, 7, 12.4, 6.2], "texture": "#1"},
				"down": {"uv": [13.4, 12.4, 12.2, 13.2], "texture": "#1"}
			}
		},
		{
			"name": "tooth1",
			"from": [5.3, 19.15566, 17.37531],
			"to": [6.1, 20.65566, 18.37531],
			"rotation": {"angle": -22.5, "axis": "x", "origin": [8, 11.00276, 25.74182]},
			"faces": {
				"north": {"uv": [6.4, 4, 6.6, 4.2], "texture": "#1"},
				"east": {"uv": [6.4, 4.2, 6.6, 4.4], "texture": "#1"},
				"south": {"uv": [4, 7.4, 4.2, 7.6], "texture": "#1"},
				"west": {"uv": [4.2, 7.4, 4.4, 7.6], "texture": "#1"},
				"up": {"uv": [4.2, 7.8, 4, 7.6], "texture": "#1"},
				"down": {"uv": [4.4, 7.6, 4.2, 7.8], "texture": "#1"}
			}
		},
		{
			"name": "tooth1",
			"from": [9.9, 19.15566, 17.37531],
			"to": [10.7, 20.15566, 18.37531],
			"rotation": {"angle": -22.5, "axis": "x", "origin": [8, 11.00276, 25.74182]},
			"faces": {
				"north": {"uv": [6.6, 4, 6.4, 4.2], "texture": "#1"},
				"east": {"uv": [4.4, 7.4, 4.2, 7.6], "texture": "#1"},
				"south": {"uv": [4.2, 7.4, 4, 7.6], "texture": "#1"},
				"west": {"uv": [6.6, 4.2, 6.4, 4.4], "texture": "#1"},
				"up": {"uv": [4, 7.8, 4.2, 7.6], "texture": "#1"},
				"down": {"uv": [4.2, 7.6, 4.4, 7.8], "texture": "#1"}
			}
		},
		{
			"from": [-4, -4.00542, 16.18906],
			"to": [1.2, 7.19458, 22.38906],
			"rotation": {"angle": 0, "axis": "x", "origin": [8, 6.04458, 19.28906]},
			"faces": {
				"north": {"uv": [10.4, 3, 11.4, 5.2], "texture": "#1"},
				"east": {"uv": [8.2, 0, 9.4, 2.2], "texture": "#1"},
				"south": {"uv": [6, 10.4, 7, 12.6], "texture": "#1"},
				"west": {"uv": [8.6, 7.6, 9.8, 9.8], "texture": "#1"},
				"up": {"uv": [11.4, 6.4, 10.4, 5.2], "texture": "#1"},
				"down": {"uv": [12.8, 9, 11.8, 10.2], "texture": "#1"}
			}
		},
		{
			"from": [-3.39398, 2.29438, 16.98906],
			"to": [1.20602, 11.89438, 21.58906],
			"rotation": {"angle": -22.5, "axis": "z", "origin": [8, 6.04458, 19.28906]},
			"faces": {
				"north": {"uv": [4.2, 11.2, 5.2, 13.2], "texture": "#1"},
				"east": {"uv": [10.2, 11.2, 11.2, 13.2], "texture": "#1"},
				"south": {"uv": [11.2, 11.2, 12.2, 13.2], "texture": "#1"},
				"west": {"uv": [0, 11.4, 1, 13.4], "texture": "#1"},
				"up": {"uv": [9.8, 7.6, 8.8, 6.6], "texture": "#1"},
				"down": {"uv": [13.2, 11.4, 12.2, 12.4], "texture": "#1"}
			}
		},
		{
			"from": [14.8, 8.94458, 4.23906],
			"to": [20, 15.14458, 15.43906],
			"rotation": {"angle": 0, "axis": "x", "origin": [8, 12.04458, 14.28906]},
			"faces": {
				"north": {"uv": [13.2, 10.2, 12.2, 11.4], "rotation": 180, "texture": "#1"},
				"east": {"uv": [9.2, 2.2, 10.4, 4.4], "rotation": 270, "texture": "#1"},
				"south": {"uv": [13, 2.2, 12, 1], "texture": "#1"},
				"west": {"uv": [9.2, 4.4, 10.4, 6.6], "rotation": 90, "texture": "#1"},
				"up": {"uv": [7, 10.4, 8, 12.6], "rotation": 180, "texture": "#1"},
				"down": {"uv": [3.2, 11.2, 4.2, 13.4], "texture": "#1"}
			}
		},
		{
			"from": [14.79398, 9.74458, 10.53886],
			"to": [19.39398, 14.34458, 20.13886],
			"rotation": {"angle": -22.5, "axis": "y", "origin": [8, 12.04458, 14.28906]},
			"faces": {
				"north": {"uv": [13.4, 3.2, 12.4, 4.2], "rotation": 180, "texture": "#1"},
				"east": {"uv": [2, 11.4, 3, 13.4], "rotation": 270, "texture": "#1"},
				"south": {"uv": [13.4, 3.2, 12.4, 2.2], "texture": "#1"},
				"west": {"uv": [11.4, 5, 12.4, 7], "rotation": 90, "texture": "#1"},
				"up": {"uv": [1, 11.4, 2, 13.4], "rotation": 180, "texture": "#1"},
				"down": {"uv": [11.4, 3, 12.4, 5], "texture": "#1"}
			}
		},
		{
			"name": "leg",
			"from": [-1.4, -16, 22.9],
			"to": [4, -2.2, 28.3],
			"rotation": {"angle": -22.5, "axis": "x", "origin": [-4.8, -2.25, 26.1]},
			"faces": {
				"north": {"uv": [0, 7, 1, 9.8], "texture": "#3"},
				"east": {"uv": [1, 7, 2, 9.8], "texture": "#3"},
				"south": {"uv": [2, 7, 3, 9.8], "texture": "#3"},
				"west": {"uv": [3, 7, 4, 9.8], "texture": "#3"},
				"up": {"uv": [13.4, 5.2, 12.4, 4.2], "texture": "#3"},
				"down": {"uv": [13.4, 5.2, 12.4, 6.2], "texture": "#3"}
			}
		},
		{
			"name": "leg",
			"from": [-1.4, -16, 22.9],
			"to": [4, -2.2, 28.3],
			"rotation": {"angle": 22.5, "axis": "x", "origin": [20.8, -2.25, 26.1]},
			"faces": {
				"north": {"uv": [7.6, 7.6, 6.6, 10.4], "texture": "#3"},
				"east": {"uv": [6, 8.4, 5, 11.2], "texture": "#3"},
				"south": {"uv": [5, 8.4, 4, 11.2], "texture": "#3"},
				"west": {"uv": [8.6, 7.6, 7.6, 10.4], "texture": "#3"},
				"up": {"uv": [8, 13.4, 9, 12.4], "texture": "#3"},
				"down": {"uv": [9, 12.4, 10, 13.4], "texture": "#3"}
			}
		},
		{
			"name": "leg",
			"from": [12, -16, 22.9],
			"to": [17.4, -2.2, 28.3],
			"rotation": {"angle": -22.5, "axis": "x", "origin": [-4.8, -2.25, 26.1]},
			"faces": {
				"north": {"uv": [6.6, 7.6, 7.6, 10.4], "texture": "#3"},
				"east": {"uv": [7.6, 7.6, 8.6, 10.4], "texture": "#3"},
				"south": {"uv": [4, 8.4, 5, 11.2], "texture": "#3"},
				"west": {"uv": [5, 8.4, 6, 11.2], "texture": "#3"},
				"up": {"uv": [9, 13.4, 8, 12.4], "texture": "#3"},
				"down": {"uv": [10, 12.4, 9, 13.4], "texture": "#3"}
			}
		},
		{
			"name": "leg",
			"from": [12, -16, 22.9],
			"to": [17.4, -2.2, 28.3],
			"rotation": {"angle": 22.5, "axis": "x", "origin": [20.8, -2.25, 26.1]},
			"faces": {
				"north": {"uv": [1, 7, 0, 9.8], "texture": "#3"},
				"east": {"uv": [4, 7, 3, 9.8], "texture": "#3"},
				"south": {"uv": [3, 7, 2, 9.8], "texture": "#3"},
				"west": {"uv": [2, 7, 1, 9.8], "texture": "#3"},
				"up": {"uv": [12.4, 5.2, 13.4, 4.2], "texture": "#3"},
				"down": {"uv": [12.4, 5.2, 13.4, 6.2], "texture": "#3"}
			}
		},
		{
			"from": [2.5, -5.12722, 22.18908],
			"to": [13.5, 8.12278, 31.18908],
			"rotation": {"angle": 0, "axis": "x", "origin": [8, 11.00276, 21.74182]},
			"faces": {
				"north": {"uv": [4.4, 4.4, 2.2, 7], "rotation": 180, "texture": "#1"},
				"east": {"uv": [6, 2.2, 8.6, 4], "rotation": 270, "texture": "#1"},
				"south": {"uv": [2.2, 7, 0, 4.4], "texture": "#1"},
				"west": {"uv": [6.6, 4, 9.2, 5.8], "rotation": 90, "texture": "#1"},
				"up": {"uv": [4.4, 6.6, 6.6, 8.4], "rotation": 180, "texture": "#1"},
				"down": {"uv": [6.6, 5.8, 8.8, 7.6], "texture": "#1"}
			}
		},
		{
			"from": [0.75, 4.72896, 18.44411],
			"to": [15.25, 15.22896, 29.44411],
			"rotation": {"angle": -22.5, "axis": "x", "origin": [8, 11.00276, 21.74182]},
			"faces": {
				"north": {"uv": [6, 2.2, 3, 4.4], "rotation": 180, "texture": "#1"},
				"east": {"uv": [4.4, 4.4, 6.6, 6.6], "rotation": 270, "texture": "#1"},
				"south": {"uv": [6, 2.2, 3, 0], "texture": "#1"},
				"west": {"uv": [6, 0, 8.2, 2.2], "rotation": 90, "texture": "#1"},
				"up": {"uv": [0, 0, 3, 2.2], "rotation": 180, "texture": "#1"},
				"down": {"uv": [0, 2.2, 3, 4.4], "texture": "#1"}
			}
		},
		{
			"name": "crystal",
			"from": [17, 25.13962, -15.98792],
			"to": [17, 29.63962, -10.48792],
			"rotation": {"angle": -22.5, "axis": "x", "origin": [17, 19.06069, -5.30969]},
			"faces": {
				"north": {"uv": [5, 3.5, 3.75, 5.625], "rotation": 180, "texture": "#1_2"},
				"east": {"uv": [3.75, 5.625, 5, 3.5], "rotation": 270, "texture": "#1_2"},
				"south": {"uv": [5, 3.5, 3.75, 5.625], "texture": "#1_2"},
				"west": {"uv": [5, 5.625, 3.75, 3.5], "rotation": 90, "texture": "#1_2"},
				"up": {"uv": [3.75, 5.625, 5, 3.5], "rotation": 180, "texture": "#1_2"},
				"down": {"uv": [3.75, 5.625, 5, 3.5], "texture": "#1_2"}
			}
		},
		{
			"name": "bone",
			"from": [16, 29.05293, -4.12982],
			"to": [18, 31.05293, -2.12982],
			"rotation": {"angle": -45, "axis": "x", "origin": [17, 19.06069, -5.30969]},
			"faces": {
				"north": {"uv": [16, 0, 0, 16], "texture": "#2"},
				"east": {"uv": [0, 16, 16, 0], "rotation": 90, "texture": "#1_1"},
				"south": {"uv": [16, 0, 0, 16], "texture": "#2"},
				"west": {"uv": [0, 16, 16, 0], "rotation": 90, "texture": "#1_1"},
				"up": {"uv": [0, 16, 16, 0], "rotation": 180, "texture": "#1_1"},
				"down": {"uv": [0, 16, 16, 0], "rotation": 180, "texture": "#1_1"}
			}
		},
		{
			"name": "bone",
			"from": [17, 27.27122, -12.83388],
			"to": [17, 31.02122, -8.83388],
			"rotation": {"angle": 0, "axis": "y", "origin": [17, 19.06069, -5.30969]},
			"faces": {
				"north": {"uv": [16, 0, 0, 16], "rotation": 180, "texture": "#0"},
				"east": {"uv": [0, 16, 16, 0], "texture": "#0"},
				"south": {"uv": [16, 0, 0, 16], "texture": "#0"},
				"west": {"uv": [0, 16, 16, 0], "rotation": 90, "texture": "#0"},
				"up": {"uv": [0, 16, 16, 0], "texture": "#0"},
				"down": {"uv": [0, 16, 16, 0], "rotation": 180, "texture": "#0"}
			}
		},
		{
			"name": "bone",
			"from": [16, 20.75009, -15.92922],
			"to": [18, 22.75009, -13.92922],
			"rotation": {"angle": 22.5, "axis": "x", "origin": [17, 19.06069, -5.30969]},
			"faces": {
				"north": {"uv": [16, 0, 0, 16], "rotation": 180, "texture": "#1_1"},
				"east": {"uv": [16, 0, 0, 16], "texture": "#1_1"},
				"south": {"uv": [16, 0, 0, 16], "texture": "#1_1"},
				"west": {"uv": [16, 0, 0, 16], "rotation": 180, "texture": "#1_1"},
				"up": {"uv": [0, 16, 16, 0], "rotation": 180, "texture": "#2"},
				"down": {"uv": [0, 16, 16, 0], "texture": "#2"}
			}
		},
		{
			"name": "bone",
			"from": [17, 26.66086, -11.50293],
			"to": [17, 30.41086, -7.50293],
			"rotation": {"angle": -22.5, "axis": "x", "origin": [17, 19.06069, -5.30969]},
			"faces": {
				"north": {"uv": [16, 0, 0, 16], "rotation": 180, "texture": "#0"},
				"east": {"uv": [0, 16, 16, 0], "texture": "#0"},
				"south": {"uv": [16, 0, 0, 16], "texture": "#0"},
				"west": {"uv": [0, 16, 16, 0], "rotation": 90, "texture": "#0"},
				"up": {"uv": [0, 16, 16, 0], "texture": "#0"},
				"down": {"uv": [0, 16, 16, 0], "rotation": 180, "texture": "#0"}
			}
		},
		{
			"name": "bone",
			"from": [16, 29.95582, -5.36882],
			"to": [18, 31.95582, -3.36882],
			"rotation": {"angle": -22.5, "axis": "x", "origin": [17, 19.06069, -5.30969]},
			"faces": {
				"north": {"uv": [16, 0, 0, 16], "texture": "#2"},
				"east": {"uv": [0, 16, 16, 0], "rotation": 90, "texture": "#1_1"},
				"south": {"uv": [16, 0, 0, 16], "texture": "#2"},
				"west": {"uv": [0, 16, 16, 0], "rotation": 90, "texture": "#1_1"},
				"up": {"uv": [0, 16, 16, 0], "rotation": 180, "texture": "#1_1"},
				"down": {"uv": [0, 16, 16, 0], "rotation": 180, "texture": "#1_1"}
			}
		},
		{
			"name": "bone",
			"from": [17, 27.03356, -14.34842],
			"to": [17, 30.78356, -10.34842],
			"rotation": {"angle": 22.5, "axis": "x", "origin": [17, 19.06069, -5.30969]},
			"faces": {
				"north": {"uv": [16, 0, 0, 16], "rotation": 180, "texture": "#0"},
				"east": {"uv": [0, 16, 16, 0], "texture": "#0"},
				"south": {"uv": [16, 0, 0, 16], "texture": "#0"},
				"west": {"uv": [0, 16, 16, 0], "rotation": 90, "texture": "#0"},
				"up": {"uv": [0, 16, 16, 0], "texture": "#0"},
				"down": {"uv": [0, 16, 16, 0], "rotation": 180, "texture": "#0"}
			}
		},
		{
			"name": "bone",
			"from": [16, 29.00009, -11.47472],
			"to": [18, 31.00009, -9.47472],
			"rotation": {"angle": 22.5, "axis": "x", "origin": [17, 19.06069, -5.30969]},
			"faces": {
				"north": {"uv": [16, 0, 0, 16], "texture": "#2"},
				"east": {"uv": [0, 16, 16, 0], "rotation": 90, "texture": "#1_1"},
				"south": {"uv": [16, 0, 0, 16], "texture": "#2"},
				"west": {"uv": [0, 16, 16, 0], "rotation": 90, "texture": "#1_1"},
				"up": {"uv": [0, 16, 16, 0], "rotation": 180, "texture": "#1_1"},
				"down": {"uv": [0, 16, 16, 0], "rotation": 180, "texture": "#1_1"}
			}
		},
		{
			"name": "bone",
			"from": [17, 27.74113, -2.33015],
			"to": [17, 31.74113, 1.41985],
			"rotation": {"angle": -22.5, "axis": "x", "origin": [17, 19.06069, -5.30969]},
			"faces": {
				"north": {"uv": [16, 0, 0, 16], "rotation": 180, "texture": "#0"},
				"east": {"uv": [16, 0, 0, 16], "rotation": 90, "texture": "#0"},
				"south": {"uv": [16, 0, 0, 16], "rotation": 180, "texture": "#0"},
				"west": {"uv": [16, 0, 0, 16], "texture": "#0"},
				"up": {"uv": [0, 16, 16, 0], "rotation": 180, "texture": "#0"},
				"down": {"uv": [0, 16, 16, 0], "rotation": 180, "texture": "#0"}
			}
		},
		{
			"name": "bone",
			"from": [16, 28.60707, -4.4993],
			"to": [18, 30.60707, -2.4993],
			"rotation": {"angle": 0, "axis": "y", "origin": [17, 19.06069, -5.30969]},
			"faces": {
				"north": {"uv": [16, 0, 0, 16], "rotation": 180, "texture": "#1_1"},
				"east": {"uv": [16, 0, 0, 16], "rotation": 180, "texture": "#1_1"},
				"south": {"uv": [16, 0, 0, 16], "texture": "#1_1"},
				"west": {"uv": [16, 0, 0, 16], "texture": "#1_1"},
				"up": {"uv": [0, 16, 16, 0], "texture": "#2"},
				"down": {"uv": [0, 16, 16, 0], "rotation": 180, "texture": "#2"}
			}
		},
		{
			"name": "bone",
			"from": [17, 22.59152, 0.72077],
			"to": [17, 26.34152, 4.72077],
			"rotation": {"angle": -45, "axis": "x", "origin": [17, 19.06069, -5.30969]},
			"faces": {
				"north": {"uv": [16, 0, 0, 16], "rotation": 180, "texture": "#0"},
				"east": {"uv": [0, 16, 16, 0], "rotation": 180, "texture": "#0"},
				"south": {"uv": [16, 0, 0, 16], "texture": "#0"},
				"west": {"uv": [0, 16, 16, 0], "rotation": 270, "texture": "#0"},
				"up": {"uv": [0, 16, 16, 0], "rotation": 180, "texture": "#0"},
				"down": {"uv": [0, 16, 16, 0], "texture": "#0"}
			}
		},
		{
			"name": "bone",
			"from": [16, 18.54558, -7.47472],
			"to": [18, 20.54558, -5.47472],
			"rotation": {"angle": 22.5, "axis": "x", "origin": [17, 19.06069, -5.30969]},
			"faces": {
				"north": {"uv": [16, 0, 0, 16], "rotation": 180, "texture": "#1_1"},
				"east": {"uv": [16, 0, 0, 16], "rotation": 180, "texture": "#1_1"},
				"south": {"uv": [16, 0, 0, 16], "texture": "#1_1"},
				"west": {"uv": [16, 0, 0, 16], "texture": "#1_1"},
				"up": {"uv": [0, 16, 16, 0], "texture": "#2"},
				"down": {"uv": [0, 16, 16, 0], "rotation": 180, "texture": "#2"}
			}
		},
		{
			"name": "bone",
			"from": [17, 17.58091, -8.49772],
			"to": [17, 21.33091, -4.49772],
			"rotation": {"angle": -22.5, "axis": "x", "origin": [17, 19.06069, -5.30969]},
			"faces": {
				"north": {"uv": [16, 0, 0, 16], "rotation": 180, "texture": "#0"},
				"east": {"uv": [0, 16, 16, 0], "rotation": 180, "texture": "#0"},
				"south": {"uv": [16, 0, 0, 16], "texture": "#0"},
				"west": {"uv": [0, 16, 16, 0], "rotation": 270, "texture": "#0"},
				"up": {"uv": [0, 16, 16, 0], "rotation": 180, "texture": "#0"},
				"down": {"uv": [0, 16, 16, 0], "texture": "#0"}
			}
		},
		{
			"name": "bone",
			"from": [16, 22.04558, -7.47472],
			"to": [18, 24.04558, -5.47472],
			"rotation": {"angle": 22.5, "axis": "x", "origin": [17, 19.06069, -5.30969]},
			"faces": {
				"north": {"uv": [16, 0, 0, 16], "rotation": 180, "texture": "#1_1"},
				"east": {"uv": [16, 0, 0, 16], "rotation": 180, "texture": "#1_1"},
				"south": {"uv": [16, 0, 0, 16], "texture": "#1_1"},
				"west": {"uv": [16, 0, 0, 16], "texture": "#1_1"},
				"up": {"uv": [0, 16, 16, 0], "texture": "#2"},
				"down": {"uv": [0, 16, 16, 0], "rotation": 180, "texture": "#2"}
			}
		},
		{
			"name": "bone",
			"from": [17, 20.05578, -6.02285],
			"to": [17, 23.80578, -2.02285],
			"rotation": {"angle": -22.5, "axis": "x", "origin": [17, 19.06069, -5.30969]},
			"faces": {
				"north": {"uv": [16, 0, 0, 16], "rotation": 180, "texture": "#0"},
				"east": {"uv": [0, 16, 16, 0], "rotation": 180, "texture": "#0"},
				"south": {"uv": [16, 0, 0, 16], "texture": "#0"},
				"west": {"uv": [0, 16, 16, 0], "rotation": 270, "texture": "#0"},
				"up": {"uv": [0, 16, 16, 0], "rotation": 180, "texture": "#0"},
				"down": {"uv": [0, 16, 16, 0], "texture": "#0"}
			}
		},
		{
			"name": "bone",
			"from": [16, 25.29558, -7.47472],
			"to": [18, 27.29558, -5.47472],
			"rotation": {"angle": 22.5, "axis": "x", "origin": [17, 19.06069, -5.30969]},
			"faces": {
				"north": {"uv": [16, 0, 0, 16], "rotation": 180, "texture": "#1_1"},
				"east": {"uv": [16, 0, 0, 16], "rotation": 180, "texture": "#1_1"},
				"south": {"uv": [16, 0, 0, 16], "texture": "#1_1"},
				"west": {"uv": [16, 0, 0, 16], "texture": "#1_1"},
				"up": {"uv": [0, 16, 16, 0], "texture": "#2"},
				"down": {"uv": [0, 16, 16, 0], "rotation": 180, "texture": "#2"}
			}
		},
		{
			"name": "bone",
			"from": [17, 22.35388, -3.72475],
			"to": [17, 26.10388, 0.27525],
			"rotation": {"angle": -22.5, "axis": "x", "origin": [17, 19.06069, -5.30969]},
			"faces": {
				"north": {"uv": [16, 0, 0, 16], "rotation": 180, "texture": "#0"},
				"east": {"uv": [0, 16, 16, 0], "rotation": 180, "texture": "#0"},
				"south": {"uv": [16, 0, 0, 16], "texture": "#0"},
				"west": {"uv": [0, 16, 16, 0], "rotation": 270, "texture": "#0"},
				"up": {"uv": [0, 16, 16, 0], "rotation": 180, "texture": "#0"},
				"down": {"uv": [0, 16, 16, 0], "texture": "#0"}
			}
		},
		{
			"name": "bone",
			"from": [16, 16.88951, -8.93468],
			"to": [18, 18.88951, -6.93468],
			"rotation": {"angle": -22.5, "axis": "x", "origin": [17, 19.06069, -5.30969]},
			"faces": {
				"north": {"uv": [16, 0, 0, 16], "rotation": 180, "texture": "#1_1"},
				"east": {"uv": [16, 0, 0, 16], "rotation": 180, "texture": "#1_1"},
				"south": {"uv": [16, 0, 0, 16], "texture": "#1_1"},
				"west": {"uv": [16, 0, 0, 16], "texture": "#1_1"},
				"up": {"uv": [0, 16, 16, 0], "texture": "#2"},
				"down": {"uv": [0, 16, 16, 0], "rotation": 180, "texture": "#2"}
			}
		},
		{
			"name": "bone",
			"from": [17, 13.66928, -7.44125],
			"to": [17, 17.66928, -3.69125],
			"rotation": {"angle": 22.5, "axis": "x", "origin": [17, 19.06069, -5.30969]},
			"faces": {
				"north": {"uv": [16, 0, 0, 16], "rotation": 180, "texture": "#0"},
				"east": {"uv": [16, 0, 0, 16], "rotation": 90, "texture": "#0"},
				"south": {"uv": [16, 0, 0, 16], "rotation": 180, "texture": "#0"},
				"west": {"uv": [16, 0, 0, 16], "texture": "#0"},
				"up": {"uv": [0, 16, 16, 0], "rotation": 180, "texture": "#0"},
				"down": {"uv": [0, 16, 16, 0], "rotation": 180, "texture": "#0"}
			}
		},
		{
			"name": "bone",
			"from": [16, 14.70825, -10.18022],
			"to": [18, 16.70825, -8.18022],
			"rotation": {"angle": -45, "axis": "x", "origin": [17, 19.06069, -5.30969]},
			"faces": {
				"north": {"uv": [16, 0, 0, 16], "rotation": 180, "texture": "#1_1"},
				"east": {"uv": [16, 0, 0, 16], "rotation": 180, "texture": "#1_1"},
				"south": {"uv": [16, 0, 0, 16], "texture": "#1_1"},
				"west": {"uv": [16, 0, 0, 16], "texture": "#1_1"},
				"up": {"uv": [0, 16, 16, 0], "texture": "#2"},
				"down": {"uv": [0, 16, 16, 0], "rotation": 180, "texture": "#2"}
			}
		},
		{
			"name": "bone",
			"from": [17, 11.24617, -6.77959],
			"to": [17, 15.24617, -3.02959],
			"rotation": {"angle": 0, "axis": "y", "origin": [17, 19.06069, -5.30969]},
			"faces": {
				"north": {"uv": [16, 0, 0, 16], "rotation": 180, "texture": "#0"},
				"east": {"uv": [16, 0, 0, 16], "rotation": 90, "texture": "#0"},
				"south": {"uv": [16, 0, 0, 16], "rotation": 180, "texture": "#0"},
				"west": {"uv": [16, 0, 0, 16], "texture": "#0"},
				"up": {"uv": [0, 16, 16, 0], "rotation": 180, "texture": "#0"},
				"down": {"uv": [0, 16, 16, 0], "rotation": 180, "texture": "#0"}
			}
		},
		{
			"name": "bone",
			"from": [16, 11.42893, -4.04142],
			"to": [18, 13.42893, -2.04142],
			"rotation": {"angle": 0, "axis": "y", "origin": [17, 19.06069, -5.30969]},
			"faces": {
				"north": {"uv": [16, 0, 0, 16], "texture": "#2"},
				"east": {"uv": [0, 16, 16, 0], "rotation": 90, "texture": "#1_1"},
				"south": {"uv": [16, 0, 0, 16], "texture": "#2"},
				"west": {"uv": [0, 16, 16, 0], "rotation": 90, "texture": "#1_1"},
				"up": {"uv": [0, 16, 16, 0], "rotation": 180, "texture": "#1_1"},
				"down": {"uv": [0, 16, 16, 0], "rotation": 180, "texture": "#1_1"}
			}
		},
		{
			"name": "bone",
			"from": [17, 10.06031, -9.4987],
			"to": [17, 14.06031, -5.7487],
			"rotation": {"angle": -45, "axis": "x", "origin": [17, 19.06069, -5.30969]},
			"faces": {
				"north": {"uv": [16, 0, 0, 16], "rotation": 180, "texture": "#0"},
				"east": {"uv": [16, 0, 0, 16], "rotation": 90, "texture": "#0"},
				"south": {"uv": [16, 0, 0, 16], "rotation": 180, "texture": "#0"},
				"west": {"uv": [16, 0, 0, 16], "texture": "#0"},
				"up": {"uv": [0, 16, 16, 0], "rotation": 180, "texture": "#0"},
				"down": {"uv": [0, 16, 16, 0], "rotation": 180, "texture": "#0"}
			}
		},
		{
			"name": "bone",
			"from": [16, 13.59053, 1.00729],
			"to": [18, 15.59053, 3.00729],
			"rotation": {"angle": 22.5, "axis": "x", "origin": [17, 19.06069, -5.30969]},
			"faces": {
				"north": {"uv": [16, 0, 0, 16], "texture": "#2"},
				"east": {"uv": [0, 16, 16, 0], "rotation": 90, "texture": "#1_1"},
				"south": {"uv": [16, 0, 0, 16], "texture": "#2"},
				"west": {"uv": [0, 16, 16, 0], "rotation": 90, "texture": "#1_1"},
				"up": {"uv": [0, 16, 16, 0], "rotation": 180, "texture": "#1_1"},
				"down": {"uv": [0, 16, 16, 0], "rotation": 180, "texture": "#1_1"}
			}
		},
		{
			"name": "bone",
			"from": [17, 8.01881, -4.40024],
			"to": [17, 12.01881, -0.65024],
			"rotation": {"angle": -22.5, "axis": "x", "origin": [17, 19.06069, -5.30969]},
			"faces": {
				"north": {"uv": [16, 0, 0, 16], "rotation": 180, "texture": "#0"},
				"east": {"uv": [16, 0, 0, 16], "rotation": 90, "texture": "#0"},
				"south": {"uv": [16, 0, 0, 16], "rotation": 180, "texture": "#0"},
				"west": {"uv": [16, 0, 0, 16], "texture": "#0"},
				"up": {"uv": [0, 16, 16, 0], "rotation": 180, "texture": "#0"},
				"down": {"uv": [0, 16, 16, 0], "rotation": 180, "texture": "#0"}
			}
		},
		{
			"name": "bone",
			"from": [16, 17.45953, 5.47124],
			"to": [18, 19.45953, 7.47124],
			"rotation": {"angle": 45, "axis": "x", "origin": [17, 19.06069, -5.30969]},
			"faces": {
				"north": {"uv": [16, 0, 0, 16], "texture": "#2"},
				"east": {"uv": [0, 16, 16, 0], "rotation": 90, "texture": "#1_1"},
				"south": {"uv": [16, 0, 0, 16], "texture": "#2"},
				"west": {"uv": [0, 16, 16, 0], "rotation": 90, "texture": "#1_1"},
				"up": {"uv": [0, 16, 16, 0], "rotation": 180, "texture": "#1_1"},
				"down": {"uv": [0, 16, 16, 0], "rotation": 180, "texture": "#1_1"}
			}
		},
		{
			"name": "bone",
			"from": [17, 7.59812, 1.49205],
			"to": [17, 11.59812, 5.24205],
			"rotation": {"angle": 0, "axis": "y", "origin": [17, 19.06069, -5.30969]},
			"faces": {
				"north": {"uv": [16, 0, 0, 16], "rotation": 180, "texture": "#0"},
				"east": {"uv": [16, 0, 0, 16], "rotation": 90, "texture": "#0"},
				"south": {"uv": [16, 0, 0, 16], "rotation": 180, "texture": "#0"},
				"west": {"uv": [16, 0, 0, 16], "texture": "#0"},
				"up": {"uv": [0, 16, 16, 0], "rotation": 180, "texture": "#0"},
				"down": {"uv": [0, 16, 16, 0], "rotation": 180, "texture": "#0"}
			}
		},
		{
			"name": "bone",
			"from": [16, 3.91991, -1.26736],
			"to": [18, 5.91991, 0.73264],
			"rotation": {"angle": -22.5, "axis": "x", "origin": [17, 19.06069, -5.30969]},
			"faces": {
				"north": {"uv": [16, 0, 0, 16], "rotation": 180, "texture": "#1_1"},
				"east": {"uv": [16, 0, 0, 16], "rotation": 180, "texture": "#1_1"},
				"south": {"uv": [16, 0, 0, 16], "texture": "#1_1"},
				"west": {"uv": [16, 0, 0, 16], "texture": "#1_1"},
				"up": {"uv": [0, 16, 16, 0], "texture": "#2"},
				"down": {"uv": [0, 16, 16, 0], "rotation": 180, "texture": "#2"}
			}
		},
		{
			"name": "bone",
			"from": [17, 9.92001, 7.15127],
			"to": [17, 13.92001, 10.90127],
			"rotation": {"angle": 22.5, "axis": "x", "origin": [17, 19.06069, -5.30969]},
			"faces": {
				"north": {"uv": [16, 0, 0, 16], "rotation": 180, "texture": "#0"},
				"east": {"uv": [16, 0, 0, 16], "rotation": 90, "texture": "#0"},
				"south": {"uv": [16, 0, 0, 16], "rotation": 180, "texture": "#0"},
				"west": {"uv": [16, 0, 0, 16], "texture": "#0"},
				"up": {"uv": [0, 16, 16, 0], "rotation": 180, "texture": "#0"},
				"down": {"uv": [0, 16, 16, 0], "rotation": 180, "texture": "#0"}
			}
		}
	],
	"display": {
		"thirdperson_righthand": {
			"rotation": [39, 90, 0],
			"translation": [5.25, 11.1, -0.95]
		},
		"thirdperson_lefthand": {
			"rotation": [39, 90, 0],
			"translation": [5.25, 11.1, -0.95],
			"scale": [-1, 1, 1]
		},
		"firstperson_righthand": {
			"rotation": [0, -90, -25],
			"translation": [0, 3.85, -7.7],
			"scale": [-1, 1, 1]
		},
		"firstperson_lefthand": {
			"rotation": [0, -90, -25],
			"translation": [0, 3.85, -7.7]
		},
		"ground": {
			"translation": [0, 3, 0]
		},
		"gui": {
			"translation": [1.5, 0, 0]
		},
		"head": {
			"translation": [0, -15.75, -60.25],
			"scale": [4, 4, 4]
		},
		"fixed": {
			"rotation": [0, 180, 0],
			"translation": [0, 0, -6.25]
		}
	},
	"groups": [
		{
			"name": "root",
			"origin": [8, 8, 8],
			"color": 0,
			"children": [
				{
					"name": "head",
					"origin": [8, 8, 8],
					"color": 0,
					"children": [
						{
							"name": "skull",
							"origin": [8, 8, 8],
							"color": 0,
							"children": [
								0,
								1,
								2,
								{
									"name": "group",
									"origin": [-4.8, 24, -6.4],
									"color": 0,
									"children": []
								},
								{
									"name": "cheekflaps",
									"origin": [0, 0, 0],
									"color": 0,
									"children": []
								},
								3,
								4,
								5,
								6
							]
						}
					]
				},
				{
					"name": "arms",
					"origin": [8, 8, 8],
					"color": 0,
					"children": [
						{
							"name": "left",
							"origin": [8, 8, 8],
							"color": 0,
							"children": [7, 8]
						},
						{
							"name": "right",
							"origin": [8, 8, 8],
							"color": 0,
							"children": [
								9,
								10,
								{
									"name": "axe",
									"origin": [8, 8, 8],
									"color": 0,
									"children": [
										{
											"name": "plate",
											"origin": [23.5, 8.5, 5.5],
											"color": 0,
											"children": []
										}
									]
								}
							]
						}
					]
				},
				{
					"name": "legs",
					"origin": [8, 8, 8],
					"color": 0,
					"children": [
						{
							"name": "left",
							"origin": [8, 8, 8],
							"color": 0,
							"children": [
								11,
								{
									"name": "right",
									"origin": [8, 8, 8],
									"color": 0,
									"children": [12]
								}
							]
						},
						{
							"name": "right",
							"origin": [8, 8, 8],
							"color": 0,
							"children": [
								13,
								{
									"name": "left",
									"origin": [8, 8, 8],
									"color": 0,
									"children": [14]
								}
							]
						}
					]
				},
				15,
				16
			]
		},
		{
			"name": "whipslash",
			"origin": [8, 8, 8],
			"color": 0,
			"children": [
				17,
				{
					"name": "bone2",
					"origin": [8, 8, 8],
					"color": 0,
					"children": [18, 19]
				},
				{
					"name": "bone1",
					"origin": [8, 8, 8],
					"color": 0,
					"children": [20, 21]
				},
				{
					"name": "bone1",
					"origin": [8, 8, 8],
					"color": 0,
					"children": [22, 23]
				},
				{
					"name": "bone1",
					"origin": [8, 8, 8],
					"color": 0,
					"children": [24, 25]
				},
				{
					"name": "bone1",
					"origin": [8, 8, 8],
					"color": 0,
					"children": [26, 27]
				},
				{
					"name": "bone1",
					"origin": [8, 8, 8],
					"color": 0,
					"children": [28, 29]
				},
				{
					"name": "bone1",
					"origin": [8, 8, 8],
					"color": 0,
					"children": [30, 31]
				},
				{
					"name": "bone1",
					"origin": [8, 8, 8],
					"color": 0,
					"children": [32, 33]
				},
				{
					"name": "bone1",
					"origin": [8, 8, 8],
					"color": 0,
					"children": [34, 35]
				},
				{
					"name": "bone1",
					"origin": [8, 8, 8],
					"color": 0,
					"children": [36, 37]
				},
				{
					"name": "bone1",
					"origin": [8, 8, 8],
					"color": 0,
					"children": [38, 39]
				},
				{
					"name": "bone1",
					"origin": [8, 8, 8],
					"color": 0,
					"children": [40, 41]
				},
				{
					"name": "bone1",
					"origin": [8, 8, 8],
					"color": 0,
					"children": [42, 43]
				},
				{
					"name": "bone1",
					"origin": [8, 8, 8],
					"color": 0,
					"children": [44, 45]
				}
			]
		}
	]
}