{
	"credit": "Made with Blockbench",
	"texture_size": [64, 64],
	"textures": {
		"1": "krmc:krmc_mobs/skull_crawler",
		"3": "krmc:krmc_mobs/animations/skull_crawler"
	},
	"elements": [
		{
			"from": [4, 5, -1.75],
			"to": [12, 12, 6],
			"rotation": {"angle": 0, "axis": "y", "origin": [0, 0, -4]},
			"faces": {
				"north": {"uv": [2, 0, 4, 1.75], "texture": "#1"},
				"east": {"uv": [2, 1.75, 4, 3.5], "texture": "#1"},
				"south": {"uv": [2, 3.5, 4, 5.25], "texture": "#1"},
				"west": {"uv": [0, 4, 2, 5.75], "texture": "#1"},
				"up": {"uv": [2, 2, 0, 0], "texture": "#1"},
				"down": {"uv": [2, 2, 0, 4], "texture": "#1"}
			}
		},
		{
			"from": [4.5, 5.5, 4],
			"to": [11.5, 11.5, 10],
			"rotation": {"angle": 22.5, "axis": "x", "origin": [8, 8.5, 5]},
			"faces": {
				"north": {"uv": [4, 0, 5.75, 1.5], "texture": "#1"},
				"east": {"uv": [2, 5.25, 3.5, 6.75], "texture": "#1"},
				"south": {"uv": [4, 1.5, 5.75, 3], "texture": "#1"},
				"west": {"uv": [0, 5.75, 1.5, 7.25], "texture": "#1"},
				"up": {"uv": [5.75, 4.5, 4, 3], "texture": "#1"},
				"down": {"uv": [5.75, 4.5, 4, 6], "texture": "#1"}
			}
		},
		{
			"from": [5, 2.1327, 7.30867],
			"to": [11, 7.6327, 13.30867],
			"rotation": {"angle": 45, "axis": "x", "origin": [8, 5.5, 11]},
			"faces": {
				"north": {"uv": [5.75, 3, 7.25, 4.375], "texture": "#1"},
				"east": {"uv": [5.75, 4.5, 7.25, 5.875], "texture": "#1"},
				"south": {"uv": [3.5, 6, 5, 7.375], "texture": "#1"},
				"west": {"uv": [5, 6, 6.5, 7.375], "texture": "#1"},
				"up": {"uv": [7.25, 1.5, 5.75, 0], "texture": "#1"},
				"down": {"uv": [7.25, 1.5, 5.75, 3], "texture": "#1"}
			}
		},
		{
			"from": [6, -1, 10.94471],
			"to": [10, 3.5, 14.94471],
			"rotation": {"angle": 22.5, "axis": "x", "origin": [8, 2.25, 16.94471]},
			"faces": {
				"north": {"uv": [8.75, 7.25, 9.75, 8.375], "texture": "#1"},
				"east": {"uv": [8.75, 8.5, 9.75, 9.625], "texture": "#1"},
				"south": {"uv": [0, 9.25, 1, 10.375], "texture": "#1"},
				"west": {"uv": [9.25, 0, 10.25, 1.125], "texture": "#1"},
				"up": {"uv": [7, 10.25, 6, 9.25], "texture": "#1"},
				"down": {"uv": [8, 9.25, 7, 10.25], "texture": "#1"}
			}
		},
		{
			"from": [6.3, 0.00685, 13.86651],
			"to": [9.7, 3.60685, 18.86651],
			"rotation": {"angle": 0, "axis": "y", "origin": [8, 2.85685, 12.86651]},
			"faces": {
				"north": {"uv": [10.25, 5, 11.125, 5.875], "texture": "#1"},
				"east": {"uv": [1, 9.25, 2.25, 10.125], "texture": "#1"},
				"south": {"uv": [6, 10.25, 6.875, 11.125], "texture": "#1"},
				"west": {"uv": [9.25, 1.25, 10.5, 2.125], "texture": "#1"},
				"up": {"uv": [10.125, 3.5, 9.25, 2.25], "texture": "#1"},
				"down": {"uv": [5.875, 9.25, 5, 10.5], "texture": "#1"}
			}
		},
		{
			"from": [6.8, 0.00685, 18.86651],
			"to": [9.2, 3.10685, 23.86651],
			"rotation": {"angle": 0, "axis": "x", "origin": [8, 2.85685, 12.86651]},
			"faces": {
				"north": {"uv": [11.25, 3.5, 11.875, 4.25], "texture": "#1"},
				"east": {"uv": [9.25, 3.5, 10.5, 4.25], "texture": "#1"},
				"south": {"uv": [4.25, 11.25, 4.875, 12], "texture": "#1"},
				"west": {"uv": [8.75, 9.75, 10, 10.5], "texture": "#1"},
				"up": {"uv": [8.625, 11.25, 8, 10], "texture": "#1"},
				"down": {"uv": [4.125, 10.25, 3.5, 11.5], "texture": "#1"}
			}
		},
		{
			"from": [7, 0.00685, 23.86651],
			"to": [9, 2.40685, 31.86651],
			"rotation": {"angle": 0, "axis": "y", "origin": [8, 2.85685, 12.86651]},
			"faces": {
				"north": {"uv": [9.25, 5, 9.75, 5.625], "texture": "#1"},
				"east": {"uv": [7.75, 6.5, 9.75, 7.125], "texture": "#1"},
				"south": {"uv": [11.75, 1.5, 12.25, 2.125], "texture": "#1"},
				"west": {"uv": [8, 4.25, 10, 4.875], "texture": "#1"},
				"up": {"uv": [2.75, 11.25, 2.25, 9.25], "texture": "#1"},
				"down": {"uv": [10.25, 5, 9.75, 7], "texture": "#1"}
			}
		},
		{
			"from": [7.5, 11.6, -0.5],
			"to": [8.5, 13.5, 0.75],
			"rotation": {"angle": 22.5, "axis": "x", "origin": [8, 13, 0]},
			"faces": {
				"north": {"uv": [8.5, 7.25, 8.75, 7.75], "texture": "#1"},
				"east": {"uv": [7.75, 12, 8.125, 12.5], "texture": "#1"},
				"south": {"uv": [10.25, 0.75, 10.5, 1.25], "texture": "#1"},
				"west": {"uv": [9.5, 12, 9.875, 12.5], "texture": "#1"},
				"up": {"uv": [8.25, 12.875, 8, 12.5], "texture": "#1"},
				"down": {"uv": [12.75, 8, 12.5, 8.375], "texture": "#1"}
			}
		},
		{
			"from": [7.5, 11.5, 1],
			"to": [8.5, 13.25, 2.5],
			"rotation": {"angle": 22.5, "axis": "x", "origin": [8, 12.5, 1.75]},
			"faces": {
				"north": {"uv": [10.25, 3, 10.5, 3.5], "texture": "#1"},
				"east": {"uv": [12, 9.5, 12.375, 10], "texture": "#1"},
				"south": {"uv": [5.75, 10.5, 6, 11], "texture": "#1"},
				"west": {"uv": [12, 10, 12.375, 10.5], "texture": "#1"},
				"up": {"uv": [8.5, 12.875, 8.25, 12.5], "texture": "#1"},
				"down": {"uv": [8.75, 12.5, 8.5, 12.875], "texture": "#1"}
			}
		},
		{
			"from": [7.5, 11.25, 2.75],
			"to": [8.5, 13.25, 4.25],
			"rotation": {"angle": 22.5, "axis": "x", "origin": [8, 12.25, 3.5]},
			"faces": {
				"north": {"uv": [4.75, 12, 5, 12.5], "texture": "#1"},
				"east": {"uv": [12, 10.5, 12.375, 11], "texture": "#1"},
				"south": {"uv": [6.25, 12, 6.5, 12.5], "texture": "#1"},
				"west": {"uv": [12, 11, 12.375, 11.5], "texture": "#1"},
				"up": {"uv": [12.75, 8.875, 12.5, 8.5], "texture": "#1"},
				"down": {"uv": [9, 12.5, 8.75, 12.875], "texture": "#1"}
			}
		},
		{
			"from": [7.5, 11, 4.5],
			"to": [8.5, 12.75, 6],
			"rotation": {"angle": 22.5, "axis": "x", "origin": [8, 12, 5.25]},
			"faces": {
				"north": {"uv": [8.25, 12, 8.5, 12.5], "texture": "#1"},
				"east": {"uv": [11.75, 12, 12.125, 12.5], "texture": "#1"},
				"south": {"uv": [10, 12, 10.25, 12.5], "texture": "#1"},
				"west": {"uv": [12.25, 0, 12.625, 0.5], "texture": "#1"},
				"up": {"uv": [9.25, 12.875, 9, 12.5], "texture": "#1"},
				"down": {"uv": [12.75, 9, 12.5, 9.375], "texture": "#1"}
			}
		},
		{
			"from": [7.5, 10.25, 6.25],
			"to": [8.5, 12.25, 7.75],
			"rotation": {"angle": 45, "axis": "x", "origin": [8, 11.25, 7]},
			"faces": {
				"north": {"uv": [2.5, 12.25, 2.75, 12.75], "texture": "#1"},
				"east": {"uv": [0.5, 12.25, 0.875, 12.75], "texture": "#1"},
				"south": {"uv": [12.25, 2.5, 12.5, 3], "texture": "#1"},
				"west": {"uv": [12.25, 0.5, 12.625, 1], "texture": "#1"},
				"up": {"uv": [9.5, 12.875, 9.25, 12.5], "texture": "#1"},
				"down": {"uv": [9.75, 12.5, 9.5, 12.875], "texture": "#1"}
			}
		},
		{
			"from": [7.5, 11, 8],
			"to": [8.5, 12, 9.5],
			"rotation": {"angle": 45, "axis": "x", "origin": [8, 11.25, 7]},
			"faces": {
				"north": {"uv": [8.5, 7.75, 8.75, 8], "texture": "#1"},
				"east": {"uv": [12.5, 9.5, 12.875, 9.75], "texture": "#1"},
				"south": {"uv": [11, 4, 11.25, 4.25], "texture": "#1"},
				"west": {"uv": [9.75, 12.5, 10.125, 12.75], "texture": "#1"},
				"up": {"uv": [12.75, 10.125, 12.5, 9.75], "texture": "#1"},
				"down": {"uv": [10.5, 12.5, 10.25, 12.875], "texture": "#1"}
			}
		},
		{
			"from": [5.5, 6, -6],
			"to": [10.5, 11, -1.75],
			"rotation": {"angle": 0, "axis": "y", "origin": [0, 0, -6]},
			"faces": {
				"north": {"uv": [6.5, 6, 7.75, 7.25], "texture": "#1"},
				"east": {"uv": [1.5, 8, 2.625, 9.25], "texture": "#1"},
				"south": {"uv": [1.5, 6.75, 2.75, 8], "texture": "#1"},
				"west": {"uv": [8, 3, 9.125, 4.25], "texture": "#1"},
				"up": {"uv": [6.75, 9.125, 5.5, 8], "texture": "#1"},
				"down": {"uv": [8, 8, 6.75, 9.125], "texture": "#1"}
			}
		},
		{
			"name": "left",
			"from": [5.499, 9, -4.45],
			"to": [5.499, 9.5, -3.45],
			"rotation": {"angle": 0, "axis": "y", "origin": [0, 0, -6]},
			"faces": {
				"north": {"uv": [12.125, 13.375, 14.625, 14.625], "texture": "#1"},
				"east": {"uv": [12.125, 13.375, 14.625, 14.625], "texture": "#1"},
				"south": {"uv": [12.125, 13.375, 14.625, 14.625], "texture": "#1"},
				"west": {"uv": [12.125, 13.375, 14.625, 14.625], "texture": "#1"},
				"up": {"uv": [12.125, 13.375, 14.625, 14.625], "texture": "#1"},
				"down": {"uv": [12.125, 13.375, 14.625, 14.625], "texture": "#1"}
			}
		},
		{
			"name": "right",
			"from": [10.501, 9, -4.45],
			"to": [10.501, 9.5, -3.45],
			"rotation": {"angle": 0, "axis": "y", "origin": [16, 0, -6]},
			"faces": {
				"north": {"uv": [14.625, 13.375, 12.125, 14.625], "texture": "#1"},
				"east": {"uv": [14.625, 13.375, 12.125, 14.625], "texture": "#1"},
				"south": {"uv": [14.625, 13.375, 12.125, 14.625], "texture": "#1"},
				"west": {"uv": [14.625, 13.375, 12.125, 14.625], "texture": "#1"},
				"up": {"uv": [14.625, 13.375, 12.125, 14.625], "texture": "#1"},
				"down": {"uv": [14.625, 13.375, 12.125, 14.625], "texture": "#1"}
			}
		},
		{
			"from": [5.45, 8, -8],
			"to": [10.55, 11.1, -5],
			"rotation": {"angle": 0, "axis": "y", "origin": [0, 0, -6]},
			"faces": {
				"north": {"uv": [9.75, 9, 11, 9.75], "texture": "#1"},
				"east": {"uv": [2.75, 10.75, 3.5, 11.5], "texture": "#1"},
				"south": {"uv": [10, 4.25, 11.25, 5], "texture": "#1"},
				"west": {"uv": [10.75, 7.5, 11.5, 8.25], "texture": "#1"},
				"up": {"uv": [11.25, 10.5, 10, 9.75], "texture": "#1"},
				"down": {"uv": [11.5, 0, 10.25, 0.75], "texture": "#1"}
			}
		},
		{
			"from": [6.05, 8, -12],
			"to": [9.95, 10.75, -8],
			"rotation": {"angle": 0, "axis": "y", "origin": [0, 0, -6]},
			"faces": {
				"north": {"uv": [10.25, 6, 11.25, 6.75], "texture": "#1"},
				"east": {"uv": [7, 10.25, 8, 11], "texture": "#1"},
				"south": {"uv": [0, 10.5, 1, 11.25], "texture": "#1"},
				"west": {"uv": [10.5, 0.75, 11.5, 1.5], "texture": "#1"},
				"up": {"uv": [10.75, 8, 9.75, 7], "texture": "#1"},
				"down": {"uv": [10.75, 8, 9.75, 9], "texture": "#1"}
			}
		},
		{
			"from": [6.75, 8, -15],
			"to": [9.25, 10.5, -12],
			"rotation": {"angle": 0, "axis": "y", "origin": [0, 0, -6]},
			"faces": {
				"north": {"uv": [3.5, 11.5, 4.125, 12.125], "texture": "#1"},
				"east": {"uv": [11.25, 4.25, 12, 4.875], "texture": "#1"},
				"south": {"uv": [5, 11.5, 5.625, 12.125], "texture": "#1"},
				"west": {"uv": [11.25, 5, 12, 5.625], "texture": "#1"},
				"up": {"uv": [6.375, 12, 5.75, 11.25], "texture": "#1"},
				"down": {"uv": [11.875, 5.75, 11.25, 6.5], "texture": "#1"}
			}
		},
		{
			"from": [6.55, 6.25, -12],
			"to": [9.45, 8, -8],
			"rotation": {"angle": -45, "axis": "x", "origin": [8, 8, -6]},
			"faces": {
				"north": {"uv": [11.5, 7.5, 12.25, 8], "texture": "#1"},
				"east": {"uv": [5.5, 7.5, 6.5, 8], "texture": "#1"},
				"south": {"uv": [11.5, 8, 12.25, 8.5], "texture": "#1"},
				"west": {"uv": [11, 10.5, 12, 11], "texture": "#1"},
				"up": {"uv": [5, 11.25, 4.25, 10.25], "texture": "#1"},
				"down": {"uv": [11.25, 3, 10.5, 4], "texture": "#1"}
			}
		},
		{
			"from": [5.75, 6.1, -8],
			"to": [10.25, 8, -5],
			"rotation": {"angle": -45, "axis": "x", "origin": [8, 8, -6]},
			"faces": {
				"north": {"uv": [10.5, 1.5, 11.625, 2.125], "texture": "#1"},
				"east": {"uv": [7.75, 11.25, 8.5, 11.875], "texture": "#1"},
				"south": {"uv": [10.75, 6.75, 11.875, 7.375], "texture": "#1"},
				"west": {"uv": [11.25, 9.75, 12, 10.375], "texture": "#1"},
				"up": {"uv": [2.125, 11, 1, 10.25], "texture": "#1"},
				"down": {"uv": [11.375, 2.25, 10.25, 3], "texture": "#1"}
			}
		},
		{
			"from": [7, 8, -10.75],
			"to": [9, 8, -6],
			"rotation": {"angle": -22.5, "axis": "x", "origin": [7.25, 8, -6]},
			"faces": {
				"north": {"uv": [14.375, 9.75, 14.875, 8.75], "texture": "#1"},
				"east": {"uv": [14.375, 9.75, 14.875, 8.75], "texture": "#1"},
				"south": {"uv": [14.375, 9.75, 14.875, 8.75], "texture": "#1"},
				"west": {"uv": [14.375, 9.75, 14.875, 8.75], "texture": "#1"},
				"up": {"uv": [14.375, 9.75, 14.875, 8.75], "texture": "#1"},
				"down": {"uv": [14.375, 8.75, 14.875, 9.75], "texture": "#1"}
			}
		},
		{
			"from": [7, 6.1945, -13.31868],
			"to": [9, 6.1945, -10.31868],
			"rotation": {"angle": 0, "axis": "x", "origin": [6.25, 6.15, -10.35]},
			"faces": {
				"north": {"uv": [14.375, 9.75, 14.875, 8.75], "texture": "#1"},
				"east": {"uv": [14.375, 9.75, 14.875, 8.75], "texture": "#1"},
				"south": {"uv": [14.375, 9.75, 14.875, 8.75], "texture": "#1"},
				"west": {"uv": [14.375, 9.75, 14.875, 8.75], "texture": "#1"},
				"up": {"uv": [14.375, 9.75, 14.875, 8.75], "texture": "#1"},
				"down": {"uv": [14.375, 8.75, 14.875, 9.75], "texture": "#1"}
			}
		},
		{
			"from": [7, 6.1945, -16],
			"to": [9, 6.1945, -13.31868],
			"rotation": {"angle": 0, "axis": "y", "origin": [8, 6.15, -13.35]},
			"faces": {
				"north": {"uv": [14.375, 9.75, 14.875, 8.75], "texture": "#1"},
				"east": {"uv": [14.375, 9.75, 14.875, 8.75], "texture": "#1"},
				"south": {"uv": [14.375, 9.75, 14.875, 8.75], "texture": "#1"},
				"west": {"uv": [14.375, 9.75, 14.875, 8.75], "texture": "#1"},
				"up": {"uv": [14.375, 9.75, 14.875, 8.75], "texture": "#1"},
				"down": {"uv": [14.375, 8.75, 14.875, 9.75], "texture": "#1"}
			}
		},
		{
			"from": [7, 6.18, -16],
			"to": [8.25, 6.18, -13.31868],
			"rotation": {"angle": -45, "axis": "y", "origin": [8, 6.15, -13.35]},
			"faces": {
				"north": {"uv": [14.375, 9.75, 14.875, 8.75], "texture": "#1"},
				"east": {"uv": [14.375, 9.75, 14.875, 8.75], "texture": "#1"},
				"south": {"uv": [14.375, 9.75, 14.875, 8.75], "texture": "#1"},
				"west": {"uv": [14.375, 9.75, 14.875, 8.75], "texture": "#1"},
				"up": {"uv": [14.375, 9.75, 14.875, 8.75], "texture": "#1"},
				"down": {"uv": [14.375, 8.75, 14.875, 9.75], "texture": "#1"}
			}
		},
		{
			"from": [5.35, 6.2, -13.6],
			"to": [8.03132, 6.2, -12.35],
			"rotation": {"angle": -22.5, "axis": "y", "origin": [8, 6.15, -13.35]},
			"faces": {
				"north": {"uv": [14.375, 9.75, 14.875, 8.75], "texture": "#1"},
				"east": {"uv": [14.375, 9.75, 14.875, 8.75], "texture": "#1"},
				"south": {"uv": [14.375, 9.75, 14.875, 8.75], "texture": "#1"},
				"west": {"uv": [14.375, 9.75, 14.875, 8.75], "texture": "#1"},
				"up": {"uv": [14.375, 9.75, 14.875, 8.75], "rotation": 270, "texture": "#1"},
				"down": {"uv": [14.375, 8.75, 14.875, 9.75], "rotation": 90, "texture": "#1"}
			}
		},
		{
			"from": [7, 6.5, -15],
			"to": [9, 8, -12],
			"rotation": {"angle": -45, "axis": "x", "origin": [8, 8, -6]},
			"faces": {
				"north": {"uv": [1, 12.25, 1.5, 12.625], "texture": "#1"},
				"east": {"uv": [2, 11.75, 2.75, 12.125], "texture": "#1"},
				"south": {"uv": [12.25, 1, 12.75, 1.375], "texture": "#1"},
				"west": {"uv": [7, 11.75, 7.75, 12.125], "texture": "#1"},
				"up": {"uv": [4, 6, 3.5, 5.25], "texture": "#1"},
				"down": {"uv": [2, 5.75, 1.5, 6.5], "texture": "#1"}
			}
		},
		{
			"name": "leg",
			"from": [14.25, 1.63479, 2.15715],
			"to": [16.75, 9.63479, 5.15715],
			"rotation": {"angle": -45, "axis": "x", "origin": [12, 10, 3]},
			"faces": {
				"north": {"uv": [4.875, 8.25, 4.25, 10.25], "texture": "#3"},
				"east": {"uv": [8, 3, 7.25, 5], "texture": "#3"},
				"south": {"uv": [3.375, 8.75, 2.75, 10.75], "texture": "#3"},
				"west": {"uv": [1.5, 7.25, 0.75, 9.25], "texture": "#3"},
				"up": {"uv": [11.5, 3, 12.125, 2.25], "texture": "#3"},
				"down": {"uv": [2.75, 11.5, 3.375, 12.25], "texture": "#3"}
			}
		},
		{
			"name": "leg",
			"from": [8.89888, 8.49636, 1.6],
			"to": [16.89888, 11.49636, 4.6],
			"rotation": {"angle": 22.5, "axis": "x", "origin": [12, 10, 3]},
			"faces": {
				"north": {"uv": [3.5, 8.25, 5.5, 7.5], "rotation": 180, "texture": "#3"},
				"east": {"uv": [11.75, 9, 11, 9.75], "rotation": 90, "texture": "#3"},
				"south": {"uv": [7.75, 5.75, 9.75, 6.5], "texture": "#3"},
				"west": {"uv": [7.75, 11, 7, 11.75], "rotation": 270, "texture": "#3"},
				"up": {"uv": [8.5, 7.25, 6.5, 8], "texture": "#3"},
				"down": {"uv": [9.25, 5, 7.25, 5.75], "rotation": 180, "texture": "#3"}
			}
		},
		{
			"name": "leg",
			"from": [14.85, 9.63479, 3.55715],
			"to": [16.25, 13.63479, 4.95715],
			"rotation": {"angle": -45, "axis": "x", "origin": [12, 10, 3]},
			"faces": {
				"north": {"uv": [10.625, 11.5, 10.25, 12.5], "texture": "#3"},
				"east": {"uv": [0.375, 11.75, 0, 12.75], "texture": "#3"},
				"south": {"uv": [11.625, 11.5, 11.25, 12.5], "texture": "#3"},
				"west": {"uv": [11.125, 11.5, 10.75, 12.5], "texture": "#3"},
				"up": {"uv": [2, 12.625, 2.375, 12.25], "texture": "#3"},
				"down": {"uv": [12.25, 2, 12.625, 2.375], "texture": "#3"}
			}
		},
		{
			"from": [14, 6, 10],
			"to": [17, 10, 12],
			"rotation": {"angle": 22.5, "axis": "x", "origin": [12, 10, 3]},
			"faces": {
				"north": {"uv": [9.5, 11.5, 10.25, 10.5], "rotation": 180, "texture": "#3"},
				"east": {"uv": [12.25, 3, 11.25, 3.5], "rotation": 90, "texture": "#3"},
				"south": {"uv": [10.25, 10.5, 11, 11.5], "texture": "#3"},
				"west": {"uv": [2.75, 11.25, 1.75, 11.75], "rotation": 270, "texture": "#3"},
				"up": {"uv": [2, 11.75, 1.25, 12.25], "texture": "#3"},
				"down": {"uv": [1.25, 11.75, 0.5, 12.25], "rotation": 180, "texture": "#3"}
			}
		},
		{
			"name": "toe",
			"from": [15, 4, 10],
			"to": [16, 6, 12],
			"rotation": {"angle": 22.5, "axis": "x", "origin": [12, 10, 3]},
			"faces": {
				"north": {"uv": [12.25, 12.5, 12.5, 12], "rotation": 180, "texture": "#3"},
				"east": {"uv": [12.5, 5.5, 12, 6], "rotation": 90, "texture": "#3"},
				"south": {"uv": [12.5, 2.5, 12.75, 3], "texture": "#3"},
				"west": {"uv": [12.5, 5, 12, 5.5], "rotation": 270, "texture": "#3"},
				"up": {"uv": [12.5, 11.5, 12.25, 12], "texture": "#3"},
				"down": {"uv": [12.5, 9, 12.25, 9.5], "rotation": 180, "texture": "#3"}
			}
		},
		{
			"name": "toe",
			"from": [15, -1.53176, 0.34631],
			"to": [16, 0.46824, 1.34631],
			"rotation": {"angle": -45, "axis": "x", "origin": [12, 10, 3]},
			"faces": {
				"north": {"uv": [12.5, 4, 12.75, 3.5], "rotation": 180, "texture": "#3"},
				"east": {"uv": [13, 3.25, 12.5, 3.5], "rotation": 90, "texture": "#3"},
				"south": {"uv": [12.5, 4, 12.75, 4.5], "texture": "#3"},
				"west": {"uv": [13, 3, 12.5, 3.25], "rotation": 270, "texture": "#3"},
				"up": {"uv": [12.75, 10.5, 12.5, 10.75], "texture": "#3"},
				"down": {"uv": [10.75, 12.5, 10.5, 12.75], "rotation": 180, "texture": "#3"}
			}
		},
		{
			"name": "toe",
			"from": [13, 5, 10.1],
			"to": [14, 7, 12],
			"rotation": {"angle": 22.5, "axis": "x", "origin": [12, 10, 3]},
			"faces": {
				"north": {"uv": [12.5, 5, 12.75, 4.5], "rotation": 180, "texture": "#3"},
				"east": {"uv": [12.5, 6, 12, 6.5], "rotation": 90, "texture": "#3"},
				"south": {"uv": [4.75, 12.5, 5, 13], "texture": "#3"},
				"west": {"uv": [6.25, 12, 5.75, 12.5], "rotation": 270, "texture": "#3"},
				"up": {"uv": [4.75, 12.5, 4.5, 13], "texture": "#3"},
				"down": {"uv": [4.5, 12.5, 4.25, 13], "rotation": 180, "texture": "#3"}
			}
		},
		{
			"name": "toe",
			"from": [13, -0.98246, 4.92105],
			"to": [14, 1.01754, 5.92105],
			"rotation": {"angle": -22.5, "axis": "x", "origin": [12, 10, 3]},
			"faces": {
				"north": {"uv": [12.5, 6, 12.75, 5.5], "rotation": 180, "texture": "#3"},
				"east": {"uv": [13, 5.25, 12.5, 5.5], "rotation": 90, "texture": "#3"},
				"south": {"uv": [5.75, 12.5, 6, 13], "texture": "#3"},
				"west": {"uv": [13, 5, 12.5, 5.25], "rotation": 270, "texture": "#3"},
				"up": {"uv": [12.75, 10.75, 12.5, 11], "texture": "#3"},
				"down": {"uv": [11, 12.5, 10.75, 12.75], "rotation": 180, "texture": "#3"}
			}
		},
		{
			"name": "toe",
			"from": [17, 5, 10.1],
			"to": [18, 7, 12],
			"rotation": {"angle": 22.5, "axis": "x", "origin": [12, 10, 3]},
			"faces": {
				"north": {"uv": [6.25, 13, 6.5, 12.5], "rotation": 180, "texture": "#3"},
				"east": {"uv": [12.5, 7, 12, 7.5], "rotation": 90, "texture": "#3"},
				"south": {"uv": [12.5, 6.5, 12.75, 7], "texture": "#3"},
				"west": {"uv": [12.5, 6.5, 12, 7], "rotation": 270, "texture": "#3"},
				"up": {"uv": [12.75, 6, 12.5, 6.5], "texture": "#3"},
				"down": {"uv": [6.25, 12.5, 6, 13], "rotation": 180, "texture": "#3"}
			}
		},
		{
			"name": "toe",
			"from": [17, -0.98246, 4.92105],
			"to": [18, 1.01754, 5.92105],
			"rotation": {"angle": -22.5, "axis": "x", "origin": [12, 10, 3]},
			"faces": {
				"north": {"uv": [12.5, 8, 12.75, 7.5], "rotation": 180, "texture": "#3"},
				"east": {"uv": [13, 7.25, 12.5, 7.5], "rotation": 90, "texture": "#3"},
				"south": {"uv": [7.75, 12.5, 8, 13], "texture": "#3"},
				"west": {"uv": [13, 7, 12.5, 7.25], "rotation": 270, "texture": "#3"},
				"up": {"uv": [12.75, 11, 12.5, 11.25], "texture": "#3"},
				"down": {"uv": [11.25, 12.5, 11, 12.75], "rotation": 180, "texture": "#3"}
			}
		},
		{
			"name": "leg",
			"from": [14.25, 0.63479, 2.15715],
			"to": [16.75, 8.63479, 5.15715],
			"rotation": {"angle": 22.5, "axis": "x", "origin": [12, 9, 3]},
			"faces": {
				"north": {"uv": [8, 8, 8.625, 10], "texture": "#3"},
				"east": {"uv": [2.75, 6.75, 3.5, 8.75], "texture": "#3"},
				"south": {"uv": [3.5, 8.25, 4.125, 10.25], "texture": "#3"},
				"west": {"uv": [0, 7.25, 0.75, 9.25], "texture": "#3"},
				"up": {"uv": [12.125, 0.75, 11.5, 0], "texture": "#3"},
				"down": {"uv": [12.125, 0.75, 11.5, 1.5], "texture": "#3"}
			}
		},
		{
			"name": "leg",
			"from": [8.89888, 7.4, 1.49636],
			"to": [16.89888, 10.4, 4.49636],
			"rotation": {"angle": 0, "axis": "x", "origin": [12, 9, 3]},
			"faces": {
				"north": {"uv": [7.25, 0, 9.25, 0.75], "texture": "#3"},
				"east": {"uv": [10.75, 8.25, 11.5, 9], "texture": "#3"},
				"south": {"uv": [7.25, 0.75, 9.25, 1.5], "texture": "#3"},
				"west": {"uv": [1, 11, 1.75, 11.75], "texture": "#3"},
				"up": {"uv": [9.25, 2.25, 7.25, 1.5], "texture": "#3"},
				"down": {"uv": [9.25, 2.25, 7.25, 3], "texture": "#3"}
			}
		},
		{
			"name": "leg",
			"from": [14.85, 8.63479, 3.55715],
			"to": [16.25, 12.63479, 4.95715],
			"rotation": {"angle": 22.5, "axis": "x", "origin": [12, 9, 3]},
			"faces": {
				"north": {"uv": [5, 8.25, 5.375, 9.25], "texture": "#3"},
				"east": {"uv": [6.5, 11.25, 6.875, 12.25], "texture": "#3"},
				"south": {"uv": [8.5, 11.5, 8.875, 12.5], "texture": "#3"},
				"west": {"uv": [9, 11.5, 9.375, 12.5], "texture": "#3"},
				"up": {"uv": [1.875, 12.625, 1.5, 12.25], "texture": "#3"},
				"down": {"uv": [12.625, 1.5, 12.25, 1.875], "texture": "#3"}
			}
		},
		{
			"from": [14, 0, -1],
			"to": [17, 2, 3],
			"rotation": {"angle": 0, "axis": "x", "origin": [12, 9, 3]},
			"faces": {
				"north": {"uv": [11.5, 8.5, 12.25, 9], "texture": "#3"},
				"east": {"uv": [11, 11, 12, 11.5], "texture": "#3"},
				"south": {"uv": [9.5, 11.5, 10.25, 12], "texture": "#3"},
				"west": {"uv": [0, 11.25, 1, 11.75], "texture": "#3"},
				"up": {"uv": [5.75, 11.5, 5, 10.5], "texture": "#3"},
				"down": {"uv": [9.5, 10.5, 8.75, 11.5], "texture": "#3"}
			}
		},
		{
			"name": "toe",
			"from": [15, 0, -3],
			"to": [16, 2, -1],
			"rotation": {"angle": 0, "axis": "x", "origin": [12, 9, 3]},
			"faces": {
				"north": {"uv": [2.75, 12.25, 3, 12.75], "texture": "#3"},
				"east": {"uv": [11.75, 9, 12.25, 9.5], "texture": "#3"},
				"south": {"uv": [3, 12.25, 3.25, 12.75], "texture": "#3"},
				"west": {"uv": [11.75, 11.5, 12.25, 12], "texture": "#3"},
				"up": {"uv": [12.5, 3.5, 12.25, 3], "texture": "#3"},
				"down": {"uv": [3.5, 12.25, 3.25, 12.75], "texture": "#3"}
			}
		},
		{
			"name": "toe",
			"from": [15, 0, -5],
			"to": [16, 1, -3],
			"rotation": {"angle": 0, "axis": "x", "origin": [12, 9, 3]},
			"faces": {
				"north": {"uv": [5.75, 11, 6, 11.25], "texture": "#3"},
				"east": {"uv": [1.5, 6.5, 2, 6.75], "texture": "#3"},
				"south": {"uv": [7.75, 11, 8, 11.25], "texture": "#3"},
				"west": {"uv": [7.25, 5.75, 7.75, 6], "texture": "#3"},
				"up": {"uv": [3.75, 12.75, 3.5, 12.25], "texture": "#3"},
				"down": {"uv": [4, 12.25, 3.75, 12.75], "texture": "#3"}
			}
		},
		{
			"name": "toe",
			"from": [13, 0, -2],
			"to": [14, 1.9, 0],
			"rotation": {"angle": 0, "axis": "x", "origin": [12, 9, 3]},
			"faces": {
				"north": {"uv": [4, 12.25, 4.25, 12.75], "texture": "#3"},
				"east": {"uv": [12, 3.5, 12.5, 4], "texture": "#3"},
				"south": {"uv": [5, 12.25, 5.25, 12.75], "texture": "#3"},
				"west": {"uv": [12, 4, 12.5, 4.5], "texture": "#3"},
				"up": {"uv": [5.5, 12.75, 5.25, 12.25], "texture": "#3"},
				"down": {"uv": [5.75, 12.25, 5.5, 12.75], "texture": "#3"}
			}
		},
		{
			"name": "toe",
			"from": [13, 0, -4],
			"to": [14, 1, -2],
			"rotation": {"angle": 0, "axis": "x", "origin": [12, 9, 3]},
			"faces": {
				"north": {"uv": [8.5, 11.25, 8.75, 11.5], "texture": "#3"},
				"east": {"uv": [10.25, 6.75, 10.75, 7], "texture": "#3"},
				"south": {"uv": [11.75, 6.5, 12, 6.75], "texture": "#3"},
				"west": {"uv": [10.5, 4, 11, 4.25], "texture": "#3"},
				"up": {"uv": [6.75, 12.75, 6.5, 12.25], "texture": "#3"},
				"down": {"uv": [7, 12.25, 6.75, 12.75], "texture": "#3"}
			}
		},
		{
			"name": "toe",
			"from": [17, 0, -2],
			"to": [18, 1.9, 0],
			"rotation": {"angle": 0, "axis": "x", "origin": [12, 9, 3]},
			"faces": {
				"north": {"uv": [7, 12.25, 7.25, 12.75], "texture": "#3"},
				"east": {"uv": [4.25, 12, 4.75, 12.5], "texture": "#3"},
				"south": {"uv": [7.25, 12.25, 7.5, 12.75], "texture": "#3"},
				"west": {"uv": [12, 4.5, 12.5, 5], "texture": "#3"},
				"up": {"uv": [7.75, 12.75, 7.5, 12.25], "texture": "#3"},
				"down": {"uv": [12.5, 7.5, 12.25, 8], "texture": "#3"}
			}
		},
		{
			"name": "toe",
			"from": [17, 0, -4],
			"to": [18, 1, -2],
			"rotation": {"angle": 0, "axis": "x", "origin": [12, 9, 3]},
			"faces": {
				"north": {"uv": [11.75, 9.5, 12, 9.75], "texture": "#3"},
				"east": {"uv": [1.75, 11, 2.25, 11.25], "texture": "#3"},
				"south": {"uv": [12.5, 10.25, 12.75, 10.5], "texture": "#3"},
				"west": {"uv": [11.25, 6.5, 11.75, 6.75], "texture": "#3"},
				"up": {"uv": [12.5, 8.5, 12.25, 8], "texture": "#3"},
				"down": {"uv": [12.5, 8.5, 12.25, 9], "texture": "#3"}
			}
		},
		{
			"name": "leg",
			"from": [-0.75, 1.63479, 2.15715],
			"to": [1.75, 9.63479, 5.15715],
			"rotation": {"angle": -45, "axis": "x", "origin": [12, 10, 3]},
			"faces": {
				"north": {"uv": [8.625, 8, 8, 10], "texture": "#3"},
				"east": {"uv": [0.75, 7.25, 0, 9.25], "texture": "#3"},
				"south": {"uv": [4.125, 8.25, 3.5, 10.25], "texture": "#3"},
				"west": {"uv": [3.5, 6.75, 2.75, 8.75], "texture": "#3"},
				"up": {"uv": [11.5, 0.75, 12.125, 0], "texture": "#3"},
				"down": {"uv": [11.5, 0.75, 12.125, 1.5], "texture": "#3"}
			}
		},
		{
			"name": "leg",
			"from": [-0.89888, 8.49636, 1.6],
			"to": [7.10112, 11.49636, 4.6],
			"rotation": {"angle": 22.5, "axis": "x", "origin": [12, 10, 3]},
			"faces": {
				"north": {"uv": [7.25, 2.25, 9.25, 1.5], "rotation": 180, "texture": "#3"},
				"east": {"uv": [1.75, 11, 1, 11.75], "rotation": 90, "texture": "#3"},
				"south": {"uv": [7.25, 2.25, 9.25, 3], "texture": "#3"},
				"west": {"uv": [11.5, 8.25, 10.75, 9], "rotation": 270, "texture": "#3"},
				"up": {"uv": [9.25, 0.75, 7.25, 1.5], "texture": "#3"},
				"down": {"uv": [9.25, 0, 7.25, 0.75], "rotation": 180, "texture": "#3"}
			}
		},
		{
			"name": "leg",
			"from": [-0.25, 9.63479, 3.55715],
			"to": [1.15, 13.63479, 4.95715],
			"rotation": {"angle": -45, "axis": "x", "origin": [12, 10, 3]},
			"faces": {
				"north": {"uv": [5.375, 8.25, 5, 9.25], "texture": "#3"},
				"east": {"uv": [9.375, 11.5, 9, 12.5], "texture": "#3"},
				"south": {"uv": [8.875, 11.5, 8.5, 12.5], "texture": "#3"},
				"west": {"uv": [6.875, 11.25, 6.5, 12.25], "texture": "#3"},
				"up": {"uv": [1.5, 12.625, 1.875, 12.25], "texture": "#3"},
				"down": {"uv": [12.25, 1.5, 12.625, 1.875], "texture": "#3"}
			}
		},
		{
			"from": [-1, 6, 10],
			"to": [2, 10, 12],
			"rotation": {"angle": 22.5, "axis": "x", "origin": [12, 10, 3]},
			"faces": {
				"north": {"uv": [5, 11.5, 5.75, 10.5], "rotation": 180, "texture": "#3"},
				"east": {"uv": [1, 11.25, 0, 11.75], "rotation": 90, "texture": "#3"},
				"south": {"uv": [8.75, 10.5, 9.5, 11.5], "texture": "#3"},
				"west": {"uv": [12, 11, 11, 11.5], "rotation": 270, "texture": "#3"},
				"up": {"uv": [10.25, 11.5, 9.5, 12], "texture": "#3"},
				"down": {"uv": [12.25, 8.5, 11.5, 9], "rotation": 180, "texture": "#3"}
			}
		},
		{
			"name": "toe",
			"from": [0, 4, 10],
			"to": [1, 6, 12],
			"rotation": {"angle": 22.5, "axis": "x", "origin": [12, 10, 3]},
			"faces": {
				"north": {"uv": [12.25, 3.5, 12.5, 3], "rotation": 180, "texture": "#3"},
				"east": {"uv": [12.25, 11.5, 11.75, 12], "rotation": 90, "texture": "#3"},
				"south": {"uv": [3.25, 12.25, 3.5, 12.75], "texture": "#3"},
				"west": {"uv": [12.25, 9, 11.75, 9.5], "rotation": 270, "texture": "#3"},
				"up": {"uv": [3.25, 12.25, 3, 12.75], "texture": "#3"},
				"down": {"uv": [3, 12.25, 2.75, 12.75], "rotation": 180, "texture": "#3"}
			}
		},
		{
			"name": "toe",
			"from": [0, -1.53176, 0.34631],
			"to": [1, 0.46824, 1.34631],
			"rotation": {"angle": -45, "axis": "x", "origin": [12, 10, 3]},
			"faces": {
				"north": {"uv": [3.5, 12.75, 3.75, 12.25], "rotation": 180, "texture": "#3"},
				"east": {"uv": [7.75, 5.75, 7.25, 6], "rotation": 90, "texture": "#3"},
				"south": {"uv": [3.75, 12.25, 4, 12.75], "texture": "#3"},
				"west": {"uv": [2, 6.5, 1.5, 6.75], "rotation": 270, "texture": "#3"},
				"up": {"uv": [8, 11, 7.75, 11.25], "texture": "#3"},
				"down": {"uv": [6, 11, 5.75, 11.25], "rotation": 180, "texture": "#3"}
			}
		},
		{
			"name": "toe",
			"from": [2, 5, 10.1],
			"to": [3, 7, 12],
			"rotation": {"angle": 22.5, "axis": "x", "origin": [12, 10, 3]},
			"faces": {
				"north": {"uv": [5.25, 12.75, 5.5, 12.25], "rotation": 180, "texture": "#3"},
				"east": {"uv": [12.5, 4, 12, 4.5], "rotation": 90, "texture": "#3"},
				"south": {"uv": [5.5, 12.25, 5.75, 12.75], "texture": "#3"},
				"west": {"uv": [12.5, 3.5, 12, 4], "rotation": 270, "texture": "#3"},
				"up": {"uv": [5.25, 12.25, 5, 12.75], "texture": "#3"},
				"down": {"uv": [4.25, 12.25, 4, 12.75], "rotation": 180, "texture": "#3"}
			}
		},
		{
			"name": "toe",
			"from": [2, -0.98246, 4.92105],
			"to": [3, 1.01754, 5.92105],
			"rotation": {"angle": -22.5, "axis": "x", "origin": [12, 10, 3]},
			"faces": {
				"north": {"uv": [6.5, 12.75, 6.75, 12.25], "rotation": 180, "texture": "#3"},
				"east": {"uv": [11, 4, 10.5, 4.25], "rotation": 90, "texture": "#3"},
				"south": {"uv": [6.75, 12.25, 7, 12.75], "texture": "#3"},
				"west": {"uv": [10.75, 6.75, 10.25, 7], "rotation": 270, "texture": "#3"},
				"up": {"uv": [12, 6.5, 11.75, 6.75], "texture": "#3"},
				"down": {"uv": [8.75, 11.25, 8.5, 11.5], "rotation": 180, "texture": "#3"}
			}
		},
		{
			"name": "toe",
			"from": [-2, 5, 10.1],
			"to": [-1, 7, 12],
			"rotation": {"angle": 22.5, "axis": "x", "origin": [12, 10, 3]},
			"faces": {
				"north": {"uv": [7.5, 12.75, 7.75, 12.25], "rotation": 180, "texture": "#3"},
				"east": {"uv": [12.5, 4.5, 12, 5], "rotation": 90, "texture": "#3"},
				"south": {"uv": [12.25, 7.5, 12.5, 8], "texture": "#3"},
				"west": {"uv": [4.75, 12, 4.25, 12.5], "rotation": 270, "texture": "#3"},
				"up": {"uv": [7.5, 12.25, 7.25, 12.75], "texture": "#3"},
				"down": {"uv": [7.25, 12.25, 7, 12.75], "rotation": 180, "texture": "#3"}
			}
		},
		{
			"name": "toe",
			"from": [-2, -0.98246, 4.92105],
			"to": [-1, 1.01754, 5.92105],
			"rotation": {"angle": -22.5, "axis": "x", "origin": [12, 10, 3]},
			"faces": {
				"north": {"uv": [12.25, 8.5, 12.5, 8], "rotation": 180, "texture": "#3"},
				"east": {"uv": [11.75, 6.5, 11.25, 6.75], "rotation": 90, "texture": "#3"},
				"south": {"uv": [12.25, 8.5, 12.5, 9], "texture": "#3"},
				"west": {"uv": [2.25, 11, 1.75, 11.25], "rotation": 270, "texture": "#3"},
				"up": {"uv": [12.75, 10.25, 12.5, 10.5], "texture": "#3"},
				"down": {"uv": [12, 9.5, 11.75, 9.75], "rotation": 180, "texture": "#3"}
			}
		},
		{
			"name": "leg",
			"from": [-0.75, 0.63479, 2.15715],
			"to": [1.75, 8.63479, 5.15715],
			"rotation": {"angle": 22.5, "axis": "x", "origin": [12, 9, 3]},
			"faces": {
				"north": {"uv": [4.25, 8.25, 4.875, 10.25], "texture": "#3"},
				"east": {"uv": [0.75, 7.25, 1.5, 9.25], "texture": "#3"},
				"south": {"uv": [2.75, 8.75, 3.375, 10.75], "texture": "#3"},
				"west": {"uv": [7.25, 3, 8, 5], "texture": "#3"},
				"up": {"uv": [12.125, 3, 11.5, 2.25], "texture": "#3"},
				"down": {"uv": [3.375, 11.5, 2.75, 12.25], "texture": "#3"}
			}
		},
		{
			"name": "leg",
			"from": [-0.89888, 7.4, 1.49636],
			"to": [7.10112, 10.4, 4.49636],
			"rotation": {"angle": 0, "axis": "x", "origin": [12, 9, 3]},
			"faces": {
				"north": {"uv": [7.25, 5, 9.25, 5.75], "texture": "#3"},
				"east": {"uv": [7, 11, 7.75, 11.75], "texture": "#3"},
				"south": {"uv": [6.5, 7.25, 8.5, 8], "texture": "#3"},
				"west": {"uv": [11, 9, 11.75, 9.75], "texture": "#3"},
				"up": {"uv": [5.5, 8.25, 3.5, 7.5], "texture": "#3"},
				"down": {"uv": [9.75, 5.75, 7.75, 6.5], "texture": "#3"}
			}
		},
		{
			"name": "leg",
			"from": [-0.25, 8.63479, 3.55715],
			"to": [1.15, 12.63479, 4.95715],
			"rotation": {"angle": 22.5, "axis": "x", "origin": [12, 9, 3]},
			"faces": {
				"north": {"uv": [10.25, 11.5, 10.625, 12.5], "texture": "#3"},
				"east": {"uv": [10.75, 11.5, 11.125, 12.5], "texture": "#3"},
				"south": {"uv": [11.25, 11.5, 11.625, 12.5], "texture": "#3"},
				"west": {"uv": [0, 11.75, 0.375, 12.75], "texture": "#3"},
				"up": {"uv": [2.375, 12.625, 2, 12.25], "texture": "#3"},
				"down": {"uv": [12.625, 2, 12.25, 2.375], "texture": "#3"}
			}
		},
		{
			"from": [-1, 0, -1],
			"to": [2, 2, 3],
			"rotation": {"angle": 0, "axis": "x", "origin": [12, 9, 3]},
			"faces": {
				"north": {"uv": [0.5, 11.75, 1.25, 12.25], "texture": "#3"},
				"east": {"uv": [1.75, 11.25, 2.75, 11.75], "texture": "#3"},
				"south": {"uv": [1.25, 11.75, 2, 12.25], "texture": "#3"},
				"west": {"uv": [11.25, 3, 12.25, 3.5], "texture": "#3"},
				"up": {"uv": [10.25, 11.5, 9.5, 10.5], "texture": "#3"},
				"down": {"uv": [11, 10.5, 10.25, 11.5], "texture": "#3"}
			}
		},
		{
			"name": "toe",
			"from": [0, 0, -3],
			"to": [1, 2, -1],
			"rotation": {"angle": 0, "axis": "x", "origin": [12, 9, 3]},
			"faces": {
				"north": {"uv": [12.25, 9, 12.5, 9.5], "texture": "#3"},
				"east": {"uv": [12, 5, 12.5, 5.5], "texture": "#3"},
				"south": {"uv": [12.25, 11.5, 12.5, 12], "texture": "#3"},
				"west": {"uv": [12, 5.5, 12.5, 6], "texture": "#3"},
				"up": {"uv": [12.5, 12.5, 12.25, 12], "texture": "#3"},
				"down": {"uv": [12.75, 2.5, 12.5, 3], "texture": "#3"}
			}
		},
		{
			"name": "toe",
			"from": [0, 0, -5],
			"to": [1, 1, -3],
			"rotation": {"angle": 0, "axis": "x", "origin": [12, 9, 3]},
			"faces": {
				"north": {"uv": [10.5, 12.5, 10.75, 12.75], "texture": "#3"},
				"east": {"uv": [12.5, 3, 13, 3.25], "texture": "#3"},
				"south": {"uv": [12.5, 10.5, 12.75, 10.75], "texture": "#3"},
				"west": {"uv": [12.5, 3.25, 13, 3.5], "texture": "#3"},
				"up": {"uv": [12.75, 4, 12.5, 3.5], "texture": "#3"},
				"down": {"uv": [12.75, 4, 12.5, 4.5], "texture": "#3"}
			}
		},
		{
			"name": "toe",
			"from": [2, 0, -2],
			"to": [3, 1.9, 0],
			"rotation": {"angle": 0, "axis": "x", "origin": [12, 9, 3]},
			"faces": {
				"north": {"uv": [4.25, 12.5, 4.5, 13], "texture": "#3"},
				"east": {"uv": [5.75, 12, 6.25, 12.5], "texture": "#3"},
				"south": {"uv": [4.5, 12.5, 4.75, 13], "texture": "#3"},
				"west": {"uv": [12, 6, 12.5, 6.5], "texture": "#3"},
				"up": {"uv": [12.75, 5, 12.5, 4.5], "texture": "#3"},
				"down": {"uv": [5, 12.5, 4.75, 13], "texture": "#3"}
			}
		},
		{
			"name": "toe",
			"from": [2, 0, -4],
			"to": [3, 1, -2],
			"rotation": {"angle": 0, "axis": "x", "origin": [12, 9, 3]},
			"faces": {
				"north": {"uv": [10.75, 12.5, 11, 12.75], "texture": "#3"},
				"east": {"uv": [12.5, 5, 13, 5.25], "texture": "#3"},
				"south": {"uv": [12.5, 10.75, 12.75, 11], "texture": "#3"},
				"west": {"uv": [12.5, 5.25, 13, 5.5], "texture": "#3"},
				"up": {"uv": [12.75, 6, 12.5, 5.5], "texture": "#3"},
				"down": {"uv": [6, 12.5, 5.75, 13], "texture": "#3"}
			}
		},
		{
			"name": "toe",
			"from": [-2, 0, -2],
			"to": [-1, 1.9, 0],
			"rotation": {"angle": 0, "axis": "x", "origin": [12, 9, 3]},
			"faces": {
				"north": {"uv": [6, 12.5, 6.25, 13], "texture": "#3"},
				"east": {"uv": [12, 6.5, 12.5, 7], "texture": "#3"},
				"south": {"uv": [12.5, 6, 12.75, 6.5], "texture": "#3"},
				"west": {"uv": [12, 7, 12.5, 7.5], "texture": "#3"},
				"up": {"uv": [6.5, 13, 6.25, 12.5], "texture": "#3"},
				"down": {"uv": [12.75, 6.5, 12.5, 7], "texture": "#3"}
			}
		},
		{
			"name": "toe",
			"from": [-2, 0, -4],
			"to": [-1, 1, -2],
			"rotation": {"angle": 0, "axis": "x", "origin": [12, 9, 3]},
			"faces": {
				"north": {"uv": [11, 12.5, 11.25, 12.75], "texture": "#3"},
				"east": {"uv": [12.5, 7, 13, 7.25], "texture": "#3"},
				"south": {"uv": [12.5, 11, 12.75, 11.25], "texture": "#3"},
				"west": {"uv": [12.5, 7.25, 13, 7.5], "texture": "#3"},
				"up": {"uv": [12.75, 8, 12.5, 7.5], "texture": "#3"},
				"down": {"uv": [8, 12.5, 7.75, 13], "texture": "#3"}
			}
		}
	],
	"display": {
		"gui": {
			"rotation": [30, 225, 0],
			"translation": [-2.5, 4, 0]
		},
		"head": {
			"translation": [0, -59.46835, 16.5],
			"scale": [4, 4, 4]
		},
		"fixed": {
			"translation": [0, 48, 65.75],
			"scale": [4, 4, 4]
		}
	},
	"groups": [
		{
			"name": "tail+body",
			"origin": [8, 8, 8],
			"color": 1,
			"children": [
				0,
				1,
				2,
				3,
				4,
				5,
				6,
				{
					"name": "back",
					"origin": [8, 8, 8],
					"color": 0,
					"children": [7, 8, 9, 10, 11, 12]
				}
			]
		},
		{
			"name": "head",
			"origin": [8, 8, 8],
			"color": 0,
			"children": [
				13,
				{
					"name": "eyes",
					"origin": [0, 0, -7],
					"color": 0,
					"children": [14, 15]
				},
				16,
				17,
				18,
				{
					"name": "lower_jaw",
					"origin": [0, 0, 0],
					"color": 0,
					"children": [19, 20, 21, 22, 23, 24, 25, 26]
				}
			]
		},
		{
			"name": "legs",
			"origin": [8, 8, 8],
			"color": 0,
			"children": [
				{
					"name": "leg1",
					"origin": [8, 8, 8],
					"color": 0,
					"children": [
						27,
						28,
						29,
						30,
						{
							"name": "toes",
							"origin": [0, 0, 0],
							"color": 0,
							"children": [
								{
									"name": "1",
									"origin": [0, 0, 0],
									"color": 0,
									"children": [31, 32]
								},
								{
									"name": "2",
									"origin": [0, 0, 0],
									"color": 0,
									"children": [33, 34]
								},
								{
									"name": "3",
									"origin": [0, 0, 0],
									"color": 0,
									"children": [35, 36]
								}
							]
						},
						{
							"name": "leg2",
							"origin": [8, 8, 8],
							"color": 0,
							"children": [
								37,
								38,
								39,
								40,
								{
									"name": "toes",
									"origin": [0, 0, 0],
									"color": 0,
									"children": [
										{
											"name": "1",
											"origin": [0, 0, 0],
											"color": 0,
											"children": [41, 42]
										},
										{
											"name": "2",
											"origin": [0, 0, 0],
											"color": 0,
											"children": [43, 44]
										},
										{
											"name": "3",
											"origin": [0, 0, 0],
											"color": 0,
											"children": [45, 46]
										}
									]
								}
							]
						}
					]
				},
				{
					"name": "leg2",
					"origin": [8, 8, 8],
					"color": 0,
					"children": [
						47,
						48,
						49,
						50,
						{
							"name": "toes",
							"origin": [0, 0, 0],
							"color": 0,
							"children": [
								{
									"name": "1",
									"origin": [0, 0, 0],
									"color": 0,
									"children": [51, 52]
								},
								{
									"name": "2",
									"origin": [0, 0, 0],
									"color": 0,
									"children": [53, 54]
								},
								{
									"name": "3",
									"origin": [0, 0, 0],
									"color": 0,
									"children": [55, 56]
								}
							]
						},
						{
							"name": "leg1",
							"origin": [8, 8, 8],
							"color": 0,
							"children": [
								57,
								58,
								59,
								60,
								{
									"name": "toes",
									"origin": [0, 0, 0],
									"color": 0,
									"children": [
										{
											"name": "1",
											"origin": [0, 0, 0],
											"color": 0,
											"children": [61, 62]
										},
										{
											"name": "2",
											"origin": [0, 0, 0],
											"color": 0,
											"children": [63, 64]
										},
										{
											"name": "3",
											"origin": [0, 0, 0],
											"color": 0,
											"children": [65, 66]
										}
									]
								}
							]
						}
					]
				}
			]
		}
	]
}