{
	"credit": "Made with Blockbench",
	"texture_size": [64, 64],
	"textures": {
		"1": "krmc:krmc_mobs/spinosaurus",
		"2": "krmc:krmc_mobs/animations/spinosaurus",
		"particle": "krmc:krmc_mobs/animations/spinosaurus"
	},
	"elements": [
		{
			"name": "torso",
			"from": [5.3, 5.1109, -3.47956],
			"to": [10.7, 12.3109, 12.72044],
			"rotation": {"angle": 0, "axis": "x", "origin": [8.9, 0, 6]},
			"faces": {
				"north": {"uv": [0, 7.5, 1.375, 9.25], "texture": "#1"},
				"east": {"uv": [0, 0, 4, 1.75], "texture": "#1"},
				"south": {"uv": [1.5, 7.5, 2.875, 9.25], "texture": "#1"},
				"west": {"uv": [0, 1.75, 4, 3.5], "texture": "#1"},
				"up": {"uv": [1.375, 7.5, 0, 3.5], "texture": "#1"},
				"down": {"uv": [2.875, 3.5, 1.5, 7.5], "texture": "#1"}
			}
		},
		{
			"name": "sail",
			"from": [7.625, 11.58683, -1.43553],
			"to": [8.375, 18.68683, 6.26447],
			"rotation": {"angle": -22.5, "axis": "x", "origin": [8, 15.13683, 2.41447]},
			"faces": {
				"north": {"uv": [5, 1.75, 5.25, 3.5], "texture": "#1"},
				"east": {"uv": [6.25, 0, 8.125, 1.75], "texture": "#1"},
				"south": {"uv": [10, 11.75, 10.25, 13.5], "texture": "#1"},
				"west": {"uv": [5, 6.75, 6.875, 8.5], "texture": "#1"},
				"up": {"uv": [9.25, 13.625, 9, 11.75], "texture": "#1"},
				"down": {"uv": [9.5, 11.75, 9.25, 13.625], "texture": "#1"}
			}
		},
		{
			"name": "sail",
			"from": [7.55, 12.3109, 4.62044],
			"to": [8.45, 19.9609, 12.72044],
			"rotation": {"angle": 0, "axis": "y", "origin": [8.9, 0, 15]},
			"faces": {
				"north": {"uv": [9.5, 11.75, 9.75, 13.625], "texture": "#1"},
				"east": {"uv": [5.25, 1.75, 7.25, 3.625], "texture": "#1"},
				"south": {"uv": [9.75, 11.75, 10, 13.625], "texture": "#1"},
				"west": {"uv": [3, 5.25, 5, 7.125], "texture": "#1"},
				"up": {"uv": [6.75, 13.75, 6.5, 11.75], "texture": "#1"},
				"down": {"uv": [7, 11.75, 6.75, 13.75], "texture": "#1"}
			}
		},
		{
			"name": "sail1",
			"from": [7.625, 6.2359, 12.72044],
			"to": [8.375, 13.2109, 21.525],
			"rotation": {"angle": 0, "axis": "y", "origin": [8.975, 0, 6]},
			"faces": {
				"north": {"uv": [10.25, 11.75, 10.5, 13.5], "texture": "#1"},
				"east": {"uv": [3, 3.5, 5.25, 5.25], "texture": "#1"},
				"south": {"uv": [10.5, 11.75, 10.75, 13.5], "texture": "#1"},
				"west": {"uv": [4, 0, 6.25, 1.75], "texture": "#1"},
				"up": {"uv": [2.25, 13.25, 2, 11], "texture": "#1"},
				"down": {"uv": [6, 11.25, 5.75, 13.5], "texture": "#1"}
			}
		},
		{
			"name": "sail1",
			"from": [7.7, 6.6859, 21.49544],
			"to": [8.3, 12.5359, 30.52544],
			"rotation": {"angle": 0, "axis": "y", "origin": [9.05, 0, 12.075]},
			"faces": {
				"north": {"uv": [7.5, 12.5, 7.625, 14], "texture": "#1"},
				"east": {"uv": [5.25, 3.75, 7.5, 5.25], "texture": "#1"},
				"south": {"uv": [7.75, 12.5, 7.875, 14], "texture": "#1"},
				"west": {"uv": [5, 5.25, 7.25, 6.75], "texture": "#1"},
				"up": {"uv": [1.625, 14.75, 1.5, 12.5], "texture": "#1"},
				"down": {"uv": [1.875, 12.5, 1.75, 14.75], "texture": "#1"}
			}
		},
		{
			"name": "1",
			"from": [6.2, 7.8109, 7.32044],
			"to": [9.8, 11.4109, 20.82044],
			"rotation": {"angle": 0, "axis": "y", "origin": [8.9, 1.8, 6]},
			"faces": {
				"north": {"uv": [10.75, 8.5, 11.625, 9.375], "texture": "#1"},
				"east": {"uv": [7, 6.75, 10.375, 7.625], "texture": "#1"},
				"south": {"uv": [0, 11, 0.875, 11.875], "texture": "#1"},
				"west": {"uv": [7.25, 1.75, 10.625, 2.625], "texture": "#1"},
				"up": {"uv": [3.875, 10.625, 3, 7.25], "texture": "#1"},
				"down": {"uv": [4.875, 7.25, 4, 10.625], "texture": "#1"}
			}
		},
		{
			"name": "2",
			"from": [6.65, 8.2609, 20.82044],
			"to": [9.35, 10.9609, 30.1],
			"rotation": {"angle": 0, "axis": "y", "origin": [8.45, 0.45, 6]},
			"faces": {
				"north": {"uv": [2.75, 12, 3.375, 12.625], "texture": "#1"},
				"east": {"uv": [8.75, 2.75, 11.125, 3.375], "texture": "#1"},
				"south": {"uv": [12, 2.75, 12.625, 3.375], "texture": "#1"},
				"west": {"uv": [8.75, 3.5, 11.125, 4.125], "texture": "#1"},
				"up": {"uv": [9.375, 6.625, 8.75, 4.25], "texture": "#1"},
				"down": {"uv": [9.625, 7.75, 9, 10.125], "texture": "#1"}
			}
		},
		{
			"from": [7.55, 15.60244, -11.0614],
			"to": [8.45, 16.99744, -8.8114],
			"rotation": {"angle": -22.5, "axis": "x", "origin": [7.775, 16.2, -5.7]},
			"faces": {
				"north": {"uv": [2.75, 12.75, 3, 13.125], "texture": "#1"},
				"east": {"uv": [12.5, 5.25, 13.125, 5.625], "texture": "#1"},
				"south": {"uv": [12.75, 2.75, 13, 3.125], "texture": "#1"},
				"west": {"uv": [12.5, 7, 13.125, 7.375], "texture": "#1"},
				"up": {"uv": [7.5, 3.375, 7.25, 2.75], "texture": "#1"},
				"down": {"uv": [12.75, 9.75, 12.5, 10.375], "texture": "#1"}
			}
		},
		{
			"from": [5.975, 14.97244, -9.4864],
			"to": [10.025, 16.77244, -4.9864],
			"rotation": {"angle": -22.5, "axis": "x", "origin": [8, 16.2, -3.9]},
			"faces": {
				"north": {"uv": [11.75, 8.25, 12.75, 8.75], "texture": "#1"},
				"east": {"uv": [10.75, 9.5, 11.875, 10], "texture": "#1"},
				"south": {"uv": [11.75, 8.75, 12.75, 9.25], "texture": "#1"},
				"west": {"uv": [11.25, 1, 12.375, 1.5], "texture": "#1"},
				"up": {"uv": [10.5, 5.375, 9.5, 4.25], "texture": "#1"},
				"down": {"uv": [10.5, 5.5, 9.5, 6.625], "texture": "#1"}
			}
		},
		{
			"from": [6.025, 12.21684, -8.77739],
			"to": [9.975, 13.83684, -4.27739],
			"rotation": {"angle": -45, "axis": "x", "origin": [7.95, 13.85, -6.4]},
			"faces": {
				"north": {"uv": [12, 0.5, 13, 0.875], "texture": "#1"},
				"east": {"uv": [10.75, 11.75, 11.875, 12.125], "texture": "#1"},
				"south": {"uv": [3.5, 12, 4.5, 12.375], "texture": "#1"},
				"west": {"uv": [12, 0, 13.125, 0.375], "texture": "#1"},
				"up": {"uv": [8, 10.875, 7, 9.75], "texture": "#1"},
				"down": {"uv": [10.75, 7.75, 9.75, 8.875], "texture": "#1"}
			}
		},
		{
			"from": [7, 12.26184, -14.62739],
			"to": [9, 13.61184, -8.77739],
			"rotation": {"angle": -45, "axis": "x", "origin": [7.925, 13.85, -6.4]},
			"faces": {
				"north": {"uv": [12.5, 7.5, 13, 7.875], "texture": "#1"},
				"east": {"uv": [11.25, 6, 12.75, 6.375], "texture": "#1"},
				"south": {"uv": [8, 12.5, 8.5, 12.875], "texture": "#1"},
				"west": {"uv": [11.25, 6.5, 12.75, 6.875], "texture": "#1"},
				"up": {"uv": [5, 12.25, 4.5, 10.75], "texture": "#1"},
				"down": {"uv": [1.5, 11, 1, 12.5], "texture": "#1"}
			}
		},
		{
			"from": [7.275, 10.40667, -8.2197],
			"to": [8.725, 11.65667, -5.4697],
			"rotation": {"angle": 0, "axis": "x", "origin": [7.95, 13.85, -6.4]},
			"faces": {
				"east": {"uv": [12.5, 1, 13.25, 1.375], "texture": "#1"},
				"south": {"uv": [12.5, 12, 12.875, 12.375], "texture": "#1"},
				"west": {"uv": [12.5, 1.5, 13.25, 1.875], "texture": "#1"}
			}
		},
		{
			"from": [7.275, 9.45667, -9.3197],
			"to": [8.725, 10.40667, -5.4697],
			"rotation": {"angle": 0, "axis": "x", "origin": [7.95, 13.85, -6.4]},
			"faces": {
				"east": {"uv": [12.5, 4.75, 13.5, 5], "texture": "#1"},
				"south": {"uv": [3, 12.75, 3.375, 13], "texture": "#1"},
				"west": {"uv": [12.5, 5, 13.5, 5.25], "texture": "#1"},
				"down": {"uv": [12.375, 7, 12, 8], "texture": "#1"}
			}
		},
		{
			"name": "1",
			"from": [9.03, 13.56184, -14.57739],
			"to": [9.03, 14.51184, -12.67739],
			"rotation": {"angle": -45, "axis": "x", "origin": [7.925, 13.85, -6.4]},
			"faces": {
				"north": {"uv": [13.375, 13.875, 12.375, 14.375], "rotation": 270, "texture": "#1"},
				"east": {"uv": [13.375, 13.875, 12.375, 14.375], "texture": "#1"},
				"south": {"uv": [13.375, 13.875, 12.375, 14.375], "rotation": 90, "texture": "#1"},
				"west": {"uv": [13.375, 14.375, 12.375, 13.875], "rotation": 180, "texture": "#1"},
				"up": {"uv": [13.375, 13.875, 12.375, 14.375], "rotation": 270, "texture": "#1"},
				"down": {"uv": [13.375, 13.875, 12.375, 14.375], "rotation": 90, "texture": "#1"}
			}
		},
		{
			"name": "2",
			"from": [8.9, 13.56184, -12.62739],
			"to": [8.9, 14.16184, -11.12739],
			"rotation": {"angle": -45, "axis": "x", "origin": [7.825, 13.85, -6.4]},
			"faces": {
				"north": {"uv": [13.375, 13.875, 14.375, 14.375], "rotation": 270, "texture": "#1"},
				"east": {"uv": [13.375, 13.875, 14.375, 14.375], "texture": "#1"},
				"south": {"uv": [13.375, 13.875, 14.375, 14.375], "rotation": 90, "texture": "#1"},
				"west": {"uv": [13.375, 14.375, 14.375, 13.875], "rotation": 180, "texture": "#1"},
				"up": {"uv": [13.375, 13.875, 14.375, 14.375], "rotation": 270, "texture": "#1"},
				"down": {"uv": [13.375, 13.875, 14.375, 14.375], "rotation": 90, "texture": "#1"}
			}
		},
		{
			"name": "3",
			"from": [8.9, 13.56184, -11.12739],
			"to": [8.9, 14.16184, -9.87739],
			"rotation": {"angle": -45, "axis": "x", "origin": [7.825, 13.85, -6.4]},
			"faces": {
				"north": {"uv": [13.375, 13.875, 14.375, 14.375], "rotation": 270, "texture": "#1"},
				"east": {"uv": [13.375, 13.875, 14.375, 14.375], "texture": "#1"},
				"south": {"uv": [13.375, 13.875, 14.375, 14.375], "rotation": 90, "texture": "#1"},
				"west": {"uv": [13.375, 14.375, 14.375, 13.875], "rotation": 180, "texture": "#1"},
				"up": {"uv": [13.375, 13.875, 14.375, 14.375], "rotation": 270, "texture": "#1"},
				"down": {"uv": [13.375, 13.875, 14.375, 14.375], "rotation": 90, "texture": "#1"}
			}
		},
		{
			"name": "4",
			"from": [6.97, 13.56184, -14.57739],
			"to": [6.97, 14.51184, -12.67739],
			"rotation": {"angle": -45, "axis": "x", "origin": [8.075, 13.85, -6.4]},
			"faces": {
				"north": {"uv": [13.375, 14.375, 12.375, 13.875], "rotation": 270, "texture": "#1"},
				"east": {"uv": [13.375, 13.875, 12.375, 14.375], "texture": "#1"},
				"south": {"uv": [13.375, 14.375, 12.375, 13.875], "rotation": 90, "texture": "#1"},
				"west": {"uv": [13.375, 14.375, 12.375, 13.875], "rotation": 180, "texture": "#1"},
				"up": {"uv": [13.375, 14.375, 12.375, 13.875], "rotation": 270, "texture": "#1"},
				"down": {"uv": [13.375, 14.375, 12.375, 13.875], "rotation": 90, "texture": "#1"}
			}
		},
		{
			"name": "5",
			"from": [7.1, 13.56184, -11.12739],
			"to": [7.1, 14.16184, -9.87739],
			"rotation": {"angle": -45, "axis": "x", "origin": [8.175, 13.85, -6.4]},
			"faces": {
				"north": {"uv": [13.375, 14.375, 14.375, 13.875], "rotation": 270, "texture": "#1"},
				"east": {"uv": [13.375, 13.875, 14.375, 14.375], "texture": "#1"},
				"south": {"uv": [13.375, 14.375, 14.375, 13.875], "rotation": 90, "texture": "#1"},
				"west": {"uv": [13.375, 14.375, 14.375, 13.875], "rotation": 180, "texture": "#1"},
				"up": {"uv": [13.375, 14.375, 14.375, 13.875], "rotation": 270, "texture": "#1"},
				"down": {"uv": [13.375, 14.375, 14.375, 13.875], "rotation": 90, "texture": "#1"}
			}
		},
		{
			"name": "6",
			"from": [7.1, 13.56184, -12.62739],
			"to": [7.1, 14.16184, -11.12739],
			"rotation": {"angle": -45, "axis": "x", "origin": [8.175, 13.85, -6.4]},
			"faces": {
				"north": {"uv": [13.375, 14.375, 14.375, 13.875], "rotation": 270, "texture": "#1"},
				"east": {"uv": [13.375, 13.875, 14.375, 14.375], "texture": "#1"},
				"south": {"uv": [13.375, 14.375, 14.375, 13.875], "rotation": 90, "texture": "#1"},
				"west": {"uv": [13.375, 14.375, 14.375, 13.875], "rotation": 180, "texture": "#1"},
				"up": {"uv": [13.375, 14.375, 14.375, 13.875], "rotation": 270, "texture": "#1"},
				"down": {"uv": [13.375, 14.375, 14.375, 13.875], "rotation": 90, "texture": "#1"}
			}
		},
		{
			"name": "7",
			"from": [7.25, 13.46184, -14.63],
			"to": [8.75, 13.96184, -14.63],
			"rotation": {"angle": -45, "axis": "x", "origin": [8.02261, 13.85, -6.4]},
			"faces": {
				"north": {"uv": [13.5, 14.375, 14.375, 13.875], "rotation": 180, "texture": "#1"},
				"east": {"uv": [13.375, 13.875, 14.375, 14.375], "rotation": 270, "texture": "#1"},
				"south": {"uv": [13.5, 13.875, 14.375, 14.375], "texture": "#1"},
				"west": {"uv": [13.375, 13.875, 14.375, 14.375], "rotation": 90, "texture": "#1"},
				"up": {"uv": [13.375, 13.875, 14.375, 14.375], "texture": "#1"},
				"down": {"uv": [13.375, 13.875, 14.375, 14.375], "texture": "#1"}
			}
		},
		{
			"from": [6.975, 14.79244, -15.3364],
			"to": [9.025, 16.32244, -9.4864],
			"rotation": {"angle": -22.5, "axis": "x", "origin": [7.875, 16.2, -3.9]},
			"faces": {
				"north": {"uv": [8.5, 12.5, 9, 12.875], "texture": "#1"},
				"east": {"uv": [9, 11.25, 10.5, 11.625], "texture": "#1"},
				"south": {"uv": [12.5, 9.25, 13, 9.625], "texture": "#1"},
				"west": {"uv": [10.5, 11.25, 12, 11.625], "texture": "#1"},
				"up": {"uv": [2, 12.5, 1.5, 11], "texture": "#1"},
				"down": {"uv": [7.5, 11, 7, 12.5], "texture": "#1"}
			}
		},
		{
			"name": "1",
			"from": [6.97, 10.36176, -14.11464],
			"to": [6.97, 11.31176, -12.21464],
			"rotation": {"angle": -22.5, "axis": "x", "origin": [8, 11.51176, -12.07595]},
			"faces": {
				"north": {"uv": [12.375, 13.875, 13.375, 14.375], "rotation": 90, "texture": "#1"},
				"east": {"uv": [12.375, 14.375, 13.375, 13.875], "texture": "#1"},
				"south": {"uv": [12.375, 13.875, 13.375, 14.375], "rotation": 270, "texture": "#1"},
				"west": {"uv": [12.375, 13.875, 13.375, 14.375], "rotation": 180, "texture": "#1"},
				"up": {"uv": [12.375, 13.875, 13.375, 14.375], "rotation": 270, "texture": "#1"},
				"down": {"uv": [12.375, 13.875, 13.375, 14.375], "rotation": 90, "texture": "#1"}
			}
		},
		{
			"name": "2",
			"from": [6.97, 10.36176, -12.21464],
			"to": [6.97, 11.31176, -10.46464],
			"rotation": {"angle": -22.5, "axis": "x", "origin": [8, 11.51176, -12.07595]},
			"faces": {
				"north": {"uv": [12.375, 13.875, 13.375, 14.375], "rotation": 90, "texture": "#1"},
				"east": {"uv": [12.375, 14.375, 13.375, 13.875], "texture": "#1"},
				"south": {"uv": [12.375, 13.875, 13.375, 14.375], "rotation": 270, "texture": "#1"},
				"west": {"uv": [12.375, 13.875, 13.375, 14.375], "rotation": 180, "texture": "#1"},
				"up": {"uv": [12.375, 13.875, 13.375, 14.375], "rotation": 270, "texture": "#1"},
				"down": {"uv": [12.375, 13.875, 13.375, 14.375], "rotation": 90, "texture": "#1"}
			}
		},
		{
			"name": "3",
			"from": [7.1, 10.81176, -10.56464],
			"to": [7.1, 11.31176, -9.31464],
			"rotation": {"angle": -22.5, "axis": "x", "origin": [8, 11.51176, -12.07595]},
			"faces": {
				"north": {"uv": [13.375, 13.875, 14.375, 14.375], "rotation": 90, "texture": "#1"},
				"east": {"uv": [13.375, 14.375, 14.375, 13.875], "texture": "#1"},
				"south": {"uv": [13.375, 13.875, 14.375, 14.375], "rotation": 270, "texture": "#1"},
				"west": {"uv": [13.375, 13.875, 14.375, 14.375], "rotation": 180, "texture": "#1"},
				"up": {"uv": [13.375, 13.875, 14.375, 14.375], "rotation": 270, "texture": "#1"},
				"down": {"uv": [13.375, 13.875, 14.375, 14.375], "rotation": 90, "texture": "#1"}
			}
		},
		{
			"name": "4",
			"from": [9.03, 10.36176, -14.11464],
			"to": [9.03, 11.31176, -12.21464],
			"rotation": {"angle": -22.5, "axis": "x", "origin": [8, 11.51176, -12.07595]},
			"faces": {
				"north": {"uv": [12.375, 14.375, 13.375, 13.875], "rotation": 90, "texture": "#1"},
				"east": {"uv": [12.375, 14.375, 13.375, 13.875], "texture": "#1"},
				"south": {"uv": [12.375, 14.375, 13.375, 13.875], "rotation": 270, "texture": "#1"},
				"west": {"uv": [12.375, 13.875, 13.375, 14.375], "rotation": 180, "texture": "#1"},
				"up": {"uv": [12.375, 14.375, 13.375, 13.875], "rotation": 270, "texture": "#1"},
				"down": {"uv": [12.375, 14.375, 13.375, 13.875], "rotation": 90, "texture": "#1"}
			}
		},
		{
			"name": "5",
			"from": [9.03, 10.36176, -12.21464],
			"to": [9.03, 11.31176, -10.46464],
			"rotation": {"angle": -22.5, "axis": "x", "origin": [8, 11.51176, -12.07595]},
			"faces": {
				"north": {"uv": [12.375, 14.375, 13.375, 13.875], "rotation": 90, "texture": "#1"},
				"east": {"uv": [13.375, 13.875, 12.375, 14.375], "rotation": 180, "texture": "#1"},
				"south": {"uv": [12.375, 14.375, 13.375, 13.875], "rotation": 270, "texture": "#1"},
				"west": {"uv": [13.375, 14.375, 12.375, 13.875], "texture": "#1"},
				"up": {"uv": [12.375, 14.375, 13.375, 13.875], "rotation": 270, "texture": "#1"},
				"down": {"uv": [12.375, 14.375, 13.375, 13.875], "rotation": 90, "texture": "#1"}
			}
		},
		{
			"name": "6",
			"from": [8.9, 10.81176, -10.56464],
			"to": [8.9, 11.31176, -9.31464],
			"rotation": {"angle": -22.5, "axis": "x", "origin": [8, 11.51176, -12.07595]},
			"faces": {
				"north": {"uv": [13.375, 14.375, 14.375, 13.875], "rotation": 90, "texture": "#1"},
				"east": {"uv": [14.375, 13.875, 13.375, 14.375], "rotation": 180, "texture": "#1"},
				"south": {"uv": [13.375, 14.375, 14.375, 13.875], "rotation": 270, "texture": "#1"},
				"west": {"uv": [14.375, 14.375, 13.375, 13.875], "texture": "#1"},
				"up": {"uv": [13.375, 14.375, 14.375, 13.875], "rotation": 270, "texture": "#1"},
				"down": {"uv": [13.375, 14.375, 14.375, 13.875], "rotation": 90, "texture": "#1"}
			}
		},
		{
			"name": "7",
			"from": [7.05, 10.81176, -14.11225],
			"to": [8.95, 11.41176, -14.11225],
			"rotation": {"angle": -22.5, "axis": "x", "origin": [7.95, 11.51176, -11.97595]},
			"faces": {
				"north": {"uv": [13.5, 14.375, 14.375, 13.875], "texture": "#1"},
				"east": {"uv": [13.375, 13.875, 14.375, 14.375], "rotation": 270, "texture": "#1"},
				"south": {"uv": [13.5, 13.875, 14.375, 14.375], "rotation": 180, "texture": "#1"},
				"west": {"uv": [13.375, 13.875, 14.375, 14.375], "rotation": 90, "texture": "#1"},
				"up": {"uv": [13.375, 13.875, 14.375, 14.375], "rotation": 180, "texture": "#1"},
				"down": {"uv": [13.375, 13.875, 14.375, 14.375], "rotation": 180, "texture": "#1"}
			}
		},
		{
			"from": [6.2, 7.45013, -6.29171],
			"to": [9.8, 15.55013, -1.79171],
			"rotation": {"angle": -22.5, "axis": "x", "origin": [8, 10.15013, -4.04171]},
			"faces": {
				"north": {"uv": [7, 7.75, 7.875, 9.75], "texture": "#1"},
				"east": {"uv": [7.5, 2.75, 8.625, 4.75], "texture": "#1"},
				"south": {"uv": [8, 7.75, 8.875, 9.75], "texture": "#1"},
				"west": {"uv": [7.5, 4.75, 8.625, 6.75], "texture": "#1"},
				"up": {"uv": [8.875, 10.875, 8, 9.75], "texture": "#1"},
				"down": {"uv": [10.625, 9, 9.75, 10.125], "texture": "#1"}
			}
		},
		{
			"from": [7.4, 8.3604, -8.3289],
			"to": [8.6, 10.6104, -3.4789],
			"rotation": {"angle": 45, "axis": "x", "origin": [8, 9.3604, -6.4039]},
			"faces": {
				"north": {"uv": [12.5, 10.5, 12.75, 11.125], "texture": "#1"},
				"east": {"uv": [10, 1, 11.25, 1.625], "texture": "#1"},
				"south": {"uv": [10.75, 12.5, 11, 13.125], "texture": "#1"},
				"west": {"uv": [10.75, 1.75, 12, 2.375], "texture": "#1"},
				"up": {"uv": [7.5, 6.5, 7.25, 5.25], "texture": "#1"},
				"down": {"uv": [4.75, 12.25, 4.5, 13.5], "texture": "#1"}
			}
		},
		{
			"from": [4.418, 4.25388, -2.87072],
			"to": [5.822, 8.93388, 0.63928],
			"rotation": {"angle": 22.5, "axis": "x", "origin": [5.12, 7.51414, -0.57777]},
			"faces": {
				"north": {"uv": [0.875, 12, 0.5, 13.125], "rotation": 180, "texture": "#1"},
				"east": {"uv": [10, 0, 11.125, 0.875], "rotation": 270, "texture": "#1"},
				"south": {"uv": [0.375, 13.125, 0, 12], "texture": "#1"},
				"west": {"uv": [5, 10.25, 6.125, 11.125], "rotation": 90, "texture": "#1"},
				"up": {"uv": [12, 9.25, 12.375, 10.125], "rotation": 180, "texture": "#1"},
				"down": {"uv": [12, 10.25, 12.375, 11.125], "texture": "#1"}
			}
		},
		{
			"from": [4.535, 4.56669, -7.11291],
			"to": [5.705, 6.67269, -2.43291],
			"rotation": {"angle": -22.5, "axis": "x", "origin": [5.12, 7.51414, -0.57777]},
			"faces": {
				"north": {"uv": [6.25, 11.25, 6, 11.75], "rotation": 180, "texture": "#1"},
				"east": {"uv": [11.5, 7, 12, 8.125], "rotation": 270, "texture": "#1"},
				"south": {"uv": [10.75, 7.75, 10.5, 7.25], "texture": "#1"},
				"west": {"uv": [11.5, 10, 12, 11.125], "rotation": 90, "texture": "#1"},
				"up": {"uv": [4, 12.5, 4.25, 13.625], "rotation": 180, "texture": "#1"},
				"down": {"uv": [4.25, 12.5, 4.5, 13.625], "texture": "#1"}
			}
		},
		{
			"from": [10.178, 4.25388, -2.87072],
			"to": [11.582, 8.93388, 0.63928],
			"rotation": {"angle": 22.5, "axis": "x", "origin": [10.88, 7.51414, -0.57777]},
			"faces": {
				"north": {"uv": [2.625, 12, 2.25, 13.125], "rotation": 180, "texture": "#1"},
				"east": {"uv": [9, 10.25, 10.125, 11.125], "rotation": 270, "texture": "#1"},
				"south": {"uv": [12.375, 2.625, 12, 1.5], "texture": "#1"},
				"west": {"uv": [10.25, 10.25, 11.375, 11.125], "rotation": 90, "texture": "#1"},
				"up": {"uv": [12, 11.25, 12.375, 12.125], "rotation": 180, "texture": "#1"},
				"down": {"uv": [12.25, 3.5, 12.625, 4.375], "texture": "#1"}
			}
		},
		{
			"from": [10.295, 4.56669, -7.11291],
			"to": [11.465, 6.67269, -2.43291],
			"rotation": {"angle": -22.5, "axis": "x", "origin": [10.88, 7.51414, -0.57777]},
			"faces": {
				"north": {"uv": [12.75, 12.5, 12.5, 13], "rotation": 180, "texture": "#1"},
				"east": {"uv": [11.75, 3.5, 12.25, 4.625], "rotation": 270, "texture": "#1"},
				"south": {"uv": [12, 13, 11.75, 12.5], "texture": "#1"},
				"west": {"uv": [6, 11.75, 6.5, 12.875], "rotation": 90, "texture": "#1"},
				"up": {"uv": [7, 12.5, 7.25, 13.625], "rotation": 180, "texture": "#1"},
				"down": {"uv": [7.25, 12.5, 7.5, 13.625], "texture": "#1"}
			}
		},
		{
			"name": "toes",
			"from": [9.3635, -0.09, 6.518],
			"to": [12.0365, 1.1475, 11.275],
			"rotation": {"angle": 0, "axis": "x", "origin": [10.65, 9.9, 10.4]},
			"faces": {
				"north": {"uv": [11, 12.5, 11.625, 12.75], "texture": "#2"},
				"east": {"uv": [12.25, 4.5, 13.5, 4.75], "texture": "#2"},
				"south": {"uv": [12.5, 11.25, 13.125, 11.5], "texture": "#2"},
				"west": {"uv": [10.75, 12.25, 12, 12.5], "texture": "#2"},
				"up": {"uv": [4.375, 12, 3.75, 10.75], "texture": "#2"},
				"down": {"uv": [11.375, 7.25, 10.75, 8.5], "texture": "#2"}
			}
		},
		{
			"name": "lower_leg",
			"from": [9.6875, 0.6475, 8.9525],
			"to": [11.7125, 6.535, 11.675],
			"rotation": {"angle": 0, "axis": "x", "origin": [10.65, 9.9, 10.4]},
			"faces": {
				"north": {"uv": [8.5, 11, 9, 12.5], "texture": "#2"},
				"east": {"uv": [10.5, 4.25, 11.125, 5.75], "texture": "#2"},
				"south": {"uv": [11.25, 3.5, 11.75, 5], "texture": "#2"},
				"west": {"uv": [10.5, 5.75, 11.125, 7.25], "texture": "#2"},
				"up": {"uv": [12.5, 12.875, 12, 12.25], "texture": "#2"},
				"down": {"uv": [1.5, 12.5, 1, 13.125], "texture": "#2"}
			}
		},
		{
			"name": "upper_leg",
			"from": [9.215, 5.095, 7.13],
			"to": [12.185, 11.53, 11.18],
			"rotation": {"angle": 0, "axis": "x", "origin": [10.65, 9.9, 10.4]},
			"faces": {
				"north": {"uv": [0.75, 9.25, 1.5, 10.875], "texture": "#2"},
				"east": {"uv": [5, 8.5, 6, 10.125], "texture": "#2"},
				"south": {"uv": [1.5, 9.25, 2.25, 10.875], "texture": "#2"},
				"west": {"uv": [6, 8.5, 7, 10.125], "texture": "#2"},
				"up": {"uv": [5.75, 12.25, 5, 11.25], "texture": "#2"},
				"down": {"uv": [12, 5, 11.25, 6], "texture": "#2"}
			}
		},
		{
			"name": "toes",
			"from": [9.3635, -0.09, 6.518],
			"to": [12.0365, 1.1475, 11.275],
			"rotation": {"angle": 22.5, "axis": "x", "origin": [10.65, 9.9, 10.4]},
			"faces": {
				"north": {"uv": [11.375, 10, 10.75, 10.25], "texture": "#2"},
				"east": {"uv": [13.25, 8, 12, 8.25], "texture": "#2"},
				"south": {"uv": [11.875, 1.5, 11.25, 1.75], "texture": "#2"},
				"west": {"uv": [13.25, 5.75, 12, 6], "texture": "#2"},
				"up": {"uv": [2.25, 12, 2.875, 10.75], "texture": "#2"},
				"down": {"uv": [3, 10.75, 3.625, 12], "texture": "#2"}
			}
		},
		{
			"name": "lower_leg",
			"from": [9.6875, 0.6475, 8.9525],
			"to": [11.7125, 6.535, 11.675],
			"rotation": {"angle": 22.5, "axis": "x", "origin": [10.65, 9.9, 10.4]},
			"faces": {
				"north": {"uv": [8, 11, 7.5, 12.5], "texture": "#2"},
				"east": {"uv": [6.875, 10.25, 6.25, 11.75], "texture": "#2"},
				"south": {"uv": [8.5, 11, 8, 12.5], "texture": "#2"},
				"west": {"uv": [2.875, 9.25, 2.25, 10.75], "texture": "#2"},
				"up": {"uv": [4.75, 12.875, 5.25, 12.25], "texture": "#2"},
				"down": {"uv": [5.25, 12.25, 5.75, 12.875], "texture": "#2"}
			}
		},
		{
			"name": "upper_leg",
			"from": [9.215, 5.095, 7.13],
			"to": [12.185, 11.53, 11.18],
			"rotation": {"angle": 22.5, "axis": "x", "origin": [10.65, 9.9, 10.4]},
			"faces": {
				"north": {"uv": [0.75, 9.25, 0, 10.875], "texture": "#2"},
				"east": {"uv": [9.25, 0, 8.25, 1.625], "texture": "#2"},
				"south": {"uv": [10, 0, 9.25, 1.625], "texture": "#2"},
				"west": {"uv": [5, 1.75, 4, 3.375], "texture": "#2"},
				"up": {"uv": [11.25, 1, 12, 0], "texture": "#2"},
				"down": {"uv": [11.25, 2.5, 12, 3.5], "texture": "#2"}
			}
		},
		{
			"name": "toes",
			"from": [3.9635, -0.09, 6.518],
			"to": [6.6365, 1.1475, 11.275],
			"rotation": {"angle": 0, "axis": "x", "origin": [5.35, 9.9, 10.4]},
			"faces": {
				"north": {"uv": [10.75, 10, 11.375, 10.25], "texture": "#2"},
				"east": {"uv": [12, 5.75, 13.25, 6], "texture": "#2"},
				"south": {"uv": [11.25, 1.5, 11.875, 1.75], "texture": "#2"},
				"west": {"uv": [12, 8, 13.25, 8.25], "texture": "#2"},
				"up": {"uv": [2.875, 12, 2.25, 10.75], "texture": "#2"},
				"down": {"uv": [3.625, 10.75, 3, 12], "texture": "#2"}
			}
		},
		{
			"name": "lower_leg",
			"from": [4.2875, 0.6475, 8.9525],
			"to": [6.3125, 6.535, 11.675],
			"rotation": {"angle": 0, "axis": "x", "origin": [5.35, 9.9, 10.4]},
			"faces": {
				"north": {"uv": [7.5, 11, 8, 12.5], "texture": "#2"},
				"east": {"uv": [2.25, 9.25, 2.875, 10.75], "texture": "#2"},
				"south": {"uv": [8, 11, 8.5, 12.5], "texture": "#2"},
				"west": {"uv": [6.25, 10.25, 6.875, 11.75], "texture": "#2"},
				"up": {"uv": [5.25, 12.875, 4.75, 12.25], "texture": "#2"},
				"down": {"uv": [5.75, 12.25, 5.25, 12.875], "texture": "#2"}
			}
		},
		{
			"name": "upper_leg",
			"from": [3.815, 5.095, 7.13],
			"to": [6.785, 11.53, 11.18],
			"rotation": {"angle": 0, "axis": "x", "origin": [5.35, 9.9, 10.4]},
			"faces": {
				"north": {"uv": [0, 9.25, 0.75, 10.875], "texture": "#2"},
				"east": {"uv": [4, 1.75, 5, 3.375], "texture": "#2"},
				"south": {"uv": [9.25, 0, 10, 1.625], "texture": "#2"},
				"west": {"uv": [8.25, 0, 9.25, 1.625], "texture": "#2"},
				"up": {"uv": [12, 1, 11.25, 0], "texture": "#2"},
				"down": {"uv": [12, 2.5, 11.25, 3.5], "texture": "#2"}
			}
		},
		{
			"name": "toes",
			"from": [3.9635, -0.09, 6.518],
			"to": [6.6365, 1.1475, 11.275],
			"rotation": {"angle": 22.5, "axis": "x", "origin": [5.35, 9.9, 10.4]},
			"faces": {
				"north": {"uv": [11.625, 12.5, 11, 12.75], "texture": "#2"},
				"east": {"uv": [12, 12.25, 10.75, 12.5], "texture": "#2"},
				"south": {"uv": [13.125, 11.25, 12.5, 11.5], "texture": "#2"},
				"west": {"uv": [13.5, 4.5, 12.25, 4.75], "texture": "#2"},
				"up": {"uv": [3.75, 12, 4.375, 10.75], "texture": "#2"},
				"down": {"uv": [10.75, 7.25, 11.375, 8.5], "texture": "#2"}
			}
		},
		{
			"name": "lower_leg",
			"from": [4.2875, 0.6475, 8.9525],
			"to": [6.3125, 6.535, 11.675],
			"rotation": {"angle": 22.5, "axis": "x", "origin": [5.35, 9.9, 10.4]},
			"faces": {
				"north": {"uv": [9, 11, 8.5, 12.5], "texture": "#2"},
				"east": {"uv": [11.125, 5.75, 10.5, 7.25], "texture": "#2"},
				"south": {"uv": [11.75, 3.5, 11.25, 5], "texture": "#2"},
				"west": {"uv": [11.125, 4.25, 10.5, 5.75], "texture": "#2"},
				"up": {"uv": [12, 12.875, 12.5, 12.25], "texture": "#2"},
				"down": {"uv": [1, 12.5, 1.5, 13.125], "texture": "#2"}
			}
		},
		{
			"name": "upper_leg",
			"from": [3.815, 5.095, 7.13],
			"to": [6.785, 11.53, 11.18],
			"rotation": {"angle": 22.5, "axis": "x", "origin": [5.35, 9.9, 10.4]},
			"faces": {
				"north": {"uv": [1.5, 9.25, 0.75, 10.875], "texture": "#2"},
				"east": {"uv": [7, 8.5, 6, 10.125], "texture": "#2"},
				"south": {"uv": [2.25, 9.25, 1.5, 10.875], "texture": "#2"},
				"west": {"uv": [6, 8.5, 5, 10.125], "texture": "#2"},
				"up": {"uv": [5, 12.25, 5.75, 11.25], "texture": "#2"},
				"down": {"uv": [11.25, 5, 12, 6], "texture": "#2"}
			}
		}
	],
	"display": {
		"gui": {
			"rotation": [30, 225, 0],
			"scale": [0.625, 0.625, 0.625]
		},
		"head": {
			"translation": [0, -28.5, 1],
			"scale": [2, 2, 2]
		},
		"fixed": {
			"translation": [0, 39.75, 25.5],
			"scale": [3, 3, 3]
		}
	},
	"groups": [
		{
			"name": "torso",
			"origin": [8, 8, 8],
			"color": 3,
			"children": [
				0,
				1,
				2,
				{
					"name": "tail",
					"origin": [9, 0, 9],
					"color": 0,
					"children": [3, 4, 5, 6]
				}
			]
		},
		{
			"name": "head",
			"origin": [8, 8, 8],
			"color": 0,
			"children": [
				{
					"name": "skull",
					"origin": [8, 8, 8],
					"color": 0,
					"children": [
						7,
						8,
						{
							"name": "lowerjaw",
							"origin": [8, 18, -3],
							"color": 0,
							"children": [
								9,
								10,
								11,
								12,
								{
									"name": "teeth",
									"origin": [8, 18, -3],
									"color": 0,
									"children": [13, 14, 15, 16, 17, 18, 19]
								}
							]
						},
						20,
						{
							"name": "teeth",
							"origin": [8, 18, -3],
							"color": 0,
							"children": [21, 22, 23, 24, 25, 26, 27]
						}
					]
				},
				{
					"name": "neck",
					"origin": [8, 8, 8],
					"color": 0,
					"children": [28, 29]
				}
			]
		},
		{
			"name": "arm1",
			"origin": [8, 8, 8],
			"color": 0,
			"children": [30, 31]
		},
		{
			"name": "arm2",
			"origin": [8, 8, 8],
			"color": 0,
			"children": [32, 33]
		},
		{
			"name": "legs",
			"origin": [8, 8, 8],
			"color": 0,
			"children": [
				{
					"name": "leg2",
					"origin": [8, 8, 8],
					"color": 1,
					"children": [
						34,
						35,
						36,
						{
							"name": "leg1",
							"origin": [8, 8, 8],
							"color": 1,
							"children": [37, 38, 39]
						}
					]
				},
				{
					"name": "leg1",
					"origin": [8, 8, 8],
					"color": 1,
					"children": [
						40,
						41,
						42,
						{
							"name": "leg2",
							"origin": [8, 8, 8],
							"color": 1,
							"children": [43, 44, 45]
						}
					]
				}
			]
		}
	]
}