{
	"credit": "Made with Blockbench",
	"texture_size": [64, 64],
	"textures": {
		"2": "krmc:krmc_mobs/t_mcraensis",
		"3": "krmc:krmc_mobs/animations/t_mcraensis",
		"particle": "krmc:krmc_mobs/t_mcraensis"
	},
	"elements": [
		{
			"from": [5.83023, 6.58104, -7.44261],
			"to": [10.16978, 14.58834, -2.62566],
			"rotation": {"angle": -22.5, "axis": "x", "origin": [8.125, 13.9936, -7.74926]},
			"faces": {
				"north": {"uv": [4, 6.75, 5.125, 8.75], "texture": "#2"},
				"east": {"uv": [2.75, 5.5, 4, 7.5], "texture": "#2"},
				"south": {"uv": [6.75, 5.75, 7.875, 7.75], "texture": "#2"},
				"west": {"uv": [5.5, 4.5, 6.75, 6.5], "texture": "#2"},
				"up": {"uv": [2.125, 9.5, 1, 8.25], "texture": "#2"},
				"down": {"uv": [6.375, 8.5, 5.25, 9.75], "texture": "#2"}
			}
		},
		{
			"name": "1",
			"from": [8.82, 13.46785, -13.51342],
			"to": [9.32, 14.56785, -13.01342],
			"rotation": {"angle": -22.5, "axis": "x", "origin": [9.07, 14.01785, -13.26342]},
			"faces": {
				"north": {"uv": [6.5, 8.5, 6.625, 8.75], "texture": "#2"},
				"east": {"uv": [5, 8.75, 5.125, 9], "texture": "#2"},
				"south": {"uv": [6.5, 8.75, 6.625, 9], "texture": "#2"},
				"west": {"uv": [5, 9, 5.125, 9.25], "texture": "#2"},
				"up": {"uv": [6.625, 9.125, 6.5, 9], "texture": "#2"},
				"down": {"uv": [5.125, 9.25, 5, 9.375], "texture": "#2"}
			}
		},
		{
			"name": "2",
			"from": [8.82, 13.46785, -12.76342],
			"to": [9.32, 14.56785, -12.26342],
			"rotation": {"angle": -22.5, "axis": "x", "origin": [9.07, 14.01785, -12.51342]},
			"faces": {
				"north": {"uv": [6.5, 8.5, 6.625, 8.75], "texture": "#2"},
				"east": {"uv": [5, 8.75, 5.125, 9], "texture": "#2"},
				"south": {"uv": [6.5, 8.75, 6.625, 9], "texture": "#2"},
				"west": {"uv": [5, 9, 5.125, 9.25], "texture": "#2"},
				"up": {"uv": [6.625, 9.125, 6.5, 9], "texture": "#2"},
				"down": {"uv": [5.125, 9.25, 5, 9.375], "texture": "#2"}
			}
		},
		{
			"name": "3",
			"from": [8.82, 13.21785, -12.01342],
			"to": [9.32, 14.56785, -11.51342],
			"rotation": {"angle": -22.5, "axis": "x", "origin": [9.07, 13.76785, -11.76342]},
			"faces": {
				"north": {"uv": [6.5, 8.5, 6.625, 8.75], "texture": "#2"},
				"east": {"uv": [5, 8.75, 5.125, 9], "texture": "#2"},
				"south": {"uv": [6.5, 8.75, 6.625, 9], "texture": "#2"},
				"west": {"uv": [5, 9, 5.125, 9.25], "texture": "#2"},
				"up": {"uv": [6.625, 9.125, 6.5, 9], "texture": "#2"},
				"down": {"uv": [5.125, 9.25, 5, 9.375], "texture": "#2"}
			}
		},
		{
			"name": "4",
			"from": [8.82, 13.21785, -11.26342],
			"to": [9.32, 14.81785, -10.76342],
			"rotation": {"angle": -22.5, "axis": "x", "origin": [9.07, 13.76785, -11.01342]},
			"faces": {
				"north": {"uv": [6.5, 8.5, 6.625, 8.75], "texture": "#2"},
				"east": {"uv": [5, 8.75, 5.125, 9], "texture": "#2"},
				"south": {"uv": [6.5, 8.75, 6.625, 9], "texture": "#2"},
				"west": {"uv": [5, 9, 5.125, 9.25], "texture": "#2"},
				"up": {"uv": [6.625, 9.125, 6.5, 9], "texture": "#2"},
				"down": {"uv": [5.125, 9.25, 5, 9.375], "texture": "#2"}
			}
		},
		{
			"name": "5",
			"from": [8.82, 13.71785, -10.71342],
			"to": [9.32, 14.81785, -10.21342],
			"rotation": {"angle": -22.5, "axis": "x", "origin": [9.07, 14.26785, -10.46342]},
			"faces": {
				"north": {"uv": [6.5, 8.5, 6.625, 8.75], "texture": "#2"},
				"east": {"uv": [5, 8.75, 5.125, 9], "texture": "#2"},
				"south": {"uv": [6.5, 8.75, 6.625, 9], "texture": "#2"},
				"west": {"uv": [5, 9, 5.125, 9.25], "texture": "#2"},
				"up": {"uv": [6.625, 9.125, 6.5, 9], "texture": "#2"},
				"down": {"uv": [5.125, 9.25, 5, 9.375], "texture": "#2"}
			}
		},
		{
			"name": "6",
			"from": [8.82, 13.96785, -10.06342],
			"to": [9.32, 14.81785, -9.56342],
			"rotation": {"angle": -45, "axis": "x", "origin": [9.07, 14.26785, -9.81342]},
			"faces": {
				"north": {"uv": [6.5, 8.5, 6.625, 8.75], "texture": "#2"},
				"east": {"uv": [5, 8.75, 5.125, 9], "texture": "#2"},
				"south": {"uv": [6.5, 8.75, 6.625, 9], "texture": "#2"},
				"west": {"uv": [5, 9, 5.125, 9.25], "texture": "#2"},
				"up": {"uv": [6.625, 9.125, 6.5, 9], "texture": "#2"},
				"down": {"uv": [5.125, 9.25, 5, 9.375], "texture": "#2"}
			}
		},
		{
			"name": "7",
			"from": [6.68, 13.46785, -13.51342],
			"to": [7.18, 14.56785, -13.01342],
			"rotation": {"angle": -22.5, "axis": "x", "origin": [6.93, 14.01785, -13.26342]},
			"faces": {
				"north": {"uv": [6.625, 8.5, 6.5, 8.75], "texture": "#2"},
				"east": {"uv": [5.125, 9, 5, 9.25], "texture": "#2"},
				"south": {"uv": [6.625, 8.75, 6.5, 9], "texture": "#2"},
				"west": {"uv": [5.125, 8.75, 5, 9], "texture": "#2"},
				"up": {"uv": [6.5, 9.125, 6.625, 9], "texture": "#2"},
				"down": {"uv": [5, 9.25, 5.125, 9.375], "texture": "#2"}
			}
		},
		{
			"name": "8",
			"from": [6.68, 13.46785, -12.76342],
			"to": [7.18, 14.56785, -12.26342],
			"rotation": {"angle": -22.5, "axis": "x", "origin": [6.93, 14.01785, -12.51342]},
			"faces": {
				"north": {"uv": [6.625, 8.5, 6.5, 8.75], "texture": "#2"},
				"east": {"uv": [5.125, 9, 5, 9.25], "texture": "#2"},
				"south": {"uv": [6.625, 8.75, 6.5, 9], "texture": "#2"},
				"west": {"uv": [5.125, 8.75, 5, 9], "texture": "#2"},
				"up": {"uv": [6.5, 9.125, 6.625, 9], "texture": "#2"},
				"down": {"uv": [5, 9.25, 5.125, 9.375], "texture": "#2"}
			}
		},
		{
			"name": "9",
			"from": [6.68, 13.21785, -12.01342],
			"to": [7.18, 14.56785, -11.51342],
			"rotation": {"angle": -22.5, "axis": "x", "origin": [6.93, 13.76785, -11.76342]},
			"faces": {
				"north": {"uv": [6.625, 8.5, 6.5, 8.75], "texture": "#2"},
				"east": {"uv": [5.125, 9, 5, 9.25], "texture": "#2"},
				"south": {"uv": [6.625, 8.75, 6.5, 9], "texture": "#2"},
				"west": {"uv": [5.125, 8.75, 5, 9], "texture": "#2"},
				"up": {"uv": [6.5, 9.125, 6.625, 9], "texture": "#2"},
				"down": {"uv": [5, 9.25, 5.125, 9.375], "texture": "#2"}
			}
		},
		{
			"name": "10",
			"from": [6.68, 13.21785, -11.26342],
			"to": [7.18, 14.81785, -10.76342],
			"rotation": {"angle": -22.5, "axis": "x", "origin": [6.93, 13.76785, -11.01342]},
			"faces": {
				"north": {"uv": [6.625, 8.5, 6.5, 8.75], "texture": "#2"},
				"east": {"uv": [5.125, 9, 5, 9.25], "texture": "#2"},
				"south": {"uv": [6.625, 8.75, 6.5, 9], "texture": "#2"},
				"west": {"uv": [5.125, 8.75, 5, 9], "texture": "#2"},
				"up": {"uv": [6.5, 9.125, 6.625, 9], "texture": "#2"},
				"down": {"uv": [5, 9.25, 5.125, 9.375], "texture": "#2"}
			}
		},
		{
			"name": "11",
			"from": [6.68, 13.71785, -10.71342],
			"to": [7.18, 14.81785, -10.21342],
			"rotation": {"angle": -22.5, "axis": "x", "origin": [6.93, 14.26785, -10.46342]},
			"faces": {
				"north": {"uv": [6.625, 8.5, 6.5, 8.75], "texture": "#2"},
				"east": {"uv": [5.125, 9, 5, 9.25], "texture": "#2"},
				"south": {"uv": [6.625, 8.75, 6.5, 9], "texture": "#2"},
				"west": {"uv": [5.125, 8.75, 5, 9], "texture": "#2"},
				"up": {"uv": [6.5, 9.125, 6.625, 9], "texture": "#2"},
				"down": {"uv": [5, 9.25, 5.125, 9.375], "texture": "#2"}
			}
		},
		{
			"name": "12",
			"from": [6.68, 13.96785, -10.06342],
			"to": [7.18, 14.81785, -9.56342],
			"rotation": {"angle": -45, "axis": "x", "origin": [6.93, 14.26785, -9.81342]},
			"faces": {
				"north": {"uv": [6.625, 8.5, 6.5, 8.75], "texture": "#2"},
				"east": {"uv": [5.125, 9, 5, 9.25], "texture": "#2"},
				"south": {"uv": [6.625, 8.75, 6.5, 9], "texture": "#2"},
				"west": {"uv": [5.125, 8.75, 5, 9], "texture": "#2"},
				"up": {"uv": [6.5, 9.125, 6.625, 9], "texture": "#2"},
				"down": {"uv": [5, 9.25, 5.125, 9.375], "texture": "#2"}
			}
		},
		{
			"name": "13",
			"from": [7.675, 13.71785, -13.8434],
			"to": [8.325, 14.56785, -13.6434],
			"rotation": {"angle": 0, "axis": "y", "origin": [7.825, 14.01785, -13.51342]},
			"faces": {
				"north": {"uv": [6.5, 8.5, 6.625, 8.75], "texture": "#2"},
				"east": {"uv": [5, 8.75, 5.125, 9], "texture": "#2"},
				"south": {"uv": [6.5, 8.75, 6.625, 9], "texture": "#2"},
				"west": {"uv": [5, 9, 5.125, 9.25], "texture": "#2"},
				"up": {"uv": [6.625, 9.125, 6.5, 9], "texture": "#2"},
				"down": {"uv": [5.125, 9.25, 5, 9.375], "texture": "#2"}
			}
		},
		{
			"name": "14",
			"from": [6.82, 13.71785, -13.8434],
			"to": [7.47, 14.56785, -13.5434],
			"rotation": {"angle": 0, "axis": "y", "origin": [6.97, 14.01785, -13.51342]},
			"faces": {
				"north": {"uv": [6.5, 8.5, 6.625, 8.75], "texture": "#2"},
				"east": {"uv": [5, 8.75, 5.125, 9], "texture": "#2"},
				"south": {"uv": [6.5, 8.75, 6.625, 9], "texture": "#2"},
				"west": {"uv": [5, 9, 5.125, 9.25], "texture": "#2"},
				"up": {"uv": [6.625, 9.125, 6.5, 9], "texture": "#2"},
				"down": {"uv": [5.125, 9.25, 5, 9.375], "texture": "#2"}
			}
		},
		{
			"name": "15",
			"from": [8.57, 13.71785, -13.8434],
			"to": [9.22, 14.56785, -13.5434],
			"rotation": {"angle": 0, "axis": "x", "origin": [8.97, 14.01785, -13.51342]},
			"faces": {
				"north": {"uv": [6.5, 8.5, 6.625, 8.75], "texture": "#2"},
				"east": {"uv": [5, 8.75, 5.125, 9], "texture": "#2"},
				"south": {"uv": [6.5, 8.75, 6.625, 9], "texture": "#2"},
				"west": {"uv": [5, 9, 5.125, 9.25], "texture": "#2"},
				"up": {"uv": [6.625, 9.125, 6.5, 9], "texture": "#2"},
				"down": {"uv": [5.125, 9.25, 5, 9.375], "texture": "#2"}
			}
		},
		{
			"name": "jaw",
			"from": [6.6282, 14.31785, -13.86342],
			"to": [9.3718, 17.5403, -8.45442],
			"rotation": {"angle": 0, "axis": "y", "origin": [8.05, 14.2436, -7.29926]},
			"faces": {
				"north": {"uv": [10.75, 8, 11.375, 8.75], "texture": "#2"},
				"east": {"uv": [9.25, 7.5, 10.625, 8.25], "texture": "#2"},
				"south": {"uv": [10.75, 8.75, 11.375, 9.5], "texture": "#2"},
				"west": {"uv": [9.25, 8.25, 10.625, 9], "texture": "#2"},
				"up": {"uv": [4.875, 11.375, 4.25, 10], "texture": "#2"},
				"down": {"uv": [8.375, 10, 7.75, 11.375], "texture": "#2"}
			}
		},
		{
			"name": "1",
			"from": [5.7064, 12.8531, -8.35442],
			"to": [10.2936, 14.3403, -3.76722],
			"rotation": {"angle": -45, "axis": "x", "origin": [7.95, 14.3436, -6.54926]},
			"faces": {
				"north": {"uv": [10.75, 9.5, 11.875, 9.875], "texture": "#2"},
				"east": {"uv": [10.75, 10, 11.875, 10.375], "texture": "#2"},
				"south": {"uv": [10.75, 10.5, 11.875, 10.875], "texture": "#2"},
				"west": {"uv": [11, 0, 12.125, 0.375], "texture": "#2"},
				"up": {"uv": [4.875, 9.875, 3.75, 8.75], "texture": "#2"},
				"down": {"uv": [9.125, 8.75, 8, 9.875], "texture": "#2"}
			}
		},
		{
			"name": "2",
			"from": [6.8282, 12.85126, -13.81342],
			"to": [9.1718, 14.31601, -8.35442],
			"rotation": {"angle": -45, "axis": "x", "origin": [7.95, 14.3436, -6.54926]},
			"faces": {
				"north": {"uv": [0, 11.25, 0.625, 11.625], "texture": "#2"},
				"east": {"uv": [10.5, 7, 11.875, 7.375], "texture": "#2"},
				"south": {"uv": [2, 11.25, 2.625, 11.625], "texture": "#2"},
				"west": {"uv": [10.75, 7.5, 12.125, 7.875], "texture": "#2"},
				"up": {"uv": [9.125, 11.375, 8.5, 10], "texture": "#2"},
				"down": {"uv": [10.625, 9, 10, 10.375], "texture": "#2"}
			}
		},
		{
			"name": "1",
			"from": [8.662, 11.44763, -12.99376],
			"to": [9.062, 12.32763, -12.59376],
			"rotation": {"angle": -22.5, "axis": "x", "origin": [7.95, 14.3436, -6.54926]},
			"faces": {
				"north": {"uv": [6.5, 8.75, 6.625, 8.5], "texture": "#2"},
				"east": {"uv": [5, 9, 5.125, 8.75], "texture": "#2"},
				"south": {"uv": [6.5, 9, 6.625, 8.75], "texture": "#2"},
				"west": {"uv": [5, 9.25, 5.125, 9], "texture": "#2"},
				"up": {"uv": [5.125, 9.375, 5, 9.25], "texture": "#2"},
				"down": {"uv": [6.625, 9, 6.5, 9.125], "texture": "#2"}
			}
		},
		{
			"name": "2",
			"from": [8.662, 11.67724, -12.43944],
			"to": [9.062, 12.55724, -12.03944],
			"rotation": {"angle": -22.5, "axis": "x", "origin": [7.95, 14.3436, -6.54926]},
			"faces": {
				"north": {"uv": [6.5, 8.75, 6.625, 8.5], "texture": "#2"},
				"east": {"uv": [5, 9, 5.125, 8.75], "texture": "#2"},
				"south": {"uv": [6.5, 9, 6.625, 8.75], "texture": "#2"},
				"west": {"uv": [5, 9.25, 5.125, 9], "texture": "#2"},
				"up": {"uv": [5.125, 9.375, 5, 9.25], "texture": "#2"},
				"down": {"uv": [6.625, 9, 6.5, 9.125], "texture": "#2"}
			}
		},
		{
			"name": "3",
			"from": [8.662, 11.89162, -11.96164],
			"to": [9.062, 12.97162, -11.56164],
			"rotation": {"angle": -22.5, "axis": "x", "origin": [7.95, 14.3436, -6.54926]},
			"faces": {
				"north": {"uv": [6.5, 8.75, 6.625, 8.5], "texture": "#2"},
				"east": {"uv": [5, 9, 5.125, 8.75], "texture": "#2"},
				"south": {"uv": [6.5, 9, 6.625, 8.75], "texture": "#2"},
				"west": {"uv": [5, 9.25, 5.125, 9], "texture": "#2"},
				"up": {"uv": [5.125, 9.375, 5, 9.25], "texture": "#2"},
				"down": {"uv": [6.625, 9, 6.5, 9.125], "texture": "#2"}
			}
		},
		{
			"name": "4",
			"from": [8.662, 11.92123, -11.40732],
			"to": [9.062, 13.20123, -11.00732],
			"rotation": {"angle": -22.5, "axis": "x", "origin": [7.95, 14.3436, -6.54926]},
			"faces": {
				"north": {"uv": [6.5, 8.75, 6.625, 8.5], "texture": "#2"},
				"east": {"uv": [5, 9, 5.125, 8.75], "texture": "#2"},
				"south": {"uv": [6.5, 9, 6.625, 8.75], "texture": "#2"},
				"west": {"uv": [5, 9.25, 5.125, 9], "texture": "#2"},
				"up": {"uv": [5.125, 9.375, 5, 9.25], "texture": "#2"},
				"down": {"uv": [6.625, 9, 6.5, 9.125], "texture": "#2"}
			}
		},
		{
			"name": "5",
			"from": [8.662, 12.12006, -10.84774],
			"to": [9.062, 13.00006, -10.44774],
			"rotation": {"angle": -22.5, "axis": "x", "origin": [7.95, 14.3436, -6.54926]},
			"faces": {
				"north": {"uv": [6.5, 8.75, 6.625, 8.5], "texture": "#2"},
				"east": {"uv": [5, 9, 5.125, 8.75], "texture": "#2"},
				"south": {"uv": [6.5, 9, 6.625, 8.75], "texture": "#2"},
				"west": {"uv": [5, 9.25, 5.125, 9], "texture": "#2"},
				"up": {"uv": [5.125, 9.375, 5, 9.25], "texture": "#2"},
				"down": {"uv": [6.625, 9, 6.5, 9.125], "texture": "#2"}
			}
		},
		{
			"name": "6",
			"from": [8.662, 11.05511, -9.48553],
			"to": [9.062, 11.73511, -9.08553],
			"rotation": {"angle": 0, "axis": "x", "origin": [7.95, 14.3436, -6.54926]},
			"faces": {
				"north": {"uv": [6.5, 8.75, 6.625, 8.5], "texture": "#2"},
				"east": {"uv": [5, 9, 5.125, 8.75], "texture": "#2"},
				"south": {"uv": [6.5, 9, 6.625, 8.75], "texture": "#2"},
				"west": {"uv": [5, 9.25, 5.125, 9], "texture": "#2"},
				"up": {"uv": [5.125, 9.375, 5, 9.25], "texture": "#2"},
				"down": {"uv": [6.625, 9, 6.5, 9.125], "texture": "#2"}
			}
		},
		{
			"name": "7",
			"from": [6.95, 11.44763, -12.99376],
			"to": [7.35, 12.32763, -12.59376],
			"rotation": {"angle": -22.5, "axis": "x", "origin": [7.95, 14.3436, -6.54926]},
			"faces": {
				"north": {"uv": [6.625, 8.75, 6.5, 8.5], "texture": "#2"},
				"east": {"uv": [5.125, 9.25, 5, 9], "texture": "#2"},
				"south": {"uv": [6.625, 9, 6.5, 8.75], "texture": "#2"},
				"west": {"uv": [5.125, 9, 5, 8.75], "texture": "#2"},
				"up": {"uv": [5, 9.375, 5.125, 9.25], "texture": "#2"},
				"down": {"uv": [6.5, 9, 6.625, 9.125], "texture": "#2"}
			}
		},
		{
			"name": "8",
			"from": [6.95, 11.67724, -12.43944],
			"to": [7.35, 12.55724, -12.03944],
			"rotation": {"angle": -22.5, "axis": "x", "origin": [7.95, 14.3436, -6.54926]},
			"faces": {
				"north": {"uv": [6.625, 8.75, 6.5, 8.5], "texture": "#2"},
				"east": {"uv": [5.125, 9.25, 5, 9], "texture": "#2"},
				"south": {"uv": [6.625, 9, 6.5, 8.75], "texture": "#2"},
				"west": {"uv": [5.125, 9, 5, 8.75], "texture": "#2"},
				"up": {"uv": [5, 9.375, 5.125, 9.25], "texture": "#2"},
				"down": {"uv": [6.5, 9, 6.625, 9.125], "texture": "#2"}
			}
		},
		{
			"name": "9",
			"from": [6.95, 11.89162, -11.96164],
			"to": [7.35, 12.97162, -11.56164],
			"rotation": {"angle": -22.5, "axis": "x", "origin": [7.95, 14.3436, -6.54926]},
			"faces": {
				"north": {"uv": [6.625, 8.75, 6.5, 8.5], "texture": "#2"},
				"east": {"uv": [5.125, 9.25, 5, 9], "texture": "#2"},
				"south": {"uv": [6.625, 9, 6.5, 8.75], "texture": "#2"},
				"west": {"uv": [5.125, 9, 5, 8.75], "texture": "#2"},
				"up": {"uv": [5, 9.375, 5.125, 9.25], "texture": "#2"},
				"down": {"uv": [6.5, 9, 6.625, 9.125], "texture": "#2"}
			}
		},
		{
			"name": "10",
			"from": [6.95, 11.92123, -11.40732],
			"to": [7.35, 13.20123, -11.00732],
			"rotation": {"angle": -22.5, "axis": "x", "origin": [7.95, 14.3436, -6.54926]},
			"faces": {
				"north": {"uv": [6.625, 8.75, 6.5, 8.5], "texture": "#2"},
				"east": {"uv": [5.125, 9.25, 5, 9], "texture": "#2"},
				"south": {"uv": [6.625, 9, 6.5, 8.75], "texture": "#2"},
				"west": {"uv": [5.125, 9, 5, 8.75], "texture": "#2"},
				"up": {"uv": [5, 9.375, 5.125, 9.25], "texture": "#2"},
				"down": {"uv": [6.5, 9, 6.625, 9.125], "texture": "#2"}
			}
		},
		{
			"name": "11",
			"from": [6.95, 12.12006, -10.84774],
			"to": [7.35, 13.00006, -10.44774],
			"rotation": {"angle": -22.5, "axis": "x", "origin": [7.95, 14.3436, -6.54926]},
			"faces": {
				"north": {"uv": [6.625, 8.75, 6.5, 8.5], "texture": "#2"},
				"east": {"uv": [5.125, 9.25, 5, 9], "texture": "#2"},
				"south": {"uv": [6.625, 9, 6.5, 8.75], "texture": "#2"},
				"west": {"uv": [5.125, 9, 5, 8.75], "texture": "#2"},
				"up": {"uv": [5, 9.375, 5.125, 9.25], "texture": "#2"},
				"down": {"uv": [6.5, 9, 6.625, 9.125], "texture": "#2"}
			}
		},
		{
			"name": "12",
			"from": [6.95, 11.05511, -9.48553],
			"to": [7.35, 11.73511, -9.08553],
			"rotation": {"angle": 0, "axis": "x", "origin": [7.95, 14.3436, -6.54926]},
			"faces": {
				"north": {"uv": [6.625, 8.75, 6.5, 8.5], "texture": "#2"},
				"east": {"uv": [5.125, 9.25, 5, 9], "texture": "#2"},
				"south": {"uv": [6.625, 9, 6.5, 8.75], "texture": "#2"},
				"west": {"uv": [5.125, 9, 5, 8.75], "texture": "#2"},
				"up": {"uv": [5, 9.375, 5.125, 9.25], "texture": "#2"},
				"down": {"uv": [6.5, 9, 6.625, 9.125], "texture": "#2"}
			}
		},
		{
			"name": "13",
			"from": [7.462, 14.02425, -13.57829],
			"to": [7.982, 14.70425, -13.25829],
			"rotation": {"angle": -45, "axis": "x", "origin": [7.95, 14.3436, -6.54926]},
			"faces": {
				"north": {"uv": [6.5, 8.75, 6.625, 8.5], "texture": "#2"},
				"east": {"uv": [5, 9, 5.125, 8.75], "texture": "#2"},
				"south": {"uv": [6.5, 9, 6.625, 8.75], "texture": "#2"},
				"west": {"uv": [5, 9.25, 5.125, 9], "texture": "#2"},
				"up": {"uv": [5.125, 9.375, 5, 9.25], "texture": "#2"},
				"down": {"uv": [6.625, 9, 6.5, 9.125], "texture": "#2"}
			}
		},
		{
			"name": "15",
			"from": [8.062, 14.02425, -13.57829],
			"to": [8.582, 14.70425, -13.25829],
			"rotation": {"angle": -45, "axis": "x", "origin": [7.95, 14.3436, -6.54926]},
			"faces": {
				"north": {"uv": [6.5, 8.75, 6.625, 8.5], "texture": "#2"},
				"east": {"uv": [5, 9, 5.125, 8.75], "texture": "#2"},
				"south": {"uv": [6.5, 9, 6.625, 8.75], "texture": "#2"},
				"west": {"uv": [5, 9.25, 5.125, 9], "texture": "#2"},
				"up": {"uv": [5.125, 9.375, 5, 9.25], "texture": "#2"},
				"down": {"uv": [6.625, 9, 6.5, 9.125], "texture": "#2"}
			}
		},
		{
			"name": "skull_main",
			"from": [5.6564, 14.3531, -8.45442],
			"to": [10.3436, 17.5403, -3.76722],
			"rotation": {"angle": 0, "axis": "y", "origin": [8, 14.2436, -7.29926]},
			"faces": {
				"north": {"uv": [9.75, 0, 10.875, 0.75], "texture": "#2"},
				"east": {"uv": [10.25, 0.75, 11.375, 1.5], "texture": "#2"},
				"south": {"uv": [10.25, 1.5, 11.375, 2.25], "texture": "#2"},
				"west": {"uv": [10.25, 2.25, 11.375, 3], "texture": "#2"},
				"up": {"uv": [10.125, 3.125, 9, 2], "texture": "#2"},
				"down": {"uv": [10.375, 6.25, 9.25, 7.375], "texture": "#2"}
			}
		},
		{
			"name": "eyebrow_left",
			"from": [5.49365, 16.4685, -9.62622],
			"to": [6.8282, 17.80305, -7.09817],
			"rotation": {"angle": 0, "axis": "x", "origin": [8, 14.3436, -7.29926]},
			"faces": {
				"north": {"uv": [1, 7.75, 1.375, 8.125], "texture": "#2"},
				"east": {"uv": [11.25, 3, 11.875, 3.375], "texture": "#2"},
				"south": {"uv": [9, 3.25, 9.375, 3.625], "texture": "#2"},
				"west": {"uv": [11.25, 3.5, 11.875, 3.875], "texture": "#2"},
				"up": {"uv": [3.125, 11.875, 2.75, 11.25], "texture": "#2"},
				"down": {"uv": [11.625, 4, 11.25, 4.625], "texture": "#2"}
			}
		},
		{
			"name": "eyebrow_right",
			"from": [9.1718, 16.4685, -9.62622],
			"to": [10.50635, 17.80305, -7.09817],
			"rotation": {"angle": 0, "axis": "x", "origin": [8, 14.3436, -7.29926]},
			"faces": {
				"north": {"uv": [5.5, 11.5, 5.875, 11.875], "texture": "#2"},
				"east": {"uv": [11.25, 4.75, 11.875, 5.125], "texture": "#2"},
				"south": {"uv": [6.75, 11.5, 7.125, 11.875], "texture": "#2"},
				"west": {"uv": [11.5, 0.75, 12.125, 1.125], "texture": "#2"},
				"up": {"uv": [11.875, 1.875, 11.5, 1.25], "texture": "#2"},
				"down": {"uv": [11.875, 2, 11.5, 2.625], "texture": "#2"}
			}
		},
		{
			"name": "torso_main",
			"from": [5.0705, 5.9675, 1.63524],
			"to": [10.9295, 13.671, 12.37674],
			"rotation": {"angle": 0, "axis": "y", "origin": [0.188, 0, -3.24726]},
			"faces": {
				"north": {"uv": [0, 4, 1.5, 5.875], "texture": "#2"},
				"east": {"uv": [0, 0, 2.625, 1.875], "texture": "#2"},
				"south": {"uv": [4.25, 0, 5.75, 1.875], "texture": "#2"},
				"west": {"uv": [0, 2, 2.625, 3.875], "texture": "#2"},
				"up": {"uv": [4.25, 2.625, 2.75, 0], "texture": "#2"},
				"down": {"uv": [4.25, 2.75, 2.75, 5.375], "texture": "#2"}
			}
		},
		{
			"name": "torso_main2",
			"from": [5.0705, 6.944, -3.24726],
			"to": [10.9295, 13.671, 1.63524],
			"rotation": {"angle": 0, "axis": "y", "origin": [0.188, 0, -3.24726]},
			"faces": {
				"north": {"uv": [5.75, 0, 7.25, 1.625], "texture": "#2"},
				"east": {"uv": [7.75, 2, 9, 3.625], "texture": "#2"},
				"south": {"uv": [0, 6, 1.5, 7.625], "texture": "#2"},
				"west": {"uv": [6.75, 7.75, 8, 9.375], "texture": "#2"},
				"up": {"uv": [9.5, 5, 8, 3.75], "texture": "#2"},
				"down": {"uv": [9.5, 5, 8, 6.25], "texture": "#2"}
			}
		},
		{
			"name": "tail1",
			"from": [5.53163, 8.19175, 12.37674],
			"to": [10.46838, 13.1285, 20.73124],
			"rotation": {"angle": 0, "axis": "x", "origin": [7.48463, 11.12125, 11.40024]},
			"faces": {
				"north": {"uv": [8, 6.25, 9.25, 7.5], "texture": "#2"},
				"east": {"uv": [4.25, 2, 6.375, 3.25], "texture": "#2"},
				"south": {"uv": [8, 7.5, 9.25, 8.75], "texture": "#2"},
				"west": {"uv": [4.25, 3.25, 6.375, 4.5], "texture": "#2"},
				"up": {"uv": [2.75, 6.125, 1.5, 4], "texture": "#2"},
				"down": {"uv": [5.5, 4.5, 4.25, 6.625], "texture": "#2"}
			}
		},
		{
			"name": "tail1",
			"from": [6.14465, 9.0055, 20.67699],
			"to": [9.85535, 12.7162, 30.65899],
			"rotation": {"angle": 0, "axis": "y", "origin": [8.09765, 11.935, 19.70049]},
			"faces": {
				"north": {"uv": [0, 10.25, 0.875, 11.125], "texture": "#2"},
				"east": {"uv": [7.25, 0, 9.75, 0.875], "texture": "#2"},
				"south": {"uv": [10.25, 3, 11.125, 3.875], "texture": "#2"},
				"west": {"uv": [7.75, 1, 10.25, 1.875], "texture": "#2"},
				"up": {"uv": [3.625, 10, 2.75, 7.5], "texture": "#2"},
				"down": {"uv": [0.875, 7.75, 0, 10.25], "texture": "#2"}
			}
		},
		{
			"name": "toe_base",
			"from": [3.3345, 0, 6.09459],
			"to": [6.31825, 1.07415, 11.03134],
			"rotation": {"angle": -22.5, "axis": "x", "origin": [8, 11.4449, 8.14154]},
			"faces": {
				"north": {"uv": [5.75, 1.75, 6.5, 2], "texture": "#3"},
				"east": {"uv": [10.75, 5.25, 12, 5.5], "texture": "#3"},
				"south": {"uv": [9.5, 6, 10.25, 6.25], "texture": "#3"},
				"west": {"uv": [11, 0.5, 12.25, 0.75], "texture": "#3"},
				"up": {"uv": [10.25, 6, 9.5, 4.75], "texture": "#3"},
				"down": {"uv": [7.25, 9.5, 6.5, 10.75], "texture": "#3"}
			}
		},
		{
			"name": "lower_leg",
			"from": [3.7034, 1.07415, 7.80889],
			"to": [5.8517, 6.4449, 11.03134],
			"rotation": {"angle": -22.5, "axis": "x", "origin": [8, 11.4449, 8.14154]},
			"faces": {
				"north": {"uv": [10.25, 4, 10.75, 5.375], "texture": "#3"},
				"east": {"uv": [9.25, 9, 10, 10.375], "texture": "#3"},
				"south": {"uv": [10.5, 5.5, 11, 6.875], "texture": "#3"},
				"west": {"uv": [1, 9.5, 1.75, 10.875], "texture": "#3"},
				"up": {"uv": [7.75, 1.75, 7.25, 1], "texture": "#3"},
				"down": {"uv": [7.25, 10.75, 6.75, 11.5], "texture": "#3"}
			}
		},
		{
			"name": "upper_leg",
			"from": [3.17175, 5.63115, 5.66059],
			"to": [5.3092, 12.8898, 10.48884],
			"rotation": {"angle": -22.5, "axis": "x", "origin": [8, 11.4449, 8.14154]},
			"faces": {
				"north": {"uv": [7.25, 9.5, 7.75, 11.375], "texture": "#3"},
				"east": {"uv": [1.5, 6.25, 2.75, 8.125], "texture": "#3"},
				"south": {"uv": [5, 9.75, 5.5, 11.625], "texture": "#3"},
				"west": {"uv": [6.5, 1.75, 7.75, 3.625], "texture": "#3"},
				"up": {"uv": [2.75, 9.5, 2.25, 8.25], "texture": "#3"},
				"down": {"uv": [10.75, 10.5, 10.25, 11.75], "texture": "#3"}
			}
		},
		{
			"name": "toe_base",
			"from": [3.3345, 0, 6.09459],
			"to": [6.31825, 1.07415, 11.03134],
			"rotation": {"angle": 22.5, "axis": "x", "origin": [8, 11.4449, 8.14154]},
			"faces": {
				"north": {"uv": [12.25, 2.75, 11.5, 3], "texture": "#3"},
				"east": {"uv": [12.25, 5.75, 11, 6], "texture": "#3"},
				"south": {"uv": [5, 11.5, 4.25, 11.75], "texture": "#3"},
				"west": {"uv": [12.25, 5.5, 11, 5.75], "texture": "#3"},
				"up": {"uv": [5.5, 11, 6.25, 9.75], "texture": "#3"},
				"down": {"uv": [2.5, 10, 3.25, 11.25], "texture": "#3"}
			}
		},
		{
			"name": "lower_leg",
			"from": [3.7034, 1.07415, 7.80889],
			"to": [5.8517, 6.4449, 11.03134],
			"rotation": {"angle": 22.5, "axis": "x", "origin": [8, 11.4449, 8.14154]},
			"faces": {
				"north": {"uv": [9.75, 10.5, 9.25, 11.875], "texture": "#3"},
				"east": {"uv": [10.25, 3.25, 9.5, 4.625], "texture": "#3"},
				"south": {"uv": [10.25, 10.5, 9.75, 11.875], "texture": "#3"},
				"west": {"uv": [2.5, 9.5, 1.75, 10.875], "texture": "#3"},
				"up": {"uv": [1, 11.75, 1.5, 11], "texture": "#3"},
				"down": {"uv": [1.5, 11, 2, 11.75], "texture": "#3"}
			}
		},
		{
			"name": "upper_leg",
			"from": [3.17175, 5.63115, 5.66059],
			"to": [5.3092, 12.8898, 10.48884],
			"rotation": {"angle": 22.5, "axis": "x", "origin": [8, 11.4449, 8.14154]},
			"faces": {
				"north": {"uv": [3.75, 10, 3.25, 11.875], "texture": "#3"},
				"east": {"uv": [8, 3.75, 6.75, 5.625], "texture": "#3"},
				"south": {"uv": [4.25, 10, 3.75, 11.875], "texture": "#3"},
				"west": {"uv": [6.75, 6.5, 5.5, 8.375], "texture": "#3"},
				"up": {"uv": [10.75, 5.25, 11.25, 4], "texture": "#3"},
				"down": {"uv": [6.25, 10.75, 6.75, 12], "texture": "#3"}
			}
		},
		{
			"name": "toe_base",
			"from": [9.68175, 0, 6.09459],
			"to": [12.6655, 1.07415, 11.03134],
			"rotation": {"angle": -22.5, "axis": "x", "origin": [8, 11.4449, 8.14154]},
			"faces": {
				"north": {"uv": [11.5, 2.75, 12.25, 3], "texture": "#3"},
				"east": {"uv": [11, 5.5, 12.25, 5.75], "texture": "#3"},
				"south": {"uv": [4.25, 11.5, 5, 11.75], "texture": "#3"},
				"west": {"uv": [11, 5.75, 12.25, 6], "texture": "#3"},
				"up": {"uv": [6.25, 11, 5.5, 9.75], "texture": "#3"},
				"down": {"uv": [3.25, 10, 2.5, 11.25], "texture": "#3"}
			}
		},
		{
			"name": "lower_leg",
			"from": [10.1483, 1.07415, 7.80889],
			"to": [12.2966, 6.4449, 11.03134],
			"rotation": {"angle": -22.5, "axis": "x", "origin": [8, 11.4449, 8.14154]},
			"faces": {
				"north": {"uv": [9.25, 10.5, 9.75, 11.875], "texture": "#3"},
				"east": {"uv": [1.75, 9.5, 2.5, 10.875], "texture": "#3"},
				"south": {"uv": [9.75, 10.5, 10.25, 11.875], "texture": "#3"},
				"west": {"uv": [9.5, 3.25, 10.25, 4.625], "texture": "#3"},
				"up": {"uv": [1.5, 11.75, 1, 11], "texture": "#3"},
				"down": {"uv": [2, 11, 1.5, 11.75], "texture": "#3"}
			}
		},
		{
			"name": "upper_leg",
			"from": [10.6908, 5.63115, 5.66059],
			"to": [12.82825, 12.8898, 10.48884],
			"rotation": {"angle": -22.5, "axis": "x", "origin": [8, 11.4449, 8.14154]},
			"faces": {
				"north": {"uv": [3.25, 10, 3.75, 11.875], "texture": "#3"},
				"east": {"uv": [5.5, 6.5, 6.75, 8.375], "texture": "#3"},
				"south": {"uv": [3.75, 10, 4.25, 11.875], "texture": "#3"},
				"west": {"uv": [6.75, 3.75, 8, 5.625], "texture": "#3"},
				"up": {"uv": [11.25, 5.25, 10.75, 4], "texture": "#3"},
				"down": {"uv": [6.75, 10.75, 6.25, 12], "texture": "#3"}
			}
		},
		{
			"name": "toe_base",
			"from": [9.68175, 0, 6.09459],
			"to": [12.6655, 1.07415, 11.03134],
			"rotation": {"angle": 22.5, "axis": "x", "origin": [8, 11.4449, 8.14154]},
			"faces": {
				"north": {"uv": [6.5, 1.75, 5.75, 2], "texture": "#3"},
				"east": {"uv": [12.25, 0.5, 11, 0.75], "texture": "#3"},
				"south": {"uv": [10.25, 6, 9.5, 6.25], "texture": "#3"},
				"west": {"uv": [12, 5.25, 10.75, 5.5], "texture": "#3"},
				"up": {"uv": [9.5, 6, 10.25, 4.75], "texture": "#3"},
				"down": {"uv": [6.5, 9.5, 7.25, 10.75], "texture": "#3"}
			}
		},
		{
			"name": "lower_leg",
			"from": [10.1483, 1.07415, 7.80889],
			"to": [12.2966, 6.4449, 11.03134],
			"rotation": {"angle": 22.5, "axis": "x", "origin": [8, 11.4449, 8.14154]},
			"faces": {
				"north": {"uv": [10.75, 4, 10.25, 5.375], "texture": "#3"},
				"east": {"uv": [1.75, 9.5, 1, 10.875], "texture": "#3"},
				"south": {"uv": [11, 5.5, 10.5, 6.875], "texture": "#3"},
				"west": {"uv": [10, 9, 9.25, 10.375], "texture": "#3"},
				"up": {"uv": [7.25, 1.75, 7.75, 1], "texture": "#3"},
				"down": {"uv": [6.75, 10.75, 7.25, 11.5], "texture": "#3"}
			}
		},
		{
			"name": "upper_leg",
			"from": [10.6908, 5.63115, 5.66059],
			"to": [12.82825, 12.8898, 10.48884],
			"rotation": {"angle": 22.5, "axis": "x", "origin": [8, 11.4449, 8.14154]},
			"faces": {
				"north": {"uv": [7.75, 9.5, 7.25, 11.375], "texture": "#3"},
				"east": {"uv": [7.75, 1.75, 6.5, 3.625], "texture": "#3"},
				"south": {"uv": [5.5, 9.75, 5, 11.625], "texture": "#3"},
				"west": {"uv": [2.75, 6.25, 1.5, 8.125], "texture": "#3"},
				"up": {"uv": [2.25, 9.5, 2.75, 8.25], "texture": "#3"},
				"down": {"uv": [10.25, 10.5, 10.75, 11.75], "texture": "#3"}
			}
		},
		{
			"name": "upper_arm",
			"from": [4.311, 6.04868, -2.70094],
			"to": [5.2875, 7.56768, 0.33706],
			"rotation": {"angle": 22.5, "axis": "x", "origin": [4.79925, 6.12018, -0.92057]},
			"faces": {
				"north": {"uv": [4, 6.25, 4.25, 6.625], "texture": "#2"},
				"east": {"uv": [5.5, 11, 6.25, 11.375], "texture": "#2"},
				"south": {"uv": [5.25, 7.5, 5.5, 7.875], "texture": "#2"},
				"west": {"uv": [11, 6, 11.75, 6.375], "texture": "#2"},
				"up": {"uv": [4.25, 6.25, 4, 5.5], "texture": "#2"},
				"down": {"uv": [6.75, 3.75, 6.5, 4.5], "texture": "#2"}
			}
		},
		{
			"name": "upper_arm",
			"from": [10.7125, 6.04868, -2.70094],
			"to": [11.689, 7.56768, 0.33706],
			"rotation": {"angle": 22.5, "axis": "x", "origin": [11.20075, 6.12018, -0.92057]},
			"faces": {
				"north": {"uv": [5.25, 8, 5.5, 8.375], "texture": "#2"},
				"east": {"uv": [11, 6.5, 11.75, 6.875], "texture": "#2"},
				"south": {"uv": [3.75, 8.25, 4, 8.625], "texture": "#2"},
				"west": {"uv": [10.75, 11, 11.5, 11.375], "texture": "#2"},
				"up": {"uv": [5.5, 7.5, 5.25, 6.75], "texture": "#2"},
				"down": {"uv": [4, 7.5, 3.75, 8.25], "texture": "#2"}
			}
		}
	],
	"display": {
		"gui": {
			"rotation": [30, 225, 0],
			"scale": [0.625, 0.625, 0.625]
		},
		"head": {
			"translation": [0, -59.46835, 0],
			"scale": [4, 4, 4]
		},
		"fixed": {
			"translation": [0, 48, 21.75],
			"scale": [4, 4, 4]
		}
	},
	"groups": [
		{
			"name": "head",
			"origin": [8, 8, 8],
			"color": 0,
			"children": [
				{
					"name": "neck",
					"origin": [8, 8, 8],
					"color": 0,
					"children": [
						0,
						{
							"name": "feathers",
							"origin": [8, 10, -1.4],
							"color": 0,
							"children": []
						}
					]
				},
				{
					"name": "skull",
					"origin": [8, 8, 8],
					"color": 8,
					"children": [
						{
							"name": "teeth",
							"origin": [8.3, 13.7436, -6.84926],
							"color": 0,
							"children": [1, 2, 3, 4, 5, 6, 7, 8, 9, 10, 11, 12, 13, 14, 15]
						},
						16,
						{
							"name": "lowerjaw",
							"origin": [8, 14.2436, -7.29926],
							"color": 0,
							"children": [
								17,
								18,
								{
									"name": "teeth",
									"origin": [8.3, 13.7436, -6.84926],
									"color": 0,
									"children": [19, 20, 21, 22, 23, 24, 25, 26, 27, 28, 29, 30, 31, 32]
								}
							]
						},
						33,
						34,
						35
					]
				}
			]
		},
		{
			"name": "torso",
			"origin": [8, 8, 8],
			"color": 0,
			"children": [
				36,
				37,
				{
					"name": "tail",
					"origin": [8, 8, 8],
					"color": 9,
					"children": [38, 39]
				}
			]
		},
		{
			"name": "legs",
			"origin": [8, 8, 8],
			"color": 0,
			"children": [
				{
					"name": "leg1",
					"origin": [8, 8, 8],
					"color": 0,
					"children": [
						40,
						41,
						42,
						{
							"name": "leg2",
							"origin": [8, 8, 8],
							"color": 0,
							"children": [43, 44, 45]
						}
					]
				},
				{
					"name": "leg2",
					"origin": [8, 8, 8],
					"color": 0,
					"children": [
						46,
						47,
						48,
						{
							"name": "leg1",
							"origin": [8, 8, 8],
							"color": 0,
							"children": [49, 50, 51]
						}
					]
				}
			]
		},
		{
			"name": "arm1",
			"origin": [8, 8, 8],
			"color": 0,
			"children": [52]
		},
		{
			"name": "arm2",
			"origin": [8, 8, 8],
			"color": 0,
			"children": [53]
		}
	]
}