{
	"credit": "Made with Blockbench",
	"texture_size": [64, 64],
	"textures": {
		"1": "krmc:krmc_mobs/terror_bird",
		"3": "krmc:krmc_mobs/animations/terror_bird"
	},
	"elements": [
		{
			"name": "thigh",
			"from": [3.5, 7.37516, 8.03937],
			"to": [6.5, 14.37516, 12.03937],
			"rotation": {"angle": -22.5, "axis": "x", "origin": [5, 13, 8.6]},
			"faces": {
				"north": {"uv": [4.25, 7, 5, 8.75], "texture": "#3"},
				"east": {"uv": [5.25, 1.75, 6.25, 3.5], "texture": "#3"},
				"south": {"uv": [5, 7, 5.75, 8.75], "texture": "#3"},
				"west": {"uv": [4.25, 5.25, 5.25, 7], "texture": "#3"},
				"up": {"uv": [2.25, 10, 1.5, 9], "texture": "#3"},
				"down": {"uv": [3, 9, 2.25, 10], "texture": "#3"}
			}
		},
		{
			"name": "shin",
			"from": [4, 8.82664, 12.46566],
			"to": [6, 11.82664, 16.46566],
			"rotation": {"angle": 0, "axis": "x", "origin": [5, 13, 8.6]},
			"faces": {
				"north": {"uv": [10.25, 6, 9.75, 5.25], "rotation": 180, "texture": "#3"},
				"east": {"uv": [9, 4, 9.75, 5], "rotation": 90, "texture": "#3"},
				"south": {"uv": [10.25, 6, 9.75, 6.75], "texture": "#3"},
				"west": {"uv": [9, 5, 9.75, 6], "rotation": 270, "texture": "#3"},
				"up": {"uv": [4.5, 9.5, 5, 10.5], "texture": "#3"},
				"down": {"uv": [5.75, 7, 6.25, 8], "rotation": 180, "texture": "#3"}
			}
		},
		{
			"name": "foot_main",
			"from": [4.25, 4.4492, 14.48563],
			"to": [5.75, 8.9492, 16.48563],
			"rotation": {"angle": 0, "axis": "x", "origin": [5, 16, 10.6]},
			"faces": {
				"north": {"uv": [9, 9.25, 9.375, 10.75], "texture": "#3"},
				"east": {"uv": [1, 6.5, 1.5, 8], "texture": "#3"},
				"south": {"uv": [3, 9.5, 3.375, 11], "texture": "#3"},
				"west": {"uv": [5.5, 9, 6, 10.5], "texture": "#3"},
				"up": {"uv": [5.625, 4, 5.25, 3.5], "texture": "#3"},
				"down": {"uv": [6.625, 3, 6.25, 3.5], "texture": "#3"}
			}
		},
		{
			"name": "foot_tip",
			"from": [4, 0.5, 5.75],
			"to": [6, 2, 8.75],
			"rotation": {"angle": -45, "axis": "x", "origin": [5, 13.5, 7.35]},
			"faces": {
				"north": {"uv": [6.75, 4.5, 7.25, 4.875], "texture": "#3"},
				"east": {"uv": [10, 1.75, 10.75, 2.125], "texture": "#3"},
				"south": {"uv": [7.25, 2.5, 7.75, 2.875], "texture": "#3"},
				"west": {"uv": [2, 10, 2.75, 10.375], "texture": "#3"},
				"up": {"uv": [10.25, 7.5, 9.75, 6.75], "texture": "#3"},
				"down": {"uv": [10.25, 7.5, 9.75, 8.25], "texture": "#3"}
			}
		},
		{
			"name": "toe_back",
			"from": [4.5, 2.1992, 12.23563],
			"to": [5.5, 3.4492, 14.23563],
			"rotation": {"angle": -22.5, "axis": "x", "origin": [5, 13.5, 7.35]},
			"faces": {
				"north": {"uv": [0, 10.75, 0.25, 11.125], "texture": "#3"},
				"east": {"uv": [3, 7.25, 3.5, 7.625], "texture": "#3"},
				"south": {"uv": [10.75, 0, 11, 0.375], "texture": "#3"},
				"west": {"uv": [6.75, 8, 7.25, 8.375], "texture": "#3"},
				"up": {"uv": [2.75, 5.5, 2.5, 5], "texture": "#3"},
				"down": {"uv": [8, 4, 7.75, 4.5], "texture": "#3"}
			}
		},
		{
			"name": "toe_left",
			"from": [3.25, 2.22676, 14.53194],
			"to": [4.25, 4.72676, 15.78194],
			"rotation": {"angle": 0, "axis": "x", "origin": [3.75, 3.47676, 15.15694]},
			"faces": {
				"north": {"uv": [8.5, 10.875, 8.25, 10.25], "rotation": 180, "texture": "#3"},
				"east": {"uv": [10, 3.25, 10.625, 3.625], "rotation": 90, "texture": "#3"},
				"south": {"uv": [10.75, 0, 10.5, 0.625], "texture": "#3"},
				"west": {"uv": [6, 10, 6.625, 10.375], "rotation": 270, "texture": "#3"},
				"up": {"uv": [0.5, 10.75, 0.75, 11.125], "texture": "#3"},
				"down": {"uv": [0.25, 10.75, 0.5, 11.125], "rotation": 180, "texture": "#3"}
			}
		},
		{
			"name": "toe_middle",
			"from": [4.5, 1.91108, 14.03697],
			"to": [5.5, 3.91108, 15.28697],
			"rotation": {"angle": 22.5, "axis": "x", "origin": [5, 2.91108, 14.66197]},
			"faces": {
				"north": {"uv": [10.75, 5, 10.5, 4.5], "rotation": 180, "texture": "#3"},
				"east": {"uv": [8.5, 6.75, 9, 7.125], "rotation": 90, "texture": "#3"},
				"south": {"uv": [5, 10.5, 4.75, 11], "texture": "#3"},
				"west": {"uv": [8.75, 0.75, 9.25, 1.125], "rotation": 270, "texture": "#3"},
				"up": {"uv": [0.75, 10.75, 1, 11.125], "texture": "#3"},
				"down": {"uv": [10.75, 0.5, 11, 0.875], "rotation": 180, "texture": "#3"}
			}
		},
		{
			"name": "toe_right",
			"from": [5.75, 0.55, 4.25],
			"to": [6.75, 1.8, 6.75],
			"rotation": {"angle": -45, "axis": "x", "origin": [5, 13.5, 7.35]},
			"faces": {
				"north": {"uv": [1, 10.75, 1.25, 11.125], "texture": "#3"},
				"east": {"uv": [10, 9.25, 10.625, 9.625], "texture": "#3"},
				"south": {"uv": [10.75, 1, 11, 1.375], "texture": "#3"},
				"west": {"uv": [10, 9.75, 10.625, 10.125], "texture": "#3"},
				"up": {"uv": [10.75, 1.375, 10.5, 0.75], "texture": "#3"},
				"down": {"uv": [2.25, 10.5, 2, 11.125], "texture": "#3"}
			}
		},
		{
			"name": "foot_main",
			"from": [3.9, 5.6992, 12.38563],
			"to": [6.1, 7.4492, 14.58563],
			"rotation": {"angle": -22.5, "axis": "x", "origin": [5, 13, 8.6]},
			"faces": {
				"north": {"uv": [3.375, 9.5, 3, 10], "texture": "#3"},
				"east": {"uv": [3.375, 9.5, 3, 10], "texture": "#3"},
				"south": {"uv": [3.375, 9.5, 3, 10], "texture": "#3"},
				"west": {"uv": [3.375, 9.5, 3, 10], "texture": "#3"},
				"up": {"uv": [3.375, 9.5, 3, 10], "texture": "#3"},
				"down": {"uv": [3.375, 9.5, 3, 10], "texture": "#3"}
			}
		},
		{
			"name": "thigh",
			"from": [3.5, 7.37516, 8.03937],
			"to": [6.5, 14.37516, 12.03937],
			"rotation": {"angle": 22.5, "axis": "x", "origin": [11, 13, 8.6]},
			"faces": {
				"north": {"uv": [3, 7.25, 2.25, 9], "texture": "#3"},
				"east": {"uv": [3.5, 5.5, 2.5, 7.25], "texture": "#3"},
				"south": {"uv": [8, 4.5, 7.25, 6.25], "texture": "#3"},
				"west": {"uv": [6.25, 5.25, 5.25, 7], "texture": "#3"},
				"up": {"uv": [6, 10, 6.75, 9], "texture": "#3"},
				"down": {"uv": [9, 6.75, 9.75, 7.75], "texture": "#3"}
			}
		},
		{
			"name": "shin",
			"from": [4, 8.82664, 12.46566],
			"to": [6, 11.82664, 16.46566],
			"rotation": {"angle": 45, "axis": "x", "origin": [11, 13, 8.6]},
			"faces": {
				"north": {"uv": [9.75, 9, 10.25, 8.25], "rotation": 180, "texture": "#3"},
				"east": {"uv": [9.25, 2.75, 10, 1.75], "rotation": 270, "texture": "#3"},
				"south": {"uv": [10, 0, 10.5, 0.75], "texture": "#3"},
				"west": {"uv": [9.25, 1.75, 10, 0.75], "rotation": 90, "texture": "#3"},
				"up": {"uv": [10, 9.25, 9.5, 10.25], "texture": "#3"},
				"down": {"uv": [5.5, 9.5, 5, 10.5], "rotation": 180, "texture": "#3"}
			}
		},
		{
			"name": "foot_main",
			"from": [4.25, 1.4492, 12.48563],
			"to": [5.75, 5.9492, 14.48563],
			"rotation": {"angle": 22.5, "axis": "x", "origin": [11, 13, 8.6]},
			"faces": {
				"north": {"uv": [3.875, 9.5, 3.5, 11], "texture": "#3"},
				"east": {"uv": [7.75, 9.25, 7.25, 10.75], "texture": "#3"},
				"south": {"uv": [4.375, 9.5, 4, 11], "texture": "#3"},
				"west": {"uv": [7.25, 9.25, 6.75, 10.75], "texture": "#3"},
				"up": {"uv": [10.25, 6.75, 10.625, 6.25], "texture": "#3"},
				"down": {"uv": [10.25, 6.75, 10.625, 7.25], "texture": "#3"}
			}
		},
		{
			"name": "foot_tip",
			"from": [4, 0, 7],
			"to": [6, 1.5, 10],
			"rotation": {"angle": 0, "axis": "x", "origin": [11, 13, 8.6]},
			"faces": {
				"north": {"uv": [10.75, 7.25, 10.25, 7.625], "texture": "#3"},
				"east": {"uv": [10.75, 2.75, 10, 3.125], "texture": "#3"},
				"south": {"uv": [8.25, 10.25, 7.75, 10.625], "texture": "#3"},
				"west": {"uv": [10.75, 2.25, 10, 2.625], "texture": "#3"},
				"up": {"uv": [10, 1.5, 10.5, 0.75], "texture": "#3"},
				"down": {"uv": [1.5, 10, 2, 10.75], "texture": "#3"}
			}
		},
		{
			"name": "toe_back",
			"from": [4.5, 1.6992, 13.48563],
			"to": [5.5, 2.9492, 15.48563],
			"rotation": {"angle": 22.5, "axis": "x", "origin": [11, 13, 8.6]},
			"faces": {
				"north": {"uv": [1.5, 10.75, 1.25, 11.125], "texture": "#3"},
				"east": {"uv": [10.75, 8.25, 10.25, 8.625], "texture": "#3"},
				"south": {"uv": [1.75, 10.75, 1.5, 11.125], "texture": "#3"},
				"west": {"uv": [10.75, 7.75, 10.25, 8.125], "texture": "#3"},
				"up": {"uv": [5, 11, 5.25, 10.5], "texture": "#3"},
				"down": {"uv": [5.25, 10.5, 5.5, 11], "texture": "#3"}
			}
		},
		{
			"name": "toe_right",
			"from": [5.75, 0.05, 5.5],
			"to": [6.75, 1.3, 8],
			"rotation": {"angle": 0, "axis": "x", "origin": [11, 13, 8.6]},
			"faces": {
				"north": {"uv": [2, 10.75, 1.75, 11.125], "texture": "#3"},
				"east": {"uv": [1.375, 10.25, 0.75, 10.625], "texture": "#3"},
				"south": {"uv": [11, 1.75, 10.75, 2.125], "texture": "#3"},
				"west": {"uv": [0.625, 10.25, 0, 10.625], "texture": "#3"},
				"up": {"uv": [2.25, 11.125, 2.5, 10.5], "texture": "#3"},
				"down": {"uv": [2.5, 10.5, 2.75, 11.125], "texture": "#3"}
			}
		},
		{
			"name": "toe_middle",
			"from": [4.5, 0, 5],
			"to": [5.5, 1.25, 7],
			"rotation": {"angle": 0, "axis": "x", "origin": [11, 13, 8.6]},
			"faces": {
				"north": {"uv": [11, 2.25, 10.75, 2.625], "texture": "#3"},
				"east": {"uv": [10.5, 10.25, 10, 10.625], "texture": "#3"},
				"south": {"uv": [3, 10.75, 2.75, 11.125], "texture": "#3"},
				"west": {"uv": [10, 10.25, 9.5, 10.625], "texture": "#3"},
				"up": {"uv": [5.5, 11, 5.75, 10.5], "texture": "#3"},
				"down": {"uv": [5.75, 10.5, 6, 11], "texture": "#3"}
			}
		},
		{
			"name": "toe_left",
			"from": [3.25, 0.05, 5.5],
			"to": [4.25, 1.3, 8],
			"rotation": {"angle": 0, "axis": "x", "origin": [11, 13, 8.6]},
			"faces": {
				"north": {"uv": [11, 2.75, 10.75, 3.125], "texture": "#3"},
				"east": {"uv": [10.875, 5.75, 10.25, 6.125], "texture": "#3"},
				"south": {"uv": [11, 3.25, 10.75, 3.625], "texture": "#3"},
				"west": {"uv": [10.875, 5.25, 10.25, 5.625], "texture": "#3"},
				"up": {"uv": [10.5, 4.375, 10.75, 3.75], "texture": "#3"},
				"down": {"uv": [4.5, 10.5, 4.75, 11.125], "texture": "#3"}
			}
		},
		{
			"name": "foot_main",
			"from": [3.9, 5.6992, 12.38563],
			"to": [6.1, 7.4492, 14.58563],
			"rotation": {"angle": 22.5, "axis": "x", "origin": [11, 13, 8.6]},
			"faces": {
				"north": {"uv": [4.375, 9.5, 4, 10], "texture": "#3"},
				"east": {"uv": [4.375, 9.5, 4, 10], "texture": "#3"},
				"south": {"uv": [4.375, 9.5, 4, 10], "texture": "#3"},
				"west": {"uv": [4.375, 9.5, 4, 10], "texture": "#3"},
				"up": {"uv": [4.375, 9.5, 4, 10], "texture": "#3"},
				"down": {"uv": [4.375, 9.5, 4, 10], "texture": "#3"}
			}
		},
		{
			"name": "thigh",
			"from": [9.5, 7.37516, 8.03937],
			"to": [12.5, 14.37516, 12.03937],
			"rotation": {"angle": -22.5, "axis": "x", "origin": [5, 13, 8.6]},
			"faces": {
				"north": {"uv": [2.25, 7.25, 3, 9], "texture": "#3"},
				"east": {"uv": [5.25, 5.25, 6.25, 7], "texture": "#3"},
				"south": {"uv": [7.25, 4.5, 8, 6.25], "texture": "#3"},
				"west": {"uv": [2.5, 5.5, 3.5, 7.25], "texture": "#3"},
				"up": {"uv": [6.75, 10, 6, 9], "texture": "#3"},
				"down": {"uv": [9.75, 6.75, 9, 7.75], "texture": "#3"}
			}
		},
		{
			"name": "shin",
			"from": [10, 8.82664, 12.46566],
			"to": [12, 11.82664, 16.46566],
			"rotation": {"angle": 0, "axis": "x", "origin": [5, 13, 8.6]},
			"faces": {
				"north": {"uv": [10.25, 9, 9.75, 8.25], "rotation": 180, "texture": "#3"},
				"east": {"uv": [9.25, 0.75, 10, 1.75], "rotation": 90, "texture": "#3"},
				"south": {"uv": [10.5, 0, 10, 0.75], "texture": "#3"},
				"west": {"uv": [9.25, 1.75, 10, 2.75], "rotation": 270, "texture": "#3"},
				"up": {"uv": [9.5, 9.25, 10, 10.25], "texture": "#3"},
				"down": {"uv": [5, 9.5, 5.5, 10.5], "rotation": 180, "texture": "#3"}
			}
		},
		{
			"name": "foot_main",
			"from": [10.25, 4.4492, 14.48563],
			"to": [11.75, 8.9492, 16.48563],
			"rotation": {"angle": 0, "axis": "x", "origin": [5, 16, 10.6]},
			"faces": {
				"north": {"uv": [3.5, 9.5, 3.875, 11], "texture": "#3"},
				"east": {"uv": [6.75, 9.25, 7.25, 10.75], "texture": "#3"},
				"south": {"uv": [4, 9.5, 4.375, 11], "texture": "#3"},
				"west": {"uv": [7.25, 9.25, 7.75, 10.75], "texture": "#3"},
				"up": {"uv": [10.625, 6.75, 10.25, 6.25], "texture": "#3"},
				"down": {"uv": [10.625, 6.75, 10.25, 7.25], "texture": "#3"}
			}
		},
		{
			"name": "foot_tip",
			"from": [10, 0.5, 5.75],
			"to": [12, 2, 8.75],
			"rotation": {"angle": -45, "axis": "x", "origin": [5, 13.5, 7.35]},
			"faces": {
				"north": {"uv": [10.25, 7.25, 10.75, 7.625], "texture": "#3"},
				"east": {"uv": [10, 2.25, 10.75, 2.625], "texture": "#3"},
				"south": {"uv": [7.75, 10.25, 8.25, 10.625], "texture": "#3"},
				"west": {"uv": [10, 2.75, 10.75, 3.125], "texture": "#3"},
				"up": {"uv": [10.5, 1.5, 10, 0.75], "texture": "#3"},
				"down": {"uv": [2, 10, 1.5, 10.75], "texture": "#3"}
			}
		},
		{
			"name": "toe_back",
			"from": [10.5, 2.1992, 12.23563],
			"to": [11.5, 3.4492, 14.23563],
			"rotation": {"angle": -22.5, "axis": "x", "origin": [5, 13.5, 7.35]},
			"faces": {
				"north": {"uv": [1.25, 10.75, 1.5, 11.125], "texture": "#3"},
				"east": {"uv": [10.25, 7.75, 10.75, 8.125], "texture": "#3"},
				"south": {"uv": [1.5, 10.75, 1.75, 11.125], "texture": "#3"},
				"west": {"uv": [10.25, 8.25, 10.75, 8.625], "texture": "#3"},
				"up": {"uv": [5.25, 11, 5, 10.5], "texture": "#3"},
				"down": {"uv": [5.5, 10.5, 5.25, 11], "texture": "#3"}
			}
		},
		{
			"name": "toe_left",
			"from": [9.25, 0.55, 4.25],
			"to": [10.25, 1.8, 6.75],
			"rotation": {"angle": -45, "axis": "x", "origin": [5, 13.5, 7.35]},
			"faces": {
				"north": {"uv": [1.75, 10.75, 2, 11.125], "texture": "#3"},
				"east": {"uv": [0, 10.25, 0.625, 10.625], "texture": "#3"},
				"south": {"uv": [10.75, 1.75, 11, 2.125], "texture": "#3"},
				"west": {"uv": [0.75, 10.25, 1.375, 10.625], "texture": "#3"},
				"up": {"uv": [2.5, 11.125, 2.25, 10.5], "texture": "#3"},
				"down": {"uv": [2.75, 10.5, 2.5, 11.125], "texture": "#3"}
			}
		},
		{
			"name": "toe_middle",
			"from": [10.5, 1.91108, 14.03697],
			"to": [11.5, 3.91108, 15.28697],
			"rotation": {"angle": 22.5, "axis": "x", "origin": [11, 2.91108, 14.66197]},
			"faces": {
				"north": {"uv": [5.75, 11, 5.5, 10.5], "rotation": 180, "texture": "#3"},
				"east": {"uv": [9.5, 10.25, 10, 10.625], "rotation": 90, "texture": "#3"},
				"south": {"uv": [6, 10.5, 5.75, 11], "texture": "#3"},
				"west": {"uv": [10, 10.25, 10.5, 10.625], "rotation": 270, "texture": "#3"},
				"up": {"uv": [2.75, 10.75, 3, 11.125], "texture": "#3"},
				"down": {"uv": [10.75, 2.25, 11, 2.625], "rotation": 180, "texture": "#3"}
			}
		},
		{
			"name": "toe_right",
			"from": [11.75, 2.22676, 14.63194],
			"to": [12.75, 4.72676, 15.88194],
			"rotation": {"angle": 0, "axis": "x", "origin": [12.25, 3.47676, 15.25694]},
			"faces": {
				"north": {"uv": [10.75, 4.375, 10.5, 3.75], "rotation": 180, "texture": "#3"},
				"east": {"uv": [10.25, 5.25, 10.875, 5.625], "rotation": 90, "texture": "#3"},
				"south": {"uv": [4.75, 10.5, 4.5, 11.125], "texture": "#3"},
				"west": {"uv": [10.25, 5.75, 10.875, 6.125], "rotation": 270, "texture": "#3"},
				"up": {"uv": [10.75, 3.25, 11, 3.625], "texture": "#3"},
				"down": {"uv": [10.75, 2.75, 11, 3.125], "rotation": 180, "texture": "#3"}
			}
		},
		{
			"name": "foot_main",
			"from": [9.9, 5.6992, 12.38563],
			"to": [12.1, 7.4492, 14.58563],
			"rotation": {"angle": -22.5, "axis": "x", "origin": [5, 13, 8.6]},
			"faces": {
				"north": {"uv": [4, 9.5, 4.375, 10], "texture": "#3"},
				"east": {"uv": [4, 9.5, 4.375, 10], "texture": "#3"},
				"south": {"uv": [4, 9.5, 4.375, 10], "texture": "#3"},
				"west": {"uv": [4, 9.5, 4.375, 10], "texture": "#3"},
				"up": {"uv": [4, 9.5, 4.375, 10], "texture": "#3"},
				"down": {"uv": [4, 9.5, 4.375, 10], "texture": "#3"}
			}
		},
		{
			"name": "thigh",
			"from": [9.5, 7.37516, 8.03937],
			"to": [12.5, 14.37516, 12.03937],
			"rotation": {"angle": 22.5, "axis": "x", "origin": [11, 13, 8.6]},
			"faces": {
				"north": {"uv": [5, 7, 4.25, 8.75], "texture": "#3"},
				"east": {"uv": [5.25, 5.25, 4.25, 7], "texture": "#3"},
				"south": {"uv": [5.75, 7, 5, 8.75], "texture": "#3"},
				"west": {"uv": [6.25, 1.75, 5.25, 3.5], "texture": "#3"},
				"up": {"uv": [1.5, 10, 2.25, 9], "texture": "#3"},
				"down": {"uv": [2.25, 9, 3, 10], "texture": "#3"}
			}
		},
		{
			"name": "shin",
			"from": [10, 8.82664, 12.46566],
			"to": [12, 11.82664, 16.46566],
			"rotation": {"angle": 45, "axis": "x", "origin": [11, 13, 8.6]},
			"faces": {
				"north": {"uv": [9.75, 6, 10.25, 5.25], "rotation": 180, "texture": "#3"},
				"east": {"uv": [9, 6, 9.75, 5], "rotation": 270, "texture": "#3"},
				"south": {"uv": [9.75, 6, 10.25, 6.75], "texture": "#3"},
				"west": {"uv": [9, 5, 9.75, 4], "rotation": 90, "texture": "#3"},
				"up": {"uv": [5, 9.5, 4.5, 10.5], "texture": "#3"},
				"down": {"uv": [6.25, 7, 5.75, 8], "rotation": 180, "texture": "#3"}
			}
		},
		{
			"name": "foot_main",
			"from": [10.25, 1.4492, 12.48563],
			"to": [11.75, 5.9492, 14.48563],
			"rotation": {"angle": 22.5, "axis": "x", "origin": [11, 13, 8.6]},
			"faces": {
				"north": {"uv": [9.375, 9.25, 9, 10.75], "texture": "#3"},
				"east": {"uv": [6, 9, 5.5, 10.5], "texture": "#3"},
				"south": {"uv": [3.375, 9.5, 3, 11], "texture": "#3"},
				"west": {"uv": [1.5, 6.5, 1, 8], "texture": "#3"},
				"up": {"uv": [5.25, 4, 5.625, 3.5], "texture": "#3"},
				"down": {"uv": [6.25, 3, 6.625, 3.5], "texture": "#3"}
			}
		},
		{
			"name": "foot_tip",
			"from": [10, 0, 7],
			"to": [12, 1.5, 10],
			"rotation": {"angle": 0, "axis": "x", "origin": [11, 13, 8.6]},
			"faces": {
				"north": {"uv": [7.25, 4.5, 6.75, 4.875], "texture": "#3"},
				"east": {"uv": [2.75, 10, 2, 10.375], "texture": "#3"},
				"south": {"uv": [7.75, 2.5, 7.25, 2.875], "texture": "#3"},
				"west": {"uv": [10.75, 1.75, 10, 2.125], "texture": "#3"},
				"up": {"uv": [9.75, 7.5, 10.25, 6.75], "texture": "#3"},
				"down": {"uv": [9.75, 7.5, 10.25, 8.25], "texture": "#3"}
			}
		},
		{
			"name": "toe_back",
			"from": [10.5, 1.6992, 13.48563],
			"to": [11.5, 2.9492, 15.48563],
			"rotation": {"angle": 22.5, "axis": "x", "origin": [11, 13, 8.6]},
			"faces": {
				"north": {"uv": [0.25, 10.75, 0, 11.125], "texture": "#3"},
				"east": {"uv": [7.25, 8, 6.75, 8.375], "texture": "#3"},
				"south": {"uv": [11, 0, 10.75, 0.375], "texture": "#3"},
				"west": {"uv": [3.5, 7.25, 3, 7.625], "texture": "#3"},
				"up": {"uv": [2.5, 5.5, 2.75, 5], "texture": "#3"},
				"down": {"uv": [7.75, 4, 8, 4.5], "texture": "#3"}
			}
		},
		{
			"name": "toe_right",
			"from": [11.75, 0.05, 5.5],
			"to": [12.75, 1.3, 8],
			"rotation": {"angle": 0, "axis": "x", "origin": [11, 13, 8.6]},
			"faces": {
				"north": {"uv": [0.5, 10.75, 0.25, 11.125], "texture": "#3"},
				"east": {"uv": [6.625, 10, 6, 10.375], "texture": "#3"},
				"south": {"uv": [0.75, 10.75, 0.5, 11.125], "texture": "#3"},
				"west": {"uv": [10.625, 3.25, 10, 3.625], "texture": "#3"},
				"up": {"uv": [8.25, 10.875, 8.5, 10.25], "texture": "#3"},
				"down": {"uv": [10.5, 0, 10.75, 0.625], "texture": "#3"}
			}
		},
		{
			"name": "toe_middle",
			"from": [10.5, 0, 5],
			"to": [11.5, 1.25, 7],
			"rotation": {"angle": 0, "axis": "x", "origin": [11, 13, 8.6]},
			"faces": {
				"north": {"uv": [11, 0.5, 10.75, 0.875], "texture": "#3"},
				"east": {"uv": [9.25, 0.75, 8.75, 1.125], "texture": "#3"},
				"south": {"uv": [1, 10.75, 0.75, 11.125], "texture": "#3"},
				"west": {"uv": [9, 6.75, 8.5, 7.125], "texture": "#3"},
				"up": {"uv": [10.5, 5, 10.75, 4.5], "texture": "#3"},
				"down": {"uv": [4.75, 10.5, 5, 11], "texture": "#3"}
			}
		},
		{
			"name": "toe_left",
			"from": [9.25, 0.05, 5.5],
			"to": [10.25, 1.3, 8],
			"rotation": {"angle": 0, "axis": "x", "origin": [11, 13, 8.6]},
			"faces": {
				"north": {"uv": [1.25, 10.75, 1, 11.125], "texture": "#3"},
				"east": {"uv": [10.625, 9.75, 10, 10.125], "texture": "#3"},
				"south": {"uv": [11, 1, 10.75, 1.375], "texture": "#3"},
				"west": {"uv": [10.625, 9.25, 10, 9.625], "texture": "#3"},
				"up": {"uv": [10.5, 1.375, 10.75, 0.75], "texture": "#3"},
				"down": {"uv": [2, 10.5, 2.25, 11.125], "texture": "#3"}
			}
		},
		{
			"name": "foot_main",
			"from": [9.9, 5.6992, 12.38563],
			"to": [12.1, 7.4492, 14.58563],
			"rotation": {"angle": 22.5, "axis": "x", "origin": [11, 13, 8.6]},
			"faces": {
				"north": {"uv": [3, 9.5, 3.375, 10], "texture": "#3"},
				"east": {"uv": [3, 9.5, 3.375, 10], "texture": "#3"},
				"south": {"uv": [3, 9.5, 3.375, 10], "texture": "#3"},
				"west": {"uv": [3, 9.5, 3.375, 10], "texture": "#3"},
				"up": {"uv": [3, 9.5, 3.375, 10], "texture": "#3"},
				"down": {"uv": [3, 9.5, 3.375, 10], "texture": "#3"}
			}
		},
		{
			"name": "neck",
			"from": [6.5, 10.25, 1],
			"to": [9.5, 14.25, 8],
			"rotation": {"angle": 22.5, "axis": "x", "origin": [8, 12.25, 5]},
			"faces": {
				"north": {"uv": [10, 3.75, 9.25, 2.75], "rotation": 180, "texture": "#1"},
				"east": {"uv": [1.5, 3.5, 2.5, 5.5], "rotation": 90, "texture": "#1"},
				"south": {"uv": [8.5, 9.25, 7.75, 10.25], "texture": "#1"},
				"west": {"uv": [4.25, 1.75, 5.25, 3.75], "rotation": 270, "texture": "#1"},
				"up": {"uv": [1.5, 5.75, 2.25, 7.75], "texture": "#1"},
				"down": {"uv": [3.5, 5.5, 4.25, 7.5], "rotation": 180, "texture": "#1"}
			}
		},
		{
			"name": "neck",
			"from": [6, 13.71927, 0.43854],
			"to": [10, 19.71927, 3.43854],
			"rotation": {"angle": -22.5, "axis": "x", "origin": [8, 12.25, 5]},
			"faces": {
				"north": {"uv": [5.75, 0, 6.75, 1.5], "texture": "#1"},
				"east": {"uv": [5.75, 3.5, 6.75, 5], "texture": "#1"},
				"south": {"uv": [6.25, 1.5, 7.25, 3], "texture": "#1"},
				"west": {"uv": [6.25, 5, 7.25, 6.5], "texture": "#1"},
				"up": {"uv": [4, 8.75, 3, 7.75], "texture": "#1"},
				"down": {"uv": [1, 8, 0, 9], "texture": "#1"}
			}
		},
		{
			"name": "neck",
			"from": [7, 14.71927, -0.56146],
			"to": [9, 20.71927, 0.43854],
			"rotation": {"angle": -22.5, "axis": "x", "origin": [8, 12.25, 5]},
			"faces": {
				"north": {"uv": [9.25, 7.75, 9.75, 9.25], "texture": "#1"},
				"east": {"uv": [2.5, 3.5, 2.75, 5], "texture": "#1"},
				"south": {"uv": [8.5, 9.25, 9, 10.75], "texture": "#1"},
				"west": {"uv": [2.25, 5.75, 2.5, 7.25], "texture": "#1"},
				"up": {"uv": [6.25, 1.75, 5.75, 1.5], "texture": "#1"},
				"down": {"uv": [6.25, 5, 5.75, 5.25], "texture": "#1"}
			}
		},
		{
			"name": "skull",
			"from": [5.875, 17.46917, -3.67473],
			"to": [10.125, 21.46917, 1.32527],
			"rotation": {"angle": 0, "axis": "x", "origin": [8, 19.71917, -5.37473]},
			"faces": {
				"north": {"uv": [1, 8, 2, 9], "texture": "#1"},
				"east": {"uv": [7.25, 1.5, 8.5, 2.5], "texture": "#1"},
				"south": {"uv": [8, 4, 9, 5], "texture": "#1"},
				"west": {"uv": [7.25, 6.25, 8.5, 7.25], "texture": "#1"},
				"up": {"uv": [8.25, 8.5, 7.25, 7.25], "texture": "#1"},
				"down": {"uv": [8.75, 0, 7.75, 1.25], "texture": "#1"}
			}
		},
		{
			"name": "skull",
			"from": [6.75, 18.96915, -9.07473],
			"to": [9.25, 21.46915, -3.67473],
			"rotation": {"angle": 0, "axis": "x", "origin": [8, 19.71917, -5.37473]},
			"faces": {
				"north": {"uv": [9.75, 3.75, 10.5, 4.375], "texture": "#1"},
				"east": {"uv": [3, 8.75, 4.25, 9.375], "texture": "#1"},
				"south": {"uv": [9.75, 4.5, 10.5, 5.125], "texture": "#1"},
				"west": {"uv": [4.25, 8.75, 5.5, 9.375], "texture": "#1"},
				"up": {"uv": [9, 8.5, 8.25, 7.25], "texture": "#1"},
				"down": {"uv": [9.25, 1.25, 8.5, 2.5], "texture": "#1"}
			}
		},
		{
			"name": "skull",
			"from": [6.85, 18.0191, -8.97473],
			"to": [9.15, 18.9191, -3.67473],
			"rotation": {"angle": -45, "axis": "x", "origin": [8, 18.9191, -3.6747]},
			"faces": {
				"north": {"uv": [7.75, 1.25, 8.375, 1.5], "texture": "#1"},
				"east": {"uv": [9.75, 9, 11, 9.25], "texture": "#1"},
				"south": {"uv": [10.25, 8.75, 10.875, 9], "texture": "#1"},
				"west": {"uv": [10, 1.5, 11.25, 1.75], "texture": "#1"},
				"up": {"uv": [0.625, 10.25, 0, 9], "texture": "#1"},
				"down": {"uv": [1.375, 9, 0.75, 10.25], "texture": "#1"}
			}
		},
		{
			"name": "skull",
			"from": [7.5, 18.46917, -10.07473],
			"to": [8.5, 21.46917, -9.07473],
			"rotation": {"angle": 0, "axis": "x", "origin": [8, 19.71917, -5.37473]},
			"faces": {
				"north": {"uv": [4, 7.75, 4.25, 8.5], "texture": "#1"},
				"east": {"uv": [2, 8, 2.25, 8.75], "texture": "#1"},
				"south": {"uv": [9, 7.75, 9.25, 8.5], "texture": "#1"},
				"west": {"uv": [2.75, 10, 3, 10.75], "texture": "#1"},
				"up": {"uv": [11, 4.25, 10.75, 4], "texture": "#1"},
				"down": {"uv": [11, 4.25, 10.75, 4.5], "texture": "#1"}
			}
		},
		{
			"name": "body",
			"from": [5, 8, 4],
			"to": [11, 15, 15],
			"faces": {
				"north": {"uv": [0, 3.5, 1.5, 5.25], "texture": "#1"},
				"east": {"uv": [0, 0, 2.75, 1.75], "texture": "#1"},
				"south": {"uv": [4.25, 0, 5.75, 1.75], "texture": "#1"},
				"west": {"uv": [0, 1.75, 2.75, 3.5], "texture": "#1"},
				"up": {"uv": [4.25, 2.75, 2.75, 0], "texture": "#1"},
				"down": {"uv": [4.25, 2.75, 2.75, 5.5], "texture": "#1"}
			}
		},
		{
			"name": "tail",
			"from": [6, 8.5, 15],
			"to": [10, 14.5, 19],
			"faces": {
				"north": {"uv": [0, 6.5, 1, 8], "texture": "#1"},
				"east": {"uv": [6.25, 6.5, 7.25, 8], "texture": "#1"},
				"south": {"uv": [6.75, 0, 7.75, 1.5], "texture": "#1"},
				"west": {"uv": [6.75, 3, 7.75, 4.5], "texture": "#1"},
				"up": {"uv": [9, 6, 8, 5], "texture": "#1"},
				"down": {"uv": [6.75, 8, 5.75, 9], "texture": "#1"}
			}
		},
		{
			"name": "feathers1",
			"from": [5, 14, 15],
			"to": [11, 14, 20],
			"rotation": {"angle": 0, "axis": "y", "origin": [8, 11, 11]},
			"faces": {
				"north": {"uv": [0, 0, 1.5, 0], "texture": "#1"},
				"east": {"uv": [0, 0, 1.25, 0], "texture": "#1"},
				"south": {"uv": [0, 0, 1.5, 0], "texture": "#1"},
				"west": {"uv": [0, 0, 1.25, 0], "texture": "#1"},
				"up": {"uv": [5.75, 5.25, 4.25, 4], "texture": "#1"},
				"down": {"uv": [5.75, 4, 4.25, 5.25], "texture": "#1"}
			}
		},
		{
			"name": "feathers2",
			"from": [5, 11, 15],
			"to": [5, 14, 20],
			"rotation": {"angle": 0, "axis": "y", "origin": [8, 11, 11]},
			"faces": {
				"north": {"uv": [0, 0, 0, 0.75], "texture": "#1"},
				"east": {"uv": [9.25, 8.5, 8, 9.25], "texture": "#1"},
				"south": {"uv": [0, 0, 0, 0.75], "texture": "#1"},
				"west": {"uv": [8, 8.5, 9.25, 9.25], "texture": "#1"},
				"up": {"uv": [0, 1.25, 0, 0], "texture": "#1"},
				"down": {"uv": [0, 0, 0, 1.25], "texture": "#1"}
			}
		},
		{
			"name": "feathers3",
			"from": [11, 11, 15],
			"to": [11, 14, 20],
			"rotation": {"angle": 0, "axis": "y", "origin": [8, 11, 11]},
			"faces": {
				"north": {"uv": [0, 0, 0, 0.75], "texture": "#1"},
				"east": {"uv": [9.25, 8.5, 8, 9.25], "texture": "#1"},
				"south": {"uv": [0, 0, 0, 0.75], "texture": "#1"},
				"west": {"uv": [8, 8.5, 9.25, 9.25], "texture": "#1"},
				"up": {"uv": [0, 1.25, 0, 0], "texture": "#1"},
				"down": {"uv": [0, 0, 0, 1.25], "texture": "#1"}
			}
		},
		{
			"name": "feathers4",
			"from": [5, 11, 20],
			"to": [11, 14, 20],
			"rotation": {"angle": 0, "axis": "y", "origin": [8, 11, 11]},
			"faces": {
				"north": {"uv": [9.25, 3.25, 7.75, 4], "texture": "#1"},
				"east": {"uv": [0, 0, 0, 0.75], "texture": "#1"},
				"south": {"uv": [7.75, 3.25, 9.25, 4], "texture": "#1"},
				"west": {"uv": [0, 0, 0, 0.75], "texture": "#1"},
				"up": {"uv": [1.5, 0, 0, 0], "texture": "#1"},
				"down": {"uv": [1.5, 0, 0, 0], "texture": "#1"}
			}
		}
	],
	"display": {
		"thirdperson_righthand": {
			"rotation": [75, 45, 0],
			"translation": [0, 2.5, 0],
			"scale": [0.375, 0.375, 0.375]
		},
		"thirdperson_lefthand": {
			"rotation": [75, 45, 0],
			"translation": [0, 2.5, 0],
			"scale": [0.375, 0.375, 0.375]
		},
		"firstperson_righthand": {
			"rotation": [0, 45, 0],
			"scale": [0.4, 0.4, 0.4]
		},
		"firstperson_lefthand": {
			"rotation": [0, 225, 0],
			"scale": [0.4, 0.4, -0.4]
		},
		"gui": {
			"rotation": [30, 225, 0],
			"scale": [0.625, 0.625, 0.625]
		},
		"head": {
			"translation": [0, -26.5, -2],
			"scale": [2.25, 2.25, 2.25]
		},
		"fixed": {
			"translation": [0, 40, 14.25],
			"scale": [3, 3, 3]
		}
	},
	"groups": [
		{
			"name": "root",
			"origin": [8, 8, 8],
			"color": 0,
			"children": [
				{
					"name": "legs",
					"origin": [8, 8, 8],
					"color": 0,
					"children": [
						{
							"name": "1",
							"origin": [8, 8, 8],
							"color": 0,
							"children": [
								0,
								1,
								2,
								3,
								4,
								5,
								6,
								7,
								8,
								{
									"name": "anim",
									"origin": [8, 8, 8],
									"color": 0,
									"children": [9, 10, 11, 12, 13, 14, 15, 16, 17]
								}
							]
						},
						{
							"name": "2",
							"origin": [8, 8, 8],
							"color": 0,
							"children": [
								18,
								19,
								20,
								21,
								22,
								23,
								24,
								25,
								26,
								{
									"name": "anim",
									"origin": [8, 8, 8],
									"color": 0,
									"children": [27, 28, 29, 30, 31, 32, 33, 34, 35]
								}
							]
						}
					]
				},
				{
					"name": "wings",
					"origin": [8, 8, 8],
					"color": 0,
					"children": []
				},
				{
					"name": "body",
					"origin": [8, 8, 8],
					"color": 0,
					"children": [
						{
							"name": "head",
							"origin": [8, 8, 8],
							"color": 0,
							"children": [
								{
									"name": "neck",
									"origin": [8, 8, 8],
									"color": 0,
									"children": [36, 37, 38]
								},
								{
									"name": "skull",
									"origin": [8, 8, 8],
									"color": 0,
									"children": [39, 40, 41, 42]
								}
							]
						},
						43,
						{
							"name": "tail",
							"origin": [8, 8, 8],
							"color": 0,
							"children": [
								44,
								{
									"name": "feathers",
									"origin": [8, 11, 11],
									"color": 1,
									"children": [45, 46, 47, 48]
								}
							]
						}
					]
				}
			]
		}
	]
}