{
	"credit": "Made with Blockbench",
	"texture_size": [64, 64],
	"textures": {
		"1": "krmc:krmc_mobs/triceratops",
		"2": "krmc:krmc_mobs/animations/triceratops",
		"particle": "krmc:krmc_mobs/animations/triceratops"
	},
	"elements": [
		{
			"name": "leg",
			"from": [2, 0, 5],
			"to": [5, 9, 8],
			"rotation": {"angle": -22.5, "axis": "x", "origin": [4, 7, 6.5]},
			"faces": {
				"north": {"uv": [9.75, 8, 10.5, 10.25], "texture": "#2"},
				"east": {"uv": [10, 3.5, 10.75, 5.75], "texture": "#2"},
				"south": {"uv": [10.25, 0, 11, 2.25], "texture": "#2"},
				"west": {"uv": [9.75, 10.25, 10.5, 12.5], "texture": "#2"},
				"up": {"uv": [2, 9.75, 1.25, 9], "texture": "#2"},
				"down": {"uv": [13.75, 12.75, 13, 13.5], "texture": "#2"}
			}
		},
		{
			"name": "leg",
			"from": [2, 0, 5],
			"to": [5, 9, 8],
			"rotation": {"angle": 22.5, "axis": "x", "origin": [4, 7, 6.5]},
			"faces": {
				"north": {"uv": [0.75, 10.5, 0, 12.75], "texture": "#2"},
				"east": {"uv": [7.75, 10.5, 7, 12.75], "texture": "#2"},
				"south": {"uv": [7, 10.5, 6.25, 12.75], "texture": "#2"},
				"west": {"uv": [6.25, 10.5, 5.5, 12.75], "texture": "#2"},
				"up": {"uv": [1.5, 14.25, 2.25, 13.5], "texture": "#2"},
				"down": {"uv": [13.5, 7.25, 14.25, 8], "texture": "#2"}
			}
		},
		{
			"name": "leg",
			"from": [1.5, 0, 16],
			"to": [5.5, 1, 20],
			"rotation": {"angle": 22.5, "axis": "x", "origin": [4, 11, 18]},
			"faces": {
				"north": {"uv": [14.25, 6, 13.25, 6.25], "texture": "#2"},
				"east": {"uv": [14.5, 9.5, 13.5, 9.75], "texture": "#2"},
				"south": {"uv": [14.5, 2.5, 13.5, 2.75], "texture": "#2"},
				"west": {"uv": [14.5, 2.25, 13.5, 2.5], "texture": "#2"},
				"up": {"uv": [12.75, 2.25, 13.75, 1.25], "texture": "#2"},
				"down": {"uv": [5.25, 12.75, 6.25, 13.75], "texture": "#2"}
			}
		},
		{
			"name": "leg",
			"from": [2, 1, 17],
			"to": [5, 6, 20],
			"rotation": {"angle": 22.5, "axis": "x", "origin": [4, 11, 18]},
			"faces": {
				"north": {"uv": [13.5, 11, 12.75, 12.25], "texture": "#2"},
				"east": {"uv": [13.75, 0, 13, 1.25], "texture": "#2"},
				"south": {"uv": [13, 12.75, 12.25, 14], "texture": "#2"},
				"west": {"uv": [12.25, 12.75, 11.5, 14], "texture": "#2"},
				"up": {"uv": [13.5, 8.75, 14.25, 8], "texture": "#2"},
				"down": {"uv": [13.5, 8.75, 14.25, 9.5], "texture": "#2"}
			}
		},
		{
			"name": "leg",
			"from": [1.5, 5.9, 15],
			"to": [5.5, 12, 20],
			"rotation": {"angle": 22.5, "axis": "x", "origin": [4, 11, 18]},
			"faces": {
				"north": {"uv": [12, 0, 11, 1.5], "texture": "#2"},
				"east": {"uv": [9.75, 9, 8.5, 10.5], "texture": "#2"},
				"south": {"uv": [3.5, 11, 2.5, 12.5], "texture": "#2"},
				"west": {"uv": [8.5, 9, 7.25, 10.5], "texture": "#2"},
				"up": {"uv": [11.75, 10, 12.75, 8.75], "texture": "#2"},
				"down": {"uv": [10.5, 11.75, 11.5, 13], "texture": "#2"}
			}
		},
		{
			"name": "leg",
			"from": [1.5, 0, 16],
			"to": [5.5, 1, 20],
			"rotation": {"angle": -22.5, "axis": "x", "origin": [4, 11, 18]},
			"faces": {
				"north": {"uv": [10.75, 7.75, 11.75, 8], "texture": "#2"},
				"east": {"uv": [11.75, 5.5, 12.75, 5.75], "texture": "#2"},
				"south": {"uv": [13.25, 3.5, 14.25, 3.75], "texture": "#2"},
				"west": {"uv": [13.25, 5.75, 14.25, 6], "texture": "#2"},
				"up": {"uv": [2.75, 13.5, 1.75, 12.5], "texture": "#2"},
				"down": {"uv": [10.5, 12.5, 9.5, 13.5], "texture": "#2"}
			}
		},
		{
			"name": "leg",
			"from": [2, 1, 17],
			"to": [5, 6, 20],
			"rotation": {"angle": -22.5, "axis": "x", "origin": [4, 11, 18]},
			"faces": {
				"north": {"uv": [2.75, 12.5, 3.5, 13.75], "texture": "#2"},
				"east": {"uv": [0, 12.75, 0.75, 14], "texture": "#2"},
				"south": {"uv": [12.75, 7.25, 13.5, 8.5], "texture": "#2"},
				"west": {"uv": [12.75, 8.5, 13.5, 9.75], "texture": "#2"},
				"up": {"uv": [1.5, 14, 0.75, 13.25], "texture": "#2"},
				"down": {"uv": [14, 2.75, 13.25, 3.5], "texture": "#2"}
			}
		},
		{
			"name": "leg",
			"from": [1.5, 5.9, 15],
			"to": [5.5, 12, 20],
			"rotation": {"angle": -22.5, "axis": "x", "origin": [4, 11, 18]},
			"faces": {
				"north": {"uv": [10.75, 4.25, 11.75, 5.75], "texture": "#2"},
				"east": {"uv": [0, 9, 1.25, 10.5], "texture": "#2"},
				"south": {"uv": [10.75, 6.25, 11.75, 7.75], "texture": "#2"},
				"west": {"uv": [6, 9, 7.25, 10.5], "texture": "#2"},
				"up": {"uv": [12.75, 7.5, 11.75, 6.25], "texture": "#2"},
				"down": {"uv": [12.75, 7.5, 11.75, 8.75], "texture": "#2"}
			}
		},
		{
			"name": "leg",
			"from": [11, 0, 5],
			"to": [14, 9, 8],
			"rotation": {"angle": -22.5, "axis": "x", "origin": [12, 7, 6.5]},
			"faces": {
				"north": {"uv": [0, 10.5, 0.75, 12.75], "texture": "#2"},
				"east": {"uv": [5.5, 10.5, 6.25, 12.75], "texture": "#2"},
				"south": {"uv": [6.25, 10.5, 7, 12.75], "texture": "#2"},
				"west": {"uv": [7, 10.5, 7.75, 12.75], "texture": "#2"},
				"up": {"uv": [2.25, 14.25, 1.5, 13.5], "texture": "#2"},
				"down": {"uv": [14.25, 7.25, 13.5, 8], "texture": "#2"}
			}
		},
		{
			"name": "leg",
			"from": [11, 0, 5],
			"to": [14, 9, 8],
			"rotation": {"angle": 22.5, "axis": "x", "origin": [12, 7, 6.5]},
			"faces": {
				"north": {"uv": [10.5, 8, 9.75, 10.25], "texture": "#2"},
				"east": {"uv": [10.5, 10.25, 9.75, 12.5], "texture": "#2"},
				"south": {"uv": [11, 0, 10.25, 2.25], "texture": "#2"},
				"west": {"uv": [10.75, 3.5, 10, 5.75], "texture": "#2"},
				"up": {"uv": [1.25, 9.75, 2, 9], "texture": "#2"},
				"down": {"uv": [13, 12.75, 13.75, 13.5], "texture": "#2"}
			}
		},
		{
			"name": "leg",
			"from": [10.5, 0, 16],
			"to": [14.5, 1, 20],
			"rotation": {"angle": 22.5, "axis": "x", "origin": [12, 11, 18]},
			"faces": {
				"north": {"uv": [11.75, 7.75, 10.75, 8], "texture": "#2"},
				"east": {"uv": [14.25, 5.75, 13.25, 6], "texture": "#2"},
				"south": {"uv": [14.25, 3.5, 13.25, 3.75], "texture": "#2"},
				"west": {"uv": [12.75, 5.5, 11.75, 5.75], "texture": "#2"},
				"up": {"uv": [1.75, 13.5, 2.75, 12.5], "texture": "#2"},
				"down": {"uv": [9.5, 12.5, 10.5, 13.5], "texture": "#2"}
			}
		},
		{
			"name": "leg",
			"from": [11, 1, 17],
			"to": [14, 6, 20],
			"rotation": {"angle": 22.5, "axis": "x", "origin": [12, 11, 18]},
			"faces": {
				"north": {"uv": [3.5, 12.5, 2.75, 13.75], "texture": "#2"},
				"east": {"uv": [13.5, 8.5, 12.75, 9.75], "texture": "#2"},
				"south": {"uv": [13.5, 7.25, 12.75, 8.5], "texture": "#2"},
				"west": {"uv": [0.75, 12.75, 0, 14], "texture": "#2"},
				"up": {"uv": [0.75, 14, 1.5, 13.25], "texture": "#2"},
				"down": {"uv": [13.25, 2.75, 14, 3.5], "texture": "#2"}
			}
		},
		{
			"name": "leg",
			"from": [10.5, 5.9, 15],
			"to": [14.5, 12, 20],
			"rotation": {"angle": 22.5, "axis": "x", "origin": [12, 11, 18]},
			"faces": {
				"north": {"uv": [11.75, 4.25, 10.75, 5.75], "texture": "#2"},
				"east": {"uv": [7.25, 9, 6, 10.5], "texture": "#2"},
				"south": {"uv": [11.75, 6.25, 10.75, 7.75], "texture": "#2"},
				"west": {"uv": [1.25, 9, 0, 10.5], "texture": "#2"},
				"up": {"uv": [11.75, 7.5, 12.75, 6.25], "texture": "#2"},
				"down": {"uv": [11.75, 7.5, 12.75, 8.75], "texture": "#2"}
			}
		},
		{
			"name": "leg",
			"from": [10.5, 0, 16],
			"to": [14.5, 1, 20],
			"rotation": {"angle": -22.5, "axis": "x", "origin": [12, 11, 18]},
			"faces": {
				"north": {"uv": [13.25, 6, 14.25, 6.25], "texture": "#2"},
				"east": {"uv": [13.5, 2.25, 14.5, 2.5], "texture": "#2"},
				"south": {"uv": [13.5, 2.5, 14.5, 2.75], "texture": "#2"},
				"west": {"uv": [13.5, 9.5, 14.5, 9.75], "texture": "#2"},
				"up": {"uv": [13.75, 2.25, 12.75, 1.25], "texture": "#2"},
				"down": {"uv": [6.25, 12.75, 5.25, 13.75], "texture": "#2"}
			}
		},
		{
			"name": "leg",
			"from": [11, 1, 17],
			"to": [14, 6, 20],
			"rotation": {"angle": -22.5, "axis": "x", "origin": [12, 11, 18]},
			"faces": {
				"north": {"uv": [12.75, 11, 13.5, 12.25], "texture": "#2"},
				"east": {"uv": [11.5, 12.75, 12.25, 14], "texture": "#2"},
				"south": {"uv": [12.25, 12.75, 13, 14], "texture": "#2"},
				"west": {"uv": [13, 0, 13.75, 1.25], "texture": "#2"},
				"up": {"uv": [14.25, 8.75, 13.5, 8], "texture": "#2"},
				"down": {"uv": [14.25, 8.75, 13.5, 9.5], "texture": "#2"}
			}
		},
		{
			"name": "leg",
			"from": [10.5, 5.9, 15],
			"to": [14.5, 12, 20],
			"rotation": {"angle": -22.5, "axis": "x", "origin": [12, 11, 18]},
			"faces": {
				"north": {"uv": [11, 0, 12, 1.5], "texture": "#2"},
				"east": {"uv": [7.25, 9, 8.5, 10.5], "texture": "#2"},
				"south": {"uv": [2.5, 11, 3.5, 12.5], "texture": "#2"},
				"west": {"uv": [8.5, 9, 9.75, 10.5], "texture": "#2"},
				"up": {"uv": [12.75, 10, 11.75, 8.75], "texture": "#2"},
				"down": {"uv": [11.5, 11.75, 10.5, 13], "texture": "#2"}
			}
		},
		{
			"name": "tail",
			"from": [5, 8, 22],
			"to": [11, 14, 27],
			"rotation": {"angle": 0, "axis": "y", "origin": [8, 12, 17]},
			"faces": {
				"north": {"uv": [8.5, 3.5, 10, 5], "texture": "#1"},
				"east": {"uv": [9.5, 6.5, 10.75, 8], "texture": "#1"},
				"south": {"uv": [8.5, 5, 10, 6.5], "texture": "#1"},
				"west": {"uv": [1.25, 9.75, 2.5, 11.25], "texture": "#1"},
				"up": {"uv": [4, 11, 2.5, 9.75], "texture": "#1"},
				"down": {"uv": [5.5, 9.75, 4, 11], "texture": "#1"}
			}
		},
		{
			"name": "tail",
			"from": [6, 9, 27],
			"to": [10, 13, 32],
			"rotation": {"angle": 0, "axis": "y", "origin": [8, 12, 17]},
			"faces": {
				"north": {"uv": [6.25, 12.75, 7.25, 13.75], "texture": "#1"},
				"east": {"uv": [11.75, 10, 13, 11], "texture": "#1"},
				"south": {"uv": [12.75, 6.25, 13.75, 7.25], "texture": "#1"},
				"west": {"uv": [11.5, 11.75, 12.75, 12.75], "texture": "#1"},
				"up": {"uv": [13, 1.25, 12, 0], "texture": "#1"},
				"down": {"uv": [1.75, 12, 0.75, 13.25], "texture": "#1"}
			}
		},
		{
			"name": "quills",
			"from": [8, 14, 19],
			"to": [8, 18, 27],
			"rotation": {"angle": 0, "axis": "y", "origin": [8, 12, 17]},
			"faces": {
				"north": {"uv": [0, 0, 0, 1], "texture": "#1"},
				"east": {"uv": [2, 15, 0, 16], "texture": "#1"},
				"south": {"uv": [0, 0, 0, 1], "texture": "#1"},
				"west": {"uv": [0, 15, 2, 16], "texture": "#1"},
				"up": {"uv": [0, 2, 0, 0], "texture": "#1"},
				"down": {"uv": [0, 0, 0, 2], "texture": "#1"}
			}
		},
		{
			"name": "quills",
			"from": [8, 13, 27],
			"to": [8, 17, 32],
			"rotation": {"angle": 0, "axis": "y", "origin": [8, 12, 17]},
			"faces": {
				"north": {"uv": [0, 0, 0, 1], "texture": "#1"},
				"east": {"uv": [1.25, 15, 0, 16], "texture": "#1"},
				"south": {"uv": [0, 0, 0, 1], "texture": "#1"},
				"west": {"uv": [0, 15, 1.25, 16], "texture": "#1"},
				"up": {"uv": [0, 1.25, 0, 0], "texture": "#1"},
				"down": {"uv": [0, 0, 0, 1.25], "texture": "#1"}
			}
		},
		{
			"name": "quills",
			"from": [10, 14, 20],
			"to": [10, 17, 27],
			"rotation": {"angle": 0, "axis": "y", "origin": [8, 12, 17]},
			"faces": {
				"north": {"uv": [0, 0, 0, 0.75], "texture": "#1"},
				"east": {"uv": [1.75, 15.25, 0, 16], "texture": "#1"},
				"south": {"uv": [0, 0, 0, 0.75], "texture": "#1"},
				"west": {"uv": [0, 15.25, 1.75, 16], "texture": "#1"},
				"up": {"uv": [0, 1.75, 0, 0], "texture": "#1"},
				"down": {"uv": [0, 0, 0, 1.75], "texture": "#1"}
			}
		},
		{
			"name": "quills",
			"from": [9, 13, 27],
			"to": [9, 16, 32],
			"rotation": {"angle": 0, "axis": "y", "origin": [8, 12, 17]},
			"faces": {
				"north": {"uv": [0, 0, 0, 0.75], "texture": "#1"},
				"east": {"uv": [1.25, 15.25, 0, 16], "texture": "#1"},
				"south": {"uv": [0, 0, 0, 0.75], "texture": "#1"},
				"west": {"uv": [0, 15.25, 1.25, 16], "texture": "#1"},
				"up": {"uv": [0, 1.25, 0, 0], "texture": "#1"},
				"down": {"uv": [0, 0, 0, 1.25], "texture": "#1"}
			}
		},
		{
			"name": "quills",
			"from": [6, 14, 20],
			"to": [6, 17, 27],
			"rotation": {"angle": 0, "axis": "y", "origin": [8, 12, 17]},
			"faces": {
				"north": {"uv": [0, 0, 0, 0.75], "texture": "#1"},
				"east": {"uv": [1.75, 15.25, 0, 16], "texture": "#1"},
				"south": {"uv": [0, 0, 0, 0.75], "texture": "#1"},
				"west": {"uv": [0, 15.25, 1.75, 16], "texture": "#1"},
				"up": {"uv": [0, 1.75, 0, 0], "texture": "#1"},
				"down": {"uv": [0, 0, 0, 1.75], "texture": "#1"}
			}
		},
		{
			"name": "quills",
			"from": [7, 13, 27],
			"to": [7, 16, 32],
			"rotation": {"angle": 0, "axis": "y", "origin": [8, 12, 17]},
			"faces": {
				"north": {"uv": [0, 0, 0, 0.75], "texture": "#1"},
				"east": {"uv": [1.25, 15.25, 0, 16], "texture": "#1"},
				"south": {"uv": [0, 0, 0, 0.75], "texture": "#1"},
				"west": {"uv": [0, 15.25, 1.25, 16], "texture": "#1"},
				"up": {"uv": [0, 1.25, 0, 0], "texture": "#1"},
				"down": {"uv": [0, 0, 0, 1.25], "texture": "#1"}
			}
		},
		{
			"name": "horn_right",
			"from": [9.45, 10.2, -8.4],
			"to": [11.1, 11.85, 0.3],
			"rotation": {"angle": 22.5, "axis": "x", "origin": [8, 12.4, 3.6]},
			"faces": {
				"north": {"uv": [5.5, 9.75, 5.875, 10.125], "texture": "#1"},
				"east": {"uv": [12.75, 12.25, 14.625, 12.625], "texture": "#1"},
				"south": {"uv": [10.25, 2.75, 10.625, 3.125], "texture": "#1"},
				"west": {"uv": [13, 5.25, 14.875, 5.625], "texture": "#1"},
				"up": {"uv": [8.875, 14.875, 8.5, 13], "texture": "#1"},
				"down": {"uv": [9.375, 13, 9, 14.875], "texture": "#1"}
			}
		},
		{
			"name": "horn_left",
			"from": [4.9, 10.2, -8.4],
			"to": [6.55, 11.85, 0.3],
			"rotation": {"angle": 22.5, "axis": "x", "origin": [8, 12.4, 3.6]},
			"faces": {
				"north": {"uv": [0.75, 10.5, 1.125, 10.875], "texture": "#1"},
				"east": {"uv": [13, 9.75, 14.875, 10.125], "texture": "#1"},
				"south": {"uv": [1.75, 12, 2.125, 12.375], "texture": "#1"},
				"west": {"uv": [13, 10.25, 14.875, 10.625], "texture": "#1"},
				"up": {"uv": [10.875, 14.875, 10.5, 13], "texture": "#1"},
				"down": {"uv": [11.375, 13, 11, 14.875], "texture": "#1"}
			}
		},
		{
			"name": "horn_nose",
			"from": [7, 5.8, -4.95],
			"to": [9, 7.45, -1.9],
			"rotation": {"angle": 22.5, "axis": "x", "origin": [8, 12.4, 3.6]},
			"faces": {
				"north": {"uv": [12.25, 11, 12.625, 11.375], "texture": "#1"},
				"east": {"uv": [8.5, 6.5, 9.375, 6.875], "texture": "#1"},
				"south": {"uv": [13.5, 11.75, 13.875, 12.125], "texture": "#1"},
				"west": {"uv": [12, 3.75, 12.875, 4.125], "texture": "#1"},
				"up": {"uv": [10.375, 14.375, 10, 13.5], "texture": "#1"},
				"down": {"uv": [13.875, 10.75, 13.5, 11.625], "texture": "#1"}
			}
		},
		{
			"name": "head",
			"from": [4.7, 8, -1.9],
			"to": [11.3, 14.6, 5.8],
			"rotation": {"angle": -22.5, "axis": "x", "origin": [8, 12.4, 3.6]},
			"faces": {
				"north": {"uv": [8.5, 0, 10.125, 1.625], "texture": "#1"},
				"east": {"uv": [2, 7, 3.875, 8.625], "texture": "#1"},
				"south": {"uv": [8.5, 1.75, 10.125, 3.375], "texture": "#1"},
				"west": {"uv": [4, 7, 5.875, 8.625], "texture": "#1"},
				"up": {"uv": [7.625, 8.875, 6, 7], "texture": "#1"},
				"down": {"uv": [9.375, 7, 7.75, 8.875], "texture": "#1"}
			}
		},
		{
			"name": "mouth",
			"from": [5.7, 8, -6.3],
			"to": [10.3, 13.6, -1.9],
			"rotation": {"angle": -22.5, "axis": "x", "origin": [8, 12.4, 3.6]},
			"faces": {
				"north": {"uv": [7.75, 10.5, 8.875, 11.875], "texture": "#1"},
				"east": {"uv": [10.5, 8, 11.625, 9.375], "texture": "#1"},
				"south": {"uv": [10.5, 9.5, 11.625, 10.875], "texture": "#1"},
				"west": {"uv": [10.75, 2.75, 11.875, 4.125], "texture": "#1"},
				"up": {"uv": [4.625, 12.875, 3.5, 11.75], "texture": "#1"},
				"down": {"uv": [12.875, 4.25, 11.75, 5.375], "texture": "#1"}
			}
		},
		{
			"name": "beak",
			"from": [6.9, 7.45, -7.4],
			"to": [9.1, 11.85, -6.3],
			"rotation": {"angle": -22.5, "axis": "x", "origin": [8, 12.4, 3.6]},
			"faces": {
				"north": {"uv": [2.25, 13.5, 2.75, 14.625], "texture": "#1"},
				"east": {"uv": [9.5, 10.5, 9.75, 11.625], "texture": "#1"},
				"south": {"uv": [9.5, 13.5, 10, 14.625], "texture": "#1"},
				"west": {"uv": [5.25, 11, 5.5, 12.125], "texture": "#1"},
				"up": {"uv": [10.5, 6.5, 10, 6.25], "texture": "#1"},
				"down": {"uv": [10.75, 3.25, 10.25, 3.5], "texture": "#1"}
			}
		},
		{
			"name": "frill",
			"from": [2.4, 9.5, 0.3],
			"to": [13.6, 18.4, 2.5],
			"rotation": {"angle": 22.5, "axis": "x", "origin": [8, 12.4, 3.6]},
			"faces": {
				"north": {"uv": [2, 4.5, 5.25, 7], "texture": "#1"},
				"east": {"uv": [9, 10.5, 9.5, 13], "texture": "#1"},
				"south": {"uv": [5.25, 4.5, 8.5, 7], "texture": "#1"},
				"west": {"uv": [4.75, 11.75, 5.25, 14.25], "texture": "#1"},
				"up": {"uv": [13.25, 6.25, 10, 5.75], "texture": "#1"},
				"down": {"uv": [13.5, 2.25, 10.25, 2.75], "texture": "#1"}
			}
		},
		{
			"name": "body",
			"from": [4, 6, 4],
			"to": [12, 15, 22],
			"faces": {
				"north": {"uv": [6.5, 0, 8.5, 2.25], "texture": "#1"},
				"east": {"uv": [0, 0, 4.5, 2.25], "texture": "#1"},
				"south": {"uv": [6.5, 2.25, 8.5, 4.5], "texture": "#1"},
				"west": {"uv": [0, 2.25, 4.5, 4.5], "texture": "#1"},
				"up": {"uv": [2, 9, 0, 4.5], "texture": "#1"},
				"down": {"uv": [6.5, 0, 4.5, 4.5], "texture": "#1"}
			}
		}
	],
	"display": {
		"gui": {
			"rotation": [30, 225, 0],
			"translation": [2.25, -1.25, 0],
			"scale": [0.625, 0.625, 0.625]
		},
		"head": {
			"translation": [0, -68.5, -17],
			"scale": [4, 4, 4]
		},
		"fixed": {
			"translation": [0, 40.25, 4.25],
			"scale": [3, 3, 3]
		}
	},
	"groups": [
		{
			"name": "body",
			"origin": [8, 8, 8],
			"color": 0,
			"children": [
				{
					"name": "legs",
					"origin": [8, 8, 8],
					"color": 0,
					"children": [
						{
							"name": "1",
							"origin": [0, 0, 0],
							"color": 0,
							"children": [
								0,
								{
									"name": "3",
									"origin": [0, 0, 0],
									"color": 0,
									"children": [1]
								}
							]
						},
						{
							"name": "2",
							"origin": [8, 8, 8],
							"color": 0,
							"children": [
								2,
								3,
								4,
								{
									"name": "4",
									"origin": [8, 8, 8],
									"color": 0,
									"children": [5, 6, 7]
								}
							]
						},
						{
							"name": "3",
							"origin": [0, 0, 0],
							"color": 0,
							"children": [
								8,
								{
									"name": "1",
									"origin": [0, 0, 0],
									"color": 0,
									"children": [9]
								}
							]
						},
						{
							"name": "4",
							"origin": [8, 8, 8],
							"color": 0,
							"children": [
								10,
								11,
								12,
								{
									"name": "2",
									"origin": [8, 8, 8],
									"color": 0,
									"children": [13, 14, 15]
								}
							]
						}
					]
				},
				{
					"name": "tail",
					"origin": [8, 8, 8],
					"color": 6,
					"children": [16, 17, 18, 19, 20, 21, 22, 23]
				},
				{
					"name": "head",
					"origin": [8, 8, 8],
					"color": 3,
					"children": [
						{
							"name": "horns",
							"origin": [8, 8, 8],
							"color": 1,
							"children": [24, 25, 26]
						},
						27,
						28,
						29,
						30
					]
				},
				31
			]
		}
	]
}