{
	"credit": "Made with Blockbench",
	"texture_size": [64, 64],
	"textures": {
		"1": "krmc:krmc_mobs/utahraptor",
		"2": "krmc:krmc_mobs/animations/utahraptor",
		"particle": "krmc:krmc_mobs/animations/utahraptor"
	},
	"elements": [
		{
			"name": "shoulder",
			"from": [4.0224, 5.012, 1.621],
			"to": [5.2896, 9.236, 4.789],
			"rotation": {"angle": -22.5, "axis": "x", "origin": [0.96, -2.38, -4.715]},
			"faces": {
				"north": {"uv": [2.75, 9.5, 3, 10.75], "texture": "#1"},
				"east": {"uv": [6, 9.75, 7, 11], "texture": "#1"},
				"south": {"uv": [10.75, 9.25, 11, 10.5], "texture": "#1"},
				"west": {"uv": [10.25, 1.75, 11.25, 3], "texture": "#1"},
				"up": {"uv": [3, 7.25, 2.75, 6.25], "texture": "#1"},
				"down": {"uv": [4, 8.75, 3.75, 9.75], "texture": "#1"}
			}
		},
		{
			"name": "feather1",
			"from": [4.6736, 5.012, 4.701],
			"to": [4.6736, 9.236, 7.869],
			"rotation": {"angle": -22.5, "axis": "x", "origin": [0.96, -2.38, -4.715]},
			"faces": {
				"north": {"uv": [0, 0, 0, 1.25], "texture": "#1"},
				"east": {"uv": [10.25, 4.25, 11.25, 5.5], "texture": "#1"},
				"south": {"uv": [0, 0, 0, 1.25], "texture": "#1"},
				"west": {"uv": [11.25, 4.25, 10.25, 5.5], "texture": "#1"},
				"up": {"uv": [0, 1, 0, 0], "texture": "#1"},
				"down": {"uv": [0, 0, 0, 1], "texture": "#1"}
			}
		},
		{
			"name": "hand",
			"from": [4.128, 4.484, -1.4414],
			"to": [5.184, 8.708, 0.4594],
			"rotation": {"angle": 22.5, "axis": "x", "origin": [6.24, 7.124, -1.547]},
			"faces": {
				"north": {"uv": [12.25, 10, 12.5, 11.25], "texture": "#1"},
				"east": {"uv": [11.75, 8.5, 12.25, 9.75], "texture": "#1"},
				"south": {"uv": [11, 12.25, 11.25, 13.5], "texture": "#1"},
				"west": {"uv": [9, 11.75, 9.5, 13], "texture": "#1"},
				"up": {"uv": [4.25, 6.5, 4, 6], "texture": "#1"},
				"down": {"uv": [4.5, 6, 4.25, 6.5], "texture": "#1"}
			}
		},
		{
			"name": "feather2",
			"from": [4.656, 4.484, -0.4734],
			"to": [4.656, 9.588, 2.3074],
			"rotation": {"angle": 22.5, "axis": "x", "origin": [6.24, 7.124, -1.547]},
			"faces": {
				"north": {"uv": [0, 0, 0, 1.5], "texture": "#1"},
				"east": {"uv": [2.5, 11.25, 3.25, 12.75], "texture": "#1"},
				"south": {"uv": [0, 0, 0, 1.5], "texture": "#1"},
				"west": {"uv": [3.25, 11.25, 2.5, 12.75], "texture": "#1"},
				"up": {"uv": [0, 0.75, 0, 0], "texture": "#1"},
				"down": {"uv": [0, 0, 0, 0.75], "texture": "#1"}
			}
		},
		{
			"name": "shoulder",
			"from": [10.7104, 5.012, 1.621],
			"to": [11.9776, 9.236, 4.789],
			"rotation": {"angle": -22.5, "axis": "x", "origin": [15.04, -2.38, -4.715]},
			"faces": {
				"north": {"uv": [1.75, 12.5, 2, 13.75], "texture": "#1"},
				"east": {"uv": [10.25, 5.5, 11.25, 6.75], "texture": "#1"},
				"south": {"uv": [2, 12.5, 2.25, 13.75], "texture": "#1"},
				"west": {"uv": [10.25, 6.75, 11.25, 8], "texture": "#1"},
				"up": {"uv": [6.5, 13.5, 6.25, 12.5], "texture": "#1"},
				"down": {"uv": [6.75, 12.5, 6.5, 13.5], "texture": "#1"}
			}
		},
		{
			"name": "feather1",
			"from": [11.3264, 5.012, 4.701],
			"to": [11.3264, 9.236, 7.869],
			"rotation": {"angle": -22.5, "axis": "x", "origin": [15.04, -2.38, -4.715]},
			"faces": {
				"north": {"uv": [0, 0, 0, 1.25], "texture": "#1"},
				"east": {"uv": [10.25, 4.25, 11.25, 5.5], "texture": "#1"},
				"south": {"uv": [0, 0, 0, 1.25], "texture": "#1"},
				"west": {"uv": [11.25, 4.25, 10.25, 5.5], "texture": "#1"},
				"up": {"uv": [0, 1, 0, 0], "texture": "#1"},
				"down": {"uv": [0, 0, 0, 1], "texture": "#1"}
			}
		},
		{
			"name": "hand",
			"from": [10.816, 4.484, -1.4414],
			"to": [11.872, 8.708, 0.4594],
			"rotation": {"angle": 22.5, "axis": "x", "origin": [9.76, 7.124, -1.547]},
			"faces": {
				"north": {"uv": [2.25, 12.5, 2.5, 13.75], "texture": "#1"},
				"east": {"uv": [11.75, 11, 12.25, 12.25], "texture": "#1"},
				"south": {"uv": [6, 12.5, 6.25, 13.75], "texture": "#1"},
				"west": {"uv": [0.75, 12, 1.25, 13.25], "texture": "#1"},
				"up": {"uv": [8, 9.5, 7.75, 9], "texture": "#1"},
				"down": {"uv": [10.25, 8.25, 10, 8.75], "texture": "#1"}
			}
		},
		{
			"name": "feather2",
			"from": [11.344, 4.484, -0.4734],
			"to": [11.344, 9.588, 2.3074],
			"rotation": {"angle": 22.5, "axis": "x", "origin": [9.76, 7.124, -1.547]},
			"faces": {
				"north": {"uv": [0, 0, 0, 1.5], "texture": "#1"},
				"east": {"uv": [2.5, 11.25, 3.25, 12.75], "texture": "#1"},
				"south": {"uv": [0, 0, 0, 1.5], "texture": "#1"},
				"west": {"uv": [3.25, 11.25, 2.5, 12.75], "texture": "#1"},
				"up": {"uv": [0, 0.75, 0, 0], "texture": "#1"},
				"down": {"uv": [0, 0, 0, 0.75], "texture": "#1"}
			}
		},
		{
			"name": "toe",
			"from": [10.43936, 0.12976, 4.4458],
			"to": [12.39736, 1.32326, 8.5928],
			"rotation": {"angle": 22.5, "axis": "x", "origin": [12.17736, 10.68976, 6.2058]},
			"faces": {
				"north": {"uv": [2.5, 11, 3, 11.25], "texture": "#2"},
				"east": {"uv": [12.25, 11.5, 13.5, 11.75], "texture": "#2"},
				"south": {"uv": [3.25, 11.25, 3.75, 11.5], "texture": "#2"},
				"west": {"uv": [12.25, 11.75, 13.5, 12], "texture": "#2"},
				"up": {"uv": [10.5, 13, 10, 11.75], "texture": "#2"},
				"down": {"uv": [11, 11.75, 10.5, 13], "texture": "#2"}
			}
		},
		{
			"name": "sickle",
			"from": [9.33144, 3.17943, -0.37608],
			"to": [10.49304, 5.80183, 0.78552],
			"rotation": {"angle": -22.5, "axis": "x", "origin": [12.17736, 10.68976, 6.2058]},
			"faces": {
				"north": {"uv": [11.25, 7.25, 11.5, 8], "texture": "#2"},
				"east": {"uv": [11.5, 8.5, 11.75, 9.25], "texture": "#2"},
				"south": {"uv": [12.5, 10, 12.75, 10.75], "texture": "#2"},
				"west": {"uv": [11.25, 12.5, 11.5, 13.25], "texture": "#2"},
				"up": {"uv": [12.25, 4.25, 12, 4], "texture": "#2"},
				"down": {"uv": [12.75, 12.25, 12.5, 12.5], "texture": "#2"}
			}
		},
		{
			"name": "lower_leg",
			"from": [9.95178, 1.0222, 6.7142],
			"to": [12.05058, 7.3054, 9.5126],
			"rotation": {"angle": 22.5, "axis": "x", "origin": [12.17736, 10.68976, 6.2058]},
			"faces": {
				"north": {"uv": [7.25, 11.75, 7.75, 13.5], "texture": "#2"},
				"east": {"uv": [4.5, 9.75, 5.25, 11.5], "texture": "#2"},
				"south": {"uv": [7.75, 11.75, 8.25, 13.5], "texture": "#2"},
				"west": {"uv": [5.25, 9.75, 6, 11.5], "texture": "#2"},
				"up": {"uv": [1.75, 12.75, 1.25, 12], "texture": "#2"},
				"down": {"uv": [12.75, 7.75, 12.25, 8.5], "texture": "#2"}
			}
		},
		{
			"name": "upper_leg",
			"from": [9.57866, 6.619, 4.3822],
			"to": [12.37706, 12.2158, 9.0462],
			"rotation": {"angle": 22.5, "axis": "x", "origin": [12.17736, 10.68976, 6.2058]},
			"faces": {
				"north": {"uv": [0, 11.25, 0.75, 12.75], "texture": "#2"},
				"east": {"uv": [4, 8.25, 5.25, 9.75], "texture": "#2"},
				"south": {"uv": [11.25, 1.25, 12, 2.75], "texture": "#2"},
				"west": {"uv": [8.5, 1, 9.75, 2.5], "texture": "#2"},
				"up": {"uv": [5.5, 12.75, 4.75, 11.5], "texture": "#2"},
				"down": {"uv": [12.25, 7.25, 11.5, 8.5], "texture": "#2"}
			}
		},
		{
			"name": "toe",
			"from": [10.43936, 0.12976, 4.4458],
			"to": [12.39736, 1.32326, 8.5928],
			"rotation": {"angle": -22.5, "axis": "x", "origin": [3.82264, 10.68976, 6.2058]},
			"faces": {
				"north": {"uv": [9.25, 6.75, 8.75, 7], "texture": "#2"},
				"east": {"uv": [13.5, 11.25, 12.25, 11.5], "texture": "#2"},
				"south": {"uv": [9.25, 7, 8.75, 7.25], "texture": "#2"},
				"west": {"uv": [12.5, 12.25, 11.25, 12.5], "texture": "#2"},
				"up": {"uv": [9.5, 13, 10, 11.75], "texture": "#2"},
				"down": {"uv": [11.75, 9.75, 12.25, 11], "texture": "#2"}
			}
		},
		{
			"name": "sickle",
			"from": [9.33144, 4.10788, 11.09373],
			"to": [10.49304, 5.26948, 13.71613],
			"rotation": {"angle": 22.5, "axis": "x", "origin": [3.82264, 10.68976, 6.2058]},
			"faces": {
				"north": {"uv": [10.5, 9.5, 10.75, 9.25], "rotation": 180, "texture": "#2"},
				"east": {"uv": [1, 11.25, 0.75, 12], "rotation": 90, "texture": "#2"},
				"south": {"uv": [2.75, 10.75, 3, 11], "texture": "#2"},
				"west": {"uv": [10.5, 8, 10.25, 8.75], "rotation": 270, "texture": "#2"},
				"up": {"uv": [7, 11, 6.75, 11.75], "texture": "#2"},
				"down": {"uv": [5.5, 8.25, 5.25, 9], "rotation": 180, "texture": "#2"}
			}
		},
		{
			"name": "lower_leg",
			"from": [9.95178, 1.0222, 6.7142],
			"to": [12.05058, 7.3054, 9.5126],
			"rotation": {"angle": -22.5, "axis": "x", "origin": [3.82264, 10.68976, 6.2058]},
			"faces": {
				"north": {"uv": [6, 11.5, 5.5, 13.25], "texture": "#2"},
				"east": {"uv": [4.5, 9.75, 3.75, 11.5], "texture": "#2"},
				"south": {"uv": [7.25, 11.75, 6.75, 13.5], "texture": "#2"},
				"west": {"uv": [10.5, 0, 9.75, 1.75], "texture": "#2"},
				"up": {"uv": [5.5, 7.25, 6, 6.5], "texture": "#2"},
				"down": {"uv": [9.75, 1.75, 10.25, 2.5], "texture": "#2"}
			}
		},
		{
			"name": "upper_leg",
			"from": [9.57866, 6.619, 4.3822],
			"to": [12.37706, 12.2158, 9.0462],
			"rotation": {"angle": -22.5, "axis": "x", "origin": [3.82264, 10.68976, 6.2058]},
			"faces": {
				"north": {"uv": [11.75, 9.25, 11, 10.75], "texture": "#2"},
				"east": {"uv": [9.25, 7.25, 8, 8.75], "texture": "#2"},
				"south": {"uv": [11.75, 10.75, 11, 12.25], "texture": "#2"},
				"west": {"uv": [9.25, 2.75, 8, 4.25], "texture": "#2"},
				"up": {"uv": [3.25, 12.75, 4, 11.5], "texture": "#2"},
				"down": {"uv": [4, 11.5, 4.75, 12.75], "texture": "#2"}
			}
		},
		{
			"name": "toe",
			"from": [3.60264, 0.12976, 4.4458],
			"to": [5.56064, 1.32326, 8.5928],
			"rotation": {"angle": 22.5, "axis": "x", "origin": [12.17736, 10.68976, 6.2058]},
			"faces": {
				"north": {"uv": [8.75, 6.75, 9.25, 7], "texture": "#2"},
				"east": {"uv": [11.25, 12.25, 12.5, 12.5], "texture": "#2"},
				"south": {"uv": [8.75, 7, 9.25, 7.25], "texture": "#2"},
				"west": {"uv": [12.25, 11.25, 13.5, 11.5], "texture": "#2"},
				"up": {"uv": [10, 13, 9.5, 11.75], "texture": "#2"},
				"down": {"uv": [12.25, 9.75, 11.75, 11], "texture": "#2"}
			}
		},
		{
			"name": "sickle",
			"from": [5.50696, 3.17943, -0.37608],
			"to": [6.66856, 5.80183, 0.78552],
			"rotation": {"angle": -22.5, "axis": "x", "origin": [12.17736, 10.68976, 6.2058]},
			"faces": {
				"north": {"uv": [5.25, 8.25, 5.5, 9], "texture": "#2"},
				"east": {"uv": [10.25, 8, 10.5, 8.75], "texture": "#2"},
				"south": {"uv": [6.75, 11, 7, 11.75], "texture": "#2"},
				"west": {"uv": [0.75, 11.25, 1, 12], "texture": "#2"},
				"up": {"uv": [10.75, 9.5, 10.5, 9.25], "texture": "#2"},
				"down": {"uv": [3, 10.75, 2.75, 11], "texture": "#2"}
			}
		},
		{
			"name": "lower_leg",
			"from": [3.94942, 1.0222, 6.7142],
			"to": [6.04822, 7.3054, 9.5126],
			"rotation": {"angle": 22.5, "axis": "x", "origin": [12.17736, 10.68976, 6.2058]},
			"faces": {
				"north": {"uv": [5.5, 11.5, 6, 13.25], "texture": "#2"},
				"east": {"uv": [9.75, 0, 10.5, 1.75], "texture": "#2"},
				"south": {"uv": [6.75, 11.75, 7.25, 13.5], "texture": "#2"},
				"west": {"uv": [3.75, 9.75, 4.5, 11.5], "texture": "#2"},
				"up": {"uv": [6, 7.25, 5.5, 6.5], "texture": "#2"},
				"down": {"uv": [10.25, 1.75, 9.75, 2.5], "texture": "#2"}
			}
		},
		{
			"name": "upper_leg",
			"from": [3.62294, 6.619, 4.3822],
			"to": [6.42134, 12.2158, 9.0462],
			"rotation": {"angle": 22.5, "axis": "x", "origin": [12.17736, 10.68976, 6.2058]},
			"faces": {
				"north": {"uv": [11, 9.25, 11.75, 10.75], "texture": "#2"},
				"east": {"uv": [8, 2.75, 9.25, 4.25], "texture": "#2"},
				"south": {"uv": [11, 10.75, 11.75, 12.25], "texture": "#2"},
				"west": {"uv": [8, 7.25, 9.25, 8.75], "texture": "#2"},
				"up": {"uv": [4, 12.75, 3.25, 11.5], "texture": "#2"},
				"down": {"uv": [4.75, 11.5, 4, 12.75], "texture": "#2"}
			}
		},
		{
			"name": "toe",
			"from": [3.60264, 0.12976, 4.4458],
			"to": [5.56064, 1.32326, 8.5928],
			"rotation": {"angle": -22.5, "axis": "x", "origin": [3.82264, 10.68976, 6.2058]},
			"faces": {
				"north": {"uv": [3, 11, 2.5, 11.25], "texture": "#2"},
				"east": {"uv": [13.5, 11.75, 12.25, 12], "texture": "#2"},
				"south": {"uv": [3.75, 11.25, 3.25, 11.5], "texture": "#2"},
				"west": {"uv": [13.5, 11.5, 12.25, 11.75], "texture": "#2"},
				"up": {"uv": [10, 13, 10.5, 11.75], "texture": "#2"},
				"down": {"uv": [10.5, 11.75, 11, 13], "texture": "#2"}
			}
		},
		{
			"name": "sickle",
			"from": [5.50696, 4.10788, 11.09373],
			"to": [6.66856, 5.26948, 13.71613],
			"rotation": {"angle": 22.5, "axis": "x", "origin": [3.82264, 10.68976, 6.2058]},
			"faces": {
				"north": {"uv": [12, 4.25, 12.25, 4], "rotation": 180, "texture": "#2"},
				"east": {"uv": [11.5, 12.5, 11.25, 13.25], "rotation": 90, "texture": "#2"},
				"south": {"uv": [12.5, 12.25, 12.75, 12.5], "texture": "#2"},
				"west": {"uv": [11.75, 8.5, 11.5, 9.25], "rotation": 270, "texture": "#2"},
				"up": {"uv": [12.75, 10, 12.5, 10.75], "texture": "#2"},
				"down": {"uv": [11.5, 7.25, 11.25, 8], "rotation": 180, "texture": "#2"}
			}
		},
		{
			"name": "lower_leg",
			"from": [3.94942, 1.0222, 6.7142],
			"to": [6.04822, 7.3054, 9.5126],
			"rotation": {"angle": -22.5, "axis": "x", "origin": [3.82264, 10.68976, 6.2058]},
			"faces": {
				"north": {"uv": [7.75, 11.75, 7.25, 13.5], "texture": "#2"},
				"east": {"uv": [6, 9.75, 5.25, 11.5], "texture": "#2"},
				"south": {"uv": [8.25, 11.75, 7.75, 13.5], "texture": "#2"},
				"west": {"uv": [5.25, 9.75, 4.5, 11.5], "texture": "#2"},
				"up": {"uv": [1.25, 12.75, 1.75, 12], "texture": "#2"},
				"down": {"uv": [12.25, 7.75, 12.75, 8.5], "texture": "#2"}
			}
		},
		{
			"name": "upper_leg",
			"from": [3.62294, 6.619, 4.3822],
			"to": [6.42134, 12.2158, 9.0462],
			"rotation": {"angle": -22.5, "axis": "x", "origin": [3.82264, 10.68976, 6.2058]},
			"faces": {
				"north": {"uv": [0.75, 11.25, 0, 12.75], "texture": "#2"},
				"east": {"uv": [9.75, 1, 8.5, 2.5], "texture": "#2"},
				"south": {"uv": [12, 1.25, 11.25, 2.75], "texture": "#2"},
				"west": {"uv": [5.25, 8.25, 4, 9.75], "texture": "#2"},
				"up": {"uv": [4.75, 12.75, 5.5, 11.5], "texture": "#2"},
				"down": {"uv": [11.5, 7.25, 12.25, 8.5], "texture": "#2"}
			}
		},
		{
			"name": "neck",
			"from": [6.3486, 7.35371, -7.62562],
			"to": [9.6514, 14.73771, -3.03362],
			"rotation": {"angle": -45, "axis": "x", "origin": [7.875, 12.99671, -7.15587]},
			"faces": {
				"north": {"uv": [1, 7.25, 2, 9.5], "texture": "#1"},
				"east": {"uv": [0, 4, 1.5, 6.25], "texture": "#1"},
				"south": {"uv": [2, 7.25, 3, 9.5], "texture": "#1"},
				"west": {"uv": [1.5, 4, 3, 6.25], "texture": "#1"},
				"up": {"uv": [10.25, 4, 9.25, 2.5], "texture": "#1"},
				"down": {"uv": [10.25, 6.75, 9.25, 8.25], "texture": "#1"}
			}
		},
		{
			"name": "eye",
			"from": [9.59628, 15.48864, -10.01203],
			"to": [9.84628, 16.12224, -8.74483],
			"rotation": {"angle": 0, "axis": "y", "origin": [7.875, 18.53032, -5.13075]},
			"faces": {
				"north": {"uv": [12.5, 12.5, 12, 12.75], "texture": "#1"},
				"east": {"uv": [12.5, 12.5, 12, 12.75], "texture": "#1"},
				"south": {"uv": [12.5, 12.5, 12, 12.75], "texture": "#1"},
				"west": {"uv": [12.5, 12.5, 12, 12.75], "texture": "#1"},
				"up": {"uv": [12.5, 12.5, 12, 12.75], "texture": "#1"},
				"down": {"uv": [12.5, 12.5, 12, 12.75], "texture": "#1"}
			}
		},
		{
			"name": "eye",
			"from": [6.15372, 15.48864, -10.01203],
			"to": [6.40372, 16.12224, -8.74483],
			"rotation": {"angle": 0, "axis": "y", "origin": [7.875, 18.53032, -5.13075]},
			"faces": {
				"north": {"uv": [12, 12.5, 12.5, 12.75], "texture": "#1"},
				"east": {"uv": [12, 12.5, 12.5, 12.75], "texture": "#1"},
				"south": {"uv": [12, 12.5, 12.5, 12.75], "texture": "#1"},
				"west": {"uv": [12, 12.5, 12.5, 12.75], "texture": "#1"},
				"up": {"uv": [12, 12.5, 12.5, 12.75], "texture": "#1"},
				"down": {"uv": [12, 12.5, 12.5, 12.75], "texture": "#1"}
			}
		},
		{
			"name": "lowerjaw",
			"from": [6.78204, 12.89088, -14.11987],
			"to": [9.21796, 13.72512, -10.54003],
			"rotation": {"angle": 0, "axis": "y", "origin": [7.875, 13.73032, -9.13075]},
			"faces": {
				"north": {"uv": [8.5, 2.5, 9.25, 2.75], "texture": "#1"},
				"east": {"uv": [9.25, 4, 10.25, 4.25], "texture": "#1"},
				"south": {"uv": [12.5, 10.75, 13.25, 11], "texture": "#1"},
				"west": {"uv": [12.5, 0.25, 13.5, 0.5], "texture": "#1"},
				"up": {"uv": [8.75, 5.25, 8, 4.25], "texture": "#1"},
				"down": {"uv": [9, 11.75, 8.25, 12.75], "texture": "#1"}
			}
		},
		{
			"name": "lowerjaw1",
			"from": [6.17484, 12.78528, -10.54003],
			"to": [9.82516, 13.72512, -6.31603],
			"rotation": {"angle": 0, "axis": "y", "origin": [7.875, 13.73032, -8.73075]},
			"faces": {
				"north": {"uv": [12.5, 0.5, 13.5, 0.75], "texture": "#1"},
				"east": {"uv": [12.25, 12, 13.5, 12.25], "texture": "#1"},
				"south": {"uv": [12.5, 0.75, 13.5, 1], "texture": "#1"},
				"west": {"uv": [12.5, 0, 13.75, 0.25], "texture": "#1"},
				"up": {"uv": [9, 11.75, 8, 10.5], "texture": "#1"},
				"down": {"uv": [11.5, 8, 10.5, 9.25], "texture": "#1"}
			}
		},
		{
			"name": "skull_main2",
			"from": [6.75564, 13.74624, -14.21491],
			"to": [9.24436, 16.08768, -12.90547],
			"rotation": {"angle": 0, "axis": "y", "origin": [7.875, 18.53032, -5.13075]},
			"faces": {
				"north": {"uv": [7, 9.75, 7.75, 10.5], "texture": "#1"},
				"east": {"uv": [12.25, 8.5, 12.75, 9.25], "texture": "#1"},
				"south": {"uv": [12, 1, 12.75, 1.75], "texture": "#1"},
				"west": {"uv": [12.25, 9.25, 12.75, 10], "texture": "#1"},
				"up": {"uv": [10, 8.75, 9.25, 8.25], "texture": "#1"},
				"down": {"uv": [11.25, 1.25, 10.5, 1.75], "texture": "#1"}
			}
		},
		{
			"name": "skull_main1",
			"from": [6.75564, 13.74624, -12.90547],
			"to": [9.24436, 16.45728, -10.54003],
			"rotation": {"angle": 0, "axis": "y", "origin": [7.875, 18.53032, -5.13075]},
			"faces": {
				"north": {"uv": [12, 1.75, 12.75, 2.5], "texture": "#1"},
				"east": {"uv": [12, 2.5, 12.75, 3.25], "texture": "#1"},
				"south": {"uv": [12, 3.25, 12.75, 4], "texture": "#1"},
				"west": {"uv": [12.25, 4, 13, 4.75], "texture": "#1"},
				"up": {"uv": [13, 5.5, 12.25, 4.75], "texture": "#1"},
				"down": {"uv": [13, 5.5, 12.25, 6.25], "texture": "#1"}
			}
		},
		{
			"name": "skull_main",
			"from": [6.16428, 13.74624, -10.54003],
			"to": [9.83572, 16.63968, -6.06259],
			"rotation": {"angle": 0, "axis": "y", "origin": [7.875, 18.53032, -5.13075]},
			"faces": {
				"north": {"uv": [11.25, 4.25, 12.25, 5.25], "texture": "#1"},
				"east": {"uv": [7.75, 9.5, 9.25, 10.5], "texture": "#1"},
				"south": {"uv": [11.25, 5.25, 12.25, 6.25], "texture": "#1"},
				"west": {"uv": [9.25, 9.5, 10.75, 10.5], "texture": "#1"},
				"up": {"uv": [2.75, 11, 1.75, 9.5], "texture": "#1"},
				"down": {"uv": [1, 9.75, 0, 11.25], "texture": "#1"}
			}
		},
		{
			"name": "torso_main",
			"from": [5.456, 8.22891, 0.67418],
			"to": [10.544, 14.76491, 11.00218],
			"rotation": {"angle": 0, "axis": "y", "origin": [7.74974, 9.624, 6.972]},
			"faces": {
				"north": {"uv": [4.5, 2.5, 6, 4.5], "texture": "#1"},
				"east": {"uv": [0, 0, 3, 2], "texture": "#1"},
				"south": {"uv": [4.5, 4.5, 6, 6.5], "texture": "#1"},
				"west": {"uv": [0, 2, 3, 4], "texture": "#1"},
				"up": {"uv": [4.5, 3, 3, 0], "texture": "#1"},
				"down": {"uv": [4.5, 3, 3, 6], "texture": "#1"}
			}
		},
		{
			"name": "torso_main2",
			"from": [5.536, 8.67691, -3.56582],
			"to": [10.464, 14.36491, 0.67418],
			"rotation": {"angle": 0, "axis": "y", "origin": [7.74974, 9.624, 6.972]},
			"faces": {
				"north": {"uv": [4, 6.5, 5.5, 8.25], "texture": "#1"},
				"east": {"uv": [5.5, 7.25, 6.75, 9], "texture": "#1"},
				"south": {"uv": [7, 1, 8.5, 2.75], "texture": "#1"},
				"west": {"uv": [6.75, 7.25, 8, 9], "texture": "#1"},
				"up": {"uv": [10.25, 5.5, 8.75, 4.25], "texture": "#1"},
				"down": {"uv": [10.25, 5.5, 8.75, 6.75], "texture": "#1"}
			}
		},
		{
			"name": "tail1",
			"from": [6.304, 9.92491, 11.00218],
			"to": [9.696, 14.16491, 20.33818],
			"rotation": {"angle": 0, "axis": "y", "origin": [7.74974, 9.624, 6.972]},
			"faces": {
				"north": {"uv": [9, 10.5, 10, 11.75], "texture": "#1"},
				"east": {"uv": [4.5, 0, 7, 1.25], "texture": "#1"},
				"south": {"uv": [10, 10.5, 11, 11.75], "texture": "#1"},
				"west": {"uv": [4.5, 1.25, 7, 2.5], "texture": "#1"},
				"up": {"uv": [8, 5.25, 7, 2.75], "texture": "#1"},
				"down": {"uv": [1, 7.25, 0, 9.75], "texture": "#1"}
			}
		},
		{
			"name": "tail2",
			"from": [6.928, 11.30091, 20.33818],
			"to": [9.072, 13.84491, 29.62618],
			"rotation": {"angle": 0, "axis": "y", "origin": [7.32574, 9.624, 6.972]},
			"faces": {
				"north": {"uv": [12.25, 6.25, 13, 7], "texture": "#1"},
				"east": {"uv": [8, 8.75, 10.5, 9.5], "texture": "#1"},
				"south": {"uv": [12.25, 7, 13, 7.75], "texture": "#1"},
				"west": {"uv": [5.25, 9, 7.75, 9.75], "texture": "#1"},
				"up": {"uv": [3.75, 11.25, 3, 8.75], "texture": "#1"},
				"down": {"uv": [1.75, 9.5, 1, 12], "texture": "#1"}
			}
		},
		{
			"name": "feathers1",
			"from": [5.5, 13.04, 23.49],
			"to": [10.5, 13.04, 31.97],
			"rotation": {"angle": 0, "axis": "y", "origin": [8, 12.44, 15.97]},
			"faces": {
				"north": {"uv": [0, 0, 1, 0], "texture": "#1"},
				"east": {"uv": [0, 0, 2.75, 0], "texture": "#1"},
				"south": {"uv": [0, 0, 1, 0], "texture": "#1"},
				"west": {"uv": [0, 0, 2.75, 0], "texture": "#1"},
				"up": {"uv": [7, 5.25, 6, 2.5], "texture": "#1"},
				"down": {"uv": [7, 2.5, 6, 5.25], "texture": "#1"}
			}
		},
		{
			"name": "feathers2",
			"from": [5.5, 9.24, 23.49],
			"to": [5.5, 13.04, 31.97],
			"rotation": {"angle": 0, "axis": "y", "origin": [7.2, 12.44, 15.97]},
			"faces": {
				"north": {"uv": [0, 0, 0, 1], "texture": "#1"},
				"east": {"uv": [0, 6.25, 2.75, 7.25], "texture": "#1"},
				"south": {"uv": [0, 0, 0, 1], "texture": "#1"},
				"west": {"uv": [2.75, 6.25, 0, 7.25], "texture": "#1"},
				"up": {"uv": [0, 2.75, 0, 0], "texture": "#1"},
				"down": {"uv": [0, 0, 0, 2.75], "texture": "#1"}
			}
		},
		{
			"name": "feathers3",
			"from": [10.5, 9.24, 23.49],
			"to": [10.5, 13.04, 31.97],
			"rotation": {"angle": 0, "axis": "y", "origin": [8.8, 12.44, 15.97]},
			"faces": {
				"north": {"uv": [0, 0, 0, 1], "texture": "#1"},
				"east": {"uv": [0, 6.25, 2.75, 7.25], "texture": "#1"},
				"south": {"uv": [0, 0, 0, 1], "texture": "#1"},
				"west": {"uv": [2.75, 6.25, 0, 7.25], "texture": "#1"},
				"up": {"uv": [0, 2.75, 0, 0], "texture": "#1"},
				"down": {"uv": [0, 0, 0, 2.75], "texture": "#1"}
			}
		},
		{
			"name": "feathers4",
			"from": [5.5, 9.24, 31.97],
			"to": [10.5, 13.04, 31.97],
			"rotation": {"angle": 0, "axis": "y", "origin": [8, 12.44, 15.97]},
			"faces": {
				"north": {"uv": [11.5, 0, 12.5, 1], "texture": "#1"},
				"east": {"uv": [0, 0, 0, 1], "texture": "#1"},
				"south": {"uv": [12.5, 0, 11.5, 1], "texture": "#1"},
				"west": {"uv": [0, 0, 0, 1], "texture": "#1"},
				"up": {"uv": [1, 0, 0, 0], "texture": "#1"},
				"down": {"uv": [1, 0, 0, 0], "texture": "#1"}
			}
		}
	],
	"display": {
		"gui": {
			"rotation": [30, 225, 0],
			"scale": [0.8, 0.8, 0.8]
		},
		"head": {
			"translation": [0, -31.1, 4],
			"scale": [1.85, 1.85, 1.85]
		},
		"fixed": {
			"translation": [0, 39.75, 55.25],
			"scale": [3.25, 3.25, 3.24805]
		}
	},
	"groups": [
		{
			"name": "root",
			"origin": [8, 8, 8],
			"color": 0,
			"children": [
				{
					"name": "limbs",
					"origin": [9.76, 8, 8],
					"color": 0,
					"children": [
						{
							"name": "arm_left",
							"origin": [9.76, 8, 8],
							"color": 0,
							"children": [0, 1, 2, 3]
						},
						{
							"name": "arm_right",
							"origin": [9.76, 8, 8],
							"color": 0,
							"children": [4, 5, 6, 7]
						},
						{
							"name": "legs",
							"origin": [9.76, 8, 8],
							"color": 0,
							"children": [
								{
									"name": "leg_right",
									"origin": [9.76, 8, 8],
									"color": 0,
									"children": [
										8,
										9,
										10,
										11,
										{
											"name": "leg_left",
											"origin": [9.76, 8, 8],
											"color": 0,
											"children": [12, 13, 14, 15]
										}
									]
								},
								{
									"name": "leg_left",
									"origin": [9.76, 8, 8],
									"color": 0,
									"children": [
										16,
										17,
										18,
										19,
										{
											"name": "leg_right",
											"origin": [9.76, 8, 8],
											"color": 0,
											"children": [20, 21, 22, 23]
										}
									]
								}
							]
						}
					]
				},
				{
					"name": "head",
					"origin": [9.16739, 8, 8],
					"color": 0,
					"children": [
						24,
						{
							"name": "skull",
							"origin": [9.4294, 8, 8],
							"color": 8,
							"children": [
								{
									"name": "eyes",
									"origin": [1.4294, 0, 0],
									"color": 0,
									"children": [25, 26]
								},
								{
									"name": "lowerjaw",
									"origin": [0.8994, 18.6, 4.7],
									"color": 0,
									"children": [27, 28]
								},
								29,
								30,
								31
							]
						}
					]
				},
				{
					"name": "torso",
					"origin": [9.6, 8, 8],
					"color": 0,
					"children": [
						32,
						33,
						{
							"name": "tail",
							"origin": [9.6, 8, 8],
							"color": 9,
							"children": [
								34,
								35,
								{
									"name": "feathers",
									"origin": [9.6, 11, 11],
									"color": 1,
									"children": [36, 37, 38, 39]
								}
							]
						}
					]
				}
			]
		}
	]
}