{
	"credit": "Made with Blockbench",
	"texture_size": [64, 64],
	"textures": {
		"1": "krmc:krmc_mobs/v_rex",
		"2": "krmc:krmc_mobs/animations/v_rex",
		"particle": "krmc:krmc_mobs/animations/v_rex"
	},
	"elements": [
		{
			"from": [5.18, 14.52521, -1.54162],
			"to": [10.82, 24.36521, 4.56838],
			"rotation": {"angle": -45, "axis": "x", "origin": [8, 8.82878, 6.09591]},
			"faces": {
				"north": {"uv": [0, 8.25, 1.375, 10.75], "texture": "#1"},
				"east": {"uv": [6.25, 5.75, 7.75, 8.25], "texture": "#1"},
				"south": {"uv": [6.25, 8.25, 7.625, 10.75], "texture": "#1"},
				"west": {"uv": [7, 0, 8.5, 2.5], "texture": "#1"},
				"up": {"uv": [12.375, 5.25, 11, 3.75], "texture": "#1"},
				"down": {"uv": [12.875, 0, 11.5, 1.5], "texture": "#1"}
			}
		},
		{
			"name": "jaw",
			"from": [6.56, 20.13114, -12.94639],
			"to": [9.44, 24.09114, -6.94639],
			"rotation": {"angle": -22.5, "axis": "x", "origin": [8, 8.82878, 6.09591]},
			"faces": {
				"north": {"uv": [5.25, 9.75, 6, 10.75], "texture": "#1"},
				"east": {"uv": [0, 12.25, 1.5, 13.25], "texture": "#1"},
				"south": {"uv": [0.75, 13.25, 1.5, 14.25], "texture": "#1"},
				"west": {"uv": [1.5, 12.25, 3, 13.25], "texture": "#1"},
				"up": {"uv": [6.75, 13.75, 6, 12.25], "texture": "#1"},
				"down": {"uv": [12.5, 12.25, 11.75, 13.75], "texture": "#1"}
			}
		},
		{
			"name": "1",
			"from": [7.535, 11.89548, -14.49276],
			"to": [7.965, 12.94548, -14.49276],
			"rotation": {"angle": -22.5, "axis": "x", "origin": [8, 9.92048, -14.12776]},
			"faces": {
				"north": {"uv": [14.75, 13.125, 15.25, 14.25], "rotation": 180, "texture": "#1"},
				"east": {"uv": [14.75, 13.125, 15.25, 14.25], "rotation": 180, "texture": "#1"},
				"south": {"uv": [15.25, 13.125, 14.75, 14.25], "rotation": 180, "texture": "#1"},
				"west": {"uv": [14.75, 13.125, 15.25, 14.25], "rotation": 180, "texture": "#1"},
				"up": {"uv": [14.75, 13.125, 15.25, 14.25], "rotation": 180, "texture": "#1"},
				"down": {"uv": [14.75, 13.125, 15.25, 14.25], "rotation": 180, "texture": "#1"}
			}
		},
		{
			"name": "2",
			"from": [6.835, 11.89548, -14.49276],
			"to": [7.265, 12.94548, -14.49276],
			"rotation": {"angle": -22.5, "axis": "x", "origin": [8, 9.92048, -14.12776]},
			"faces": {
				"north": {"uv": [14.75, 13.125, 15.25, 14.25], "rotation": 180, "texture": "#1"},
				"east": {"uv": [14.75, 13.125, 15.25, 14.25], "rotation": 180, "texture": "#1"},
				"south": {"uv": [15.25, 13.125, 14.75, 14.25], "rotation": 180, "texture": "#1"},
				"west": {"uv": [14.75, 13.125, 15.25, 14.25], "rotation": 180, "texture": "#1"},
				"up": {"uv": [14.75, 13.125, 15.25, 14.25], "rotation": 180, "texture": "#1"},
				"down": {"uv": [14.75, 13.125, 15.25, 14.25], "rotation": 180, "texture": "#1"}
			}
		},
		{
			"name": "3",
			"from": [6.785, 11.89548, -14.29276],
			"to": [6.785, 12.94548, -13.86276],
			"rotation": {"angle": -22.5, "axis": "x", "origin": [8, 9.92048, -14.12776]},
			"faces": {
				"north": {"uv": [14.75, 13.125, 15.25, 14.25], "rotation": 90, "texture": "#1"},
				"east": {"uv": [14.75, 14.25, 15.25, 13.125], "rotation": 90, "texture": "#1"},
				"south": {"uv": [14.75, 13.125, 15.25, 14.25], "rotation": 90, "texture": "#1"},
				"west": {"uv": [14.75, 13.125, 15.25, 14.25], "rotation": 180, "texture": "#1"},
				"up": {"uv": [14.75, 13.125, 15.25, 14.25], "rotation": 90, "texture": "#1"},
				"down": {"uv": [14.75, 13.125, 15.25, 14.25], "rotation": 90, "texture": "#1"}
			}
		},
		{
			"name": "4",
			"from": [6.785, 11.89548, -13.54276],
			"to": [6.785, 12.94548, -12.86276],
			"rotation": {"angle": -22.5, "axis": "x", "origin": [8, 9.92048, -14.12776]},
			"faces": {
				"north": {"uv": [14.75, 13.125, 15.25, 14.25], "rotation": 90, "texture": "#1"},
				"east": {"uv": [14.75, 14.25, 15.25, 13.125], "rotation": 90, "texture": "#1"},
				"south": {"uv": [14.75, 13.125, 15.25, 14.25], "rotation": 90, "texture": "#1"},
				"west": {"uv": [14.75, 13.125, 15.25, 14.25], "rotation": 180, "texture": "#1"},
				"up": {"uv": [14.75, 13.125, 15.25, 14.25], "rotation": 90, "texture": "#1"},
				"down": {"uv": [14.75, 13.125, 15.25, 14.25], "rotation": 90, "texture": "#1"}
			}
		},
		{
			"name": "5",
			"from": [6.785, 11.89548, -12.54276],
			"to": [6.785, 12.94548, -11.86276],
			"rotation": {"angle": -22.5, "axis": "x", "origin": [8, 9.92048, -14.12776]},
			"faces": {
				"north": {"uv": [14.75, 13.125, 15.25, 14.25], "rotation": 90, "texture": "#1"},
				"east": {"uv": [14.75, 14.25, 15.25, 13.125], "rotation": 90, "texture": "#1"},
				"south": {"uv": [14.75, 13.125, 15.25, 14.25], "rotation": 90, "texture": "#1"},
				"west": {"uv": [14.75, 13.125, 15.25, 14.25], "rotation": 180, "texture": "#1"},
				"up": {"uv": [14.75, 13.125, 15.25, 14.25], "rotation": 90, "texture": "#1"},
				"down": {"uv": [14.75, 13.125, 15.25, 14.25], "rotation": 90, "texture": "#1"}
			}
		},
		{
			"name": "6",
			"from": [6.785, 11.89548, -11.54276],
			"to": [6.785, 12.94548, -10.86276],
			"rotation": {"angle": -22.5, "axis": "x", "origin": [8, 9.92048, -14.12776]},
			"faces": {
				"north": {"uv": [14.75, 13.125, 15.25, 14.25], "rotation": 90, "texture": "#1"},
				"east": {"uv": [14.75, 14.25, 15.25, 13.125], "rotation": 90, "texture": "#1"},
				"south": {"uv": [14.75, 13.125, 15.25, 14.25], "rotation": 90, "texture": "#1"},
				"west": {"uv": [14.75, 13.125, 15.25, 14.25], "rotation": 180, "texture": "#1"},
				"up": {"uv": [14.75, 13.125, 15.25, 14.25], "rotation": 90, "texture": "#1"},
				"down": {"uv": [14.75, 13.125, 15.25, 14.25], "rotation": 90, "texture": "#1"}
			}
		},
		{
			"name": "7",
			"from": [6.785, 11.89548, -10.54276],
			"to": [6.785, 12.94548, -9.86276],
			"rotation": {"angle": -22.5, "axis": "x", "origin": [8, 9.92048, -14.12776]},
			"faces": {
				"north": {"uv": [14.75, 13.125, 15.25, 14.25], "rotation": 90, "texture": "#1"},
				"east": {"uv": [14.75, 14.25, 15.25, 13.125], "rotation": 90, "texture": "#1"},
				"south": {"uv": [14.75, 13.125, 15.25, 14.25], "rotation": 90, "texture": "#1"},
				"west": {"uv": [14.75, 13.125, 15.25, 14.25], "rotation": 180, "texture": "#1"},
				"up": {"uv": [14.75, 13.125, 15.25, 14.25], "rotation": 90, "texture": "#1"},
				"down": {"uv": [14.75, 13.125, 15.25, 14.25], "rotation": 90, "texture": "#1"}
			}
		},
		{
			"name": "8",
			"from": [8.135, 11.89548, -14.49276],
			"to": [8.565, 12.94548, -14.49276],
			"rotation": {"angle": -22.5, "axis": "x", "origin": [8, 9.92048, -14.12776]},
			"faces": {
				"north": {"uv": [15.25, 13.125, 14.75, 14.25], "rotation": 180, "texture": "#1"},
				"east": {"uv": [14.75, 13.125, 15.25, 14.25], "rotation": 180, "texture": "#1"},
				"south": {"uv": [14.75, 13.125, 15.25, 14.25], "rotation": 180, "texture": "#1"},
				"west": {"uv": [14.75, 13.125, 15.25, 14.25], "rotation": 180, "texture": "#1"},
				"up": {"uv": [14.75, 13.125, 15.25, 14.25], "rotation": 180, "texture": "#1"},
				"down": {"uv": [14.75, 13.125, 15.25, 14.25], "rotation": 180, "texture": "#1"}
			}
		},
		{
			"name": "9",
			"from": [8.735, 11.89548, -14.49276],
			"to": [9.165, 12.94548, -14.49276],
			"rotation": {"angle": -22.5, "axis": "x", "origin": [8, 9.92048, -14.12776]},
			"faces": {
				"north": {"uv": [15.25, 13.125, 14.75, 14.25], "rotation": 180, "texture": "#1"},
				"east": {"uv": [14.75, 13.125, 15.25, 14.25], "rotation": 180, "texture": "#1"},
				"south": {"uv": [14.75, 13.125, 15.25, 14.25], "rotation": 180, "texture": "#1"},
				"west": {"uv": [14.75, 13.125, 15.25, 14.25], "rotation": 180, "texture": "#1"},
				"up": {"uv": [14.75, 13.125, 15.25, 14.25], "rotation": 180, "texture": "#1"},
				"down": {"uv": [14.75, 13.125, 15.25, 14.25], "rotation": 180, "texture": "#1"}
			}
		},
		{
			"name": "10",
			"from": [9.215, 11.89548, -14.29276],
			"to": [9.215, 12.94548, -13.86276],
			"rotation": {"angle": -22.5, "axis": "x", "origin": [8, 9.92048, -14.12776]},
			"faces": {
				"north": {"uv": [14.75, 13.125, 15.25, 14.25], "rotation": 90, "texture": "#1"},
				"east": {"uv": [14.75, 14.25, 15.25, 13.125], "rotation": 90, "texture": "#1"},
				"south": {"uv": [14.75, 13.125, 15.25, 14.25], "rotation": 90, "texture": "#1"},
				"west": {"uv": [14.75, 13.125, 15.25, 14.25], "rotation": 180, "texture": "#1"},
				"up": {"uv": [14.75, 13.125, 15.25, 14.25], "rotation": 90, "texture": "#1"},
				"down": {"uv": [14.75, 13.125, 15.25, 14.25], "rotation": 90, "texture": "#1"}
			}
		},
		{
			"name": "11",
			"from": [9.215, 11.89548, -13.54276],
			"to": [9.215, 12.94548, -12.86276],
			"rotation": {"angle": -22.5, "axis": "x", "origin": [8, 9.92048, -14.12776]},
			"faces": {
				"north": {"uv": [14.75, 13.125, 15.25, 14.25], "rotation": 90, "texture": "#1"},
				"east": {"uv": [14.75, 14.25, 15.25, 13.125], "rotation": 90, "texture": "#1"},
				"south": {"uv": [14.75, 13.125, 15.25, 14.25], "rotation": 90, "texture": "#1"},
				"west": {"uv": [14.75, 14.25, 15.25, 13.125], "rotation": 90, "texture": "#1"},
				"up": {"uv": [14.75, 13.125, 15.25, 14.25], "rotation": 90, "texture": "#1"},
				"down": {"uv": [14.75, 13.125, 15.25, 14.25], "rotation": 90, "texture": "#1"}
			}
		},
		{
			"name": "12",
			"from": [9.215, 11.89548, -12.54276],
			"to": [9.215, 12.94548, -11.86276],
			"rotation": {"angle": -22.5, "axis": "x", "origin": [8, 9.92048, -14.12776]},
			"faces": {
				"north": {"uv": [14.75, 13.125, 15.25, 14.25], "rotation": 90, "texture": "#1"},
				"east": {"uv": [14.75, 14.25, 15.25, 13.125], "rotation": 90, "texture": "#1"},
				"south": {"uv": [14.75, 13.125, 15.25, 14.25], "rotation": 90, "texture": "#1"},
				"west": {"uv": [14.75, 13.125, 15.25, 14.25], "rotation": 180, "texture": "#1"},
				"up": {"uv": [14.75, 13.125, 15.25, 14.25], "rotation": 90, "texture": "#1"},
				"down": {"uv": [14.75, 13.125, 15.25, 14.25], "rotation": 90, "texture": "#1"}
			}
		},
		{
			"name": "13",
			"from": [9.215, 11.89548, -11.54276],
			"to": [9.215, 12.94548, -10.86276],
			"rotation": {"angle": -22.5, "axis": "x", "origin": [8, 9.92048, -14.12776]},
			"faces": {
				"north": {"uv": [14.75, 13.125, 15.25, 14.25], "rotation": 90, "texture": "#1"},
				"east": {"uv": [14.75, 14.25, 15.25, 13.125], "rotation": 90, "texture": "#1"},
				"south": {"uv": [14.75, 13.125, 15.25, 14.25], "rotation": 90, "texture": "#1"},
				"west": {"uv": [14.75, 13.125, 15.25, 14.25], "rotation": 180, "texture": "#1"},
				"up": {"uv": [14.75, 13.125, 15.25, 14.25], "rotation": 90, "texture": "#1"},
				"down": {"uv": [14.75, 13.125, 15.25, 14.25], "rotation": 90, "texture": "#1"}
			}
		},
		{
			"name": "14",
			"from": [9.215, 11.89548, -10.54276],
			"to": [9.215, 12.94548, -9.86276],
			"rotation": {"angle": -22.5, "axis": "x", "origin": [8, 9.92048, -14.12776]},
			"faces": {
				"north": {"uv": [14.75, 13.125, 15.25, 14.25], "rotation": 90, "texture": "#1"},
				"east": {"uv": [14.75, 14.25, 15.25, 13.125], "rotation": 90, "texture": "#1"},
				"south": {"uv": [14.75, 13.125, 15.25, 14.25], "rotation": 90, "texture": "#1"},
				"west": {"uv": [14.75, 13.125, 15.25, 14.25], "rotation": 180, "texture": "#1"},
				"up": {"uv": [14.75, 13.125, 15.25, 14.25], "rotation": 90, "texture": "#1"},
				"down": {"uv": [14.75, 13.125, 15.25, 14.25], "rotation": 90, "texture": "#1"}
			}
		},
		{
			"name": "jaw_lower",
			"from": [6.56, -4.94294, -8.84021],
			"to": [9.44, 1.05706, -7.04021],
			"rotation": {"angle": 45, "axis": "x", "origin": [8, 8.82878, 6.09591]},
			"faces": {
				"north": {"uv": [12.5, 3.5, 13.25, 5], "texture": "#1"},
				"east": {"uv": [1.5, 13.25, 2, 14.75], "texture": "#1"},
				"south": {"uv": [12.5, 12.25, 13.25, 13.75], "texture": "#1"},
				"west": {"uv": [2, 13.25, 2.5, 14.75], "texture": "#1"},
				"up": {"uv": [11.75, 5.75, 11, 5.25], "texture": "#1"},
				"down": {"uv": [14.5, 0.5, 13.75, 1], "texture": "#1"}
			}
		},
		{
			"name": "1",
			"from": [7.785, 9.83548, -14.65276],
			"to": [8.215, 9.83548, -13.60276],
			"rotation": {"angle": 45, "axis": "x", "origin": [8, 9.92048, -14.12776]},
			"faces": {
				"north": {"uv": [14.75, 13.125, 15.25, 14.25], "rotation": 180, "texture": "#1"},
				"east": {"uv": [14.75, 13.125, 15.25, 14.25], "rotation": 180, "texture": "#1"},
				"south": {"uv": [14.75, 13.125, 15.25, 14.25], "rotation": 180, "texture": "#1"},
				"west": {"uv": [14.75, 13.125, 15.25, 14.25], "rotation": 180, "texture": "#1"},
				"up": {"uv": [14.75, 14.25, 15.25, 13.125], "rotation": 180, "texture": "#1"},
				"down": {"uv": [14.75, 13.125, 15.25, 14.25], "rotation": 180, "texture": "#1"}
			}
		},
		{
			"name": "2",
			"from": [7.035, 9.90548, -14.65276],
			"to": [7.415, 9.90548, -13.60276],
			"rotation": {"angle": 45, "axis": "x", "origin": [8, 9.92048, -14.12776]},
			"faces": {
				"north": {"uv": [14.75, 13.125, 15.25, 14.25], "rotation": 180, "texture": "#1"},
				"east": {"uv": [14.75, 13.125, 15.25, 14.25], "rotation": 180, "texture": "#1"},
				"south": {"uv": [14.75, 13.125, 15.25, 14.25], "rotation": 180, "texture": "#1"},
				"west": {"uv": [14.75, 13.125, 15.25, 14.25], "rotation": 180, "texture": "#1"},
				"up": {"uv": [15.25, 14.25, 14.75, 13.125], "rotation": 180, "texture": "#1"},
				"down": {"uv": [14.75, 13.125, 15.25, 14.25], "rotation": 180, "texture": "#1"}
			}
		},
		{
			"name": "3",
			"from": [6.765, 10.10548, -14.65276],
			"to": [6.765, 10.48548, -13.60276],
			"rotation": {"angle": 45, "axis": "x", "origin": [8, 9.92048, -14.12776]},
			"faces": {
				"north": {"uv": [14.75, 13.125, 15.25, 14.25], "rotation": 90, "texture": "#1"},
				"east": {"uv": [14.75, 13.125, 15.25, 14.25], "rotation": 90, "texture": "#1"},
				"south": {"uv": [14.75, 13.125, 15.25, 14.25], "rotation": 90, "texture": "#1"},
				"west": {"uv": [14.75, 14.25, 15.25, 13.125], "rotation": 90, "texture": "#1"},
				"up": {"uv": [14.75, 13.125, 15.25, 14.25], "rotation": 90, "texture": "#1"},
				"down": {"uv": [14.75, 13.125, 15.25, 14.25], "rotation": 90, "texture": "#1"}
			}
		},
		{
			"name": "4",
			"from": [6.785, 10.85548, -14.65276],
			"to": [6.785, 11.23548, -13.60276],
			"rotation": {"angle": 45, "axis": "x", "origin": [8, 9.92048, -14.12776]},
			"faces": {
				"north": {"uv": [14.75, 13.125, 15.25, 14.25], "rotation": 90, "texture": "#1"},
				"east": {"uv": [14.75, 13.125, 15.25, 14.25], "rotation": 90, "texture": "#1"},
				"south": {"uv": [14.75, 13.125, 15.25, 14.25], "rotation": 90, "texture": "#1"},
				"west": {"uv": [14.75, 14.25, 15.25, 13.125], "rotation": 90, "texture": "#1"},
				"up": {"uv": [14.75, 13.125, 15.25, 14.25], "rotation": 90, "texture": "#1"},
				"down": {"uv": [14.75, 13.125, 15.25, 14.25], "rotation": 90, "texture": "#1"}
			}
		},
		{
			"name": "5",
			"from": [6.785, 11.60548, -14.65276],
			"to": [6.785, 12.23548, -13.60276],
			"rotation": {"angle": 45, "axis": "x", "origin": [8, 9.92048, -14.12776]},
			"faces": {
				"north": {"uv": [14.75, 13.125, 15.25, 14.25], "rotation": 90, "texture": "#1"},
				"east": {"uv": [14.75, 13.125, 15.25, 14.25], "rotation": 90, "texture": "#1"},
				"south": {"uv": [14.75, 13.125, 15.25, 14.25], "rotation": 90, "texture": "#1"},
				"west": {"uv": [14.75, 14.25, 15.25, 13.125], "rotation": 90, "texture": "#1"},
				"up": {"uv": [14.75, 13.125, 15.25, 14.25], "rotation": 90, "texture": "#1"},
				"down": {"uv": [14.75, 13.125, 15.25, 14.25], "rotation": 90, "texture": "#1"}
			}
		},
		{
			"name": "6",
			"from": [6.785, 12.60548, -14.65276],
			"to": [6.785, 13.23548, -13.60276],
			"rotation": {"angle": 45, "axis": "x", "origin": [8, 9.92048, -14.12776]},
			"faces": {
				"north": {"uv": [14.75, 13.125, 15.25, 14.25], "rotation": 90, "texture": "#1"},
				"east": {"uv": [14.75, 13.125, 15.25, 14.25], "rotation": 90, "texture": "#1"},
				"south": {"uv": [14.75, 13.125, 15.25, 14.25], "rotation": 90, "texture": "#1"},
				"west": {"uv": [14.75, 14.25, 15.25, 13.125], "rotation": 90, "texture": "#1"},
				"up": {"uv": [14.75, 13.125, 15.25, 14.25], "rotation": 90, "texture": "#1"},
				"down": {"uv": [14.75, 13.125, 15.25, 14.25], "rotation": 90, "texture": "#1"}
			}
		},
		{
			"name": "7",
			"from": [6.785, 13.60548, -14.65276],
			"to": [6.785, 14.23548, -13.60276],
			"rotation": {"angle": 45, "axis": "x", "origin": [8, 9.92048, -14.12776]},
			"faces": {
				"north": {"uv": [14.75, 13.125, 15.25, 14.25], "rotation": 90, "texture": "#1"},
				"east": {"uv": [14.75, 13.125, 15.25, 14.25], "rotation": 90, "texture": "#1"},
				"south": {"uv": [14.75, 13.125, 15.25, 14.25], "rotation": 90, "texture": "#1"},
				"west": {"uv": [14.75, 14.25, 15.25, 13.125], "rotation": 90, "texture": "#1"},
				"up": {"uv": [14.75, 13.125, 15.25, 14.25], "rotation": 90, "texture": "#1"},
				"down": {"uv": [14.75, 13.125, 15.25, 14.25], "rotation": 90, "texture": "#1"}
			}
		},
		{
			"name": "8",
			"from": [8.585, 9.90548, -14.65276],
			"to": [8.965, 9.90548, -13.60276],
			"rotation": {"angle": 45, "axis": "x", "origin": [8, 9.92048, -14.12776]},
			"faces": {
				"north": {"uv": [14.75, 13.125, 15.25, 14.25], "rotation": 180, "texture": "#1"},
				"east": {"uv": [14.75, 13.125, 15.25, 14.25], "rotation": 180, "texture": "#1"},
				"south": {"uv": [14.75, 13.125, 15.25, 14.25], "rotation": 180, "texture": "#1"},
				"west": {"uv": [14.75, 13.125, 15.25, 14.25], "rotation": 180, "texture": "#1"},
				"up": {"uv": [14.75, 14.25, 15.25, 13.125], "rotation": 180, "texture": "#1"},
				"down": {"uv": [14.75, 13.125, 15.25, 14.25], "rotation": 180, "texture": "#1"}
			}
		},
		{
			"name": "9",
			"from": [9.215, 10.10548, -14.65276],
			"to": [9.215, 10.48548, -13.60276],
			"rotation": {"angle": 45, "axis": "x", "origin": [8, 9.92048, -14.12776]},
			"faces": {
				"north": {"uv": [14.75, 13.125, 15.25, 14.25], "rotation": 90, "texture": "#1"},
				"east": {"uv": [14.75, 13.125, 15.25, 14.25], "rotation": 90, "texture": "#1"},
				"south": {"uv": [14.75, 13.125, 15.25, 14.25], "rotation": 90, "texture": "#1"},
				"west": {"uv": [14.75, 14.25, 15.25, 13.125], "rotation": 90, "texture": "#1"},
				"up": {"uv": [14.75, 13.125, 15.25, 14.25], "rotation": 90, "texture": "#1"},
				"down": {"uv": [14.75, 13.125, 15.25, 14.25], "rotation": 90, "texture": "#1"}
			}
		},
		{
			"name": "10",
			"from": [9.235, 10.85548, -14.65276],
			"to": [9.235, 11.23548, -13.60276],
			"rotation": {"angle": 45, "axis": "x", "origin": [8, 9.92048, -14.12776]},
			"faces": {
				"north": {"uv": [14.75, 13.125, 15.25, 14.25], "rotation": 90, "texture": "#1"},
				"east": {"uv": [14.75, 13.125, 15.25, 14.25], "rotation": 90, "texture": "#1"},
				"south": {"uv": [14.75, 13.125, 15.25, 14.25], "rotation": 90, "texture": "#1"},
				"west": {"uv": [14.75, 14.25, 15.25, 13.125], "rotation": 90, "texture": "#1"},
				"up": {"uv": [14.75, 13.125, 15.25, 14.25], "rotation": 90, "texture": "#1"},
				"down": {"uv": [14.75, 13.125, 15.25, 14.25], "rotation": 90, "texture": "#1"}
			}
		},
		{
			"name": "11",
			"from": [9.215, 11.60548, -14.65276],
			"to": [9.215, 12.23548, -13.60276],
			"rotation": {"angle": 45, "axis": "x", "origin": [8, 9.92048, -14.12776]},
			"faces": {
				"north": {"uv": [14.75, 13.125, 15.25, 14.25], "rotation": 90, "texture": "#1"},
				"east": {"uv": [14.75, 13.125, 15.25, 14.25], "rotation": 90, "texture": "#1"},
				"south": {"uv": [14.75, 13.125, 15.25, 14.25], "rotation": 90, "texture": "#1"},
				"west": {"uv": [14.75, 14.25, 15.25, 13.125], "rotation": 90, "texture": "#1"},
				"up": {"uv": [14.75, 13.125, 15.25, 14.25], "rotation": 90, "texture": "#1"},
				"down": {"uv": [14.75, 13.125, 15.25, 14.25], "rotation": 90, "texture": "#1"}
			}
		},
		{
			"name": "12",
			"from": [9.215, 12.60548, -14.65276],
			"to": [9.215, 13.23548, -13.60276],
			"rotation": {"angle": 45, "axis": "x", "origin": [8, 9.92048, -14.12776]},
			"faces": {
				"north": {"uv": [14.75, 13.125, 15.25, 14.25], "rotation": 90, "texture": "#1"},
				"east": {"uv": [14.75, 13.125, 15.25, 14.25], "rotation": 90, "texture": "#1"},
				"south": {"uv": [14.75, 13.125, 15.25, 14.25], "rotation": 90, "texture": "#1"},
				"west": {"uv": [14.75, 14.25, 15.25, 13.125], "rotation": 90, "texture": "#1"},
				"up": {"uv": [14.75, 13.125, 15.25, 14.25], "rotation": 90, "texture": "#1"},
				"down": {"uv": [14.75, 13.125, 15.25, 14.25], "rotation": 90, "texture": "#1"}
			}
		},
		{
			"name": "13",
			"from": [9.215, 13.60548, -14.65276],
			"to": [9.215, 14.23548, -13.60276],
			"rotation": {"angle": 45, "axis": "x", "origin": [8, 9.92048, -14.12776]},
			"faces": {
				"north": {"uv": [14.75, 13.125, 15.25, 14.25], "rotation": 90, "texture": "#1"},
				"east": {"uv": [14.75, 13.125, 15.25, 14.25], "rotation": 90, "texture": "#1"},
				"south": {"uv": [14.75, 13.125, 15.25, 14.25], "rotation": 90, "texture": "#1"},
				"west": {"uv": [14.75, 14.25, 15.25, 13.125], "rotation": 90, "texture": "#1"},
				"up": {"uv": [14.75, 13.125, 15.25, 14.25], "rotation": 90, "texture": "#1"},
				"down": {"uv": [14.75, 13.125, 15.25, 14.25], "rotation": 90, "texture": "#1"}
			}
		},
		{
			"name": "skull_main",
			"from": [5.12, 18.33114, -6.94639],
			"to": [10.88, 24.09114, -1.18639],
			"rotation": {"angle": -22.5, "axis": "x", "origin": [8, 8.82878, 6.09591]},
			"faces": {
				"north": {"uv": [10.25, 2.25, 11.75, 3.75], "texture": "#1"},
				"east": {"uv": [7.75, 10.25, 9.25, 11.75], "texture": "#1"},
				"south": {"uv": [10.5, 6, 12, 7.5], "texture": "#1"},
				"west": {"uv": [10.5, 7.5, 12, 9], "texture": "#1"},
				"up": {"uv": [12, 10.5, 10.5, 9], "texture": "#1"},
				"down": {"uv": [12, 10.5, 10.5, 12], "texture": "#1"}
			}
		},
		{
			"name": "eyebrow_right",
			"from": [9.44, 22.65114, -8.38639],
			"to": [10.88, 24.09114, -6.94639],
			"rotation": {"angle": -22.5, "axis": "x", "origin": [8, 8.82878, 6.09591]},
			"faces": {
				"north": {"uv": [13, 13.75, 13.375, 14.125], "texture": "#1"},
				"east": {"uv": [13.5, 13.75, 13.875, 14.125], "texture": "#1"},
				"south": {"uv": [14, 3, 14.375, 3.375], "texture": "#1"},
				"west": {"uv": [14, 3.5, 14.375, 3.875], "texture": "#1"},
				"up": {"uv": [4.375, 14.375, 4, 14], "texture": "#1"},
				"down": {"uv": [14.375, 4, 14, 4.375], "texture": "#1"}
			}
		},
		{
			"name": "eyebrow_left",
			"from": [5.12, 22.65114, -8.38639],
			"to": [6.56, 24.09114, -6.94639],
			"rotation": {"angle": -22.5, "axis": "x", "origin": [8, 8.82878, 6.09591]},
			"faces": {
				"north": {"uv": [4.5, 14, 4.875, 14.375], "texture": "#1"},
				"east": {"uv": [14, 4.5, 14.375, 4.875], "texture": "#1"},
				"south": {"uv": [11.5, 14, 11.875, 14.375], "texture": "#1"},
				"west": {"uv": [14, 11.75, 14.375, 12.125], "texture": "#1"},
				"up": {"uv": [12.375, 14.375, 12, 14], "texture": "#1"},
				"down": {"uv": [14.375, 12.25, 14, 12.625], "texture": "#1"}
			}
		},
		{
			"name": "torso_main",
			"from": [4.4, 6, 2.6],
			"to": [11.6, 16.8, 13.4],
			"rotation": {"angle": 0, "axis": "y", "origin": [8, 8.82878, 6.09591]},
			"faces": {
				"north": {"uv": [2.75, 4.5, 4.5, 7.25], "texture": "#1"},
				"east": {"uv": [0, 0, 2.75, 2.75], "texture": "#1"},
				"south": {"uv": [4.5, 4.5, 6.25, 7.25], "texture": "#1"},
				"west": {"uv": [0, 2.75, 2.75, 5.5], "texture": "#1"},
				"up": {"uv": [7, 2.75, 5.25, 0], "texture": "#1"},
				"down": {"uv": [1.75, 5.5, 0, 8.25], "texture": "#1"}
			}
		},
		{
			"name": "torso_main2",
			"from": [4.9, 7.2, -3.4],
			"to": [11.1, 16.8, 2.6],
			"rotation": {"angle": 0, "axis": "y", "origin": [8, 8.82878, 6.09591]},
			"faces": {
				"north": {"uv": [1.75, 7.25, 3.25, 9.625], "texture": "#1"},
				"east": {"uv": [3.25, 7.25, 4.75, 9.625], "texture": "#1"},
				"south": {"uv": [4.75, 7.25, 6.25, 9.625], "texture": "#1"},
				"west": {"uv": [7.75, 5.75, 9.25, 8.125], "texture": "#1"},
				"up": {"uv": [1.5, 12.25, 0, 10.75], "texture": "#1"},
				"down": {"uv": [6.75, 10.75, 5.25, 12.25], "texture": "#1"}
			}
		},
		{
			"name": "tail1",
			"from": [5.6, 10.64497, 9.83545],
			"to": [10.4, 19.04497, 19.43545],
			"rotation": {"angle": 22.5, "axis": "x", "origin": [8, 8.82878, 6.09591]},
			"faces": {
				"north": {"uv": [4, 9.75, 5.25, 11.875], "texture": "#1"},
				"east": {"uv": [2.75, 0, 5.125, 2.125], "texture": "#1"},
				"south": {"uv": [10.25, 0, 11.5, 2.125], "texture": "#1"},
				"west": {"uv": [2.75, 2.25, 5.125, 4.375], "texture": "#1"},
				"up": {"uv": [2.75, 12.125, 1.5, 9.75], "texture": "#1"},
				"down": {"uv": [4, 9.75, 2.75, 12.125], "texture": "#1"}
			}
		},
		{
			"name": "tail1",
			"from": [5.9, 7.8, 20],
			"to": [10.1, 13.2, 32],
			"rotation": {"angle": 0, "axis": "y", "origin": [8, 8.82878, 6.09591]},
			"faces": {
				"north": {"uv": [3, 12.25, 4, 13.625], "texture": "#1"},
				"east": {"uv": [5.25, 2.75, 8.25, 4.125], "texture": "#1"},
				"south": {"uv": [5, 12.25, 6, 13.625], "texture": "#1"},
				"west": {"uv": [6.25, 4.25, 9.25, 5.625], "texture": "#1"},
				"up": {"uv": [10.5, 9, 9.5, 6], "texture": "#1"},
				"down": {"uv": [10.5, 9, 9.5, 12], "texture": "#1"}
			}
		},
		{
			"from": [9.50151, 0.06, 4.27938],
			"to": [10.70151, 1.26, 6.67938],
			"rotation": {"angle": 22.5, "axis": "x", "origin": [10.10151, 13.66, 8]},
			"faces": {
				"north": {"uv": [6, 4.25, 6.25, 4.5], "texture": "#2"},
				"east": {"uv": [5.25, 4.25, 5.875, 4.5], "texture": "#2"},
				"south": {"uv": [7.75, 2.5, 8, 2.75], "texture": "#2"},
				"west": {"uv": [7, 2.5, 7.625, 2.75], "texture": "#2"},
				"up": {"uv": [1.75, 8.875, 1.5, 8.25], "texture": "#2"},
				"down": {"uv": [8.5, 2.5, 8.25, 3.125], "texture": "#2"}
			}
		},
		{
			"from": [11.3, 0.06, 3.68],
			"to": [12.5, 1.26, 6.08],
			"rotation": {"angle": 22.5, "axis": "x", "origin": [10.10151, 13.66, 8]},
			"faces": {
				"north": {"uv": [8, 2.5, 8.25, 2.75], "texture": "#2"},
				"east": {"uv": [8.25, 4, 8.875, 4.25], "texture": "#2"},
				"south": {"uv": [9, 4, 9.25, 4.25], "texture": "#2"},
				"west": {"uv": [10.25, 3.75, 10.875, 4], "texture": "#2"},
				"up": {"uv": [8.5, 3.875, 8.25, 3.25], "texture": "#2"},
				"down": {"uv": [1.75, 9, 1.5, 9.625], "texture": "#2"}
			}
		},
		{
			"from": [12.84849, 0.06, 4.27938],
			"to": [14.04849, 1.26, 6.67938],
			"rotation": {"angle": 22.5, "axis": "x", "origin": [10.10151, 13.66, 8]},
			"faces": {
				"north": {"uv": [6, 10.5, 6.25, 10.75], "texture": "#2"},
				"east": {"uv": [11, 5.75, 11.625, 6], "texture": "#2"},
				"south": {"uv": [5, 12, 5.25, 12.25], "texture": "#2"},
				"west": {"uv": [11.75, 3.5, 12.375, 3.75], "texture": "#2"},
				"up": {"uv": [9.5, 6.625, 9.25, 6], "texture": "#2"},
				"down": {"uv": [9.5, 6.75, 9.25, 7.375], "texture": "#2"}
			}
		},
		{
			"name": "toe_base",
			"from": [10.4, 0, 6.08],
			"to": [13.4, 1.32, 11.48],
			"rotation": {"angle": 22.5, "axis": "x", "origin": [10.10151, 13.66, 8]},
			"faces": {
				"north": {"uv": [13.75, 1, 14.5, 1.375], "texture": "#2"},
				"east": {"uv": [13.5, 1.5, 14.875, 1.875], "texture": "#2"},
				"south": {"uv": [2.5, 13.75, 3.25, 14.125], "texture": "#2"},
				"west": {"uv": [13.5, 2, 14.875, 2.375], "texture": "#2"},
				"up": {"uv": [13.5, 2.875, 12.75, 1.5], "texture": "#2"},
				"down": {"uv": [7.5, 12.75, 6.75, 14.125], "texture": "#2"}
			}
		},
		{
			"name": "lower_leg",
			"from": [10.64, 1.32, 7.52],
			"to": [13.28, 7.92, 11.48],
			"rotation": {"angle": 22.5, "axis": "x", "origin": [10.10151, 13.66, 8]},
			"faces": {
				"north": {"uv": [13, 6.5, 13.625, 8.125], "texture": "#2"},
				"east": {"uv": [1.75, 5.5, 2.75, 7.125], "texture": "#2"},
				"south": {"uv": [13, 8.25, 13.625, 9.875], "texture": "#2"},
				"west": {"uv": [12, 5.25, 13, 6.875], "texture": "#2"},
				"up": {"uv": [13.875, 4, 13.25, 3], "texture": "#2"},
				"down": {"uv": [13.875, 4, 13.25, 5], "texture": "#2"}
			}
		},
		{
			"name": "upper_leg",
			"from": [10.64, 7.92, 4.88],
			"to": [14.6, 15.84, 11.48],
			"rotation": {"angle": 22.5, "axis": "x", "origin": [10.10151, 13.66, 8]},
			"faces": {
				"north": {"uv": [6.75, 10.75, 7.75, 12.75], "texture": "#2"},
				"east": {"uv": [7.75, 8.25, 9.375, 10.25], "texture": "#2"},
				"south": {"uv": [11.75, 1.5, 12.75, 3.5], "texture": "#2"},
				"west": {"uv": [8.5, 0, 10.125, 2], "texture": "#2"},
				"up": {"uv": [13, 8.625, 12, 7], "texture": "#2"},
				"down": {"uv": [9.75, 12, 8.75, 13.625], "texture": "#2"}
			}
		},
		{
			"from": [9.50151, 0.06, 4.27938],
			"to": [10.70151, 1.26, 6.67938],
			"rotation": {"angle": -22.5, "axis": "x", "origin": [5.89849, 13.66, 8]},
			"faces": {
				"north": {"uv": [12, 12, 11.75, 12.25], "texture": "#2"},
				"east": {"uv": [14.375, 11, 13.75, 11.25], "texture": "#2"},
				"south": {"uv": [12.75, 5, 12.5, 5.25], "texture": "#2"},
				"west": {"uv": [9.375, 11.75, 8.75, 12], "texture": "#2"},
				"up": {"uv": [9.25, 8.125, 9.5, 7.5], "texture": "#2"},
				"down": {"uv": [6, 9.75, 6.25, 10.375], "texture": "#2"}
			}
		},
		{
			"from": [11.3, 0.06, 3.68],
			"to": [12.5, 1.26, 6.08],
			"rotation": {"angle": -22.5, "axis": "x", "origin": [5.89849, 13.66, 8]},
			"faces": {
				"north": {"uv": [13, 5, 12.75, 5.25], "texture": "#2"},
				"east": {"uv": [12.125, 13.75, 11.5, 14], "texture": "#2"},
				"south": {"uv": [7.75, 12.75, 7.5, 13], "texture": "#2"},
				"west": {"uv": [14.375, 11.25, 13.75, 11.5], "texture": "#2"},
				"up": {"uv": [9.25, 10.875, 9.5, 10.25], "texture": "#2"},
				"down": {"uv": [9.25, 11, 9.5, 11.625], "texture": "#2"}
			}
		},
		{
			"from": [13.09849, 0.06, 4.27938],
			"to": [14.29849, 1.26, 6.67938],
			"rotation": {"angle": -22.5, "axis": "x", "origin": [5.89849, 13.66, 8]},
			"faces": {
				"north": {"uv": [7.75, 13, 7.5, 13.25], "texture": "#2"},
				"east": {"uv": [12.875, 13.75, 12.25, 14], "texture": "#2"},
				"south": {"uv": [13.25, 11.75, 13, 12], "texture": "#2"},
				"west": {"uv": [14.375, 11.5, 13.75, 11.75], "texture": "#2"},
				"up": {"uv": [11.5, 2.125, 11.75, 1.5], "texture": "#2"},
				"down": {"uv": [11.75, 5.25, 12, 5.875], "texture": "#2"}
			}
		},
		{
			"name": "toe_base",
			"from": [10.4, 0, 6.08],
			"to": [13.4, 1.32, 11.48],
			"rotation": {"angle": -22.5, "axis": "x", "origin": [5.89849, 13.66, 8]},
			"faces": {
				"north": {"uv": [4, 13.75, 3.25, 14.125], "texture": "#2"},
				"east": {"uv": [15.125, 0, 13.75, 0.375], "texture": "#2"},
				"south": {"uv": [5.75, 13.75, 5, 14.125], "texture": "#2"},
				"west": {"uv": [14.875, 2.5, 13.5, 2.875], "texture": "#2"},
				"up": {"uv": [13, 1.375, 13.75, 0], "texture": "#2"},
				"down": {"uv": [13, 5, 13.75, 6.375], "texture": "#2"}
			}
		},
		{
			"name": "lower_leg",
			"from": [10.64, 1.32, 7.52],
			"to": [13.28, 7.92, 11.48],
			"rotation": {"angle": -22.5, "axis": "x", "origin": [5.89849, 13.66, 8]},
			"faces": {
				"north": {"uv": [13.625, 10, 13, 11.625], "texture": "#2"},
				"east": {"uv": [10.75, 12, 9.75, 13.625], "texture": "#2"},
				"south": {"uv": [0.625, 13.25, 0, 14.875], "texture": "#2"},
				"west": {"uv": [13, 8.75, 12, 10.375], "texture": "#2"},
				"up": {"uv": [13.25, 12.75, 13.875, 11.75], "texture": "#2"},
				"down": {"uv": [13.25, 12.75, 13.875, 13.75], "texture": "#2"}
			}
		},
		{
			"name": "upper_leg",
			"from": [10.64, 7.92, 4.88],
			"to": [14.6, 15.84, 11.48],
			"rotation": {"angle": -22.5, "axis": "x", "origin": [5.89849, 13.66, 8]},
			"faces": {
				"north": {"uv": [8.75, 11.75, 7.75, 13.75], "texture": "#2"},
				"east": {"uv": [10.875, 4, 9.25, 6], "texture": "#2"},
				"south": {"uv": [5, 12, 4, 14], "texture": "#2"},
				"west": {"uv": [10.125, 2, 8.5, 4], "texture": "#2"},
				"up": {"uv": [12, 12.125, 13, 10.5], "texture": "#2"},
				"down": {"uv": [10.75, 12, 11.75, 13.625], "texture": "#2"}
			}
		},
		{
			"from": [5.29849, 0.06, 4.27938],
			"to": [6.49849, 1.26, 6.67938],
			"rotation": {"angle": 22.5, "axis": "x", "origin": [10.10151, 13.66, 8]},
			"faces": {
				"north": {"uv": [11.75, 12, 12, 12.25], "texture": "#2"},
				"east": {"uv": [8.75, 11.75, 9.375, 12], "texture": "#2"},
				"south": {"uv": [12.5, 5, 12.75, 5.25], "texture": "#2"},
				"west": {"uv": [13.75, 11, 14.375, 11.25], "texture": "#2"},
				"up": {"uv": [9.5, 8.125, 9.25, 7.5], "texture": "#2"},
				"down": {"uv": [6.25, 9.75, 6, 10.375], "texture": "#2"}
			}
		},
		{
			"from": [3.5, 0.06, 3.68],
			"to": [4.7, 1.26, 6.08],
			"rotation": {"angle": 22.5, "axis": "x", "origin": [10.10151, 13.66, 8]},
			"faces": {
				"north": {"uv": [12.75, 5, 13, 5.25], "texture": "#2"},
				"east": {"uv": [13.75, 11.25, 14.375, 11.5], "texture": "#2"},
				"south": {"uv": [7.5, 12.75, 7.75, 13], "texture": "#2"},
				"west": {"uv": [11.5, 13.75, 12.125, 14], "texture": "#2"},
				"up": {"uv": [9.5, 10.875, 9.25, 10.25], "texture": "#2"},
				"down": {"uv": [9.5, 11, 9.25, 11.625], "texture": "#2"}
			}
		},
		{
			"from": [1.70151, 0.06, 4.27938],
			"to": [2.90151, 1.26, 6.67938],
			"rotation": {"angle": 22.5, "axis": "x", "origin": [10.10151, 13.66, 8]},
			"faces": {
				"north": {"uv": [7.5, 13, 7.75, 13.25], "texture": "#2"},
				"east": {"uv": [13.75, 11.5, 14.375, 11.75], "texture": "#2"},
				"south": {"uv": [13, 11.75, 13.25, 12], "texture": "#2"},
				"west": {"uv": [12.25, 13.75, 12.875, 14], "texture": "#2"},
				"up": {"uv": [11.75, 2.125, 11.5, 1.5], "texture": "#2"},
				"down": {"uv": [12, 5.25, 11.75, 5.875], "texture": "#2"}
			}
		},
		{
			"name": "toe_base",
			"from": [2.6, 0, 6.08],
			"to": [5.6, 1.32, 11.48],
			"rotation": {"angle": 22.5, "axis": "x", "origin": [10.10151, 13.66, 8]},
			"faces": {
				"north": {"uv": [3.25, 13.75, 4, 14.125], "texture": "#2"},
				"east": {"uv": [13.5, 2.5, 14.875, 2.875], "texture": "#2"},
				"south": {"uv": [5, 13.75, 5.75, 14.125], "texture": "#2"},
				"west": {"uv": [13.75, 0, 15.125, 0.375], "texture": "#2"},
				"up": {"uv": [13.75, 1.375, 13, 0], "texture": "#2"},
				"down": {"uv": [13.75, 5, 13, 6.375], "texture": "#2"}
			}
		},
		{
			"name": "lower_leg",
			"from": [2.72, 1.32, 7.52],
			"to": [5.36, 7.92, 11.48],
			"rotation": {"angle": 22.5, "axis": "x", "origin": [10.10151, 13.66, 8]},
			"faces": {
				"north": {"uv": [13, 10, 13.625, 11.625], "texture": "#2"},
				"east": {"uv": [12, 8.75, 13, 10.375], "texture": "#2"},
				"south": {"uv": [0, 13.25, 0.625, 14.875], "texture": "#2"},
				"west": {"uv": [9.75, 12, 10.75, 13.625], "texture": "#2"},
				"up": {"uv": [13.875, 12.75, 13.25, 11.75], "texture": "#2"},
				"down": {"uv": [13.875, 12.75, 13.25, 13.75], "texture": "#2"}
			}
		},
		{
			"name": "upper_leg",
			"from": [1.4, 7.92, 4.88],
			"to": [5.36, 15.84, 11.48],
			"rotation": {"angle": 22.5, "axis": "x", "origin": [10.10151, 13.66, 8]},
			"faces": {
				"north": {"uv": [7.75, 11.75, 8.75, 13.75], "texture": "#2"},
				"east": {"uv": [8.5, 2, 10.125, 4], "texture": "#2"},
				"south": {"uv": [4, 12, 5, 14], "texture": "#2"},
				"west": {"uv": [9.25, 4, 10.875, 6], "texture": "#2"},
				"up": {"uv": [13, 12.125, 12, 10.5], "texture": "#2"},
				"down": {"uv": [11.75, 12, 10.75, 13.625], "texture": "#2"}
			}
		},
		{
			"from": [5.29849, 0.06, 4.27938],
			"to": [6.49849, 1.26, 6.67938],
			"rotation": {"angle": -22.5, "axis": "x", "origin": [5.89849, 13.66, 8]},
			"faces": {
				"north": {"uv": [6.25, 4.25, 6, 4.5], "texture": "#2"},
				"east": {"uv": [7.625, 2.5, 7, 2.75], "texture": "#2"},
				"south": {"uv": [8, 2.5, 7.75, 2.75], "texture": "#2"},
				"west": {"uv": [5.875, 4.25, 5.25, 4.5], "texture": "#2"},
				"up": {"uv": [1.5, 8.875, 1.75, 8.25], "texture": "#2"},
				"down": {"uv": [8.25, 2.5, 8.5, 3.125], "texture": "#2"}
			}
		},
		{
			"from": [3.5, 0.06, 3.68],
			"to": [4.7, 1.26, 6.08],
			"rotation": {"angle": -22.5, "axis": "x", "origin": [5.89849, 13.66, 8]},
			"faces": {
				"north": {"uv": [8.25, 2.5, 8, 2.75], "texture": "#2"},
				"east": {"uv": [10.875, 3.75, 10.25, 4], "texture": "#2"},
				"south": {"uv": [9.25, 4, 9, 4.25], "texture": "#2"},
				"west": {"uv": [8.875, 4, 8.25, 4.25], "texture": "#2"},
				"up": {"uv": [8.25, 3.875, 8.5, 3.25], "texture": "#2"},
				"down": {"uv": [1.5, 9, 1.75, 9.625], "texture": "#2"}
			}
		},
		{
			"from": [1.95151, 0.06, 4.27938],
			"to": [3.15151, 1.26, 6.67938],
			"rotation": {"angle": -22.5, "axis": "x", "origin": [5.89849, 13.66, 8]},
			"faces": {
				"north": {"uv": [6.25, 10.5, 6, 10.75], "texture": "#2"},
				"east": {"uv": [12.375, 3.5, 11.75, 3.75], "texture": "#2"},
				"south": {"uv": [5.25, 12, 5, 12.25], "texture": "#2"},
				"west": {"uv": [11.625, 5.75, 11, 6], "texture": "#2"},
				"up": {"uv": [9.25, 6.625, 9.5, 6], "texture": "#2"},
				"down": {"uv": [9.25, 6.75, 9.5, 7.375], "texture": "#2"}
			}
		},
		{
			"name": "toe_base",
			"from": [2.6, 0, 6.08],
			"to": [5.6, 1.32, 11.48],
			"rotation": {"angle": -22.5, "axis": "x", "origin": [5.89849, 13.66, 8]},
			"faces": {
				"north": {"uv": [14.5, 1, 13.75, 1.375], "texture": "#2"},
				"east": {"uv": [14.875, 2, 13.5, 2.375], "texture": "#2"},
				"south": {"uv": [3.25, 13.75, 2.5, 14.125], "texture": "#2"},
				"west": {"uv": [14.875, 1.5, 13.5, 1.875], "texture": "#2"},
				"up": {"uv": [12.75, 2.875, 13.5, 1.5], "texture": "#2"},
				"down": {"uv": [6.75, 12.75, 7.5, 14.125], "texture": "#2"}
			}
		},
		{
			"name": "lower_leg",
			"from": [2.72, 1.32, 7.52],
			"to": [5.36, 7.92, 11.48],
			"rotation": {"angle": -22.5, "axis": "x", "origin": [5.89849, 13.66, 8]},
			"faces": {
				"north": {"uv": [13.625, 6.5, 13, 8.125], "texture": "#2"},
				"east": {"uv": [13, 5.25, 12, 6.875], "texture": "#2"},
				"south": {"uv": [13.625, 8.25, 13, 9.875], "texture": "#2"},
				"west": {"uv": [2.75, 5.5, 1.75, 7.125], "texture": "#2"},
				"up": {"uv": [13.25, 4, 13.875, 3], "texture": "#2"},
				"down": {"uv": [13.25, 4, 13.875, 5], "texture": "#2"}
			}
		},
		{
			"name": "upper_leg",
			"from": [1.4, 7.92, 4.88],
			"to": [5.36, 15.84, 11.48],
			"rotation": {"angle": -22.5, "axis": "x", "origin": [5.89849, 13.66, 8]},
			"faces": {
				"north": {"uv": [7.75, 10.75, 6.75, 12.75], "texture": "#2"},
				"east": {"uv": [10.125, 0, 8.5, 2], "texture": "#2"},
				"south": {"uv": [12.75, 1.5, 11.75, 3.5], "texture": "#2"},
				"west": {"uv": [9.375, 8.25, 7.75, 10.25], "texture": "#2"},
				"up": {"uv": [12, 8.625, 13, 7], "texture": "#2"},
				"down": {"uv": [8.75, 12, 9.75, 13.625], "texture": "#2"}
			}
		},
		{
			"name": "upper_arm",
			"from": [3.31575, 9.51997, -1.74633],
			"to": [5.00575, 12.39997, -0.05633],
			"rotation": {"angle": -22.5, "axis": "x", "origin": [8.5, 8.32878, 5.09591]},
			"faces": {
				"north": {"uv": [13.75, 5, 14.125, 5.75], "texture": "#1"},
				"east": {"uv": [5.75, 13.75, 6.125, 14.5], "texture": "#1"},
				"south": {"uv": [13.75, 5.75, 14.125, 6.5], "texture": "#1"},
				"west": {"uv": [6.25, 13.75, 6.625, 14.5], "texture": "#1"},
				"up": {"uv": [12.875, 14.375, 12.5, 14], "texture": "#1"},
				"down": {"uv": [14.375, 12.75, 14, 13.125], "texture": "#1"}
			}
		},
		{
			"name": "lower_arm",
			"from": [3.56575, 2.05144, -0.82957],
			"to": [5.00575, 4.93144, 0.61043],
			"rotation": {"angle": 22.5, "axis": "x", "origin": [8.5, 8.32878, 5.09591]},
			"faces": {
				"north": {"uv": [13.75, 6.5, 14.125, 7.25], "texture": "#1"},
				"east": {"uv": [13.75, 7.25, 14.125, 8], "texture": "#1"},
				"south": {"uv": [7.5, 13.75, 7.875, 14.5], "texture": "#1"},
				"west": {"uv": [8, 13.75, 8.375, 14.5], "texture": "#1"},
				"up": {"uv": [14.375, 13.625, 14, 13.25], "texture": "#1"},
				"down": {"uv": [14.375, 13.75, 14, 14.125], "texture": "#1"}
			}
		},
		{
			"name": "finger2",
			"from": [2.35659, 4.90113, -1.84143],
			"to": [3.79659, 6.70113, -1.84143],
			"rotation": {"angle": 22.5, "axis": "z", "origin": [8.5, 8.32878, 5.09591]},
			"faces": {
				"north": {"uv": [12.75, 3, 13.125, 3.5], "texture": "#1"},
				"east": {"uv": [0, 0, 0, 0.5], "texture": "#1"},
				"south": {"uv": [2.5, 13.25, 2.875, 13.75], "texture": "#1"},
				"west": {"uv": [0, 0, 0, 0.5], "texture": "#1"},
				"up": {"uv": [0.375, 0, 0, 0], "texture": "#1"},
				"down": {"uv": [0.375, 0, 0, 0], "texture": "#1"}
			}
		},
		{
			"name": "finger1",
			"from": [2.35659, 5.26113, -2.64943],
			"to": [3.79659, 6.70113, -2.64943],
			"rotation": {"angle": 22.5, "axis": "z", "origin": [8.5, 8.32878, 5.09591]},
			"faces": {
				"north": {"uv": [0.75, 14.25, 1.125, 14.625], "texture": "#1"},
				"east": {"uv": [0, 0, 0, 0.375], "texture": "#1"},
				"south": {"uv": [2.5, 14.25, 2.875, 14.625], "texture": "#1"},
				"west": {"uv": [0, 0, 0, 0.375], "texture": "#1"},
				"up": {"uv": [0.375, 0, 0, 0], "texture": "#1"},
				"down": {"uv": [0.375, 0, 0, 0], "texture": "#1"}
			}
		},
		{
			"name": "upper_arm",
			"from": [10.99425, 9.51997, -1.74633],
			"to": [12.68425, 12.39997, -0.05633],
			"rotation": {"angle": -22.5, "axis": "x", "origin": [7.5, 8.32878, 5.09591]},
			"faces": {
				"north": {"uv": [13.75, 8, 14.125, 8.75], "texture": "#1"},
				"east": {"uv": [8.5, 13.75, 8.875, 14.5], "texture": "#1"},
				"south": {"uv": [13.75, 8.75, 14.125, 9.5], "texture": "#1"},
				"west": {"uv": [9, 13.75, 9.375, 14.5], "texture": "#1"},
				"up": {"uv": [3.375, 14.625, 3, 14.25], "texture": "#1"},
				"down": {"uv": [3.875, 14.25, 3.5, 14.625], "texture": "#1"}
			}
		},
		{
			"name": "lower_arm",
			"from": [10.99425, 2.05144, -0.82957],
			"to": [12.43425, 4.93144, 0.61043],
			"rotation": {"angle": 22.5, "axis": "x", "origin": [7.5, 8.32878, 5.09591]},
			"faces": {
				"north": {"uv": [9.5, 13.75, 9.875, 14.5], "texture": "#1"},
				"east": {"uv": [13.75, 9.5, 14.125, 10.25], "texture": "#1"},
				"south": {"uv": [10, 13.75, 10.375, 14.5], "texture": "#1"},
				"west": {"uv": [13.75, 10.25, 14.125, 11], "texture": "#1"},
				"up": {"uv": [5.375, 14.625, 5, 14.25], "texture": "#1"},
				"down": {"uv": [14.625, 5, 14.25, 5.375], "texture": "#1"}
			}
		},
		{
			"name": "finger2",
			"from": [12.20341, 4.90113, -1.84143],
			"to": [13.64341, 6.70113, -1.84143],
			"rotation": {"angle": -22.5, "axis": "z", "origin": [7.5, 8.32878, 5.09591]},
			"faces": {
				"north": {"uv": [10.5, 13.75, 10.875, 14.25], "texture": "#1"},
				"east": {"uv": [0, 0, 0, 0.5], "texture": "#1"},
				"south": {"uv": [11, 13.75, 11.375, 14.25], "texture": "#1"},
				"west": {"uv": [0, 0, 0, 0.5], "texture": "#1"},
				"up": {"uv": [0.375, 0, 0, 0], "texture": "#1"},
				"down": {"uv": [0.375, 0, 0, 0], "texture": "#1"}
			}
		},
		{
			"name": "finger1",
			"from": [12.20341, 5.26113, -2.64943],
			"to": [13.64341, 6.70113, -2.64943],
			"rotation": {"angle": -22.5, "axis": "z", "origin": [7.5, 8.32878, 5.09591]},
			"faces": {
				"north": {"uv": [14.25, 5.5, 14.625, 5.875], "texture": "#1"},
				"east": {"uv": [0, 0, 0, 0.375], "texture": "#1"},
				"south": {"uv": [14.25, 6, 14.625, 6.375], "texture": "#1"},
				"west": {"uv": [0, 0, 0, 0.375], "texture": "#1"},
				"up": {"uv": [0.375, 0, 0, 0], "texture": "#1"},
				"down": {"uv": [0.375, 0, 0, 0], "texture": "#1"}
			}
		}
	],
	"display": {
		"thirdperson_righthand": {
			"rotation": [75, 45, 0],
			"translation": [0, 2.5, 0],
			"scale": [0.375, 0.375, 0.375]
		},
		"thirdperson_lefthand": {
			"rotation": [75, 45, 0],
			"translation": [0, 2.5, 0],
			"scale": [0.375, 0.375, 0.375]
		},
		"firstperson_righthand": {
			"rotation": [0, 45, 0],
			"scale": [0.4, 0.4, 0.4]
		},
		"firstperson_lefthand": {
			"rotation": [0, 225, 0],
			"scale": [0.4, 0.4, 0.4]
		},
		"ground": {
			"translation": [0, 3, 0],
			"scale": [0.25, 0.25, 0.25]
		},
		"gui": {
			"rotation": [30, 225, 0],
			"scale": [0.625, 0.625, 0.625]
		},
		"head": {
			"translation": [0, -59.46835, 11],
			"scale": [4, 4, 4]
		},
		"fixed": {
			"translation": [0, 48, 21.75],
			"scale": [4, 4, 4]
		}
	},
	"groups": [
		{
			"name": "head",
			"origin": [8, 8, 8],
			"color": 0,
			"children": [
				{
					"name": "neck",
					"origin": [8, 8, 8],
					"color": 0,
					"children": [
						0,
						{
							"name": "feathers",
							"origin": [8, 10, -1.4],
							"color": 0,
							"children": []
						}
					]
				},
				{
					"name": "skull",
					"origin": [8, 8, 8],
					"color": 8,
					"children": [
						1,
						{
							"name": "jaw_teeth",
							"origin": [8, 8.82878, 6.09591],
							"color": 0,
							"children": [2, 3, 4, 5, 6, 7, 8, 9, 10, 11, 12, 13, 14, 15]
						},
						16,
						{
							"name": "jaw_lower_teeth",
							"origin": [8, 8, 8],
							"color": 0,
							"children": [17, 18, 19, 20, 21, 22, 23, 24, 25, 26, 27, 28, 29]
						},
						30,
						31,
						32
					]
				}
			]
		},
		{
			"name": "torso",
			"origin": [8, 8, 8],
			"color": 0,
			"children": [
				33,
				34,
				{
					"name": "tail",
					"origin": [8, 8, 8],
					"color": 9,
					"children": [35, 36]
				}
			]
		},
		{
			"name": "legs",
			"origin": [8, 8, 8],
			"color": 0,
			"children": [
				{
					"name": "leg2",
					"origin": [8, 8, 8],
					"color": 0,
					"children": [
						{
							"name": "toes",
							"origin": [-0.8, 6.6, -2.8],
							"color": 0,
							"children": [37, 38, 39]
						},
						40,
						41,
						42,
						{
							"name": "leg1",
							"origin": [8, 8, 8],
							"color": 0,
							"children": [
								{
									"name": "toes",
									"origin": [-0.8, 6.6, -2.8],
									"color": 0,
									"children": [43, 44, 45]
								},
								46,
								47,
								48
							]
						}
					]
				},
				{
					"name": "leg1",
					"origin": [8, 8, 8],
					"color": 0,
					"children": [
						{
							"name": "toes",
							"origin": [-0.8, 6.6, -2.8],
							"color": 0,
							"children": [49, 50, 51]
						},
						52,
						53,
						54,
						{
							"name": "leg2",
							"origin": [8, 8, 8],
							"color": 0,
							"children": [
								{
									"name": "toes",
									"origin": [-0.8, 6.6, -2.8],
									"color": 0,
									"children": [55, 56, 57]
								},
								58,
								59,
								60
							]
						}
					]
				}
			]
		},
		{
			"name": "arm1",
			"origin": [8, 8, 8],
			"color": 0,
			"children": [61, 62, 63, 64]
		},
		{
			"name": "arm2",
			"origin": [8, 8, 8],
			"color": 0,
			"children": [65, 66, 67, 68]
		},
		{
			"name": "group",
			"origin": [8, 8, 8],
			"color": 0,
			"children": []
		}
	]
}