{"overrides":[{"predicate":{"custom_model_data":1},"model":"modelengine:qmob_firefly/torso6"},{"predicate":{"custom_model_data":2},"model":"modelengine:qmob_firefly/torso"},{"predicate":{"custom_model_data":3},"model":"modelengine:qmob_firefly/torso3"},{"predicate":{"custom_model_data":4},"model":"modelengine:qmob_firefly/torso7"},{"predicate":{"custom_model_data":5},"model":"modelengine:qmob_firefly/torso8"},{"predicate":{"custom_model_data":6},"model":"modelengine:qmob_firefly/torso5"},{"predicate":{"custom_model_data":7},"model":"modelengine:qmob_firefly/torso2"},{"predicate":{"custom_model_data":8},"model":"modelengine:qmob_firefly/torso4"},{"predicate":{"custom_model_data":9},"model":"modelengine:qmob_firefly/butt6"},{"predicate":{"custom_model_data":10},"model":"modelengine:qmob_firefly/butt"},{"predicate":{"custom_model_data":11},"model":"modelengine:qmob_firefly/butt3"},{"predicate":{"custom_model_data":12},"model":"modelengine:qmob_firefly/butt7"},{"predicate":{"custom_model_data":13},"model":"modelengine:qmob_firefly/butt8"},{"predicate":{"custom_model_data":14},"model":"modelengine:qmob_firefly/butt5"},{"predicate":{"custom_model_data":15},"model":"modelengine:qmob_firefly/butt2"},{"predicate":{"custom_model_data":16},"model":"modelengine:qmob_firefly/butt4"}],"parent":"minecraft:item/generated","textures":{"layer0":"minecraft:item/leather_horse_armor"}}