{
	"credit": "Made with Blockbench",
	"texture_size": [80, 80],
	"textures": {
		"2": "krmc:krmc_mobs/merfolk/female",
		"particle": "krmc:krmc_mobs/merfolk/female"
	},
	"elements": [
		{
			"name": "tail",
			"from": [3.75, -1.25, 2.5],
			"to": [12.25, 5.75, 8],
			"rotation": {"angle": -22.5, "axis": "x", "origin": [8, 2.25, 5]},
			"faces": {
				"north": {"uv": [0, 6.4, 1.8, 7.8], "texture": "#2"},
				"east": {"uv": [5, 7.8, 6.2, 9.2], "texture": "#2"},
				"south": {"uv": [1.8, 6.4, 3.6, 7.8], "texture": "#2"},
				"west": {"uv": [3.6, 8.2, 4.8, 9.6], "texture": "#2"},
				"up": {"uv": [8.4, 7.6, 6.6, 6.4], "texture": "#2"},
				"down": {"uv": [9.4, 0, 7.6, 1.2], "texture": "#2"}
			}
		},
		{
			"name": "tail",
			"from": [1, -2.75609, 21.38686],
			"to": [15, -2.75609, 29.38686],
			"rotation": {"angle": 0, "axis": "x", "origin": [8, -0.75609, 22.88686]},
			"faces": {
				"north": {"uv": [0, 0, 2.8, 0], "texture": "#2"},
				"east": {"uv": [0, 0, 1.6, 0], "texture": "#2"},
				"south": {"uv": [0, 0, 2.8, 0], "texture": "#2"},
				"west": {"uv": [0, 0, 1.6, 0], "texture": "#2"},
				"up": {"uv": [2.8, 1.6, 0, 0], "texture": "#2"},
				"down": {"uv": [2.8, 0, 0, 1.6], "texture": "#2"}
			}
		},
		{
			"name": "tail",
			"from": [5.7, -4.94395, 14.98549],
			"to": [10.3, -0.34395, 21.48549],
			"rotation": {"angle": 0, "axis": "y", "origin": [8.45, -1.06895, 5.48549]},
			"faces": {
				"north": {"uv": [8, 10.6, 9, 11.6], "texture": "#2"},
				"east": {"uv": [2.6, 9.6, 3.8, 10.6], "texture": "#2"},
				"south": {"uv": [10.8, 0, 11.8, 1], "texture": "#2"},
				"west": {"uv": [7.8, 9.6, 9, 10.6], "texture": "#2"},
				"up": {"uv": [4.8, 10.8, 3.8, 9.6], "texture": "#2"},
				"down": {"uv": [10, 9.6, 9, 10.8], "texture": "#2"}
			}
		},
		{
			"name": "tail",
			"from": [4.625, -4.94395, 8.73549],
			"to": [11.375, 0.30605, 14.98549],
			"rotation": {"angle": 0, "axis": "y", "origin": [7.875, -1.06895, 5.48549]},
			"faces": {
				"east": {"uv": [9.8, 6.8, 11, 7.8], "texture": "#2"},
				"south": {"uv": [4.8, 9.2, 6.2, 10.2], "texture": "#2"},
				"west": {"uv": [10, 3, 11.2, 4], "texture": "#2"},
				"up": {"uv": [9.8, 6.8, 8.4, 5.6], "texture": "#2"},
				"down": {"uv": [9.8, 6.8, 8.4, 8], "texture": "#2"}
			}
		},
		{
			"name": "tail",
			"from": [4.175, -7.69395, 4.73549],
			"to": [11.825, 0.05605, 9.98549],
			"rotation": {"angle": -45, "axis": "x", "origin": [7.95, -1.56895, 3.48549]},
			"faces": {
				"north": {"uv": [2.8, 0, 4.4, 1.6], "texture": "#2"},
				"east": {"uv": [8.4, 8, 9.4, 9.6], "texture": "#2"},
				"south": {"uv": [2.8, 1.6, 4.4, 3.2], "texture": "#2"},
				"west": {"uv": [0, 8.8, 1, 10.4], "texture": "#2"},
				"up": {"uv": [2.6, 9.8, 1, 8.8], "texture": "#2"},
				"down": {"uv": [7.8, 8.8, 6.2, 9.8], "texture": "#2"}
			}
		},
		{
			"name": "Left Arm",
			"from": [0.75, 12.99391, 0.88686],
			"to": [3.95, 12.99391, 6.48686],
			"rotation": {"angle": -22.5, "axis": "z", "origin": [8, 14.24391, 2.38686]},
			"faces": {
				"north": {"uv": [0, 0, 1.6, 0], "texture": "#2"},
				"east": {"uv": [0, 0, 2.8, 0], "texture": "#2"},
				"south": {"uv": [0, 0, 1.6, 0], "texture": "#2"},
				"west": {"uv": [0, 0, 2.8, 0], "texture": "#2"},
				"up": {"uv": [2.8, 1.6, 0, 0], "rotation": 90, "texture": "#2"},
				"down": {"uv": [2.8, 0, 0, 1.6], "rotation": 270, "texture": "#2"}
			}
		},
		{
			"name": "Left Arm",
			"from": [1.70173, 12.55317, 6.4585],
			"to": [3.90173, 15.15317, 6.4585],
			"rotation": {"angle": -45, "axis": "x", "origin": [2.80173, 14.10317, 6.4585]},
			"faces": {
				"north": {"uv": [2.8, 0, 0, 1.6], "rotation": 90, "texture": "#2"},
				"east": {"uv": [0, 0, 2.8, 0], "rotation": 270, "texture": "#2"},
				"south": {"uv": [2.8, 1.6, 0, 0], "rotation": 90, "texture": "#2"},
				"west": {"uv": [0, 0, 2.8, 0], "rotation": 90, "texture": "#2"},
				"up": {"uv": [0, 0, 1.6, 0], "rotation": 180, "texture": "#2"},
				"down": {"uv": [0, 0, 1.6, 0], "texture": "#2"}
			}
		},
		{
			"name": "Left Arm",
			"from": [1.70173, 7.0532, 4.0415],
			"to": [3.90173, 9.6532, 4.0415],
			"rotation": {"angle": 45, "axis": "x", "origin": [2.80173, 14.10317, 9.5415]},
			"faces": {
				"north": {"uv": [2.8, 0, 0, 1.6], "rotation": 90, "texture": "#2"},
				"east": {"uv": [0, 0, 2.8, 0], "rotation": 270, "texture": "#2"},
				"south": {"uv": [2.8, 1.6, 0, 0], "rotation": 90, "texture": "#2"},
				"west": {"uv": [0, 0, 2.8, 0], "rotation": 90, "texture": "#2"},
				"up": {"uv": [0, 0, 1.6, 0], "rotation": 180, "texture": "#2"},
				"down": {"uv": [0, 0, 1.6, 0], "texture": "#2"}
			}
		},
		{
			"name": "Left Arm",
			"from": [1.80738, 10.57946, 2.8],
			"to": [4.10738, 14.57946, 5.1],
			"rotation": {"angle": -22.5, "axis": "z", "origin": [2.95738, 12.57946, 3.95]},
			"faces": {
				"north": {"uv": [11.8, 0, 12.2, 0.8], "texture": "#2"},
				"east": {"uv": [0.4, 11.8, 0.8, 12.6], "texture": "#2"},
				"south": {"uv": [0.8, 11.8, 1.2, 12.6], "texture": "#2"},
				"west": {"uv": [11.8, 0.8, 12.2, 1.6], "texture": "#2"},
				"up": {"uv": [12.2, 6.6, 11.8, 6.2], "texture": "#2"},
				"down": {"uv": [12.2, 6.6, 11.8, 7], "texture": "#2"}
			}
		},
		{
			"name": "Left Arm",
			"from": [1.01128, 7.78618, 1.05],
			"to": [3.06128, 11.28618, 3.85],
			"rotation": {"angle": 22.5, "axis": "x", "origin": [0.66128, 7.03618, 3.95]},
			"faces": {
				"north": {"uv": [1.2, 11.8, 1.6, 12.6], "texture": "#2"},
				"east": {"uv": [2.2, 11.4, 2.8, 12.2], "texture": "#2"},
				"south": {"uv": [3.4, 11.8, 3.8, 12.6], "texture": "#2"},
				"west": {"uv": [2.8, 11.4, 3.4, 12.2], "texture": "#2"},
				"up": {"uv": [12.2, 5, 11.8, 4.4], "texture": "#2"},
				"down": {"uv": [12.2, 5.6, 11.8, 6.2], "texture": "#2"}
			}
		},
		{
			"name": "Left Arm",
			"from": [0.85761, 4.50431, -3.87188],
			"to": [3.15761, 8.50431, 6.82812],
			"rotation": {"angle": -22.5, "axis": "x", "origin": [2.00761, 5.00431, 1.47812]},
			"faces": {
				"north": {"uv": [11.8, 3.6, 12.2, 4.4], "texture": "#2"},
				"east": {"uv": [10, 4, 7.8, 4.8], "texture": "#2"},
				"south": {"uv": [3.8, 11.8, 4.2, 12.6], "texture": "#2"},
				"west": {"uv": [10.2, 4.8, 8, 5.6], "texture": "#2"},
				"up": {"uv": [11.4, 8.8, 11, 6.6], "texture": "#2"},
				"down": {"uv": [10.4, 11.2, 10, 13.4], "texture": "#2"}
			}
		},
		{
			"name": "Right Arm",
			"from": [12.05, 12.99391, 0.88686],
			"to": [15.25, 12.99391, 6.48686],
			"rotation": {"angle": 22.5, "axis": "z", "origin": [8, 14.24391, 2.38686]},
			"faces": {
				"north": {"uv": [1.6, 0, 0, 0], "texture": "#2"},
				"east": {"uv": [2.8, 0, 0, 0], "texture": "#2"},
				"south": {"uv": [1.6, 0, 0, 0], "texture": "#2"},
				"west": {"uv": [2.8, 0, 0, 0], "texture": "#2"},
				"up": {"uv": [2.8, 0, 0, 1.6], "rotation": 90, "texture": "#2"},
				"down": {"uv": [2.8, 1.6, 0, 0], "rotation": 270, "texture": "#2"}
			}
		},
		{
			"name": "Right Arm",
			"from": [12.09827, 12.55317, 6.4585],
			"to": [14.29827, 15.15317, 6.4585],
			"rotation": {"angle": -45, "axis": "x", "origin": [13.19827, 14.10317, 6.4585]},
			"faces": {
				"north": {"uv": [2.8, 1.6, 0, 0], "rotation": 90, "texture": "#2"},
				"east": {"uv": [0, 0, 2.8, 0], "rotation": 90, "texture": "#2"},
				"south": {"uv": [2.8, 0, 0, 1.6], "rotation": 90, "texture": "#2"},
				"west": {"uv": [0, 0, 2.8, 0], "rotation": 270, "texture": "#2"},
				"up": {"uv": [1.6, 0, 0, 0], "rotation": 180, "texture": "#2"},
				"down": {"uv": [1.6, 0, 0, 0], "texture": "#2"}
			}
		},
		{
			"name": "Right Arm",
			"from": [12.09827, 7.0532, 4.0415],
			"to": [14.29827, 9.6532, 4.0415],
			"rotation": {"angle": 45, "axis": "x", "origin": [13.19827, 14.10317, 9.5415]},
			"faces": {
				"north": {"uv": [2.8, 1.6, 0, 0], "rotation": 90, "texture": "#2"},
				"east": {"uv": [0, 0, 2.8, 0], "rotation": 90, "texture": "#2"},
				"south": {"uv": [2.8, 0, 0, 1.6], "rotation": 90, "texture": "#2"},
				"west": {"uv": [0, 0, 2.8, 0], "rotation": 270, "texture": "#2"},
				"up": {"uv": [1.6, 0, 0, 0], "rotation": 180, "texture": "#2"},
				"down": {"uv": [1.6, 0, 0, 0], "texture": "#2"}
			}
		},
		{
			"name": "Right Arm",
			"from": [11.89262, 10.57946, 2.8],
			"to": [14.19262, 14.57946, 5.1],
			"rotation": {"angle": 22.5, "axis": "z", "origin": [13.04262, 12.57946, 3.95]},
			"faces": {
				"north": {"uv": [12.2, 0, 11.8, 0.8], "texture": "#2"},
				"east": {"uv": [12.2, 0.8, 11.8, 1.6], "texture": "#2"},
				"south": {"uv": [1.2, 11.8, 0.8, 12.6], "texture": "#2"},
				"west": {"uv": [0.8, 11.8, 0.4, 12.6], "texture": "#2"},
				"up": {"uv": [11.8, 6.6, 12.2, 6.2], "texture": "#2"},
				"down": {"uv": [11.8, 6.6, 12.2, 7], "texture": "#2"}
			}
		},
		{
			"name": "Right Arm",
			"from": [12.93872, 7.78618, 1.05],
			"to": [14.98872, 11.28618, 3.85],
			"rotation": {"angle": 22.5, "axis": "x", "origin": [15.33872, 7.03618, 3.95]},
			"faces": {
				"north": {"uv": [1.6, 11.8, 1.2, 12.6], "texture": "#2"},
				"east": {"uv": [3.4, 11.4, 2.8, 12.2], "texture": "#2"},
				"south": {"uv": [3.8, 11.8, 3.4, 12.6], "texture": "#2"},
				"west": {"uv": [2.8, 11.4, 2.2, 12.2], "texture": "#2"},
				"up": {"uv": [11.8, 5, 12.2, 4.4], "texture": "#2"},
				"down": {"uv": [11.8, 5.6, 12.2, 6.2], "texture": "#2"}
			}
		},
		{
			"name": "Right Arm",
			"from": [12.84239, 4.50431, -3.87188],
			"to": [15.14239, 8.50431, 6.82812],
			"rotation": {"angle": -22.5, "axis": "x", "origin": [13.99239, 5.00431, 1.47812]},
			"faces": {
				"north": {"uv": [12.2, 3.6, 11.8, 4.4], "texture": "#2"},
				"east": {"uv": [8, 4.8, 10.2, 5.6], "texture": "#2"},
				"south": {"uv": [4.2, 11.8, 3.8, 12.6], "texture": "#2"},
				"west": {"uv": [7.8, 4, 10, 4.8], "texture": "#2"},
				"up": {"uv": [11, 8.8, 11.4, 6.6], "texture": "#2"},
				"down": {"uv": [10, 11.2, 10.4, 13.4], "texture": "#2"}
			}
		},
		{
			"name": "Body",
			"from": [3.5, 10, 0.85],
			"to": [12.5, 14.75, 6.85],
			"rotation": {"angle": 0, "axis": "x", "origin": [8, 12.375, 4.1]},
			"faces": {
				"north": {"uv": [0, 7.8, 1.8, 8.8], "texture": "#2"},
				"east": {"uv": [10, 9.6, 11.2, 10.6], "texture": "#2"},
				"south": {"uv": [1.8, 7.8, 3.6, 8.8], "texture": "#2"},
				"west": {"uv": [10.2, 4, 11.4, 5], "texture": "#2"},
				"up": {"uv": [9.4, 2.4, 7.6, 1.2], "texture": "#2"},
				"down": {"uv": [8.4, 7.6, 6.6, 8.8], "texture": "#2"}
			}
		},
		{
			"name": "Body",
			"from": [4, 2.75, 2.1],
			"to": [12, 10, 6.1],
			"rotation": {"angle": 0, "axis": "y", "origin": [8, -9.25, 4.1]},
			"faces": {
				"north": {"uv": [5, 6.4, 6.6, 7.8], "texture": "#2"},
				"east": {"uv": [0, 10.4, 0.8, 11.8], "texture": "#2"},
				"south": {"uv": [6.4, 5, 8, 6.4], "texture": "#2"},
				"west": {"uv": [7.2, 10.6, 8, 12], "texture": "#2"},
				"up": {"uv": [11, 8.8, 9.4, 8], "texture": "#2"},
				"down": {"uv": [11, 8.8, 9.4, 9.6], "texture": "#2"}
			}
		},
		{
			"name": "Head",
			"from": [4, 14.75, 0.1],
			"to": [12, 22.75, 8.1],
			"rotation": {"angle": 0, "axis": "y", "origin": [8, -9.25, 4.1]},
			"faces": {
				"north": {"uv": [0, 1.6, 1.6, 3.2], "texture": "#2"},
				"east": {"uv": [1.6, 3.2, 3.2, 4.8], "texture": "#2"},
				"south": {"uv": [3.2, 3.2, 4.8, 4.8], "texture": "#2"},
				"west": {"uv": [4.4, 0, 6, 1.6], "texture": "#2"},
				"up": {"uv": [6, 3.2, 4.4, 1.6], "texture": "#2"},
				"down": {"uv": [1.6, 4.8, 0, 6.4], "texture": "#2"}
			}
		},
		{
			"name": "Head",
			"from": [4.75, 22.16017, 1.42575],
			"to": [11.25, 24.66017, 9.92575],
			"rotation": {"angle": -22.5, "axis": "x", "origin": [8, 22.78517, 5.67575]},
			"faces": {
				"north": {"uv": [11, 8.8, 12.4, 9.4], "texture": "#2"},
				"east": {"uv": [10.2, 5, 12, 5.6], "texture": "#2"},
				"south": {"uv": [11.2, 3, 12.6, 3.6], "texture": "#2"},
				"west": {"uv": [10, 10.6, 11.8, 11.2], "texture": "#2"},
				"up": {"uv": [7.8, 5, 6.4, 3.2], "texture": "#2"},
				"down": {"uv": [5, 6.4, 3.6, 8.2], "texture": "#2"}
			}
		},
		{
			"name": "Head",
			"from": [5.375, 22.16017, 5.67575],
			"to": [10.625, 27.41017, 10.92575],
			"rotation": {"angle": -45, "axis": "x", "origin": [8.375, 22.66017, 12.17575]},
			"faces": {
				"north": {"uv": [3.6, 10.8, 4.6, 11.8], "texture": "#2"},
				"east": {"uv": [10.8, 5.6, 11.8, 6.6], "texture": "#2"},
				"south": {"uv": [9, 10.8, 10, 11.8], "texture": "#2"},
				"west": {"uv": [11, 2, 12, 3], "texture": "#2"},
				"up": {"uv": [5.6, 12, 4.6, 11], "texture": "#2"},
				"down": {"uv": [6.6, 11, 5.6, 12], "texture": "#2"}
			}
		}
	],
	"display": {
		"thirdperson_righthand": {
			"rotation": [75, 45, 0],
			"translation": [0, 2.5, 0],
			"scale": [0.375, 0.375, 0.375]
		},
		"thirdperson_lefthand": {
			"rotation": [75, 45, 0],
			"translation": [0, 2.5, 0],
			"scale": [0.375, 0.375, 0.375]
		},
		"firstperson_righthand": {
			"rotation": [0, 45, 0],
			"scale": [0.4, 0.4, 0.4]
		},
		"firstperson_lefthand": {
			"rotation": [0, 225, 0],
			"scale": [0.4, 0.4, 0.4]
		},
		"ground": {
			"translation": [0, 3, 0],
			"scale": [0.25, 0.25, 0.25]
		},
		"gui": {
			"rotation": [30, 225, 0],
			"translation": [0.5, -2.5, 0],
			"scale": [0.625, 0.625, 0.625]
		},
		"head": {
			"translation": [0, -22.25, 2],
			"scale": [1.75, 1.75, 1.75]
		},
		"fixed": {
			"translation": [0, 38.5, 10.5],
			"scale": [1.75, 1.75, 1.75]
		}
	},
	"groups": [
		{
			"name": "root",
			"origin": [8, 8, 8],
			"color": 0,
			"children": [
				{
					"name": "tail",
					"origin": [9.5, 12, 8],
					"color": 0,
					"children": [0, 1, 2, 3, 4]
				},
				{
					"name": "LeftArm",
					"origin": [3, 22, 8],
					"color": 0,
					"children": [5, 6, 7, 8, 9, 10]
				},
				{
					"name": "RightArm",
					"origin": [3, 22, 8],
					"color": 0,
					"children": [11, 12, 13, 14, 15, 16]
				},
				{
					"name": "Body",
					"origin": [8, 24, 8],
					"color": 0,
					"children": [17, 18]
				},
				{
					"name": "Head",
					"origin": [8, 24, 8],
					"color": 0,
					"children": [19, 20, 21]
				}
			]
		}
	]
}