{
    "pools": [
      {
        "rolls": 1,
        "entries": [
          {
            "type": "minecraft:item",
            "name": "minecraft:turtle_helmet",
            "functions": [
              {
                "function": "minecraft:set_components",
                "components": {
                  "minecraft:item_name": "{\"fallback\":\"Nautilus Helmet\",\"translate\":\"item.nice_mobs.nautilus_helmet\"}",
                  "minecraft:custom_data": "{nice_mobs:nautilus_helmet}",
                  "minecraft:item_model": "nice_mobs:nautilus_helmet",
                  "minecraft:max_stack_size": 1,
                  "minecraft:rarity": "rare",
                  "minecraft:equippable": {
                  "slot": "head",
                  "equip_sound": "minecraft:item.armor.equip_leather"
                  }
                }
              }
            ]
          }
        ]
      }
    ]
  }