{
	"textures": {
		"0": "animated_java:blueprint/snail/snail_default",
		"particle": "minecraft:item/pufferfish"
	},
	"display": {
		"head": {
			"rotation": [0, 180, 0]
		}
	},
	"elements": [
		{
			"from": [7.4, 9.8, 3.3],
			"to": [7.7, 11.3, 3.6],
			"rotation": {
				"angle": 0,
				"axis": "y",
				"origin": [8.3, 9.8, 4.2]
			},
			"faces": {
				"north": {
					"uv": [0, 14, 0.5, 15.5],
					"texture": "#0"
				},
				"east": {
					"uv": [14, 0, 14.5, 1.5],
					"texture": "#0"
				},
				"south": {
					"uv": [1, 14, 1.5, 15.5],
					"texture": "#0"
				},
				"west": {
					"uv": [2, 14, 2.5, 15.5],
					"texture": "#0"
				},
				"up": {
					"uv": [15.5, 0.5, 15, 0],
					"texture": "#0"
				},
				"down": {
					"uv": [15.5, 1, 15, 1.5],
					"texture": "#0"
				}
			}
		},
		{
			"from": [7.3, 11, 3.2],
			"to": [7.8, 11.7, 3.7],
			"rotation": {
				"angle": 0,
				"axis": "y",
				"origin": [7.3, 11, 2.7]
			},
			"faces": {
				"north": {
					"uv": [15, 2, 15.5, 2.5],
					"texture": "#0"
				},
				"east": {
					"uv": [3, 15, 3.5, 15.5],
					"texture": "#0"
				},
				"south": {
					"uv": [15, 3, 15.5, 3.5],
					"texture": "#0"
				},
				"west": {
					"uv": [4, 15, 4.5, 15.5],
					"texture": "#0"
				},
				"up": {
					"uv": [15.5, 4.5, 15, 4],
					"texture": "#0"
				},
				"down": {
					"uv": [5.5, 15, 5, 15.5],
					"texture": "#0"
				}
			}
		}
	]
}