{
    "name": "nice_mobs:tuff_golem_temple",
    "fallback": "minecraft:empty",
    "elements": [
    {
        "weight": 10,
        "element": {
            "location": "nice_mobs:tuff_golem_temple/variant_1",
            "processors": "minecraft:empty",
            "projection": "rigid",
            "element_type": "minecraft:single_pool_element"
        }
    },
    {
        "weight": 10,
        "element": {
            "location": "nice_mobs:tuff_golem_temple/variant_2",
            "processors": "minecraft:empty",
            "projection": "rigid",
            "element_type": "minecraft:single_pool_element"
        }
    },
    {
        "weight": 10,
        "element": {
            "location": "nice_mobs:tuff_golem_temple/variant_3",
            "processors": "minecraft:empty",
            "projection": "rigid",
            "element_type": "minecraft:single_pool_element"
        }
    },
    {
        "weight": 10,
        "element": {
            "location": "nice_mobs:tuff_golem_temple/variant_4",
            "processors": "minecraft:empty",
            "projection": "rigid",
            "element_type": "minecraft:single_pool_element"
        }
    }
]
}