{
	"credit": "Made with Blockbench",
	"texture_size": [128, 128],
	"textures": {
		"1": "krmc:krmc_mobs/mammoth_bull",
		"2": "krmc:krmc_mobs/animations/mammoth_bull",
		"particle": "krmc:krmc_mobs/animations/mammoth_bull"
	},
	"elements": [
		{
			"name": "tail",
			"from": [7.25, 14.1, 24.55],
			"to": [8.75, 19.3, 26.05],
			"rotation": {"angle": -22.5, "axis": "x", "origin": [8, 13.2, 29.05]},
			"faces": {
				"north": {"uv": [0.875, 4.25, 1.25, 5.125], "texture": "#1"},
				"east": {"uv": [7.125, 6.875, 7.5, 7.75], "texture": "#1"},
				"south": {"uv": [0.5, 7.25, 0.875, 8.125], "texture": "#1"},
				"west": {"uv": [0.875, 7.25, 1.25, 8.125], "texture": "#1"},
				"up": {"uv": [8.5, 7.875, 8.125, 7.5], "texture": "#1"},
				"down": {"uv": [8.625, 0, 8.25, 0.375], "texture": "#1"}
			}
		},
		{
			"name": "trunk",
			"from": [5.6, 8.4, -2.008],
			"to": [10.4, 16.8, 2.792],
			"rotation": {"angle": 45, "axis": "x", "origin": [8, 15.6, 0.392]},
			"faces": {
				"north": {"uv": [6, 1, 6.625, 2], "texture": "#1"},
				"east": {"uv": [0.625, 6.25, 1.25, 7.25], "texture": "#1"},
				"south": {"uv": [1.25, 6.25, 1.875, 7.25], "texture": "#1"},
				"west": {"uv": [1.875, 6.25, 2.5, 7.25], "texture": "#1"},
				"up": {"uv": [4.375, 7.75, 3.75, 7.125], "texture": "#1"},
				"down": {"uv": [5, 7.125, 4.375, 7.75], "texture": "#1"}
			}
		},
		{
			"name": "trunk2",
			"from": [6.2, 6.29, -6.4],
			"to": [9.8, 11.29, -2.8],
			"rotation": {"angle": 22.5, "axis": "x", "origin": [8, 11.29, -4.6]},
			"faces": {
				"north": {"uv": [1.25, 7.25, 1.75, 7.875], "texture": "#1"},
				"east": {"uv": [1.75, 7.25, 2.25, 7.875], "texture": "#1"},
				"south": {"uv": [5.625, 7.5, 6.125, 8.125], "texture": "#1"},
				"west": {"uv": [7.5, 6.875, 8, 7.5], "texture": "#1"},
				"up": {"uv": [8.25, 1.5, 7.75, 1], "texture": "#1"},
				"down": {"uv": [8.25, 1.5, 7.75, 2], "texture": "#1"}
			}
		},
		{
			"name": "trunk3",
			"from": [6.7, 3.38419, -8.20045],
			"to": [9.3, 7.38419, -4.60045],
			"rotation": {"angle": 0, "axis": "x", "origin": [8, 7.32873, -6.22368]},
			"faces": {
				"north": {"uv": [8, 7, 8.375, 7.5], "texture": "#1"},
				"east": {"uv": [7.75, 2, 8.25, 2.5], "texture": "#1"},
				"south": {"uv": [7.5, 8, 7.875, 8.5], "texture": "#1"},
				"west": {"uv": [2.25, 7.75, 2.75, 8.25], "texture": "#1"},
				"up": {"uv": [8.25, 8.5, 7.875, 8], "texture": "#1"},
				"down": {"uv": [0.875, 8.125, 0.5, 8.5], "texture": "#1"}
			}
		},
		{
			"name": "1",
			"from": [10.6, 11.6, -0.4],
			"to": [13, 18, 2],
			"rotation": {"angle": 22.5, "axis": "z", "origin": [11.8, 16.8, 0.8]},
			"faces": {
				"north": {"uv": [7.75, 2.5, 8, 3.5], "texture": "#1"},
				"east": {"uv": [2.75, 7.75, 3, 8.75], "texture": "#1"},
				"south": {"uv": [3, 7.75, 3.25, 8.75], "texture": "#1"},
				"west": {"uv": [3.25, 7.75, 3.5, 8.75], "texture": "#1"},
				"up": {"uv": [4.25, 1.5, 4, 1.25], "texture": "#1"},
				"down": {"uv": [6, 1, 5.75, 1.25], "texture": "#1"}
			}
		},
		{
			"name": "2",
			"from": [12.75, 10.6, -4.4],
			"to": [14.55, 13.6, -0.4],
			"rotation": {"angle": -22.5, "axis": "x", "origin": [11.55, 17.8, 0.8]},
			"faces": {
				"north": {"uv": [2.375, 8.25, 2.625, 8.625], "texture": "#1"},
				"east": {"uv": [7.625, 4.75, 8.375, 5.125], "texture": "#1"},
				"south": {"uv": [8.25, 3.75, 8.5, 4.125], "texture": "#1"},
				"west": {"uv": [7.625, 5.125, 8.375, 5.5], "texture": "#1"},
				"up": {"uv": [1.125, 8.875, 0.875, 8.125], "texture": "#1"},
				"down": {"uv": [5.75, 8.125, 5.5, 8.875], "texture": "#1"}
			}
		},
		{
			"name": "3",
			"from": [12.9, 9.19789, -5.78327],
			"to": [14.4, 11.59789, -1.18327],
			"rotation": {"angle": 0, "axis": "x", "origin": [11.55, 10.8, -3.2]},
			"faces": {
				"north": {"uv": [5.625, 6.25, 5.875, 6.5], "texture": "#1"},
				"east": {"uv": [7.75, 3.5, 8.625, 3.75], "texture": "#1"},
				"south": {"uv": [6.125, 6.5, 6.375, 6.75], "texture": "#1"},
				"west": {"uv": [6.625, 7.75, 7.5, 8], "texture": "#1"},
				"up": {"uv": [1.5, 8.75, 1.25, 7.875], "texture": "#1"},
				"down": {"uv": [1.75, 7.875, 1.5, 8.75], "texture": "#1"}
			}
		},
		{
			"name": "4",
			"from": [13.025, 10.44789, -10.03327],
			"to": [14.275, 12.84789, -5.43327],
			"rotation": {"angle": 22.5, "axis": "x", "origin": [11.55, 10.8, -8.7]},
			"faces": {
				"north": {"uv": [5.125, 2.5, 5.25, 2.75], "texture": "#1"},
				"east": {"uv": [8, 2.5, 8.875, 2.75], "texture": "#1"},
				"south": {"uv": [6.375, 6.5, 6.5, 6.75], "texture": "#1"},
				"west": {"uv": [8, 2.75, 8.875, 3], "texture": "#1"},
				"up": {"uv": [1.25, 9, 1.125, 8.125], "texture": "#1"},
				"down": {"uv": [6.125, 8.125, 6, 9], "texture": "#1"}
			}
		},
		{
			"name": "1",
			"from": [3, 11.6, -0.4],
			"to": [5.4, 18, 2],
			"rotation": {"angle": -22.5, "axis": "z", "origin": [4.2, 16.8, 0.8]},
			"faces": {
				"north": {"uv": [3.5, 7.75, 3.75, 8.75], "texture": "#1"},
				"east": {"uv": [3.75, 7.75, 4, 8.75], "texture": "#1"},
				"south": {"uv": [4, 7.75, 4.25, 8.75], "texture": "#1"},
				"west": {"uv": [4.25, 7.75, 4.5, 8.75], "texture": "#1"},
				"up": {"uv": [8.5, 4.75, 8.25, 4.5], "texture": "#1"},
				"down": {"uv": [5, 8.25, 4.75, 8.5], "texture": "#1"}
			}
		},
		{
			"name": "2",
			"from": [1.45, 10.6, -4.4],
			"to": [3.25, 13.6, -0.4],
			"rotation": {"angle": -22.5, "axis": "x", "origin": [4.45, 17.8, 0.8]},
			"faces": {
				"north": {"uv": [8.25, 4.125, 8.5, 4.5], "texture": "#1"},
				"east": {"uv": [7.625, 5.5, 8.375, 5.875], "texture": "#1"},
				"south": {"uv": [4.5, 8.25, 4.75, 8.625], "texture": "#1"},
				"west": {"uv": [7.625, 5.875, 8.375, 6.25], "texture": "#1"},
				"up": {"uv": [6, 8.875, 5.75, 8.125], "texture": "#1"},
				"down": {"uv": [0.25, 8.25, 0, 9], "texture": "#1"}
			}
		},
		{
			"name": "3",
			"from": [1.6, 9.19789, -5.78327],
			"to": [3.1, 11.59789, -1.18327],
			"rotation": {"angle": 0, "axis": "y", "origin": [4.45, 10.8, -3.2]},
			"faces": {
				"north": {"uv": [5, 8.25, 5.25, 8.5], "texture": "#1"},
				"east": {"uv": [8, 3, 8.875, 3.25], "texture": "#1"},
				"south": {"uv": [5.25, 8.25, 5.5, 8.5], "texture": "#1"},
				"west": {"uv": [8, 3.25, 8.875, 3.5], "texture": "#1"},
				"up": {"uv": [2, 8.75, 1.75, 7.875], "texture": "#1"},
				"down": {"uv": [2.25, 7.875, 2, 8.75], "texture": "#1"}
			}
		},
		{
			"name": "4",
			"from": [1.725, 10.44789, -10.03327],
			"to": [2.975, 12.84789, -5.43327],
			"rotation": {"angle": 22.5, "axis": "x", "origin": [4.45, 10.8, -8.7]},
			"faces": {
				"north": {"uv": [5.25, 2.5, 5.125, 2.75], "texture": "#1"},
				"east": {"uv": [8.875, 2.75, 8, 3], "texture": "#1"},
				"south": {"uv": [6.5, 6.5, 6.375, 6.75], "texture": "#1"},
				"west": {"uv": [8.875, 2.5, 8, 2.75], "texture": "#1"},
				"up": {"uv": [1.125, 9, 1.25, 8.125], "texture": "#1"},
				"down": {"uv": [6, 8.125, 6.125, 9], "texture": "#1"}
			}
		},
		{
			"name": "head",
			"from": [5.275, 21.77814, 0.44193],
			"to": [10.725, 25.62814, 5.69193],
			"rotation": {"angle": 0, "axis": "x", "origin": [8, 18.57814, 5.19193]},
			"faces": {
				"north": {"uv": [5.25, 3.5, 5.875, 4], "texture": "#1"},
				"east": {"uv": [7.5, 7.5, 8.125, 8], "texture": "#1"},
				"south": {"uv": [7.625, 3.75, 8.25, 4.25], "texture": "#1"},
				"west": {"uv": [7.625, 4.25, 8.25, 4.75], "texture": "#1"},
				"up": {"uv": [5.625, 7.75, 5, 7.125], "texture": "#1"},
				"down": {"uv": [7.75, 6.25, 7.125, 6.875], "texture": "#1"}
			}
		},
		{
			"name": "head",
			"from": [4.4, 16.8, -8.8],
			"to": [11.6, 26.4, 3.2],
			"rotation": {"angle": 22.5, "axis": "x", "origin": [-11.2, 0, -6.4]},
			"faces": {
				"north": {"uv": [5, 4, 5.875, 5.25], "texture": "#1"},
				"east": {"uv": [0, 1.5, 1.5, 2.75], "texture": "#1"},
				"south": {"uv": [5.125, 1.25, 6, 2.5], "texture": "#1"},
				"west": {"uv": [1.5, 1.5, 3, 2.75], "texture": "#1"},
				"up": {"uv": [0.875, 5.75, 0, 4.25], "texture": "#1"},
				"down": {"uv": [5.125, 1.25, 4.25, 2.75], "texture": "#1"}
			}
		},
		{
			"name": "ear_left",
			"from": [0.5, 18.1778, 1.6499],
			"to": [4.1, 22.3778, 4.0499],
			"rotation": {"angle": 22.5, "axis": "y", "origin": [3.8, 20.2778, 1.3499]},
			"faces": {
				"north": {"uv": [4.5, 7.75, 5, 8.25], "texture": "#1"},
				"east": {"uv": [0.625, 5.75, 0.875, 6.25], "texture": "#1"},
				"south": {"uv": [5, 7.75, 5.5, 8.25], "texture": "#1"},
				"west": {"uv": [2.25, 7.25, 2.5, 7.75], "texture": "#1"},
				"up": {"uv": [5.75, 1.25, 5.25, 1], "texture": "#1"},
				"down": {"uv": [8.75, 0.375, 8.25, 0.625], "texture": "#1"}
			}
		},
		{
			"name": "ear_right",
			"from": [11.9, 18.1778, 1.6499],
			"to": [15.5, 22.3778, 4.0499],
			"rotation": {"angle": -22.5, "axis": "y", "origin": [12.2, 20.2778, 1.3499]},
			"faces": {
				"north": {"uv": [5, 7.75, 4.5, 8.25], "texture": "#1"},
				"east": {"uv": [2.5, 7.25, 2.25, 7.75], "texture": "#1"},
				"south": {"uv": [5.5, 7.75, 5, 8.25], "texture": "#1"},
				"west": {"uv": [0.875, 5.75, 0.625, 6.25], "texture": "#1"},
				"up": {"uv": [5.25, 1.25, 5.75, 1], "texture": "#1"},
				"down": {"uv": [8.25, 0.375, 8.75, 0.625], "texture": "#1"}
			}
		},
		{
			"name": "body",
			"from": [3, 9.05, 14.4],
			"to": [13, 19.2, 24],
			"rotation": {"angle": 0, "axis": "y", "origin": [-11.2, 0, -5.2]},
			"faces": {
				"north": {"uv": [3, 1.5, 4.25, 2.75], "texture": "#1"},
				"east": {"uv": [4, 0, 5.25, 1.25], "texture": "#1"},
				"south": {"uv": [1.25, 4, 2.5, 5.25], "texture": "#1"},
				"west": {"uv": [2.5, 4, 3.75, 5.25], "texture": "#1"},
				"up": {"uv": [5.25, 4, 4, 2.75], "texture": "#1"},
				"down": {"uv": [5, 4, 3.75, 5.25], "texture": "#1"}
			}
		},
		{
			"name": "body2",
			"from": [2.4, 8.7, 4.4],
			"to": [13.6, 20.85, 14.4],
			"rotation": {"angle": 0, "axis": "y", "origin": [-11.2, 0, -5.2]},
			"faces": {
				"north": {"uv": [0, 0, 1.375, 1.5], "texture": "#1"},
				"east": {"uv": [0, 2.75, 1.25, 4.25], "texture": "#1"},
				"south": {"uv": [1.375, 0, 2.75, 1.5], "texture": "#1"},
				"west": {"uv": [2.75, 0, 4, 1.5], "texture": "#1"},
				"up": {"uv": [2.625, 4, 1.25, 2.75], "texture": "#1"},
				"down": {"uv": [4, 2.75, 2.625, 4], "texture": "#1"}
			}
		},
		{
			"name": "1",
			"from": [0.512, 7.02, 7.032],
			"to": [5.972, 14.976, 12.492],
			"rotation": {"angle": 22.5, "axis": "x", "origin": [3.632, 13.488, 9.872]},
			"faces": {
				"north": {"uv": [5.25, 0, 5.875, 1], "texture": "#2"},
				"east": {"uv": [0.875, 5.25, 1.5, 6.25], "texture": "#2"},
				"south": {"uv": [1.5, 5.25, 2.125, 6.25], "texture": "#2"},
				"west": {"uv": [2.125, 5.25, 2.75, 6.25], "texture": "#2"},
				"up": {"uv": [7.625, 4.375, 7, 3.75], "texture": "#2"},
				"down": {"uv": [7.625, 4.375, 7, 5], "texture": "#2"}
			}
		},
		{
			"name": "2",
			"from": [1.032, 0.06656, 7.09371],
			"to": [5.712, 8.38656, 11.77371],
			"rotation": {"angle": 22.5, "axis": "x", "origin": [3.632, 13.488, 9.872]},
			"faces": {
				"north": {"uv": [5.25, 2.5, 5.875, 3.5], "texture": "#2"},
				"east": {"uv": [2.75, 5.25, 3.375, 6.25], "texture": "#2"},
				"south": {"uv": [3.375, 5.25, 4, 6.25], "texture": "#2"},
				"west": {"uv": [4, 5.25, 4.625, 6.25], "texture": "#2"},
				"up": {"uv": [7.625, 5.625, 7, 5], "texture": "#2"},
				"down": {"uv": [7.625, 5.625, 7, 6.25], "texture": "#2"}
			}
		},
		{
			"name": "1",
			"from": [0.512, 7.02, 7.032],
			"to": [5.972, 14.976, 12.492],
			"rotation": {"angle": -22.5, "axis": "x", "origin": [3.632, 13.488, 9.872]},
			"faces": {
				"north": {"uv": [5.25, 5.25, 4.625, 6.25], "texture": "#2"},
				"east": {"uv": [6.5, 0, 5.875, 1], "texture": "#2"},
				"south": {"uv": [0.625, 5.75, 0, 6.75], "texture": "#2"},
				"west": {"uv": [5.875, 5.25, 5.25, 6.25], "texture": "#2"},
				"up": {"uv": [7.125, 1.875, 7.75, 1.25], "texture": "#2"},
				"down": {"uv": [7.125, 1.875, 7.75, 2.5], "texture": "#2"}
			}
		},
		{
			"name": "2",
			"from": [1.032, 0.06656, 7.09371],
			"to": [5.712, 8.38656, 11.77371],
			"rotation": {"angle": -22.5, "axis": "x", "origin": [3.632, 13.488, 9.872]},
			"faces": {
				"north": {"uv": [6.5, 2.5, 5.875, 3.5], "texture": "#2"},
				"east": {"uv": [6.5, 5.5, 5.875, 6.5], "texture": "#2"},
				"south": {"uv": [6.5, 4.5, 5.875, 5.5], "texture": "#2"},
				"west": {"uv": [6.5, 3.5, 5.875, 4.5], "texture": "#2"},
				"up": {"uv": [2.5, 7.75, 3.125, 7.125], "texture": "#2"},
				"down": {"uv": [7.125, 2.5, 7.75, 3.125], "texture": "#2"}
			}
		},
		{
			"name": "1",
			"from": [2.072, 6.72, 16.922],
			"to": [6.752, 13.48, 21.602],
			"rotation": {"angle": -22.5, "axis": "x", "origin": [4.412, 12.1, 19.322]},
			"faces": {
				"north": {"uv": [2.5, 6.25, 3.125, 7.125], "texture": "#2"},
				"east": {"uv": [3.125, 6.25, 3.75, 7.125], "texture": "#2"},
				"south": {"uv": [3.75, 6.25, 4.375, 7.125], "texture": "#2"},
				"west": {"uv": [4.375, 6.25, 5, 7.125], "texture": "#2"},
				"up": {"uv": [7.75, 0.625, 7.125, 0], "texture": "#2"},
				"down": {"uv": [7.75, 0.625, 7.125, 1.25], "texture": "#2"}
			}
		},
		{
			"name": "2",
			"from": [2.332, 0.03198, 17.2228],
			"to": [6.492, 7.83198, 21.3828],
			"rotation": {"angle": -22.5, "axis": "x", "origin": [4.412, 12.1, 19.322]},
			"faces": {
				"north": {"uv": [6.5, 3.75, 7, 4.75], "texture": "#2"},
				"east": {"uv": [6.5, 4.75, 7, 5.75], "texture": "#2"},
				"south": {"uv": [5.625, 6.5, 6.125, 7.5], "texture": "#2"},
				"west": {"uv": [6.5, 5.75, 7, 6.75], "texture": "#2"},
				"up": {"uv": [6.5, 2.5, 6, 2], "texture": "#2"},
				"down": {"uv": [0.5, 7.75, 0, 8.25], "texture": "#2"}
			}
		},
		{
			"name": "1",
			"from": [2.072, 6.72, 16.922],
			"to": [6.752, 13.48, 21.602],
			"rotation": {"angle": 22.5, "axis": "x", "origin": [4.412, 12.1, 19.322]},
			"faces": {
				"north": {"uv": [5.625, 6.25, 5, 7.125], "texture": "#2"},
				"east": {"uv": [7.125, 2.875, 6.5, 3.75], "texture": "#2"},
				"south": {"uv": [7.125, 2, 6.5, 2.875], "texture": "#2"},
				"west": {"uv": [7.125, 0, 6.5, 0.875], "texture": "#2"},
				"up": {"uv": [3.125, 7.75, 3.75, 7.125], "texture": "#2"},
				"down": {"uv": [7.125, 3.125, 7.75, 3.75], "texture": "#2"}
			}
		},
		{
			"name": "2",
			"from": [2.332, 0.03198, 17.2228],
			"to": [6.492, 7.83198, 21.3828],
			"rotation": {"angle": 22.5, "axis": "x", "origin": [4.412, 12.1, 19.322]},
			"faces": {
				"north": {"uv": [7.125, 0.875, 6.625, 1.875], "texture": "#2"},
				"east": {"uv": [7.125, 6.75, 6.625, 7.75], "texture": "#2"},
				"south": {"uv": [6.625, 6.75, 6.125, 7.75], "texture": "#2"},
				"west": {"uv": [0.5, 6.75, 0, 7.75], "texture": "#2"},
				"up": {"uv": [7.75, 0.5, 8.25, 0], "texture": "#2"},
				"down": {"uv": [7.75, 0.5, 8.25, 1], "texture": "#2"}
			}
		},
		{
			"name": "1",
			"from": [10.028, 7.02, 7.032],
			"to": [15.488, 15.976, 12.492],
			"rotation": {"angle": 22.5, "axis": "x", "origin": [12.368, 13.488, 9.872]},
			"faces": {
				"north": {"uv": [4.625, 5.25, 5.25, 6.25], "texture": "#2"},
				"east": {"uv": [5.25, 5.25, 5.875, 6.25], "texture": "#2"},
				"south": {"uv": [0, 5.75, 0.625, 6.75], "texture": "#2"},
				"west": {"uv": [5.875, 0, 6.5, 1], "texture": "#2"},
				"up": {"uv": [7.75, 1.875, 7.125, 1.25], "texture": "#2"},
				"down": {"uv": [7.75, 1.875, 7.125, 2.5], "texture": "#2"}
			}
		},
		{
			"name": "2",
			"from": [10.288, 0.06656, 7.09371],
			"to": [14.968, 9.38656, 11.77371],
			"rotation": {"angle": 22.5, "axis": "x", "origin": [12.368, 13.488, 9.872]},
			"faces": {
				"north": {"uv": [5.875, 2.5, 6.5, 3.5], "texture": "#2"},
				"east": {"uv": [5.875, 3.5, 6.5, 4.5], "texture": "#2"},
				"south": {"uv": [5.875, 4.5, 6.5, 5.5], "texture": "#2"},
				"west": {"uv": [5.875, 5.5, 6.5, 6.5], "texture": "#2"},
				"up": {"uv": [3.125, 7.75, 2.5, 7.125], "texture": "#2"},
				"down": {"uv": [7.75, 2.5, 7.125, 3.125], "texture": "#2"}
			}
		},
		{
			"name": "1",
			"from": [10.028, 7.02, 7.032],
			"to": [15.488, 15.976, 12.492],
			"rotation": {"angle": -22.5, "axis": "x", "origin": [12.368, 13.488, 9.872]},
			"faces": {
				"north": {"uv": [5.875, 0, 5.25, 1], "texture": "#2"},
				"east": {"uv": [2.75, 5.25, 2.125, 6.25], "texture": "#2"},
				"south": {"uv": [2.125, 5.25, 1.5, 6.25], "texture": "#2"},
				"west": {"uv": [1.5, 5.25, 0.875, 6.25], "texture": "#2"},
				"up": {"uv": [7, 4.375, 7.625, 3.75], "texture": "#2"},
				"down": {"uv": [7, 4.375, 7.625, 5], "texture": "#2"}
			}
		},
		{
			"name": "2",
			"from": [10.288, 0.06656, 7.09371],
			"to": [14.968, 9.38656, 11.77371],
			"rotation": {"angle": -22.5, "axis": "x", "origin": [12.368, 13.488, 9.872]},
			"faces": {
				"north": {"uv": [5.875, 2.5, 5.25, 3.5], "texture": "#2"},
				"east": {"uv": [4.625, 5.25, 4, 6.25], "texture": "#2"},
				"south": {"uv": [4, 5.25, 3.375, 6.25], "texture": "#2"},
				"west": {"uv": [3.375, 5.25, 2.75, 6.25], "texture": "#2"},
				"up": {"uv": [7, 5.625, 7.625, 5], "texture": "#2"},
				"down": {"uv": [7, 5.625, 7.625, 6.25], "texture": "#2"}
			}
		},
		{
			"name": "1",
			"from": [9.248, 6.72, 16.922],
			"to": [13.928, 13.48, 21.602],
			"rotation": {"angle": -22.5, "axis": "x", "origin": [11.588, 12.1, 19.322]},
			"faces": {
				"north": {"uv": [5, 6.25, 5.625, 7.125], "texture": "#2"},
				"east": {"uv": [6.5, 0, 7.125, 0.875], "texture": "#2"},
				"south": {"uv": [6.5, 2, 7.125, 2.875], "texture": "#2"},
				"west": {"uv": [6.5, 2.875, 7.125, 3.75], "texture": "#2"},
				"up": {"uv": [3.75, 7.75, 3.125, 7.125], "texture": "#2"},
				"down": {"uv": [7.75, 3.125, 7.125, 3.75], "texture": "#2"}
			}
		},
		{
			"name": "2",
			"from": [9.508, 0.03198, 17.2228],
			"to": [13.668, 7.83198, 21.3828],
			"rotation": {"angle": -22.5, "axis": "x", "origin": [11.588, 12.1, 19.322]},
			"faces": {
				"north": {"uv": [6.625, 0.875, 7.125, 1.875], "texture": "#2"},
				"east": {"uv": [0, 6.75, 0.5, 7.75], "texture": "#2"},
				"south": {"uv": [6.125, 6.75, 6.625, 7.75], "texture": "#2"},
				"west": {"uv": [6.625, 6.75, 7.125, 7.75], "texture": "#2"},
				"up": {"uv": [8.25, 0.5, 7.75, 0], "texture": "#2"},
				"down": {"uv": [8.25, 0.5, 7.75, 1], "texture": "#2"}
			}
		},
		{
			"name": "1",
			"from": [9.248, 6.72, 16.922],
			"to": [13.928, 13.48, 21.602],
			"rotation": {"angle": 22.5, "axis": "x", "origin": [11.588, 12.1, 19.322]},
			"faces": {
				"north": {"uv": [3.125, 6.25, 2.5, 7.125], "texture": "#2"},
				"east": {"uv": [5, 6.25, 4.375, 7.125], "texture": "#2"},
				"south": {"uv": [4.375, 6.25, 3.75, 7.125], "texture": "#2"},
				"west": {"uv": [3.75, 6.25, 3.125, 7.125], "texture": "#2"},
				"up": {"uv": [7.125, 0.625, 7.75, 0], "texture": "#2"},
				"down": {"uv": [7.125, 0.625, 7.75, 1.25], "texture": "#2"}
			}
		},
		{
			"name": "2",
			"from": [9.508, 0.03198, 17.2228],
			"to": [13.668, 7.83198, 21.3828],
			"rotation": {"angle": 22.5, "axis": "x", "origin": [11.588, 12.1, 19.322]},
			"faces": {
				"north": {"uv": [7, 3.75, 6.5, 4.75], "texture": "#2"},
				"east": {"uv": [7, 5.75, 6.5, 6.75], "texture": "#2"},
				"south": {"uv": [6.125, 6.5, 5.625, 7.5], "texture": "#2"},
				"west": {"uv": [7, 4.75, 6.5, 5.75], "texture": "#2"},
				"up": {"uv": [6, 2.5, 6.5, 2], "texture": "#2"},
				"down": {"uv": [0, 7.75, 0.5, 8.25], "texture": "#2"}
			}
		}
	],
	"display": {
		"thirdperson_righthand": {
			"rotation": [75, 45, 0],
			"translation": [0, 2.5, 0],
			"scale": [0.375, 0.375, 0.375]
		},
		"thirdperson_lefthand": {
			"rotation": [75, 45, 0],
			"translation": [0, 2.5, 0],
			"scale": [0.375, 0.375, 0.375]
		},
		"firstperson_righthand": {
			"rotation": [0, 45, 0],
			"scale": [0.4, 0.4, 0.4]
		},
		"firstperson_lefthand": {
			"rotation": [0, 225, 0],
			"scale": [0.4, 0.4, -0.4]
		},
		"ground": {
			"translation": [0, 2, 0],
			"scale": [0.5, 0.5, 0.5]
		},
		"gui": {
			"rotation": [30, 225, 0],
			"scale": [0.625, 0.625, 0.625]
		},
		"head": {
			"translation": [0, -80, -19],
			"scale": [3.75, 3.75, 3.75]
		},
		"fixed": {
			"translation": [0, 45.8, -4.75],
			"scale": [3.75, 3.75, 3.75]
		}
	},
	"groups": [
		{
			"name": "root",
			"origin": [8, 8, 8],
			"color": 0,
			"children": [
				{
					"name": "body",
					"origin": [8, 8, 8],
					"color": 0,
					"children": [
						{
							"name": "tail",
							"origin": [8, 8, 8],
							"color": 0,
							"children": [0]
						},
						{
							"name": "head",
							"origin": [8, 8, 8],
							"color": 0,
							"children": [
								{
									"name": "trunk",
									"origin": [8, 8, 8],
									"color": 0,
									"children": [1, 2, 3]
								},
								{
									"name": "tusks",
									"origin": [8, 8, 8],
									"color": 0,
									"children": [
										{
											"name": "1",
											"origin": [8, 8, 8],
											"color": 0,
											"children": [4, 5, 6, 7]
										},
										{
											"name": "2",
											"origin": [8, 8, 8],
											"color": 0,
											"children": [8, 9, 10, 11]
										}
									]
								},
								12,
								13,
								14,
								15,
								{
									"name": "brows",
									"origin": [12.2, 20.2778, 1.3499],
									"color": 0,
									"children": []
								}
							]
						},
						16,
						17
					]
				}
			]
		},
		{
			"name": "legs",
			"origin": [8, 8, 8],
			"color": 9,
			"children": [
				{
					"name": "left",
					"origin": [8, 8, 8],
					"color": 0,
					"children": [
						{
							"name": "front",
							"origin": [3.8, 7.2, 9.8],
							"color": 0,
							"children": [
								18,
								19,
								{
									"name": "front",
									"origin": [3.8, 7.2, 9.8],
									"color": 0,
									"children": [20, 21]
								}
							]
						},
						{
							"name": "back",
							"origin": [-11.2, 8.4, 21.2],
							"color": 0,
							"children": [
								22,
								23,
								{
									"name": "back",
									"origin": [-11.2, 8.4, 21.2],
									"color": 0,
									"children": [24, 25]
								}
							]
						}
					]
				},
				{
					"name": "right",
					"origin": [8, 8, 8],
					"color": 0,
					"children": [
						{
							"name": "front",
							"origin": [3.8, 7.2, 9.8],
							"color": 0,
							"children": [
								26,
								27,
								{
									"name": "front",
									"origin": [3.8, 7.2, 9.8],
									"color": 0,
									"children": [28, 29]
								}
							]
						},
						{
							"name": "back",
							"origin": [-11.2, 8.4, 21.2],
							"color": 0,
							"children": [
								30,
								31,
								{
									"name": "back",
									"origin": [-11.2, 8.4, 21.2],
									"color": 0,
									"children": [32, 33]
								}
							]
						}
					]
				}
			]
		}
	]
}