{
	"credit": "Made with Blockbench",
	"texture_size": [128, 128],
	"textures": {
		"1": "krmc:krmc_mobs/mammoth_bull",
		"2": "krmc:krmc_mobs/animations/mammoth_bull",
		"particle": "krmc:krmc_mobs/animations/mammoth_bull"
	},
	"elements": [
		{
			"name": "1",
			"from": [-0.2368, 7.422, 6.9352],
			"to": [5.7692, 16.1736, 12.9412],
			"rotation": {"angle": 22.5, "axis": "x", "origin": [3.1952, 14.5368, 10.0592]},
			"faces": {
				"north": {"uv": [5.25, 0, 5.875, 1], "texture": "#2"},
				"east": {"uv": [0.875, 5.25, 1.5, 6.25], "texture": "#2"},
				"south": {"uv": [1.5, 5.25, 2.125, 6.25], "texture": "#2"},
				"west": {"uv": [2.125, 5.25, 2.75, 6.25], "texture": "#2"},
				"up": {"uv": [7.625, 4.375, 7, 3.75], "texture": "#2"},
				"down": {"uv": [7.625, 4.375, 7, 5], "texture": "#2"}
			}
		},
		{
			"name": "2",
			"from": [0.3352, -0.22678, 7.00308],
			"to": [5.4832, 8.92522, 12.15108],
			"rotation": {"angle": 22.5, "axis": "x", "origin": [3.1952, 14.5368, 10.0592]},
			"faces": {
				"north": {"uv": [5.25, 2.5, 5.875, 3.5], "texture": "#2"},
				"east": {"uv": [2.75, 5.25, 3.375, 6.25], "texture": "#2"},
				"south": {"uv": [3.375, 5.25, 4, 6.25], "texture": "#2"},
				"west": {"uv": [4, 5.25, 4.625, 6.25], "texture": "#2"},
				"up": {"uv": [7.625, 5.625, 7, 5], "texture": "#2"},
				"down": {"uv": [7.625, 5.625, 7, 6.25], "texture": "#2"}
			}
		},
		{
			"name": "1",
			"from": [-0.2368, 7.422, 6.9352],
			"to": [5.7692, 16.1736, 12.9412],
			"rotation": {"angle": -22.5, "axis": "x", "origin": [3.1952, 14.5368, 10.0592]},
			"faces": {
				"north": {"uv": [5.25, 5.25, 4.625, 6.25], "texture": "#2"},
				"east": {"uv": [6.5, 0, 5.875, 1], "texture": "#2"},
				"south": {"uv": [0.625, 5.75, 0, 6.75], "texture": "#2"},
				"west": {"uv": [5.875, 5.25, 5.25, 6.25], "texture": "#2"},
				"up": {"uv": [7.125, 1.875, 7.75, 1.25], "texture": "#2"},
				"down": {"uv": [7.125, 1.875, 7.75, 2.5], "texture": "#2"}
			}
		},
		{
			"name": "2",
			"from": [0.3352, -0.22678, 7.00308],
			"to": [5.4832, 8.92522, 12.15108],
			"rotation": {"angle": -22.5, "axis": "x", "origin": [3.1952, 14.5368, 10.0592]},
			"faces": {
				"north": {"uv": [6.5, 2.5, 5.875, 3.5], "texture": "#2"},
				"east": {"uv": [6.5, 5.5, 5.875, 6.5], "texture": "#2"},
				"south": {"uv": [6.5, 4.5, 5.875, 5.5], "texture": "#2"},
				"west": {"uv": [6.5, 3.5, 5.875, 4.5], "texture": "#2"},
				"up": {"uv": [2.5, 7.75, 3.125, 7.125], "texture": "#2"},
				"down": {"uv": [7.125, 2.5, 7.75, 3.125], "texture": "#2"}
			}
		},
		{
			"name": "1",
			"from": [1.4792, 7.092, 17.8142],
			"to": [6.6272, 14.528, 22.9622],
			"rotation": {"angle": -22.5, "axis": "x", "origin": [4.0532, 13.01, 20.4542]},
			"faces": {
				"north": {"uv": [2.5, 6.25, 3.125, 7.125], "texture": "#2"},
				"east": {"uv": [3.125, 6.25, 3.75, 7.125], "texture": "#2"},
				"south": {"uv": [3.75, 6.25, 4.375, 7.125], "texture": "#2"},
				"west": {"uv": [4.375, 6.25, 5, 7.125], "texture": "#2"},
				"up": {"uv": [7.75, 0.625, 7.125, 0], "texture": "#2"},
				"down": {"uv": [7.75, 0.625, 7.125, 1.25], "texture": "#2"}
			}
		},
		{
			"name": "2",
			"from": [1.7652, -0.26482, 18.14508],
			"to": [6.3412, 8.31518, 22.72108],
			"rotation": {"angle": -22.5, "axis": "x", "origin": [4.0532, 13.01, 20.4542]},
			"faces": {
				"north": {"uv": [6.5, 3.75, 7, 4.75], "texture": "#2"},
				"east": {"uv": [6.5, 4.75, 7, 5.75], "texture": "#2"},
				"south": {"uv": [5.625, 6.5, 6.125, 7.5], "texture": "#2"},
				"west": {"uv": [6.5, 5.75, 7, 6.75], "texture": "#2"},
				"up": {"uv": [6.5, 2.5, 6, 2], "texture": "#2"},
				"down": {"uv": [0.5, 7.75, 0, 8.25], "texture": "#2"}
			}
		},
		{
			"name": "1",
			"from": [1.4792, 7.092, 17.8142],
			"to": [6.6272, 14.528, 22.9622],
			"rotation": {"angle": 22.5, "axis": "x", "origin": [4.0532, 13.01, 20.4542]},
			"faces": {
				"north": {"uv": [5.625, 6.25, 5, 7.125], "texture": "#2"},
				"east": {"uv": [7.125, 2.875, 6.5, 3.75], "texture": "#2"},
				"south": {"uv": [7.125, 2, 6.5, 2.875], "texture": "#2"},
				"west": {"uv": [7.125, 0, 6.5, 0.875], "texture": "#2"},
				"up": {"uv": [3.125, 7.75, 3.75, 7.125], "texture": "#2"},
				"down": {"uv": [7.125, 3.125, 7.75, 3.75], "texture": "#2"}
			}
		},
		{
			"name": "2",
			"from": [1.7652, -0.26482, 18.14508],
			"to": [6.3412, 8.31518, 22.72108],
			"rotation": {"angle": 22.5, "axis": "x", "origin": [4.0532, 13.01, 20.4542]},
			"faces": {
				"north": {"uv": [7.125, 0.875, 6.625, 1.875], "texture": "#2"},
				"east": {"uv": [7.125, 6.75, 6.625, 7.75], "texture": "#2"},
				"south": {"uv": [6.625, 6.75, 6.125, 7.75], "texture": "#2"},
				"west": {"uv": [0.5, 6.75, 0, 7.75], "texture": "#2"},
				"up": {"uv": [7.75, 0.5, 8.25, 0], "texture": "#2"},
				"down": {"uv": [7.75, 0.5, 8.25, 1], "texture": "#2"}
			}
		},
		{
			"name": "1",
			"from": [10.2308, 7.422, 6.9352],
			"to": [16.2368, 17.2736, 12.9412],
			"rotation": {"angle": 22.5, "axis": "x", "origin": [12.8048, 14.5368, 10.0592]},
			"faces": {
				"north": {"uv": [4.625, 5.25, 5.25, 6.25], "texture": "#2"},
				"east": {"uv": [5.25, 5.25, 5.875, 6.25], "texture": "#2"},
				"south": {"uv": [0, 5.75, 0.625, 6.75], "texture": "#2"},
				"west": {"uv": [5.875, 0, 6.5, 1], "texture": "#2"},
				"up": {"uv": [7.75, 1.875, 7.125, 1.25], "texture": "#2"},
				"down": {"uv": [7.75, 1.875, 7.125, 2.5], "texture": "#2"}
			}
		},
		{
			"name": "2",
			"from": [10.5168, -0.22678, 7.00308],
			"to": [15.6648, 10.02522, 12.15108],
			"rotation": {"angle": 22.5, "axis": "x", "origin": [12.8048, 14.5368, 10.0592]},
			"faces": {
				"north": {"uv": [5.875, 2.5, 6.5, 3.5], "texture": "#2"},
				"east": {"uv": [5.875, 3.5, 6.5, 4.5], "texture": "#2"},
				"south": {"uv": [5.875, 4.5, 6.5, 5.5], "texture": "#2"},
				"west": {"uv": [5.875, 5.5, 6.5, 6.5], "texture": "#2"},
				"up": {"uv": [3.125, 7.75, 2.5, 7.125], "texture": "#2"},
				"down": {"uv": [7.75, 2.5, 7.125, 3.125], "texture": "#2"}
			}
		},
		{
			"name": "1",
			"from": [10.2308, 7.422, 6.9352],
			"to": [16.2368, 17.2736, 12.9412],
			"rotation": {"angle": -22.5, "axis": "x", "origin": [12.8048, 14.5368, 10.0592]},
			"faces": {
				"north": {"uv": [5.875, 0, 5.25, 1], "texture": "#2"},
				"east": {"uv": [2.75, 5.25, 2.125, 6.25], "texture": "#2"},
				"south": {"uv": [2.125, 5.25, 1.5, 6.25], "texture": "#2"},
				"west": {"uv": [1.5, 5.25, 0.875, 6.25], "texture": "#2"},
				"up": {"uv": [7, 4.375, 7.625, 3.75], "texture": "#2"},
				"down": {"uv": [7, 4.375, 7.625, 5], "texture": "#2"}
			}
		},
		{
			"name": "2",
			"from": [10.5168, -0.22678, 7.00308],
			"to": [15.6648, 10.02522, 12.15108],
			"rotation": {"angle": -22.5, "axis": "x", "origin": [12.8048, 14.5368, 10.0592]},
			"faces": {
				"north": {"uv": [5.875, 2.5, 5.25, 3.5], "texture": "#2"},
				"east": {"uv": [4.625, 5.25, 4, 6.25], "texture": "#2"},
				"south": {"uv": [4, 5.25, 3.375, 6.25], "texture": "#2"},
				"west": {"uv": [3.375, 5.25, 2.75, 6.25], "texture": "#2"},
				"up": {"uv": [7, 5.625, 7.625, 5], "texture": "#2"},
				"down": {"uv": [7, 5.625, 7.625, 6.25], "texture": "#2"}
			}
		},
		{
			"name": "1",
			"from": [9.3728, 7.092, 17.8142],
			"to": [14.5208, 14.528, 22.9622],
			"rotation": {"angle": -22.5, "axis": "x", "origin": [11.9468, 13.01, 20.4542]},
			"faces": {
				"north": {"uv": [5, 6.25, 5.625, 7.125], "texture": "#2"},
				"east": {"uv": [6.5, 0, 7.125, 0.875], "texture": "#2"},
				"south": {"uv": [6.5, 2, 7.125, 2.875], "texture": "#2"},
				"west": {"uv": [6.5, 2.875, 7.125, 3.75], "texture": "#2"},
				"up": {"uv": [3.75, 7.75, 3.125, 7.125], "texture": "#2"},
				"down": {"uv": [7.75, 3.125, 7.125, 3.75], "texture": "#2"}
			}
		},
		{
			"name": "2",
			"from": [9.6588, -0.26482, 18.14508],
			"to": [14.2348, 8.31518, 22.72108],
			"rotation": {"angle": -22.5, "axis": "x", "origin": [11.9468, 13.01, 20.4542]},
			"faces": {
				"north": {"uv": [6.625, 0.875, 7.125, 1.875], "texture": "#2"},
				"east": {"uv": [0, 6.75, 0.5, 7.75], "texture": "#2"},
				"south": {"uv": [6.125, 6.75, 6.625, 7.75], "texture": "#2"},
				"west": {"uv": [6.625, 6.75, 7.125, 7.75], "texture": "#2"},
				"up": {"uv": [8.25, 0.5, 7.75, 0], "texture": "#2"},
				"down": {"uv": [8.25, 0.5, 7.75, 1], "texture": "#2"}
			}
		},
		{
			"name": "1",
			"from": [9.3728, 7.092, 17.8142],
			"to": [14.5208, 14.528, 22.9622],
			"rotation": {"angle": 22.5, "axis": "x", "origin": [11.9468, 13.01, 20.4542]},
			"faces": {
				"north": {"uv": [3.125, 6.25, 2.5, 7.125], "texture": "#2"},
				"east": {"uv": [5, 6.25, 4.375, 7.125], "texture": "#2"},
				"south": {"uv": [4.375, 6.25, 3.75, 7.125], "texture": "#2"},
				"west": {"uv": [3.75, 6.25, 3.125, 7.125], "texture": "#2"},
				"up": {"uv": [7.125, 0.625, 7.75, 0], "texture": "#2"},
				"down": {"uv": [7.125, 0.625, 7.75, 1.25], "texture": "#2"}
			}
		},
		{
			"name": "2",
			"from": [9.6588, -0.26482, 18.14508],
			"to": [14.2348, 8.31518, 22.72108],
			"rotation": {"angle": 22.5, "axis": "x", "origin": [11.9468, 13.01, 20.4542]},
			"faces": {
				"north": {"uv": [7, 3.75, 6.5, 4.75], "texture": "#2"},
				"east": {"uv": [7, 5.75, 6.5, 6.75], "texture": "#2"},
				"south": {"uv": [6.125, 6.5, 5.625, 7.5], "texture": "#2"},
				"west": {"uv": [7, 4.75, 6.5, 5.75], "texture": "#2"},
				"up": {"uv": [6, 2.5, 6.5, 2], "texture": "#2"},
				"down": {"uv": [0, 7.75, 0.5, 8.25], "texture": "#2"}
			}
		},
		{
			"name": "tail",
			"from": [7.22, 14.664, 25.212],
			"to": [8.78, 20.072, 26.772],
			"rotation": {"angle": -22.5, "axis": "x", "origin": [8, 13.728, 29.892]},
			"faces": {
				"north": {"uv": [0.875, 4.25, 1.25, 5.125], "texture": "#1"},
				"east": {"uv": [7.125, 6.875, 7.5, 7.75], "texture": "#1"},
				"south": {"uv": [0.5, 7.25, 0.875, 8.125], "texture": "#1"},
				"west": {"uv": [0.875, 7.25, 1.25, 8.125], "texture": "#1"},
				"up": {"uv": [8.5, 7.875, 8.125, 7.5], "texture": "#1"},
				"down": {"uv": [8.625, 0, 8.25, 0.375], "texture": "#1"}
			}
		},
		{
			"name": "trunk",
			"from": [5.504, 13.608, -6.53032],
			"to": [10.496, 18.6, 2.20568],
			"rotation": {"angle": -22.5, "axis": "x", "origin": [8, 16.104, 0.08768]},
			"faces": {
				"north": {"uv": [5, 7.125, 4.375, 7.75], "rotation": 180, "texture": "#1"},
				"east": {"uv": [0.625, 6.25, 1.25, 7.25], "rotation": 270, "texture": "#1"},
				"south": {"uv": [4.375, 7.75, 3.75, 7.125], "texture": "#1"},
				"west": {"uv": [1.875, 6.25, 2.5, 7.25], "rotation": 90, "texture": "#1"},
				"up": {"uv": [6, 1, 6.625, 2], "rotation": 180, "texture": "#1"},
				"down": {"uv": [1.25, 6.25, 1.875, 7.25], "texture": "#1"}
			}
		},
		{
			"name": "trunk2",
			"from": [6.128, 11.85181, -10.44466],
			"to": [9.872, 15.59581, -5.24466],
			"rotation": {"angle": 0, "axis": "x", "origin": [8, 13.46001, -5.24795]},
			"faces": {
				"north": {"uv": [8.25, 1.5, 7.75, 2], "rotation": 180, "texture": "#1"},
				"east": {"uv": [1.75, 7.25, 2.25, 7.875], "rotation": 270, "texture": "#1"},
				"south": {"uv": [8.25, 1.5, 7.75, 1], "texture": "#1"},
				"west": {"uv": [7.5, 6.875, 8, 7.5], "rotation": 90, "texture": "#1"},
				"up": {"uv": [1.25, 7.25, 1.75, 7.875], "rotation": 180, "texture": "#1"},
				"down": {"uv": [5.625, 7.5, 6.125, 8.125], "texture": "#1"}
			}
		},
		{
			"name": "trunk3",
			"from": [6.648, 11.97153, -14.01147],
			"to": [9.352, 15.71553, -9.85147],
			"rotation": {"angle": -22.5, "axis": "x", "origin": [8, 13.84353, -9.68147]},
			"faces": {
				"north": {"uv": [0.875, 8.125, 0.5, 8.5], "rotation": 180, "texture": "#1"},
				"east": {"uv": [7.75, 2, 8.25, 2.5], "rotation": 270, "texture": "#1"},
				"south": {"uv": [8.25, 8.5, 7.875, 8], "texture": "#1"},
				"west": {"uv": [2.25, 7.75, 2.75, 8.25], "rotation": 90, "texture": "#1"},
				"up": {"uv": [8, 7, 8.375, 7.5], "rotation": 180, "texture": "#1"},
				"down": {"uv": [7.5, 8, 7.875, 8.5], "texture": "#1"}
			}
		},
		{
			"name": "1",
			"from": [10.704, 9.984, -0.736],
			"to": [13.2, 18.72, 1.76],
			"rotation": {"angle": 22.5, "axis": "z", "origin": [11.952, 17.472, 0.512]},
			"faces": {
				"north": {"uv": [7.75, 2.5, 8, 3.5], "texture": "#1"},
				"east": {"uv": [2.75, 7.75, 3, 8.75], "texture": "#1"},
				"south": {"uv": [3, 7.75, 3.25, 8.75], "texture": "#1"},
				"west": {"uv": [3.25, 7.75, 3.5, 8.75], "texture": "#1"},
				"up": {"uv": [4.25, 1.5, 4, 1.25], "texture": "#1"},
				"down": {"uv": [6, 1, 5.75, 1.25], "texture": "#1"}
			}
		},
		{
			"name": "2",
			"from": [13.2, 9.984, -6.976],
			"to": [15.072, 13.104, -0.736],
			"rotation": {"angle": -22.5, "axis": "x", "origin": [11.952, 17.472, 0.512]},
			"faces": {
				"north": {"uv": [2.375, 8.25, 2.625, 8.625], "texture": "#1"},
				"east": {"uv": [7.625, 4.75, 8.375, 5.125], "texture": "#1"},
				"south": {"uv": [8.25, 3.75, 8.5, 4.125], "texture": "#1"},
				"west": {"uv": [7.625, 5.125, 8.375, 5.5], "texture": "#1"},
				"up": {"uv": [1.125, 8.875, 0.875, 8.125], "texture": "#1"},
				"down": {"uv": [5.75, 8.125, 5.5, 8.875], "texture": "#1"}
			}
		},
		{
			"name": "3",
			"from": [13.356, 8.52581, -9.4546],
			"to": [14.916, 11.02181, -2.5906],
			"rotation": {"angle": 0, "axis": "x", "origin": [11.952, 10.192, -3.648]},
			"faces": {
				"north": {"uv": [5.625, 6.25, 5.875, 6.5], "texture": "#1"},
				"east": {"uv": [7.75, 3.5, 8.625, 3.75], "texture": "#1"},
				"south": {"uv": [6.125, 6.5, 6.375, 6.75], "texture": "#1"},
				"west": {"uv": [6.625, 7.75, 7.5, 8], "texture": "#1"},
				"up": {"uv": [1.5, 8.75, 1.25, 7.875], "texture": "#1"},
				"down": {"uv": [1.75, 7.875, 1.5, 8.75], "texture": "#1"}
			}
		},
		{
			"name": "4",
			"from": [13.486, 8.78581, -15.4346],
			"to": [14.786, 11.28181, -8.5706],
			"rotation": {"angle": 22.5, "axis": "x", "origin": [11.952, 10.192, -9.368]},
			"faces": {
				"north": {"uv": [5.125, 2.5, 5.25, 2.75], "texture": "#1"},
				"east": {"uv": [8, 2.5, 8.875, 2.75], "texture": "#1"},
				"south": {"uv": [6.375, 6.5, 6.5, 6.75], "texture": "#1"},
				"west": {"uv": [8, 2.75, 8.875, 3], "texture": "#1"},
				"up": {"uv": [1.25, 9, 1.125, 8.125], "texture": "#1"},
				"down": {"uv": [6.125, 8.125, 6, 9], "texture": "#1"}
			}
		},
		{
			"name": "1",
			"from": [2.8, 9.984, -0.736],
			"to": [5.296, 18.72, 1.76],
			"rotation": {"angle": -22.5, "axis": "z", "origin": [4.048, 17.472, 0.512]},
			"faces": {
				"north": {"uv": [3.5, 7.75, 3.75, 8.75], "texture": "#1"},
				"east": {"uv": [3.75, 7.75, 4, 8.75], "texture": "#1"},
				"south": {"uv": [4, 7.75, 4.25, 8.75], "texture": "#1"},
				"west": {"uv": [4.25, 7.75, 4.5, 8.75], "texture": "#1"},
				"up": {"uv": [8.5, 4.75, 8.25, 4.5], "texture": "#1"},
				"down": {"uv": [5, 8.25, 4.75, 8.5], "texture": "#1"}
			}
		},
		{
			"name": "2",
			"from": [0.928, 9.984, -6.976],
			"to": [2.8, 13.104, -0.736],
			"rotation": {"angle": -22.5, "axis": "x", "origin": [4.048, 17.472, 0.512]},
			"faces": {
				"north": {"uv": [8.25, 4.125, 8.5, 4.5], "texture": "#1"},
				"east": {"uv": [7.625, 5.5, 8.375, 5.875], "texture": "#1"},
				"south": {"uv": [4.5, 8.25, 4.75, 8.625], "texture": "#1"},
				"west": {"uv": [7.625, 5.875, 8.375, 6.25], "texture": "#1"},
				"up": {"uv": [6, 8.875, 5.75, 8.125], "texture": "#1"},
				"down": {"uv": [0.25, 8.25, 0, 9], "texture": "#1"}
			}
		},
		{
			"name": "3",
			"from": [1.084, 8.52581, -9.4546],
			"to": [2.644, 11.02181, -2.5906],
			"rotation": {"angle": 0, "axis": "y", "origin": [4.048, 10.192, -3.648]},
			"faces": {
				"north": {"uv": [5, 8.25, 5.25, 8.5], "texture": "#1"},
				"east": {"uv": [8, 3, 8.875, 3.25], "texture": "#1"},
				"south": {"uv": [5.25, 8.25, 5.5, 8.5], "texture": "#1"},
				"west": {"uv": [8, 3.25, 8.875, 3.5], "texture": "#1"},
				"up": {"uv": [2, 8.75, 1.75, 7.875], "texture": "#1"},
				"down": {"uv": [2.25, 7.875, 2, 8.75], "texture": "#1"}
			}
		},
		{
			"name": "4",
			"from": [1.214, 8.78581, -15.4346],
			"to": [2.514, 11.28181, -8.5706],
			"rotation": {"angle": 22.5, "axis": "x", "origin": [4.048, 10.192, -9.368]},
			"faces": {
				"north": {"uv": [0.5, 6.75, 0.625, 7], "texture": "#1"},
				"east": {"uv": [6.625, 8, 7.5, 8.25], "texture": "#1"},
				"south": {"uv": [0.5, 7, 0.625, 7.25], "texture": "#1"},
				"west": {"uv": [8, 6.75, 8.875, 7], "texture": "#1"},
				"up": {"uv": [8.375, 2.5, 8.25, 1.625], "texture": "#1"},
				"down": {"uv": [2.375, 8.25, 2.25, 9.125], "texture": "#1"}
			}
		},
		{
			"name": "head",
			"from": [5.166, 22.64927, 0.13961],
			"to": [10.834, 26.65327, 5.59961],
			"rotation": {"angle": 0, "axis": "x", "origin": [8, 19.32127, 5.07961]},
			"faces": {
				"north": {"uv": [5.25, 3.5, 5.875, 4], "texture": "#1"},
				"east": {"uv": [7.5, 7.5, 8.125, 8], "texture": "#1"},
				"south": {"uv": [7.625, 3.75, 8.25, 4.25], "texture": "#1"},
				"west": {"uv": [7.625, 4.25, 8.25, 4.75], "texture": "#1"},
				"up": {"uv": [5.625, 7.75, 5, 7.125], "texture": "#1"},
				"down": {"uv": [7.75, 6.25, 7.125, 6.875], "texture": "#1"}
			}
		},
		{
			"name": "head",
			"from": [4.256, 17.472, -9.472],
			"to": [11.744, 27.456, 3.008],
			"rotation": {"angle": 22.5, "axis": "x", "origin": [-11.968, 0, -6.976]},
			"faces": {
				"north": {"uv": [5, 4, 5.875, 5.25], "texture": "#1"},
				"east": {"uv": [0, 1.5, 1.5, 2.75], "texture": "#1"},
				"south": {"uv": [5.125, 1.25, 6, 2.5], "texture": "#1"},
				"west": {"uv": [1.5, 1.5, 3, 2.75], "texture": "#1"},
				"up": {"uv": [0.875, 5.75, 0, 4.25], "texture": "#1"},
				"down": {"uv": [5.125, 1.25, 4.25, 2.75], "texture": "#1"}
			}
		},
		{
			"name": "ear_left",
			"from": [0.2, 18.90491, 2.1459],
			"to": [3.944, 23.27291, 4.6419],
			"rotation": {"angle": 22.5, "axis": "y", "origin": [3.632, 21.08891, 1.8339]},
			"faces": {
				"north": {"uv": [4.5, 7.75, 5, 8.25], "texture": "#1"},
				"east": {"uv": [0.625, 5.75, 0.875, 6.25], "texture": "#1"},
				"south": {"uv": [5, 7.75, 5.5, 8.25], "texture": "#1"},
				"west": {"uv": [2.25, 7.25, 2.5, 7.75], "texture": "#1"},
				"up": {"uv": [5.75, 1.25, 5.25, 1], "texture": "#1"},
				"down": {"uv": [8.75, 0.375, 8.25, 0.625], "texture": "#1"}
			}
		},
		{
			"name": "ear_right",
			"from": [12.056, 18.90491, 2.1459],
			"to": [15.8, 23.27291, 4.6419],
			"rotation": {"angle": -22.5, "axis": "y", "origin": [12.368, 21.08891, 1.8339]},
			"faces": {
				"north": {"uv": [5, 7.75, 4.5, 8.25], "texture": "#1"},
				"east": {"uv": [2.5, 7.25, 2.25, 7.75], "texture": "#1"},
				"south": {"uv": [5.5, 7.75, 5, 8.25], "texture": "#1"},
				"west": {"uv": [0.875, 5.75, 0.625, 6.25], "texture": "#1"},
				"up": {"uv": [5.25, 1.25, 5.75, 1], "texture": "#1"},
				"down": {"uv": [8.25, 0.375, 8.75, 0.625], "texture": "#1"}
			}
		},
		{
			"name": "left",
			"from": [11.745, 15, 1],
			"to": [11.745, 20, 3],
			"rotation": {"angle": 0, "axis": "y", "origin": [16, 0, 0]},
			"faces": {
				"north": {"uv": [0.75, 9.75, 0, 11.625], "texture": "#1"},
				"east": {"uv": [0.75, 9.75, 0, 11.625], "texture": "#1"},
				"south": {"uv": [0.75, 9.75, 0, 11.625], "texture": "#1"},
				"west": {"uv": [0.75, 9.75, 0, 11.625], "texture": "#1"},
				"up": {"uv": [0.75, 9.75, 0, 11.625], "texture": "#1"},
				"down": {"uv": [0.75, 9.75, 0, 11.625], "texture": "#1"}
			}
		},
		{
			"name": "right",
			"from": [4.255, 15, 1],
			"to": [4.255, 20, 3],
			"faces": {
				"north": {"uv": [0, 9.75, 0.75, 11.625], "texture": "#1"},
				"east": {"uv": [0, 9.75, 0.75, 11.625], "texture": "#1"},
				"south": {"uv": [0, 9.75, 0.75, 11.625], "texture": "#1"},
				"west": {"uv": [0, 9.75, 0.75, 11.625], "texture": "#1"},
				"up": {"uv": [0, 9.75, 0.75, 11.625], "texture": "#1"},
				"down": {"uv": [0, 9.75, 0.75, 11.625], "texture": "#1"}
			}
		},
		{
			"name": "right",
			"from": [8.936, 20.10091, -0.3201],
			"to": [11.64, 20.77691, 1.1879],
			"rotation": {"angle": 22.5, "axis": "z", "origin": [12.368, 20.82891, 1.3439]},
			"faces": {
				"north": {"uv": [9.25, 0.25, 9.75, 0], "texture": "#1"},
				"east": {"uv": [9.25, 0.25, 9.75, 0], "texture": "#1"},
				"south": {"uv": [9.25, 0.25, 9.75, 0], "texture": "#1"},
				"west": {"uv": [9.25, 0.25, 9.75, 0], "texture": "#1"},
				"up": {"uv": [9.25, 0.25, 9.75, 0], "texture": "#1"},
				"down": {"uv": [9.25, 0.25, 9.75, 0], "texture": "#1"}
			}
		},
		{
			"name": "left",
			"from": [4.36, 20.10091, -0.3201],
			"to": [7.064, 20.77691, 1.1879],
			"rotation": {"angle": -22.5, "axis": "z", "origin": [3.632, 20.82891, 1.3439]},
			"faces": {
				"north": {"uv": [9.75, 0.25, 9.25, 0], "texture": "#1"},
				"east": {"uv": [9.75, 0.25, 9.25, 0], "texture": "#1"},
				"south": {"uv": [9.75, 0.25, 9.25, 0], "texture": "#1"},
				"west": {"uv": [9.75, 0.25, 9.25, 0], "texture": "#1"},
				"up": {"uv": [9.75, 0.25, 9.25, 0], "texture": "#1"},
				"down": {"uv": [9.75, 0.25, 9.25, 0], "texture": "#1"}
			}
		},
		{
			"name": "body",
			"from": [2.8, 9.412, 14.656],
			"to": [13.2, 19.968, 24.64],
			"rotation": {"angle": 0, "axis": "y", "origin": [-11.968, 0, -5.728]},
			"faces": {
				"north": {"uv": [3, 1.5, 4.25, 2.75], "texture": "#1"},
				"east": {"uv": [4, 0, 5.25, 1.25], "texture": "#1"},
				"south": {"uv": [1.25, 4, 2.5, 5.25], "texture": "#1"},
				"west": {"uv": [2.5, 4, 3.75, 5.25], "texture": "#1"},
				"up": {"uv": [5.25, 4, 4, 2.75], "texture": "#1"},
				"down": {"uv": [5, 4, 3.75, 5.25], "texture": "#1"}
			}
		},
		{
			"name": "body2",
			"from": [2.176, 9.048, 4.256],
			"to": [13.824, 21.684, 14.656],
			"rotation": {"angle": 0, "axis": "y", "origin": [-11.968, 0, -5.728]},
			"faces": {
				"north": {"uv": [0, 0, 1.375, 1.5], "texture": "#1"},
				"east": {"uv": [0, 2.75, 1.25, 4.25], "texture": "#1"},
				"south": {"uv": [1.375, 0, 2.75, 1.5], "texture": "#1"},
				"west": {"uv": [2.75, 0, 4, 1.5], "texture": "#1"},
				"up": {"uv": [2.625, 4, 1.25, 2.75], "texture": "#1"},
				"down": {"uv": [4, 2.75, 2.625, 4], "texture": "#1"}
			}
		}
	],
	"display": {
		"thirdperson_righthand": {
			"rotation": [75, 45, 0],
			"translation": [0, 2.5, 0],
			"scale": [0.375, 0.375, 0.375]
		},
		"thirdperson_lefthand": {
			"rotation": [75, 45, 0],
			"translation": [0, 2.5, 0],
			"scale": [0.375, 0.375, 0.375]
		},
		"firstperson_righthand": {
			"rotation": [0, 45, 0],
			"scale": [0.4, 0.4, 0.4]
		},
		"firstperson_lefthand": {
			"rotation": [0, 225, 0],
			"scale": [0.4, 0.4, -0.4]
		},
		"ground": {
			"translation": [0, 2, 0],
			"scale": [0.5, 0.5, 0.5]
		},
		"gui": {
			"rotation": [30, 225, 0],
			"scale": [0.625, 0.625, 0.625]
		},
		"head": {
			"translation": [0, -80, -19],
			"scale": [3.75, 3.75, 3.75]
		},
		"fixed": {
			"translation": [0, 45.8, -4.75],
			"scale": [3.75, 3.75, 3.75]
		}
	},
	"groups": [
		{
			"name": "root",
			"origin": [8, 8, 8],
			"color": 0,
			"children": [
				{
					"name": "legs",
					"origin": [8, 8, 8],
					"color": 9,
					"children": [
						{
							"name": "left",
							"origin": [8, 8, 8],
							"color": 0,
							"children": [
								{
									"name": "front",
									"origin": [3.8, 7.2, 9.8],
									"color": 0,
									"children": [
										0,
										1,
										{
											"name": "front",
											"origin": [3.8, 7.2, 9.8],
											"color": 0,
											"children": [2, 3]
										}
									]
								},
								{
									"name": "back",
									"origin": [-11.2, 8.4, 21.2],
									"color": 0,
									"children": [
										4,
										5,
										{
											"name": "back",
											"origin": [-11.2, 8.4, 21.2],
											"color": 0,
											"children": [6, 7]
										}
									]
								}
							]
						},
						{
							"name": "right",
							"origin": [8, 8, 8],
							"color": 0,
							"children": [
								{
									"name": "front",
									"origin": [3.8, 7.2, 9.8],
									"color": 0,
									"children": [
										8,
										9,
										{
											"name": "front",
											"origin": [3.8, 7.2, 9.8],
											"color": 0,
											"children": [10, 11]
										}
									]
								},
								{
									"name": "back",
									"origin": [-11.2, 8.4, 21.2],
									"color": 0,
									"children": [
										12,
										13,
										{
											"name": "back",
											"origin": [-11.2, 8.4, 21.2],
											"color": 0,
											"children": [14, 15]
										}
									]
								}
							]
						}
					]
				},
				{
					"name": "body",
					"origin": [8, 8, 8],
					"color": 0,
					"children": [
						{
							"name": "tail",
							"origin": [8, 8, 8],
							"color": 0,
							"children": [16]
						},
						{
							"name": "head",
							"origin": [8, 8, 8],
							"color": 0,
							"children": [
								{
									"name": "trunk",
									"origin": [8, 8, 8],
									"color": 0,
									"children": [17, 18, 19]
								},
								{
									"name": "tusks",
									"origin": [8, 8, 8],
									"color": 0,
									"children": [
										{
											"name": "1",
											"origin": [8, 8, 8],
											"color": 0,
											"children": [20, 21, 22, 23]
										},
										{
											"name": "2",
											"origin": [8, 8, 8],
											"color": 0,
											"children": [24, 25, 26, 27]
										}
									]
								},
								28,
								29,
								30,
								31,
								{
									"name": "temporin",
									"origin": [-11.968, 0, -6.976],
									"color": 0,
									"children": [32, 33]
								},
								{
									"name": "brows",
									"origin": [12.2, 20.2778, 1.3499],
									"color": 0,
									"children": [34, 35]
								}
							]
						},
						36,
						37
					]
				}
			]
		}
	]
}