{"textures":{"0":"modelengine:entity/nm_squirrel_gray_texture","particle":"#0"},"elements":[{"from":[6.025,7.5207696,4.8400416],"to":[9.975,11.520769,9.465042],"faces":{"east":{"uv":[4.0,8.0,5.25,9.0],"tintindex":0,"rotation":0,"texture":"#0"},"south":{"uv":[9.0,6.5,10.0,7.5],"tintindex":0,"rotation":0,"texture":"#0"},"north":{"uv":[6.0,9.0,7.0,10.0],"tintindex":0,"rotation":0,"texture":"#0"},"west":{"uv":[5.25,8.0,6.5,9.0],"tintindex":0,"rotation":0,"texture":"#0"},"up":{"uv":[9.0,7.5,8.0,6.25],"tintindex":0,"rotation":0,"texture":"#0"},"down":{"uv":[9.0,7.5,8.0,8.75],"tintindex":0,"rotation":0,"texture":"#0"}},"rotation":{"origin":[8.3625,9.520769,6.8150415],"angle":-45.0,"axis":"x"}},{"from":[6.0,3.2270417,6.4414396],"to":[10.0,9.252042,11.44144],"faces":{"east":{"uv":[7.0,3.25,8.25,4.75],"tintindex":0,"rotation":0,"texture":"#0"},"south":{"uv":[7.0,6.25,8.0,7.75],"tintindex":0,"rotation":0,"texture":"#0"},"north":{"uv":[3.0,6.5,4.0,8.0],"tintindex":0,"rotation":0,"texture":"#0"},"west":{"uv":[7.0,4.75,8.25,6.25],"tintindex":0,"rotation":0,"texture":"#0"},"up":{"uv":[8.0,9.0,7.0,7.75],"tintindex":0,"rotation":0,"texture":"#0"},"down":{"uv":[4.0,8.0,3.0,9.25],"tintindex":0,"rotation":0,"texture":"#0"}},"rotation":{"origin":[8.0,6.252042,8.94144],"angle":-22.5,"axis":"x"}}],"display":{"head":{"rotation":[0.0,0.0,0.0]},"firstperson_righthand":{"rotation":[0.0,0.0,0.0]},"thirdperson_lefthand":{"rotation":[0.0,-0.0,-0.0]},"firstperson_lefthand":{"rotation":[0.0,-0.0,-0.0]},"fixed":{"rotation":[0.0,0.0,0.0]},"ground":{"rotation":[0.0,0.0,0.0]},"thirdperson_righthand":{"rotation":[0.0,0.0,0.0]},"gui":{"rotation":[-150.0,-45.0,180.0]}}}