{
	"credit": "Made with Blockbench",
	"texture_size": [80, 80],
	"textures": {
		"1": "krmc:krmc_mobs/merfolk/male"
	},
	"elements": [
		{
			"name": "tail",
			"from": [3.325, 2.75622, -4.97513],
			"to": [12.675, 10.45622, 1.07487],
			"rotation": {"angle": -22.5, "axis": "x", "origin": [8, 12.16116, 8.39906]},
			"faces": {
				"north": {"uv": [4.8, 1.8, 6.6, 3.4], "texture": "#1"},
				"east": {"uv": [5, 8.2, 6.2, 9.8], "texture": "#1"},
				"south": {"uv": [0, 5.4, 1.8, 7], "texture": "#1"},
				"west": {"uv": [8.2, 6, 9.4, 7.6], "texture": "#1"},
				"up": {"uv": [1.8, 8.2, 0, 7], "texture": "#1"},
				"down": {"uv": [6.8, 7, 5, 8.2], "texture": "#1"}
			}
		},
		{
			"name": "tail",
			"from": [0.3, -2.54334, 18.73492],
			"to": [15.7, -2.54334, 27.53492],
			"rotation": {"angle": 0, "axis": "y", "origin": [8, 12.16116, 8.39906]},
			"faces": {
				"north": {"uv": [0, 0, 3, 0], "texture": "#1"},
				"east": {"uv": [0, 0, 1.8, 0], "texture": "#1"},
				"south": {"uv": [0, 0, 3, 0], "texture": "#1"},
				"west": {"uv": [0, 0, 1.8, 0], "texture": "#1"},
				"up": {"uv": [3, 3.6, 0, 1.8], "texture": "#1"},
				"down": {"uv": [3, 1.8, 0, 3.6], "texture": "#1"}
			}
		},
		{
			"name": "tail",
			"from": [5.47, -4.94998, 11.69341],
			"to": [10.53, 0.11002, 18.84341],
			"rotation": {"angle": 0, "axis": "y", "origin": [8, 12.16116, 8.39906]},
			"faces": {
				"north": {"uv": [9.8, 11, 10.8, 12], "texture": "#1"},
				"east": {"uv": [4.8, 9.8, 6.2, 10.8], "texture": "#1"},
				"south": {"uv": [10.8, 11, 11.8, 12], "texture": "#1"},
				"west": {"uv": [10, 2.4, 11.4, 3.4], "texture": "#1"},
				"up": {"uv": [9, 11.4, 8, 10], "texture": "#1"},
				"down": {"uv": [11, 8.8, 10, 10.2], "texture": "#1"}
			}
		},
		{
			"name": "tail",
			"from": [5.80137, -3.57498, 18.95309],
			"to": [6.90137, -1.37498, 28.30309],
			"rotation": {"angle": 22.5, "axis": "y", "origin": [8, 12.16116, 8.39906]},
			"faces": {
				"north": {"uv": [8, 4.6, 8.2, 5], "texture": "#1"},
				"east": {"uv": [11, 9.6, 12.8, 10], "texture": "#1"},
				"south": {"uv": [8.6, 2.4, 8.8, 2.8], "texture": "#1"},
				"west": {"uv": [6.2, 11.2, 8, 11.6], "texture": "#1"},
				"up": {"uv": [4.2, 14.2, 4, 12.4], "texture": "#1"},
				"down": {"uv": [4.4, 12.4, 4.2, 14.2], "texture": "#1"}
			}
		},
		{
			"name": "tail",
			"from": [9.09863, -3.57498, 18.95309],
			"to": [10.19863, -1.37498, 28.30309],
			"rotation": {"angle": -22.5, "axis": "y", "origin": [8, 12.16116, 8.39906]},
			"faces": {
				"north": {"uv": [8.8, 2.4, 9, 2.8], "texture": "#1"},
				"east": {"uv": [11.4, 2.4, 13.2, 2.8], "texture": "#1"},
				"south": {"uv": [9, 2.4, 9.2, 2.8], "texture": "#1"},
				"west": {"uv": [11.4, 2.8, 13.2, 3.2], "texture": "#1"},
				"up": {"uv": [7, 14.2, 6.8, 12.4], "texture": "#1"},
				"down": {"uv": [7.2, 12.4, 7, 14.2], "texture": "#1"}
			}
		},
		{
			"name": "tail",
			"from": [4.2875, -4.94998, 4.81841],
			"to": [11.7125, 0.82502, 11.69341],
			"rotation": {"angle": 0, "axis": "y", "origin": [8, 12.16116, 8.39906]},
			"faces": {
				"east": {"uv": [8.6, 8.8, 10, 10], "texture": "#1"},
				"south": {"uv": [1.4, 9, 2.8, 10.2], "texture": "#1"},
				"west": {"uv": [2.8, 9.2, 4.2, 10.4], "texture": "#1"},
				"up": {"uv": [1.4, 9.6, 0, 8.2], "texture": "#1"},
				"down": {"uv": [9.6, 4.6, 8.2, 6], "texture": "#1"}
			}
		},
		{
			"name": "tail",
			"from": [3.7925, 2.56483, -6.31566],
			"to": [12.2075, 11.08983, -0.54066],
			"rotation": {"angle": -45, "axis": "x", "origin": [8, 12.16116, 8.39906]},
			"faces": {
				"north": {"uv": [1.8, 5.4, 3.4, 7.2], "texture": "#1"},
				"east": {"uv": [1.8, 7.2, 3, 9], "texture": "#1"},
				"south": {"uv": [3.4, 5.4, 5, 7.2], "texture": "#1"},
				"west": {"uv": [7.2, 2.8, 8.4, 4.6], "texture": "#1"},
				"up": {"uv": [9.8, 8.8, 8.2, 7.6], "texture": "#1"},
				"down": {"uv": [10, 2.8, 8.4, 4], "texture": "#1"}
			}
		},
		{
			"name": "Left Arm",
			"from": [0.78199, 9.8383, -1.71063],
			"to": [3.31199, 14.2383, 0.81937],
			"rotation": {"angle": -22.5, "axis": "z", "origin": [8, 12.16116, 8.39906]},
			"faces": {
				"north": {"uv": [6.8, 11.6, 7.4, 12.4], "texture": "#1"},
				"east": {"uv": [11.6, 7, 12.2, 7.8], "texture": "#1"},
				"south": {"uv": [7.4, 11.6, 8, 12.4], "texture": "#1"},
				"west": {"uv": [11.6, 7.8, 12.2, 8.6], "texture": "#1"},
				"up": {"uv": [7.2, 3.4, 6.6, 2.8], "texture": "#1"},
				"down": {"uv": [6.8, 8.2, 6.2, 8.8], "texture": "#1"}
			}
		},
		{
			"name": "Left Arm",
			"from": [0.31241, 5.96783, -1.45727],
			"to": [2.56741, 9.81783, 1.62273],
			"rotation": {"angle": 22.5, "axis": "x", "origin": [8, 12.16116, 8.39906]},
			"faces": {
				"north": {"uv": [1.4, 8.2, 1.8, 9], "texture": "#1"},
				"east": {"uv": [8.8, 11.6, 9.4, 12.4], "texture": "#1"},
				"south": {"uv": [12.2, 10, 12.6, 10.8], "texture": "#1"},
				"west": {"uv": [11.8, 10.8, 12.4, 11.6], "texture": "#1"},
				"up": {"uv": [12.8, 9, 12.4, 8.4], "texture": "#1"},
				"down": {"uv": [12.8, 9, 12.4, 9.6], "texture": "#1"}
			}
		},
		{
			"name": "Left Arm",
			"from": [0.14337, 10.33788, -10.52987],
			"to": [2.67337, 14.73788, 1.24013],
			"rotation": {"angle": -22.5, "axis": "x", "origin": [8, 12.16116, 8.39906]},
			"faces": {
				"north": {"uv": [11.8, 11.6, 12.4, 12.4], "texture": "#1"},
				"east": {"uv": [8.6, 0, 11, 0.8], "texture": "#1"},
				"south": {"uv": [0, 12, 0.6, 12.8], "texture": "#1"},
				"west": {"uv": [8.6, 0.8, 11, 1.6], "texture": "#1"},
				"up": {"uv": [4.8, 11.6, 4.2, 9.2], "texture": "#1"},
				"down": {"uv": [0.6, 9.6, 0, 12], "texture": "#1"}
			}
		},
		{
			"name": "Left Arm",
			"from": [-0.13163, 10.06288, -7.92987],
			"to": [2.94837, 15.01288, -3.85987],
			"rotation": {"angle": -22.5, "axis": "x", "origin": [8, 12.16116, 8.39906]},
			"faces": {
				"north": {"uv": [4.4, 11.6, 5, 12.6], "texture": "#1"},
				"east": {"uv": [1.2, 11.2, 2, 12.2], "texture": "#1"},
				"south": {"uv": [5, 11.6, 5.6, 12.6], "texture": "#1"},
				"west": {"uv": [2, 11.2, 2.8, 12.2], "texture": "#1"},
				"up": {"uv": [1.2, 12.8, 0.6, 12], "texture": "#1"},
				"down": {"uv": [12.6, 6, 12, 6.8], "texture": "#1"}
			}
		},
		{
			"name": "Right Arm",
			"from": [12.68801, 9.8383, -1.71063],
			"to": [15.21801, 14.2383, 0.81937],
			"rotation": {"angle": 22.5, "axis": "z", "origin": [8, 12.16116, 8.39906]},
			"faces": {
				"north": {"uv": [9.4, 12, 10, 12.8], "texture": "#1"},
				"east": {"uv": [10, 12, 10.6, 12.8], "texture": "#1"},
				"south": {"uv": [10.6, 12, 11.2, 12.8], "texture": "#1"},
				"west": {"uv": [11.2, 12, 11.8, 12.8], "texture": "#1"},
				"up": {"uv": [9, 4.6, 8.4, 4], "texture": "#1"},
				"down": {"uv": [9.6, 4, 9, 4.6], "texture": "#1"}
			}
		},
		{
			"name": "Right Arm",
			"from": [13.43259, 5.96783, -1.45727],
			"to": [15.68759, 9.81783, 1.62273],
			"rotation": {"angle": 22.5, "axis": "x", "origin": [8, 12.16116, 8.39906]},
			"faces": {
				"north": {"uv": [7.2, 12.4, 7.6, 13.2], "texture": "#1"},
				"east": {"uv": [1.2, 12.2, 1.8, 13], "texture": "#1"},
				"south": {"uv": [7.6, 12.4, 8, 13.2], "texture": "#1"},
				"west": {"uv": [1.8, 12.2, 2.4, 13], "texture": "#1"},
				"up": {"uv": [12.8, 11.4, 12.4, 10.8], "texture": "#1"},
				"down": {"uv": [12.8, 11.4, 12.4, 12], "texture": "#1"}
			}
		},
		{
			"name": "Right Arm",
			"from": [13.32663, 10.33788, -10.52987],
			"to": [15.85663, 14.73788, 1.24013],
			"rotation": {"angle": -22.5, "axis": "x", "origin": [8, 12.16116, 8.39906]},
			"faces": {
				"north": {"uv": [2.4, 12.2, 3, 13], "texture": "#1"},
				"east": {"uv": [8.6, 1.6, 11, 2.4], "texture": "#1"},
				"south": {"uv": [3, 12.2, 3.6, 13], "texture": "#1"},
				"west": {"uv": [6.2, 8.8, 8.6, 9.6], "texture": "#1"},
				"up": {"uv": [1.2, 12, 0.6, 9.6], "texture": "#1"},
				"down": {"uv": [10.2, 4, 9.6, 6.4], "texture": "#1"}
			}
		},
		{
			"name": "Right Arm",
			"from": [13.05163, 10.06288, -7.92987],
			"to": [16.13163, 15.01288, -3.85987],
			"rotation": {"angle": -22.5, "axis": "x", "origin": [8, 12.16116, 8.39906]},
			"faces": {
				"north": {"uv": [5.6, 11.6, 6.2, 12.6], "texture": "#1"},
				"east": {"uv": [2.8, 11.2, 3.6, 12.2], "texture": "#1"},
				"south": {"uv": [6.2, 11.6, 6.8, 12.6], "texture": "#1"},
				"west": {"uv": [11.2, 6, 12, 7], "texture": "#1"},
				"up": {"uv": [12.8, 7.6, 12.2, 6.8], "texture": "#1"},
				"down": {"uv": [12.8, 7.6, 12.2, 8.4], "texture": "#1"}
			}
		},
		{
			"name": "Body",
			"from": [3.05, 11.48836, -3.35563],
			"to": [12.95, 16.71336, 2.74437],
			"rotation": {"angle": 0, "axis": "x", "origin": [8, 12.16116, 8.39906]},
			"faces": {
				"north": {"uv": [3, 7.2, 5, 8.2], "texture": "#1"},
				"east": {"uv": [1.2, 10.2, 2.6, 11.2], "texture": "#1"},
				"south": {"uv": [3, 8.2, 5, 9.2], "texture": "#1"},
				"west": {"uv": [10.2, 3.4, 11.6, 4.4], "texture": "#1"},
				"up": {"uv": [8.6, 1.4, 6.6, 0], "texture": "#1"},
				"down": {"uv": [8.6, 1.4, 6.6, 2.8], "texture": "#1"}
			}
		},
		{
			"name": "Body",
			"from": [3.6, 3.51336, -2.48063],
			"to": [12.4, 11.48836, 1.91937],
			"rotation": {"angle": 0, "axis": "y", "origin": [8, 12.16116, 8.39906]},
			"faces": {
				"north": {"uv": [5.4, 3.4, 7.2, 5], "texture": "#1"},
				"east": {"uv": [9, 10, 9.8, 11.6], "texture": "#1"},
				"south": {"uv": [5, 5.4, 6.8, 7], "texture": "#1"},
				"west": {"uv": [10.2, 4.4, 11, 6], "texture": "#1"},
				"up": {"uv": [11.2, 7.2, 9.4, 6.4], "texture": "#1"},
				"down": {"uv": [8, 9.6, 6.2, 10.4], "texture": "#1"}
			}
		},
		{
			"name": "Head",
			"from": [3.6, 16.71336, -4.68063],
			"to": [12.4, 25.51336, 4.11937],
			"rotation": {"angle": 0, "axis": "y", "origin": [8, 23.98951, -1.76857]},
			"faces": {
				"north": {"uv": [3, 0, 4.8, 1.8], "texture": "#1"},
				"east": {"uv": [3, 1.8, 4.8, 3.6], "texture": "#1"},
				"south": {"uv": [0, 3.6, 1.8, 5.4], "texture": "#1"},
				"west": {"uv": [1.8, 3.6, 3.6, 5.4], "texture": "#1"},
				"up": {"uv": [5.4, 5.4, 3.6, 3.6], "texture": "#1"},
				"down": {"uv": [6.6, 0, 4.8, 1.8], "texture": "#1"}
			}
		},
		{
			"name": "Head",
			"from": [3.567, 21.69798, -5.7684],
			"to": [12.433, 26.47198, 5.8256],
			"rotation": {"angle": 0, "axis": "x", "origin": [8, 25.19701, -1.67662]},
			"faces": {
				"north": {"uv": [4.8, 10.8, 6.2, 11.6], "texture": "#1"},
				"east": {"uv": [9.8, 7.2, 11.6, 8], "texture": "#1"},
				"south": {"uv": [11, 8.8, 12.4, 9.6], "texture": "#1"},
				"west": {"uv": [9.8, 8, 11.6, 8.8], "texture": "#1"},
				"up": {"uv": [8.2, 6.8, 6.8, 5], "texture": "#1"},
				"down": {"uv": [8.2, 6.8, 6.8, 8.6], "texture": "#1"}
			}
		},
		{
			"name": "Head",
			"from": [6.875, 22.01875, -9.6723],
			"to": [9.125, 28.25, -7.4223],
			"rotation": {"angle": -45, "axis": "x", "origin": [7.648, 27.18016, -4.8993]},
			"faces": {
				"north": {"uv": [8, 12.2, 8.4, 13.4], "texture": "#1"},
				"east": {"uv": [8.4, 12.2, 8.8, 13.4], "texture": "#1"},
				"south": {"uv": [12.4, 3.2, 12.8, 4.4], "texture": "#1"},
				"west": {"uv": [3.6, 12.4, 4, 13.6], "texture": "#1"},
				"up": {"uv": [7.6, 5, 7.2, 4.6], "texture": "#1"},
				"down": {"uv": [8, 4.6, 7.6, 5], "texture": "#1"}
			}
		},
		{
			"name": "Head",
			"from": [3.226, 21.49798, -4.0634],
			"to": [12.774, 26.81298, 0.3696],
			"rotation": {"angle": 0, "axis": "y", "origin": [8, 25.19701, -1.67662]},
			"faces": {
				"north": {"uv": [9.8, 10.2, 11.4, 11], "texture": "#1"},
				"east": {"uv": [8, 11.4, 8.8, 12.2], "texture": "#1"},
				"south": {"uv": [2.6, 10.4, 4.2, 11.2], "texture": "#1"},
				"west": {"uv": [11.4, 10, 12.2, 10.8], "texture": "#1"},
				"up": {"uv": [7.8, 11.2, 6.2, 10.4], "texture": "#1"},
				"down": {"uv": [12.6, 0, 11, 0.8], "texture": "#1"}
			}
		},
		{
			"name": "Head",
			"from": [3.226, 21.49798, 0.7106],
			"to": [12.774, 26.81298, 5.1436],
			"rotation": {"angle": 0, "axis": "y", "origin": [8, 25.19701, -1.67662]},
			"faces": {
				"north": {"uv": [11, 0.8, 12.6, 1.6], "texture": "#1"},
				"east": {"uv": [11.6, 3.2, 12.4, 4], "texture": "#1"},
				"south": {"uv": [11, 1.6, 12.6, 2.4], "texture": "#1"},
				"west": {"uv": [3.6, 11.6, 4.4, 12.4], "texture": "#1"},
				"up": {"uv": [12.6, 5.2, 11, 4.4], "texture": "#1"},
				"down": {"uv": [12.6, 5.2, 11, 6], "texture": "#1"}
			}
		}
	],
	"display": {
		"thirdperson_righthand": {
			"rotation": [75, 45, 0],
			"translation": [0, 2.5, 0],
			"scale": [0.375, 0.375, 0.375]
		},
		"thirdperson_lefthand": {
			"rotation": [75, 45, 0],
			"translation": [0, 2.5, 0],
			"scale": [0.375, 0.375, 0.375]
		},
		"firstperson_righthand": {
			"rotation": [0, 45, 0],
			"scale": [0.4, 0.4, 0.4]
		},
		"firstperson_lefthand": {
			"rotation": [0, 225, 0],
			"scale": [0.4, 0.4, 0.4]
		},
		"ground": {
			"translation": [0, 3, 0],
			"scale": [0.25, 0.25, 0.25]
		},
		"gui": {
			"rotation": [30, 225, 0],
			"translation": [0.5, -2.5, 0],
			"scale": [0.625, 0.625, 0.625]
		},
		"head": {
			"translation": [0, -22.25, 2],
			"scale": [1.75, 1.75, 1.75]
		},
		"fixed": {
			"translation": [0, 38.5, 10.5],
			"scale": [1.75, 1.75, 1.75]
		}
	},
	"groups": [
		{
			"name": "root",
			"origin": [8, 5.38836, 4.00937],
			"color": 0,
			"children": [
				{
					"name": "tail",
					"origin": [9.5, 9.38836, 4.00937],
					"color": 0,
					"children": [0, 1, 2, 3, 4, 5, 6]
				},
				{
					"name": "Armor",
					"origin": [8, 8, 8],
					"color": 0,
					"children": []
				},
				{
					"name": "LeftArm",
					"origin": [3, 19.38836, 4.00937],
					"color": 0,
					"children": [7, 8, 9, 10]
				},
				{
					"name": "RightArm",
					"origin": [3, 19.38836, 4.00937],
					"color": 0,
					"children": [11, 12, 13, 14]
				},
				{
					"name": "Body",
					"origin": [8, 21.38836, 4.00937],
					"color": 0,
					"children": [15, 16]
				},
				{
					"name": "Head",
					"origin": [8, 21.38836, 4.00937],
					"color": 0,
					"children": [
						17,
						{
							"name": "helmet",
							"origin": [8, 23.98951, -1.76857],
							"color": 0,
							"children": [18, 19, 20, 21]
						}
					]
				}
			]
		}
	]
}