{
	"textures": {
		"0": "animated_java:blueprint/nautilus_crab/nautilus_crab_red",
		"particle": "minecraft:item/pufferfish"
	},
	"display": {
		"head": {
			"rotation": [0, 180, 0]
		}
	},
	"elements": [
		{
			"from": [7.3, 8.7, 6.2],
			"to": [9.7, 10.1, 8.2],
			"rotation": {
				"angle": 0,
				"axis": "y",
				"origin": [8.5, 8.7, 6.2]
			},
			"faces": {
				"north": {
					"uv": [6, 5, 8.5, 6.5],
					"texture": "#0"
				},
				"east": {
					"uv": [3, 8, 5, 9.5],
					"texture": "#0"
				},
				"south": {
					"uv": [6, 7, 8.5, 8.5],
					"texture": "#0"
				},
				"west": {
					"uv": [0, 9, 2, 10.5],
					"texture": "#0"
				},
				"up": {
					"uv": [5.5, 8, 3, 6],
					"texture": "#0"
				},
				"down": {
					"uv": [8.5, 3, 6, 5],
					"texture": "#0"
				}
			}
		},
		{
			"from": [7.6, 8.8, 5.6],
			"to": [9.4, 9.7, 6.4],
			"rotation": {
				"angle": 0,
				"axis": "y",
				"origin": [8.5, 8.7, 5.4]
			},
			"faces": {
				"north": {
					"uv": [9, 0, 10.75, 1],
					"texture": "#0"
				},
				"east": {
					"uv": [3, 10, 3.75, 11],
					"texture": "#0"
				},
				"south": {
					"uv": [9, 1, 10.75, 2],
					"texture": "#0"
				},
				"west": {
					"uv": [10, 3, 10.75, 4],
					"texture": "#0"
				},
				"up": {
					"uv": [7.75, 9.75, 6, 9],
					"texture": "#0"
				},
				"down": {
					"uv": [10.75, 6, 9, 6.75],
					"texture": "#0"
				}
			}
		},
		{
			"from": [8.5, 9.6, 5.8],
			"to": [9, 11.1, 5.8],
			"rotation": {
				"angle": -22.5,
				"axis": "y",
				"origin": [9, 9.6, 6.8]
			},
			"faces": {
				"north": {
					"uv": [4, 10, 4.5, 11.5],
					"texture": "#0"
				},
				"east": {
					"uv": [0, 0, 0, 1.5],
					"texture": "#0"
				},
				"south": {
					"uv": [10, 4, 10.5, 5.5],
					"texture": "#0"
				},
				"west": {
					"uv": [0, 0, 0, 1.5],
					"texture": "#0"
				},
				"up": {
					"uv": [0.5, 0, 0, 0],
					"texture": "#0"
				},
				"down": {
					"uv": [0.5, 0, 0, 0],
					"texture": "#0"
				}
			}
		},
		{
			"from": [8, 9.6, 5.6],
			"to": [8.5, 11.1, 5.6],
			"rotation": {
				"angle": 22.5,
				"axis": "y",
				"origin": [8.5, 9.6, 6.6]
			},
			"faces": {
				"north": {
					"uv": [5, 10, 5.5, 11.5],
					"texture": "#0"
				},
				"east": {
					"uv": [0, 0, 0, 1.5],
					"texture": "#0"
				},
				"south": {
					"uv": [6, 10, 6.5, 11.5],
					"texture": "#0"
				},
				"west": {
					"uv": [0, 0, 0, 1.5],
					"texture": "#0"
				},
				"up": {
					"uv": [0.5, 0, 0, 0],
					"texture": "#0"
				},
				"down": {
					"uv": [0.5, 0, 0, 0],
					"texture": "#0"
				}
			}
		}
	]
}