{
	"textures": {
		"0": "animated_java:blueprint/nautilus_crab/nautilus_crab_red",
		"particle": "minecraft:item/pufferfish"
	},
	"display": {
		"head": {
			"rotation": [0, 180, 0]
		}
	},
	"elements": [
		{
			"from": [5.6, 9.3, 6.8],
			"to": [6.8, 9.5, 7],
			"rotation": {
				"angle": -45,
				"axis": "y",
				"origin": [6.6, 9.3, 7.8]
			},
			"faces": {
				"north": {
					"uv": [2, 12, 3.25, 12.25],
					"texture": "#0"
				},
				"east": {
					"uv": [10, 12, 10.25, 12.25],
					"texture": "#0"
				},
				"south": {
					"uv": [12, 2, 13.25, 2.25],
					"texture": "#0"
				},
				"west": {
					"uv": [12, 10, 12.25, 10.25],
					"texture": "#0"
				},
				"up": {
					"uv": [5.25, 12.25, 4, 12],
					"texture": "#0"
				},
				"down": {
					"uv": [7.25, 12, 6, 12.25],
					"texture": "#0"
				}
			}
		},
		{
			"from": [6.2, 9.2, 4.7],
			"to": [7.1, 10, 6.2],
			"rotation": {
				"angle": 22.5,
				"axis": "x",
				"origin": [7.2, 8.2, 6.2]
			},
			"faces": {
				"north": {
					"uv": [7, 10, 8, 10.75],
					"texture": "#0"
				},
				"east": {
					"uv": [9, 7, 10.5, 7.75],
					"texture": "#0"
				},
				"south": {
					"uv": [8, 10, 9, 10.75],
					"texture": "#0"
				},
				"west": {
					"uv": [8, 9, 9.5, 9.75],
					"texture": "#0"
				},
				"up": {
					"uv": [6, 9.5, 5, 8],
					"texture": "#0"
				},
				"down": {
					"uv": [3, 9, 2, 10.5],
					"texture": "#0"
				}
			}
		}
	]
}