{
	"textures": {
		"0": "animated_java:blueprint/nautilus_crab/nautilus_crab_red",
		"particle": "minecraft:item/pufferfish"
	},
	"display": {
		"head": {
			"rotation": [0, 180, 0]
		}
	},
	"elements": [
		{
			"from": [9.8, 7.7, 7.4],
			"to": [11.3, 7.7, 7.7],
			"rotation": {
				"angle": -45,
				"axis": "z",
				"origin": [11.3, 8.7, 8.4]
			},
			"faces": {
				"north": {
					"uv": [0, 0, 1.5, 0],
					"texture": "#0"
				},
				"east": {
					"uv": [0, 0, 0.25, 0],
					"texture": "#0"
				},
				"south": {
					"uv": [0, 0, 1.5, 0],
					"texture": "#0"
				},
				"west": {
					"uv": [0, 0, 0.25, 0],
					"texture": "#0"
				},
				"up": {
					"uv": [11.5, 10.25, 10, 10],
					"texture": "#0"
				},
				"down": {
					"uv": [1.5, 11, 0, 11.25],
					"texture": "#0"
				}
			}
		},
		{
			"from": [9.8, 7.7, 6.9],
			"to": [11.3, 7.7, 7.2],
			"rotation": {
				"angle": -45,
				"axis": "z",
				"origin": [11.3, 8.7, 7.9]
			},
			"faces": {
				"north": {
					"uv": [0, 0, 1.5, 0],
					"texture": "#0"
				},
				"east": {
					"uv": [0, 0, 0.25, 0],
					"texture": "#0"
				},
				"south": {
					"uv": [0, 0, 1.5, 0],
					"texture": "#0"
				},
				"west": {
					"uv": [0, 0, 0.25, 0],
					"texture": "#0"
				},
				"up": {
					"uv": [12.5, 0.25, 11, 0],
					"texture": "#0"
				},
				"down": {
					"uv": [12.5, 1, 11, 1.25],
					"texture": "#0"
				}
			}
		},
		{
			"from": [9.8, 7.7, 6.4],
			"to": [11.3, 7.7, 6.7],
			"rotation": {
				"angle": -45,
				"axis": "z",
				"origin": [11.3, 8.7, 7.4]
			},
			"faces": {
				"north": {
					"uv": [0, 0, 1.5, 0],
					"texture": "#0"
				},
				"east": {
					"uv": [0, 0, 0.25, 0],
					"texture": "#0"
				},
				"south": {
					"uv": [0, 0, 1.5, 0],
					"texture": "#0"
				},
				"west": {
					"uv": [0, 0, 0.25, 0],
					"texture": "#0"
				},
				"up": {
					"uv": [3.5, 11.25, 2, 11],
					"texture": "#0"
				},
				"down": {
					"uv": [12.5, 3, 11, 3.25],
					"texture": "#0"
				}
			}
		}
	]
}