{
	"textures": {
		"0": "animated_java:blueprint/nautilus_crab/nautilus_crab_red",
		"particle": "minecraft:item/pufferfish"
	},
	"display": {
		"head": {
			"rotation": [0, 180, 0]
		}
	},
	"elements": [
		{
			"from": [5.3, 8.8, 7.4],
			"to": [6.8, 8.8, 7.7],
			"rotation": {
				"angle": 45,
				"axis": "z",
				"origin": [6.8, 9.8, 8.4]
			},
			"faces": {
				"north": {
					"uv": [0, 0, 1.5, 0],
					"texture": "#0"
				},
				"east": {
					"uv": [0, 0, 0.25, 0],
					"texture": "#0"
				},
				"south": {
					"uv": [0, 0, 1.5, 0],
					"texture": "#0"
				},
				"west": {
					"uv": [0, 0, 0.25, 0],
					"texture": "#0"
				},
				"up": {
					"uv": [12.5, 4.25, 11, 4],
					"texture": "#0"
				},
				"down": {
					"uv": [12.5, 5, 11, 5.25],
					"texture": "#0"
				}
			}
		},
		{
			"from": [5.3, 8.8, 6.9],
			"to": [6.8, 8.8, 7.2],
			"rotation": {
				"angle": 45,
				"axis": "z",
				"origin": [6.8, 9.8, 7.9]
			},
			"faces": {
				"north": {
					"uv": [0, 0, 1.5, 0],
					"texture": "#0"
				},
				"east": {
					"uv": [0, 0, 0.25, 0],
					"texture": "#0"
				},
				"south": {
					"uv": [0, 0, 1.5, 0],
					"texture": "#0"
				},
				"west": {
					"uv": [0, 0, 0.25, 0],
					"texture": "#0"
				},
				"up": {
					"uv": [12.5, 6.25, 11, 6],
					"texture": "#0"
				},
				"down": {
					"uv": [8.5, 11, 7, 11.25],
					"texture": "#0"
				}
			}
		},
		{
			"from": [5.3, 8.8, 6.4],
			"to": [6.8, 8.8, 6.7],
			"rotation": {
				"angle": 45,
				"axis": "z",
				"origin": [6.8, 9.8, 7.4]
			},
			"faces": {
				"north": {
					"uv": [0, 0, 1.5, 0],
					"texture": "#0"
				},
				"east": {
					"uv": [0, 0, 0.25, 0],
					"texture": "#0"
				},
				"south": {
					"uv": [0, 0, 1.5, 0],
					"texture": "#0"
				},
				"west": {
					"uv": [0, 0, 0.25, 0],
					"texture": "#0"
				},
				"up": {
					"uv": [12.5, 7.25, 11, 7],
					"texture": "#0"
				},
				"down": {
					"uv": [12.5, 8, 11, 8.25],
					"texture": "#0"
				}
			}
		}
	]
}