{
	"textures": {
		"0": "animated_java:blueprint/nautilus_crab/nautilus_crab_red",
		"particle": "minecraft:item/pufferfish"
	},
	"display": {
		"head": {
			"rotation": [0, 180, 0]
		}
	},
	"elements": [
		{
			"from": [9.9, 9.3, 6.3],
			"to": [11.1, 9.5, 6.5],
			"rotation": {
				"angle": 45,
				"axis": "y",
				"origin": [10.9, 9.3, 7.3]
			},
			"faces": {
				"north": {
					"uv": [9, 11, 10.25, 11.25],
					"texture": "#0"
				},
				"east": {
					"uv": [8, 12, 8.25, 12.25],
					"texture": "#0"
				},
				"south": {
					"uv": [11, 9, 12.25, 9.25],
					"texture": "#0"
				},
				"west": {
					"uv": [9, 12, 9.25, 12.25],
					"texture": "#0"
				},
				"up": {
					"uv": [12.25, 11.25, 11, 11],
					"texture": "#0"
				},
				"down": {
					"uv": [1.25, 12, 0, 12.25],
					"texture": "#0"
				}
			}
		},
		{
			"from": [9.9, 9.2, 4.7],
			"to": [10.8, 10, 6.2],
			"rotation": {
				"angle": 22.5,
				"axis": "x",
				"origin": [10.9, 8.2, 6.2]
			},
			"faces": {
				"north": {
					"uv": [9, 10, 10, 10.75],
					"texture": "#0"
				},
				"east": {
					"uv": [9, 8, 10.5, 8.75],
					"texture": "#0"
				},
				"south": {
					"uv": [10, 9, 11, 9.75],
					"texture": "#0"
				},
				"west": {
					"uv": [10, 2, 11.5, 2.75],
					"texture": "#0"
				},
				"up": {
					"uv": [10, 3.5, 9, 2],
					"texture": "#0"
				},
				"down": {
					"uv": [10, 4, 9, 5.5],
					"texture": "#0"
				}
			}
		}
	]
}