{
	"textures": {
		"0": "animated_java:blueprint/nautilus_crab/nautilus_crab_red",
		"particle": "minecraft:item/pufferfish"
	},
	"display": {
		"head": {
			"rotation": [0, 180, 0]
		}
	},
	"elements": [
		{
			"from": [6.9, 9, 7.9],
			"to": [10.1, 12.1, 11],
			"rotation": {
				"angle": -22.5,
				"axis": "x",
				"origin": [8, 9, 9]
			},
			"faces": {
				"north": {
					"uv": [0, 0, 3, 3],
					"texture": "#0"
				},
				"east": {
					"uv": [0, 3, 3, 6],
					"texture": "#0"
				},
				"south": {
					"uv": [3, 0, 6, 3],
					"texture": "#0"
				},
				"west": {
					"uv": [3, 3, 6, 6],
					"texture": "#0"
				},
				"up": {
					"uv": [3, 9, 0, 6],
					"texture": "#0"
				},
				"down": {
					"uv": [9, 0, 6, 3],
					"texture": "#0"
				}
			}
		}
	]
}