{"textures":{"0":"modelengine:entity/qmob_firefly","particle":"#0"},"elements":[{"from":[8.25,7.75,7.75],"to":[8.25,8.25,8.25],"faces":{"east":{"uv":[0.0,0.0,1.0,1.0],"tintindex":0,"rotation":0,"texture":"#0"},"west":{"uv":[0.0,1.0,1.0,2.0],"tintindex":0,"rotation":0,"texture":"#0"}}}],"display":{"head":{"rotation":[0.0,0.0,0.0]},"firstperson_righthand":{"rotation":[0.0,0.0,0.0]},"thirdperson_lefthand":{"rotation":[0.0,-0.0,-0.0]},"firstperson_lefthand":{"rotation":[0.0,-0.0,-0.0]},"fixed":{"rotation":[0.0,0.0,0.0]},"ground":{"rotation":[0.0,0.0,0.0]},"thirdperson_righthand":{"rotation":[0.0,0.0,0.0]},"gui":{"rotation":[-150.0,-45.0,180.0]}}}