{
	"textures": {
		"0": "animated_java:blueprint/snail/snail_default",
		"particle": "minecraft:item/pufferfish"
	},
	"display": {
		"head": {
			"rotation": [0, 180, 0]
		}
	},
	"elements": [
		{
			"from": [7.1, 8, 3.5],
			"to": [9, 9.8, 4.8],
			"rotation": {
				"angle": 0,
				"axis": "y",
				"origin": [8, 9.2, 5.5]
			},
			"faces": {
				"north": {
					"uv": [0, 10, 2, 12],
					"texture": "#0"
				},
				"east": {
					"uv": [11, 10, 12.5, 12],
					"texture": "#0"
				},
				"south": {
					"uv": [2, 10, 4, 12],
					"texture": "#0"
				},
				"west": {
					"uv": [0, 12, 1.5, 14],
					"texture": "#0"
				},
				"up": {
					"uv": [14, 1.5, 12, 0],
					"texture": "#0"
				},
				"down": {
					"uv": [4, 12, 2, 13.5],
					"texture": "#0"
				}
			}
		},
		{
			"from": [7, 8, 4.8],
			"to": [9.1, 10, 5.5],
			"rotation": {
				"angle": 0,
				"axis": "y",
				"origin": [8, 9.2, 5.5]
			},
			"faces": {
				"north": {
					"uv": [4, 10, 6, 12],
					"texture": "#0"
				},
				"east": {
					"uv": [12, 7, 12.5, 9],
					"texture": "#0"
				},
				"south": {
					"uv": [9, 10, 11, 12],
					"texture": "#0"
				},
				"west": {
					"uv": [8, 12, 8.5, 14],
					"texture": "#0"
				},
				"up": {
					"uv": [11, 12.5, 9, 12],
					"texture": "#0"
				},
				"down": {
					"uv": [14, 9, 12, 9.5],
					"texture": "#0"
				}
			}
		},
		{
			"from": [8.3, 9.8, 3.6],
			"to": [8.8, 10, 4.1],
			"rotation": {
				"angle": 0,
				"axis": "y",
				"origin": [9, 9.8, 3.4]
			},
			"faces": {
				"north": {
					"uv": [13, 8, 13.5, 8.5],
					"texture": "#0"
				},
				"east": {
					"uv": [14, 2, 14.5, 2.5],
					"texture": "#0"
				},
				"south": {
					"uv": [3, 14, 3.5, 14.5],
					"texture": "#0"
				},
				"west": {
					"uv": [14, 3, 14.5, 3.5],
					"texture": "#0"
				},
				"up": {
					"uv": [4.5, 14.5, 4, 14],
					"texture": "#0"
				},
				"down": {
					"uv": [14.5, 4, 14, 4.5],
					"texture": "#0"
				}
			}
		},
		{
			"from": [7.3, 9.8, 3.6],
			"to": [7.8, 10, 4.1],
			"rotation": {
				"angle": 0,
				"axis": "y",
				"origin": [8, 9.8, 3.4]
			},
			"faces": {
				"north": {
					"uv": [5, 14, 5.5, 14.5],
					"texture": "#0"
				},
				"east": {
					"uv": [14, 5, 14.5, 5.5],
					"texture": "#0"
				},
				"south": {
					"uv": [6, 14, 6.5, 14.5],
					"texture": "#0"
				},
				"west": {
					"uv": [14, 6, 14.5, 6.5],
					"texture": "#0"
				},
				"up": {
					"uv": [7.5, 14.5, 7, 14],
					"texture": "#0"
				},
				"down": {
					"uv": [8.5, 14, 8, 14.5],
					"texture": "#0"
				}
			}
		}
	]
}