{
	"textures": {
		"0": "animated_java:blueprint/snail/snail_default",
		"particle": "minecraft:item/pufferfish"
	},
	"display": {
		"head": {
			"rotation": [0, 180, 0]
		}
	},
	"elements": [
		{
			"from": [8.4, 9.8, 3.3],
			"to": [8.7, 11.3, 3.6],
			"rotation": {
				"angle": 0,
				"axis": "y",
				"origin": [9.3, 9.8, 4.2]
			},
			"faces": {
				"north": {
					"uv": [13, 10, 13.5, 11.5],
					"texture": "#0"
				},
				"east": {
					"uv": [11, 13, 11.5, 14.5],
					"texture": "#0"
				},
				"south": {
					"uv": [12, 13, 12.5, 14.5],
					"texture": "#0"
				},
				"west": {
					"uv": [13, 12, 13.5, 13.5],
					"texture": "#0"
				},
				"up": {
					"uv": [14.5, 8.5, 14, 8],
					"texture": "#0"
				},
				"down": {
					"uv": [14.5, 9, 14, 9.5],
					"texture": "#0"
				}
			}
		},
		{
			"from": [8.3, 11, 3.2],
			"to": [8.8, 11.7, 3.7],
			"rotation": {
				"angle": 0,
				"axis": "y",
				"origin": [8.3, 11, 2.7]
			},
			"faces": {
				"north": {
					"uv": [14, 10, 14.5, 10.5],
					"texture": "#0"
				},
				"east": {
					"uv": [14, 11, 14.5, 11.5],
					"texture": "#0"
				},
				"south": {
					"uv": [14, 12, 14.5, 12.5],
					"texture": "#0"
				},
				"west": {
					"uv": [13, 14, 13.5, 14.5],
					"texture": "#0"
				},
				"up": {
					"uv": [14.5, 13.5, 14, 13],
					"texture": "#0"
				},
				"down": {
					"uv": [14.5, 14, 14, 14.5],
					"texture": "#0"
				}
			}
		}
	]
}