{
	"textures": {
		"0": "animated_java:blueprint/snail/snail_default",
		"particle": "minecraft:item/pufferfish"
	},
	"display": {
		"head": {
			"rotation": [0, 180, 0]
		}
	},
	"elements": [
		{
			"from": [6.5, 8, 5.5],
			"to": [9.5, 12.5, 11],
			"rotation": {
				"angle": 0,
				"axis": "y",
				"origin": [8, 8, 8]
			},
			"faces": {
				"north": {
					"uv": [9, 0, 12, 5],
					"texture": "#0"
				},
				"east": {
					"uv": [0, 0, 5.5, 5],
					"texture": "#0"
				},
				"south": {
					"uv": [9, 5, 12, 10],
					"texture": "#0"
				},
				"west": {
					"uv": [0, 5, 5.5, 10],
					"texture": "#0"
				},
				"up": {
					"uv": [9, 5.5, 6, 0],
					"texture": "#0"
				},
				"down": {
					"uv": [9, 6, 6, 11.5],
					"texture": "#0"
				}
			}
		}
	]
}