{
	"textures": {
		"0": "animated_java:blueprint/snail/snail_default",
		"particle": "minecraft:item/pufferfish"
	},
	"display": {
		"head": {
			"rotation": [0, 180, 0]
		}
	},
	"elements": [
		{
			"from": [7.2, 8, 11.5],
			"to": [8.8, 9.1, 12.5],
			"rotation": {
				"angle": 0,
				"axis": "y",
				"origin": [8, 8, 8]
			},
			"faces": {
				"north": {
					"uv": [12, 4, 13.5, 5],
					"texture": "#0"
				},
				"east": {
					"uv": [11, 12, 12, 13],
					"texture": "#0"
				},
				"south": {
					"uv": [12, 5, 13.5, 6],
					"texture": "#0"
				},
				"west": {
					"uv": [12, 12, 13, 13],
					"texture": "#0"
				},
				"up": {
					"uv": [7.5, 13, 6, 12],
					"texture": "#0"
				},
				"down": {
					"uv": [13.5, 6, 12, 7],
					"texture": "#0"
				}
			}
		},
		{
			"from": [6.9, 8, 11],
			"to": [9.1, 9.4, 11.5],
			"rotation": {
				"angle": 0,
				"axis": "y",
				"origin": [8, 8, 8]
			},
			"faces": {
				"north": {
					"uv": [12, 2, 14, 3.5],
					"texture": "#0"
				},
				"east": {
					"uv": [9, 13, 9.5, 14.5],
					"texture": "#0"
				},
				"south": {
					"uv": [4, 12, 6, 13.5],
					"texture": "#0"
				},
				"west": {
					"uv": [10, 13, 10.5, 14.5],
					"texture": "#0"
				},
				"up": {
					"uv": [8, 13.5, 6, 13],
					"texture": "#0"
				},
				"down": {
					"uv": [15, 7, 13, 7.5],
					"texture": "#0"
				}
			}
		}
	]
}